ca65 V2.19 - Git 2c4d4d331
Main file   : extension.s
Current file: extension.s

000000r 1               ; extension.s — NovaLogo extension ROM
000000r 1               ; Loaded at $C000 when swapped via REG_ROMSWAP = ROMSWAP_EXTENSION ($04).
000000r 1               ;
000000r 1               ; Entry point at $C000: reads EXT_CMD from zero page and dispatches.
000000r 1               ; Handlers receive pre-evaluated arguments in EXT_ARG0..2 and return
000000r 1               ; results in EXT_RESULT. No callbacks into the base ROM interpreter.
000000r 1               
000000r 1                     .include "nova.inc"
000000r 2               ; Shared Nova hardware constants for BASIC, assembly, and runtime libraries.
000000r 2               ;
000000r 2               ; This include is deliberately guarded per symbol so it can coexist with older
000000r 2               ; source files that still define a subset of these names locally.
000000r 2               
000000r 2               .ifndef NOVA_INC_INCLUDED
000000r 2               NOVA_INC_INCLUDED = 1
000000r 2               
000000r 2               ; Nova pseudo-register mailbox. These bytes are available to callers and
000000r 2               ; runtime helpers as ephemeral argument/scratch storage only. A routine may
000000r 2               ; clobber them unless its documentation explicitly says otherwise; persistent
000000r 2               ; library state must be allocated in a linker segment such as BSS/ZEROPAGE.
000000r 2               .ifndef NVR0L
000000r 2               NVR0L             = $20
000000r 2               .endif
000000r 2               .ifndef NVR0H
000000r 2               NVR0H             = $21
000000r 2               .endif
000000r 2               .ifndef NVR1L
000000r 2               NVR1L             = $22
000000r 2               .endif
000000r 2               .ifndef NVR1H
000000r 2               NVR1H             = $23
000000r 2               .endif
000000r 2               .ifndef NVR2L
000000r 2               NVR2L             = $24
000000r 2               .endif
000000r 2               .ifndef NVR2H
000000r 2               NVR2H             = $25
000000r 2               .endif
000000r 2               .ifndef NVR3L
000000r 2               NVR3L             = $26
000000r 2               .endif
000000r 2               .ifndef NVR3H
000000r 2               NVR3H             = $27
000000r 2               .endif
000000r 2               .ifndef NVR4L
000000r 2               NVR4L             = $28
000000r 2               .endif
000000r 2               .ifndef NVR4H
000000r 2               NVR4H             = $29
000000r 2               .endif
000000r 2               .ifndef NVR5L
000000r 2               NVR5L             = $2A
000000r 2               .endif
000000r 2               .ifndef NVR5H
000000r 2               NVR5H             = $2B
000000r 2               .endif
000000r 2               .ifndef NVR6L
000000r 2               NVR6L             = $2C
000000r 2               .endif
000000r 2               .ifndef NVR6H
000000r 2               NVR6H             = $2D
000000r 2               .endif
000000r 2               .ifndef NVR7L
000000r 2               NVR7L             = $2E
000000r 2               .endif
000000r 2               .ifndef NVR7H
000000r 2               NVR7H             = $2F
000000r 2               .endif
000000r 2               
000000r 2               ; BASIC SYS register bridge. SYS addr[,A[,X[,Y]]] loads A/X/Y from these
000000r 2               ; bytes before jumping and stores A/X/Y back here when the routine returns.
000000r 2               ; @label SYS.REGA
000000r 2               ; @kind u8
000000r 2               ; @symbol SYS_REGA
000000r 2               ; @summary Returned A register from the most recent SYS call.
000000r 2               .ifndef SYS_REGA
000000r 2               SYS_REGA          = $E7
000000r 2               .endif
000000r 2               ; @label SYS.REGX
000000r 2               ; @kind u8
000000r 2               ; @symbol SYS_REGX
000000r 2               ; @summary Returned X register from the most recent SYS call.
000000r 2               .ifndef SYS_REGX
000000r 2               SYS_REGX          = $E8
000000r 2               .endif
000000r 2               ; @label SYS.REGY
000000r 2               ; @kind u8
000000r 2               ; @symbol SYS_REGY
000000r 2               ; @summary Returned Y register from the most recent SYS call.
000000r 2               .ifndef SYS_REGY
000000r 2               SYS_REGY          = $E9
000000r 2               .endif
000000r 2               
000000r 2               ; Extension ROM argument mailbox used by small BASIC stubs that parse
000000r 2               ; BASIC-owned data before calling an extension handler.
000000r 2               .ifndef EXT_ARG_LEN
000000r 2               EXT_ARG_LEN       = $EA
000000r 2               .endif
000000r 2               .ifndef EXT_ARG_PTRL
000000r 2               EXT_ARG_PTRL      = $EB
000000r 2               .endif
000000r 2               .ifndef EXT_ARG_PTRH
000000r 2               EXT_ARG_PTRH      = $EC
000000r 2               .endif
000000r 2               
000000r 2               .ifndef NOVA_SCREEN_COLS
000000r 2               NOVA_SCREEN_COLS  = 80
000000r 2               .endif
000000r 2               .ifndef NOVA_SCREEN_ROWS
000000r 2               NOVA_SCREEN_ROWS  = 50
000000r 2               .endif
000000r 2               .ifndef NOVA_SCREEN_SIZE
000000r 2               NOVA_SCREEN_SIZE  = NOVA_SCREEN_COLS * NOVA_SCREEN_ROWS
000000r 2               .endif
000000r 2               
000000r 2               ; ---------------------------------------------------------------------
000000r 2               ; 6502 hardware vectors.
000000r 2               ; ---------------------------------------------------------------------
000000r 2               .ifndef CPU_NMI_VECTOR
000000r 2               CPU_NMI_VECTOR    = $FFFA
000000r 2               .endif
000000r 2               .ifndef CPU_RESET_VECTOR
000000r 2               CPU_RESET_VECTOR  = $FFFC
000000r 2               .endif
000000r 2               .ifndef CPU_IRQ_VECTOR
000000r 2               CPU_IRQ_VECTOR    = $FFFE
000000r 2               .endif
000000r 2               
000000r 2               ; ---------------------------------------------------------------------
000000r 2               ; VGC core and text/VRAM port registers.
000000r 2               ; ---------------------------------------------------------------------
000000r 2               .ifndef VGC_MODE
000000r 2               VGC_MODE          = $A000
000000r 2               .endif
000000r 2               .ifndef VGC_BGCOL
000000r 2               VGC_BGCOL         = $A001
000000r 2               .endif
000000r 2               .ifndef VGC_FGCOL
000000r 2               VGC_FGCOL         = $A002
000000r 2               .endif
000000r 2               .ifndef VGC_CURSX
000000r 2               VGC_CURSX         = $A003
000000r 2               .endif
000000r 2               .ifndef VGC_CURSY
000000r 2               VGC_CURSY         = $A004
000000r 2               .endif
000000r 2               .ifndef VGC_SCROLLX
000000r 2               VGC_SCROLLX       = $A005
000000r 2               .endif
000000r 2               .ifndef VGC_SCROLLY
000000r 2               VGC_SCROLLY       = $A006
000000r 2               .endif
000000r 2               .ifndef VGC_FONT
000000r 2               VGC_FONT          = $A007
000000r 2               .endif
000000r 2               .ifndef VGC_FRAME
000000r 2               VGC_FRAME         = $A008
000000r 2               .endif
000000r 2               .ifndef VGC_STATUS
000000r 2               VGC_STATUS        = $A008
000000r 2               .endif
000000r 2               .ifndef VGC_SPRCOUNT
000000r 2               VGC_SPRCOUNT      = $A009
000000r 2               .endif
000000r 2               .ifndef VGC_CURSEN
000000r 2               VGC_CURSEN        = $A00A
000000r 2               .endif
000000r 2               .ifndef VGC_COLLST
000000r 2               VGC_COLLST        = $A00B
000000r 2               .endif
000000r 2               .ifndef VGC_COLLBG
000000r 2               VGC_COLLBG        = $A00C
000000r 2               .endif
000000r 2               .ifndef VGC_COLLST_HI
000000r 2               VGC_COLLST_HI     = $A0EB
000000r 2               .endif
000000r 2               .ifndef VGC_COLLBG_HI
000000r 2               VGC_COLLBG_HI     = $A0EC
000000r 2               .endif
000000r 2               .ifndef VGC_BORDER
000000r 2               VGC_BORDER        = $A00D
000000r 2               .endif
000000r 2               .ifndef VGC_CHAROUT
000000r 2               VGC_CHAROUT       = $A00E
000000r 2               .endif
000000r 2               .ifndef VGC_CHARIN
000000r 2               VGC_CHARIN        = $A00F
000000r 2               .endif
000000r 2               
000000r 2               .ifndef VGC_CMD
000000r 2               VGC_CMD           = $A010
000000r 2               .endif
000000r 2               .ifndef VGC_P0
000000r 2               VGC_P0            = $A011
000000r 2               .endif
000000r 2               .ifndef VGC_P1
000000r 2               VGC_P1            = $A012
000000r 2               .endif
000000r 2               .ifndef VGC_P2
000000r 2               VGC_P2            = $A013
000000r 2               .endif
000000r 2               .ifndef VGC_P3
000000r 2               VGC_P3            = $A014
000000r 2               .endif
000000r 2               .ifndef VGC_P4
000000r 2               VGC_P4            = $A015
000000r 2               .endif
000000r 2               .ifndef VGC_P5
000000r 2               VGC_P5            = $A016
000000r 2               .endif
000000r 2               .ifndef VGC_P6
000000r 2               VGC_P6            = $A017
000000r 2               .endif
000000r 2               .ifndef VGC_P7
000000r 2               VGC_P7            = $A018
000000r 2               .endif
000000r 2               .ifndef VGC_P8
000000r 2               VGC_P8            = $A019
000000r 2               .endif
000000r 2               .ifndef VGC_P9
000000r 2               VGC_P9            = $A01A
000000r 2               .endif
000000r 2               .ifndef VGC_P10
000000r 2               VGC_P10           = $A01B
000000r 2               .endif
000000r 2               .ifndef VGC_P11
000000r 2               VGC_P11           = $A01C
000000r 2               .endif
000000r 2               .ifndef VGC_P12
000000r 2               VGC_P12           = $A01D
000000r 2               .endif
000000r 2               .ifndef VGC_P13
000000r 2               VGC_P13           = $A01E
000000r 2               .endif
000000r 2               .ifndef VGC_P14
000000r 2               VGC_P14           = $A01F
000000r 2               .endif
000000r 2               
000000r 2               .ifndef REG_HELP
000000r 2               REG_HELP          = $A020
000000r 2               .endif
000000r 2               .ifndef HELP_BUF
000000r 2               HELP_BUF          = $A021
000000r 2               .endif
000000r 2               .ifndef REG_ROMSWAP
000000r 2               REG_ROMSWAP       = $A03F
000000r 2               .endif
000000r 2               .ifndef ROMSWAP_NCC
000000r 2               ROMSWAP_NCC       = $01
000000r 2               .endif
000000r 2               .ifndef ROMSWAP_BASIC
000000r 2               ROMSWAP_BASIC     = $02
000000r 2               .endif
000000r 2               .ifndef ROMSWAP_PRIMARY
000000r 2               ; @label ROMSWAP.PRIMARY
000000r 2               ; @kind const
000000r 2               ; @symbol ROMSWAP_PRIMARY
000000r 2               ; @summary Select the primary runtime ROM bank at $C000. At cold boot this is NovaBASIC; a RAM launcher may replace it with another runtime first.
000000r 2               ROMSWAP_PRIMARY   = ROMSWAP_BASIC
000000r 2               .endif
000000r 2               .ifndef ROMSWAP_NCCEDIT
000000r 2               ROMSWAP_NCCEDIT   = $03
000000r 2               .endif
000000r 2               .ifndef ROMSWAP_EXTENSION
000000r 2               ROMSWAP_EXTENSION = $04
000000r 2               .endif
000000r 2               .ifndef ROMSWAP_LOGO
000000r 2               ROMSWAP_LOGO      = $05
000000r 2               .endif
000000r 2               
000000r 2               .ifndef VGC_SPR_BASE
000000r 2               VGC_SPR_BASE      = $A040
000000r 2               .endif
000000r 2               .ifndef VGC_SPR_STRIDE
000000r 2               VGC_SPR_STRIDE    = $08
000000r 2               .endif
000000r 2               .ifndef VGC_MAX_SPRITES
000000r 2               VGC_MAX_SPRITES   = $10
000000r 2               .endif
000000r 2               .ifndef VGC_SPR_XL_OFF
000000r 2               VGC_SPR_XL_OFF    = $00
000000r 2               .endif
000000r 2               .ifndef VGC_SPR_XH_OFF
000000r 2               VGC_SPR_XH_OFF    = $01
000000r 2               .endif
000000r 2               .ifndef VGC_SPR_YL_OFF
000000r 2               VGC_SPR_YL_OFF    = $02
000000r 2               .endif
000000r 2               .ifndef VGC_SPR_YH_OFF
000000r 2               VGC_SPR_YH_OFF    = $03
000000r 2               .endif
000000r 2               .ifndef VGC_SPR_SHAPE_OFF
000000r 2               VGC_SPR_SHAPE_OFF = $04
000000r 2               .endif
000000r 2               .ifndef VGC_SPR_FLAGS_OFF
000000r 2               VGC_SPR_FLAGS_OFF = $05
000000r 2               .endif
000000r 2               .ifndef VGC_SPR_PRI_OFF
000000r 2               VGC_SPR_PRI_OFF   = $06
000000r 2               .endif
000000r 2               .ifndef VGC_SPR_TRANS_OFF
000000r 2               VGC_SPR_TRANS_OFF = $07
000000r 2               .endif
000000r 2               .ifndef VGC_SPR_XL
000000r 2               VGC_SPR_XL        = VGC_SPR_BASE + VGC_SPR_XL_OFF
000000r 2               .endif
000000r 2               .ifndef VGC_SPR_XH
000000r 2               VGC_SPR_XH        = VGC_SPR_BASE + VGC_SPR_XH_OFF
000000r 2               .endif
000000r 2               .ifndef VGC_SPR_YL
000000r 2               VGC_SPR_YL        = VGC_SPR_BASE + VGC_SPR_YL_OFF
000000r 2               .endif
000000r 2               .ifndef VGC_SPR_YH
000000r 2               VGC_SPR_YH        = VGC_SPR_BASE + VGC_SPR_YH_OFF
000000r 2               .endif
000000r 2               .ifndef VGC_SPR_SHAPE
000000r 2               VGC_SPR_SHAPE     = VGC_SPR_BASE + VGC_SPR_SHAPE_OFF
000000r 2               .endif
000000r 2               .ifndef VGC_SPR_FLAGS
000000r 2               VGC_SPR_FLAGS     = VGC_SPR_BASE + VGC_SPR_FLAGS_OFF
000000r 2               .endif
000000r 2               .ifndef VGC_SPR_PRI
000000r 2               VGC_SPR_PRI       = VGC_SPR_BASE + VGC_SPR_PRI_OFF
000000r 2               .endif
000000r 2               .ifndef VGC_SPR_TRANS
000000r 2               VGC_SPR_TRANS     = VGC_SPR_BASE + VGC_SPR_TRANS_OFF
000000r 2               .endif
000000r 2               .ifndef VGC_SPR_FLAG_XFLIP
000000r 2               VGC_SPR_FLAG_XFLIP = $01
000000r 2               .endif
000000r 2               .ifndef VGC_SPR_FLAG_YFLIP
000000r 2               VGC_SPR_FLAG_YFLIP = $02
000000r 2               .endif
000000r 2               .ifndef VGC_SPR_FLAG_FLIPMASK
000000r 2               VGC_SPR_FLAG_FLIPMASK = $03
000000r 2               .endif
000000r 2               .ifndef VGC_SPR_FLAG_ENABLE
000000r 2               VGC_SPR_FLAG_ENABLE = $80
000000r 2               .endif
000000r 2               .ifndef VGC_SPR_PRI_BEHIND
000000r 2               VGC_SPR_PRI_BEHIND = $00
000000r 2               .endif
000000r 2               .ifndef VGC_SPR_PRI_BETWEEN
000000r 2               VGC_SPR_PRI_BETWEEN = $01
000000r 2               .endif
000000r 2               .ifndef VGC_SPR_PRI_FRONT
000000r 2               VGC_SPR_PRI_FRONT = $02
000000r 2               .endif
000000r 2               
000000r 2               .ifndef VGC_VRAM_PLANE
000000r 2               VGC_VRAM_PLANE    = $A0E0
000000r 2               .endif
000000r 2               .ifndef VGC_VRAM_ADDRL
000000r 2               VGC_VRAM_ADDRL    = $A0E1
000000r 2               .endif
000000r 2               .ifndef VGC_VRAM_ADDRH
000000r 2               VGC_VRAM_ADDRH    = $A0E2
000000r 2               .endif
000000r 2               .ifndef VGC_VRAM_DATA
000000r 2               VGC_VRAM_DATA     = $A0E3
000000r 2               .endif
000000r 2               .ifndef VGC_VRAM_CTRL
000000r 2               VGC_VRAM_CTRL     = $A0E4
000000r 2               .endif
000000r 2               .ifndef VGC_DIMMER
000000r 2               VGC_DIMMER        = $A0E5
000000r 2               .endif
000000r 2               .ifndef VGC_TXTFLAGS
000000r 2               VGC_TXTFLAGS      = $A0E6
000000r 2               .endif
000000r 2               .ifndef VGC_TXTREVATTR
000000r 2               VGC_TXTREVATTR    = $A0E7
000000r 2               .endif
000000r 2               ; @label VGC.GFXTRANS
000000r 2               ; @kind const
000000r 2               ; @symbol VGC_GFXTRANS
000000r 2               ; @summary Graphics-plane transparent color register. Defaults to 0; set to another palette index when graphics code needs visible palette-0 black pixels.
000000r 2               .ifndef VGC_GFXTRANS
000000r 2               VGC_GFXTRANS      = $A0E8
000000r 2               .endif
000000r 2               .ifndef VGC_PALETTE
000000r 2               VGC_PALETTE       = $A0E9
000000r 2               .endif
000000r 2               .ifndef VGC_SCROLLCTL
000000r 2               VGC_SCROLLCTL     = $A0EA
000000r 2               .endif
000000r 2               .ifndef VGC_SCROLLCTL_XHI
000000r 2               VGC_SCROLLCTL_XHI = $01
000000r 2               .endif
000000r 2               .ifndef VGC_SCROLLCTL_GFX
000000r 2               VGC_SCROLLCTL_GFX = $02
000000r 2               .endif
000000r 2               .ifndef VGC_SCROLLCTL_TEXT
000000r 2               VGC_SCROLLCTL_TEXT = $04
000000r 2               .endif
000000r 2               
000000r 2               .ifndef VGC_VPLANE
000000r 2               VGC_VPLANE        = VGC_VRAM_PLANE
000000r 2               .endif
000000r 2               .ifndef VGC_VADDRL
000000r 2               VGC_VADDRL        = VGC_VRAM_ADDRL
000000r 2               .endif
000000r 2               .ifndef VGC_VADDRH
000000r 2               VGC_VADDRH        = VGC_VRAM_ADDRH
000000r 2               .endif
000000r 2               .ifndef VGC_VDATA
000000r 2               VGC_VDATA         = VGC_VRAM_DATA
000000r 2               .endif
000000r 2               .ifndef VGC_VCTRL
000000r 2               VGC_VCTRL         = VGC_VRAM_CTRL
000000r 2               .endif
000000r 2               
000000r 2               .ifndef VGC_PLANE_CHAR
000000r 2               VGC_PLANE_CHAR    = $01
000000r 2               .endif
000000r 2               .ifndef VGC_PLANE_COLOR
000000r 2               VGC_PLANE_COLOR   = $02
000000r 2               .endif
000000r 2               .ifndef VGC_PLANE_GFX
000000r 2               VGC_PLANE_GFX     = $03
000000r 2               .endif
000000r 2               .ifndef VGC_PLANE_SPRITE
000000r 2               VGC_PLANE_SPRITE  = $04
000000r 2               .endif
000000r 2               .ifndef VGC_PLANE_TEXTATTR
000000r 2               VGC_PLANE_TEXTATTR = $07
000000r 2               .endif
000000r 2               .ifndef VGC_VRAM_AUTOINC
000000r 2               VGC_VRAM_AUTOINC  = $01
000000r 2               .endif
000000r 2               
000000r 2               .ifndef VTXT_REV
000000r 2               VTXT_REV          = $01
000000r 2               .endif
000000r 2               .ifndef VTXT_REVEX
000000r 2               VTXT_REVEX        = $02
000000r 2               .endif
000000r 2               .ifndef VTXT_FLASH
000000r 2               VTXT_FLASH        = $04
000000r 2               .endif
000000r 2               .ifndef VTXT_ATTR_FLASH
000000r 2               VTXT_ATTR_FLASH   = $01
000000r 2               .endif
000000r 2               
000000r 2               ; VGC IRQ and command constants.
000000r 2               .ifndef VGC_IRQ_ENABLE
000000r 2               VGC_IRQ_ENABLE    = $A0F0
000000r 2               .endif
000000r 2               .ifndef VGC_IRQ_STATUS
000000r 2               VGC_IRQ_STATUS    = $A0F1
000000r 2               .endif
000000r 2               .ifndef VGC_IRQ_FORCE
000000r 2               VGC_IRQ_FORCE     = $A0F2
000000r 2               .endif
000000r 2               .ifndef VGC_IRQ_VALID
000000r 2               VGC_IRQ_VALID     = $A0F3
000000r 2               .endif
000000r 2               .ifndef VGC_IRQ_VBLANK
000000r 2               VGC_IRQ_VBLANK    = $01
000000r 2               .endif
000000r 2               .ifndef VGC_IRQ_COPPER0
000000r 2               VGC_IRQ_COPPER0   = $02
000000r 2               .endif
000000r 2               .ifndef VGC_IRQ_SPRCOLL
000000r 2               VGC_IRQ_SPRCOLL   = $20
000000r 2               .endif
000000r 2               .ifndef VGC_IRQ_SPRBG
000000r 2               VGC_IRQ_SPRBG     = $40
000000r 2               .endif
000000r 2               
000000r 2               .ifndef VCMD_PLOT
000000r 2               VCMD_PLOT         = $01
000000r 2               .endif
000000r 2               .ifndef VCMD_UNPLOT
000000r 2               VCMD_UNPLOT       = $02
000000r 2               .endif
000000r 2               .ifndef VCMD_LINE
000000r 2               VCMD_LINE         = $03
000000r 2               .endif
000000r 2               .ifndef VCMD_CIRCLE
000000r 2               VCMD_CIRCLE       = $04
000000r 2               .endif
000000r 2               .ifndef VCMD_RECT
000000r 2               VCMD_RECT         = $05
000000r 2               .endif
000000r 2               .ifndef VCMD_FILL
000000r 2               VCMD_FILL         = $06
000000r 2               .endif
000000r 2               .ifndef VCMD_GCLS
000000r 2               VCMD_GCLS         = $07
000000r 2               .endif
000000r 2               .ifndef VCMD_GCOLOR
000000r 2               VCMD_GCOLOR       = $08
000000r 2               .endif
000000r 2               .ifndef VCMD_PAINT
000000r 2               VCMD_PAINT        = $09
000000r 2               .endif
000000r 2               .ifndef VCMD_GTEXT
000000r 2               VCMD_GTEXT        = $0A
000000r 2               .endif
000000r 2               .ifndef VCMD_SPRDEF
000000r 2               VCMD_SPRDEF       = $10
000000r 2               .endif
000000r 2               .ifndef VCMD_SPRROW
000000r 2               VCMD_SPRROW       = $11
000000r 2               .endif
000000r 2               .ifndef VCMD_SPRCLR
000000r 2               VCMD_SPRCLR       = $12
000000r 2               .endif
000000r 2               .ifndef VCMD_SPRCOPY
000000r 2               VCMD_SPRCOPY      = $13
000000r 2               .endif
000000r 2               .ifndef VCMD_SPRPOS
000000r 2               VCMD_SPRPOS       = $14
000000r 2               .endif
000000r 2               .ifndef VCMD_SPRENA
000000r 2               VCMD_SPRENA       = $15
000000r 2               .endif
000000r 2               .ifndef VCMD_SPRDIS
000000r 2               VCMD_SPRDIS       = $16
000000r 2               .endif
000000r 2               .ifndef VCMD_SPRFLIP
000000r 2               VCMD_SPRFLIP      = $17
000000r 2               .endif
000000r 2               .ifndef VCMD_SPRPRI
000000r 2               VCMD_SPRPRI       = $18
000000r 2               .endif
000000r 2               .ifndef VCMD_MEMREAD
000000r 2               VCMD_MEMREAD      = $19
000000r 2               .endif
000000r 2               .ifndef VCMD_MEMWRITE
000000r 2               VCMD_MEMWRITE     = $1A
000000r 2               .endif
000000r 2               .ifndef VCMD_COPPERADD
000000r 2               VCMD_COPPERADD    = $1B
000000r 2               .endif
000000r 2               .ifndef VCMD_COPPERCLR
000000r 2               VCMD_COPPERCLR    = $1C
000000r 2               .endif
000000r 2               .ifndef VCMD_COPPERENA
000000r 2               VCMD_COPPERENA    = $1D
000000r 2               .endif
000000r 2               .ifndef VCMD_COPPERDIS
000000r 2               VCMD_COPPERDIS    = $1E
000000r 2               .endif
000000r 2               .ifndef VCMD_SYSRESET
000000r 2               VCMD_SYSRESET     = $1F
000000r 2               .endif
000000r 2               .ifndef VCMD_COPPERLIST
000000r 2               VCMD_COPPERLIST   = $20
000000r 2               .endif
000000r 2               .ifndef VCMD_COPPERUSE
000000r 2               VCMD_COPPERUSE    = $21
000000r 2               .endif
000000r 2               .ifndef VCMD_COPPEREND
000000r 2               VCMD_COPPEREND    = $22
000000r 2               .endif
000000r 2               
000000r 2               ; ---------------------------------------------------------------------
000000r 2               ; NIC network interface controller.
000000r 2               ; ---------------------------------------------------------------------
000000r 2               .ifndef NIC_CMD
000000r 2               NIC_CMD           = $A100
000000r 2               .endif
000000r 2               .ifndef NIC_STATUS
000000r 2               NIC_STATUS        = $A101
000000r 2               .endif
000000r 2               .ifndef NIC_SLOT
000000r 2               NIC_SLOT          = $A102
000000r 2               .endif
000000r 2               .ifndef NIC_IRQCTRL
000000r 2               NIC_IRQCTRL       = $A103
000000r 2               .endif
000000r 2               .ifndef NIC_IRQSTATUS
000000r 2               NIC_IRQSTATUS     = $A104
000000r 2               .endif
000000r 2               .ifndef NIC_CMDSEQ
000000r 2               NIC_CMDSEQ        = $A105
000000r 2               .endif
000000r 2               .ifndef NIC_CMDSHADOW
000000r 2               NIC_CMDSHADOW     = $A106
000000r 2               .endif
000000r 2               .ifndef NIC_HOSTCTRL
000000r 2               NIC_HOSTCTRL      = $A107
000000r 2               .endif
000000r 2               .ifndef NIC_RPORTL
000000r 2               NIC_RPORTL        = $A108
000000r 2               .endif
000000r 2               .ifndef NIC_RPORTH
000000r 2               NIC_RPORTH        = $A109
000000r 2               .endif
000000r 2               .ifndef NIC_LPORTL
000000r 2               NIC_LPORTL        = $A10A
000000r 2               .endif
000000r 2               .ifndef NIC_LPORTH
000000r 2               NIC_LPORTH        = $A10B
000000r 2               .endif
000000r 2               .ifndef NIC_DMAL
000000r 2               NIC_DMAL          = $A110
000000r 2               .endif
000000r 2               .ifndef NIC_DMAH
000000r 2               NIC_DMAH          = $A111
000000r 2               .endif
000000r 2               .ifndef NIC_DMALEN
000000r 2               NIC_DMALEN        = $A112
000000r 2               .endif
000000r 2               .ifndef NIC_MSGLEN
000000r 2               NIC_MSGLEN        = $A113
000000r 2               .endif
000000r 2               .ifndef NIC_DMASTATUS
000000r 2               NIC_DMASTATUS     = $A114
000000r 2               .endif
000000r 2               .ifndef NIC_DMAERR
000000r 2               NIC_DMAERR        = $A115
000000r 2               .endif
000000r 2               .ifndef NIC_SLOTST0
000000r 2               NIC_SLOTST0       = $A118
000000r 2               .endif
000000r 2               .ifndef NIC_SLOTST1
000000r 2               NIC_SLOTST1       = $A119
000000r 2               .endif
000000r 2               .ifndef NIC_SLOTST2
000000r 2               NIC_SLOTST2       = $A11A
000000r 2               .endif
000000r 2               .ifndef NIC_SLOTST3
000000r 2               NIC_SLOTST3       = $A11B
000000r 2               .endif
000000r 2               .ifndef NIC_NAMEBUF
000000r 2               NIC_NAMEBUF       = $A120
000000r 2               .endif
000000r 2               .ifndef NIC_NAMEEND
000000r 2               NIC_NAMEEND       = $A13F
000000r 2               .endif
000000r 2               
000000r 2               .ifndef NIC_CMD_CONNECT
000000r 2               NIC_CMD_CONNECT   = $01
000000r 2               .endif
000000r 2               .ifndef NIC_CMD_DISCONNECT
000000r 2               NIC_CMD_DISCONNECT = $02
000000r 2               .endif
000000r 2               .ifndef NIC_CMD_SEND
000000r 2               NIC_CMD_SEND      = $03
000000r 2               .endif
000000r 2               .ifndef NIC_CMD_RECV
000000r 2               NIC_CMD_RECV      = $04
000000r 2               .endif
000000r 2               .ifndef NIC_CMD_LISTEN
000000r 2               NIC_CMD_LISTEN    = $05
000000r 2               .endif
000000r 2               .ifndef NIC_CMD_ACCEPT
000000r 2               NIC_CMD_ACCEPT    = $06
000000r 2               .endif
000000r 2               .ifndef NIC_ST_CONNECTED
000000r 2               NIC_ST_CONNECTED  = $01
000000r 2               .endif
000000r 2               .ifndef NIC_ST_DATAREADY
000000r 2               NIC_ST_DATAREADY  = $02
000000r 2               .endif
000000r 2               .ifndef NIC_ST_SENDREADY
000000r 2               NIC_ST_SENDREADY  = $04
000000r 2               .endif
000000r 2               .ifndef NIC_ST_ERROR
000000r 2               NIC_ST_ERROR      = $08
000000r 2               .endif
000000r 2               .ifndef NIC_ST_REMOTE_CLOSED
000000r 2               NIC_ST_REMOTE_CLOSED = $10
000000r 2               .endif
000000r 2               .ifndef NIC_STATUS_READY
000000r 2               NIC_STATUS_READY  = $01
000000r 2               .endif
000000r 2               .ifndef NIC_STATUS_ANYDATA
000000r 2               NIC_STATUS_ANYDATA = $02
000000r 2               .endif
000000r 2               .ifndef NIC_STATUS_ANYERROR
000000r 2               NIC_STATUS_ANYERROR = $80
000000r 2               .endif
000000r 2               .ifndef NIC_HOSTCTRL_RX_START
000000r 2               NIC_HOSTCTRL_RX_START = $01
000000r 2               .endif
000000r 2               .ifndef NIC_DMAST_TX_READY
000000r 2               NIC_DMAST_TX_READY = $01
000000r 2               .endif
000000r 2               .ifndef NIC_DMAST_RX_DONE
000000r 2               NIC_DMAST_RX_DONE = $02
000000r 2               .endif
000000r 2               .ifndef NIC_DMAST_ERROR
000000r 2               NIC_DMAST_ERROR  = $40
000000r 2               .endif
000000r 2               .ifndef NIC_DMAST_BUSY
000000r 2               NIC_DMAST_BUSY   = $80
000000r 2               .endif
000000r 2               .ifndef NIC_DMAERR_NONE
000000r 2               NIC_DMAERR_NONE  = $00
000000r 2               .endif
000000r 2               .ifndef NIC_DMAERR_RANGE
000000r 2               NIC_DMAERR_RANGE = $01
000000r 2               .endif
000000r 2               .ifndef NIC_DMAERR_BUSY
000000r 2               NIC_DMAERR_BUSY  = $02
000000r 2               .endif
000000r 2               .ifndef NIC_MAX_SLOTS
000000r 2               NIC_MAX_SLOTS     = $04
000000r 2               .endif
000000r 2               .ifndef NIC_MAX_MSGSIZE
000000r 2               NIC_MAX_MSGSIZE   = $0100
000000r 2               .endif
000000r 2               .ifndef NIC_MAX_QUEUE
000000r 2               NIC_MAX_QUEUE     = $10
000000r 2               .endif
000000r 2               
000000r 2               ; ---------------------------------------------------------------------
000000r 2               ; File I/O coprocessor registers and command/status constants.
000000r 2               ; ---------------------------------------------------------------------
000000r 2               .ifndef FIO_CMD
000000r 2               FIO_CMD           = $B9A0
000000r 2               .endif
000000r 2               .ifndef FIO_STATUS
000000r 2               FIO_STATUS        = $B9A1
000000r 2               .endif
000000r 2               .ifndef FIO_ERRCODE
000000r 2               FIO_ERRCODE       = $B9A2
000000r 2               .endif
000000r 2               ; @label FIO.NAMELEN
000000r 2               ; @kind u8
000000r 2               ; @symbol FIO_NAMELEN
000000r 2               ; @summary Length of the filename in FIO.NAME, 1..63 bytes.
000000r 2               .ifndef FIO_NAMELEN
000000r 2               FIO_NAMELEN       = $B9A3
000000r 2               .endif
000000r 2               .ifndef FIO_SRCL
000000r 2               FIO_SRCL          = $B9A4
000000r 2               .endif
000000r 2               .ifndef FIO_SRCH
000000r 2               FIO_SRCH          = $B9A5
000000r 2               .endif
000000r 2               .ifndef FIO_ENDL
000000r 2               FIO_ENDL          = $B9A6
000000r 2               .endif
000000r 2               .ifndef FIO_ENDH
000000r 2               FIO_ENDH          = $B9A7
000000r 2               .endif
000000r 2               .ifndef FIO_SIZEL
000000r 2               FIO_SIZEL         = $B9A8
000000r 2               .endif
000000r 2               .ifndef FIO_SIZEH
000000r 2               FIO_SIZEH         = $B9A9
000000r 2               .endif
000000r 2               .ifndef FIO_GSPACE
000000r 2               FIO_GSPACE        = $B9AA
000000r 2               .endif
000000r 2               .ifndef FIO_SIZE2
000000r 2               FIO_SIZE2         = $B9AA
000000r 2               .endif
000000r 2               .ifndef FIO_GADDRL
000000r 2               FIO_GADDRL        = $B9AB
000000r 2               .endif
000000r 2               .ifndef FIO_GADDRH
000000r 2               FIO_GADDRH        = $B9AC
000000r 2               .endif
000000r 2               .ifndef FIO_GLENL
000000r 2               FIO_GLENL         = $B9AD
000000r 2               .endif
000000r 2               .ifndef FIO_GLENH
000000r 2               FIO_GLENH         = $B9AE
000000r 2               .endif
000000r 2               .ifndef FIO_DIRTYPE
000000r 2               FIO_DIRTYPE       = $B9AF
000000r 2               .endif
000000r 2               ; @label FIO.NAME
000000r 2               ; @kind buffer
000000r 2               ; @symbol FIO_NAME
000000r 2               ; @summary Filename buffer used by file-backed runtime routines.
000000r 2               .ifndef FIO_NAME
000000r 2               FIO_NAME          = $B9B0
000000r 2               .endif
000000r 2               .ifndef FIO_NAMEEND
000000r 2               FIO_NAMEEND       = $B9EF
000000r 2               .endif
000000r 2               .ifndef META_BASE
000000r 2               META_BASE         = $BAB0
000000r 2               .endif
000000r 2               .ifndef MATH_BASE
000000r 2               MATH_BASE         = $BB20
000000r 2               .endif
000000r 2               .ifndef MATH_END
000000r 2               MATH_END          = $BB4F
000000r 2               .endif
000000r 2               .ifndef MATH_MUL16_A_LO
000000r 2               MATH_MUL16_A_LO   = $BB20
000000r 2               .endif
000000r 2               .ifndef MATH_MUL16_A_HI
000000r 2               MATH_MUL16_A_HI   = $BB21
000000r 2               .endif
000000r 2               .ifndef MATH_MUL16_B_LO
000000r 2               MATH_MUL16_B_LO   = $BB22
000000r 2               .endif
000000r 2               .ifndef MATH_MUL16_B_HI
000000r 2               MATH_MUL16_B_HI   = $BB23
000000r 2               .endif
000000r 2               .ifndef MATH_MULFX_A_LO
000000r 2               MATH_MULFX_A_LO   = $BB24
000000r 2               .endif
000000r 2               .ifndef MATH_MULFX_A_HI
000000r 2               MATH_MULFX_A_HI   = $BB25
000000r 2               .endif
000000r 2               .ifndef MATH_MULFX_B_LO
000000r 2               MATH_MULFX_B_LO   = $BB26
000000r 2               .endif
000000r 2               .ifndef MATH_MULFX_B_HI
000000r 2               MATH_MULFX_B_HI   = $BB27
000000r 2               .endif
000000r 2               .ifndef MATH_DIV_N_LO
000000r 2               MATH_DIV_N_LO     = $BB28
000000r 2               .endif
000000r 2               .ifndef MATH_DIV_N_1
000000r 2               MATH_DIV_N_1      = $BB29
000000r 2               .endif
000000r 2               .ifndef MATH_DIV_N_2
000000r 2               MATH_DIV_N_2      = $BB2A
000000r 2               .endif
000000r 2               .ifndef MATH_DIV_N_HI
000000r 2               MATH_DIV_N_HI     = $BB2B
000000r 2               .endif
000000r 2               .ifndef MATH_DIV_D_LO
000000r 2               MATH_DIV_D_LO     = $BB2C
000000r 2               .endif
000000r 2               .ifndef MATH_DIV_D_HI
000000r 2               MATH_DIV_D_HI     = $BB2D
000000r 2               .endif
000000r 2               .ifndef MATH_SINCOS_ANGLE
000000r 2               MATH_SINCOS_ANGLE = $BB2E
000000r 2               .endif
000000r 2               .ifndef MATH_ATAN_DY_LO
000000r 2               MATH_ATAN_DY_LO   = $BB2F
000000r 2               .endif
000000r 2               .ifndef MATH_ATAN_DY_HI
000000r 2               MATH_ATAN_DY_HI   = $BB30
000000r 2               .endif
000000r 2               .ifndef MATH_ATAN_DX_LO
000000r 2               MATH_ATAN_DX_LO   = $BB31
000000r 2               .endif
000000r 2               .ifndef MATH_ATAN_DX_HI
000000r 2               MATH_ATAN_DX_HI   = $BB32
000000r 2               .endif
000000r 2               .ifndef MATH_DIST_DX_LO
000000r 2               MATH_DIST_DX_LO   = $BB33
000000r 2               .endif
000000r 2               .ifndef MATH_DIST_DX_HI
000000r 2               MATH_DIST_DX_HI   = $BB34
000000r 2               .endif
000000r 2               .ifndef MATH_DIST_DY_LO
000000r 2               MATH_DIST_DY_LO   = $BB35
000000r 2               .endif
000000r 2               .ifndef MATH_DIST_DY_HI
000000r 2               MATH_DIST_DY_HI   = $BB36
000000r 2               .endif
000000r 2               .ifndef MATH_RNG
000000r 2               MATH_RNG          = $BB37
000000r 2               .endif
000000r 2               .ifndef MATH_RES0
000000r 2               MATH_RES0         = $BB38
000000r 2               .endif
000000r 2               .ifndef MATH_RES1
000000r 2               MATH_RES1         = $BB39
000000r 2               .endif
000000r 2               .ifndef MATH_RES2
000000r 2               MATH_RES2         = $BB3A
000000r 2               .endif
000000r 2               .ifndef MATH_RES3
000000r 2               MATH_RES3         = $BB3B
000000r 2               .endif
000000r 2               .ifndef MATH_CAPS0
000000r 2               MATH_CAPS0        = $BB3C
000000r 2               .endif
000000r 2               .ifndef MATH_CAPS1
000000r 2               MATH_CAPS1        = $BB3D
000000r 2               .endif
000000r 2               .ifndef MATH_STATUS
000000r 2               MATH_STATUS       = $BB3E
000000r 2               .endif
000000r 2               .ifndef MATH_VERSION
000000r 2               MATH_VERSION      = $BB3F
000000r 2               .endif
000000r 2               .ifndef MATH_VEC_AX_LO
000000r 2               MATH_VEC_AX_LO    = $BB40
000000r 2               .endif
000000r 2               .ifndef MATH_VEC_AX_HI
000000r 2               MATH_VEC_AX_HI    = $BB41
000000r 2               .endif
000000r 2               .ifndef MATH_VEC_AY_LO
000000r 2               MATH_VEC_AY_LO    = $BB42
000000r 2               .endif
000000r 2               .ifndef MATH_VEC_AY_HI
000000r 2               MATH_VEC_AY_HI    = $BB43
000000r 2               .endif
000000r 2               .ifndef MATH_VEC_BX_LO
000000r 2               MATH_VEC_BX_LO    = $BB44
000000r 2               .endif
000000r 2               .ifndef MATH_VEC_BX_HI
000000r 2               MATH_VEC_BX_HI    = $BB45
000000r 2               .endif
000000r 2               .ifndef MATH_VEC_BY_LO
000000r 2               MATH_VEC_BY_LO    = $BB46
000000r 2               .endif
000000r 2               .ifndef MATH_VEC_BY_HI
000000r 2               MATH_VEC_BY_HI    = $BB47
000000r 2               .endif
000000r 2               .ifndef MATH_VEC_S_LO
000000r 2               MATH_VEC_S_LO     = $BB48
000000r 2               .endif
000000r 2               .ifndef MATH_VEC_S_HI
000000r 2               MATH_VEC_S_HI     = $BB49
000000r 2               .endif
000000r 2               .ifndef MATH_VEC_OP
000000r 2               MATH_VEC_OP       = $BB4E
000000r 2               .endif
000000r 2               .ifndef MATH_VERSION_CURRENT
000000r 2               MATH_VERSION_CURRENT = $02
000000r 2               .endif
000000r 2               .ifndef MATH_CAP_MUL16
000000r 2               MATH_CAP_MUL16       = $01
000000r 2               .endif
000000r 2               .ifndef MATH_CAP_MULFX
000000r 2               MATH_CAP_MULFX       = $02
000000r 2               .endif
000000r 2               .ifndef MATH_CAP_SINCOS
000000r 2               MATH_CAP_SINCOS      = $04
000000r 2               .endif
000000r 2               .ifndef MATH_CAP_DIST_APPROX
000000r 2               MATH_CAP_DIST_APPROX = $08
000000r 2               .endif
000000r 2               .ifndef MATH_CAP_RNG
000000r 2               MATH_CAP_RNG         = $10
000000r 2               .endif
000000r 2               .ifndef MATH_CAP_DIV_S32_16
000000r 2               MATH_CAP_DIV_S32_16  = $20
000000r 2               .endif
000000r 2               .ifndef MATH_CAP_ATAN2
000000r 2               MATH_CAP_ATAN2       = $40
000000r 2               .endif
000000r 2               .ifndef MATH_CAP1_VEC_DOT_S16
000000r 2               MATH_CAP1_VEC_DOT_S16   = $01
000000r 2               .endif
000000r 2               .ifndef MATH_CAP1_VEC_DOT_FX
000000r 2               MATH_CAP1_VEC_DOT_FX    = $02
000000r 2               .endif
000000r 2               .ifndef MATH_CAP1_VEC_CROSS_S16
000000r 2               MATH_CAP1_VEC_CROSS_S16 = $04
000000r 2               .endif
000000r 2               .ifndef MATH_CAP1_VEC_LEN2
000000r 2               MATH_CAP1_VEC_LEN2      = $08
000000r 2               .endif
000000r 2               .ifndef MATH_CAP1_VEC_SCALE_FX
000000r 2               MATH_CAP1_VEC_SCALE_FX  = $10
000000r 2               .endif
000000r 2               .ifndef MATH_VEC_OP_DOT_S16
000000r 2               MATH_VEC_OP_DOT_S16     = $01
000000r 2               .endif
000000r 2               .ifndef MATH_VEC_OP_DOT_FX
000000r 2               MATH_VEC_OP_DOT_FX      = $02
000000r 2               .endif
000000r 2               .ifndef MATH_VEC_OP_CROSS_S16
000000r 2               MATH_VEC_OP_CROSS_S16   = $03
000000r 2               .endif
000000r 2               .ifndef MATH_VEC_OP_LEN2
000000r 2               MATH_VEC_OP_LEN2        = $04
000000r 2               .endif
000000r 2               .ifndef MATH_VEC_OP_SCALE_FX
000000r 2               MATH_VEC_OP_SCALE_FX    = $05
000000r 2               .endif
000000r 2               .ifndef MATH_STATUS_OK
000000r 2               MATH_STATUS_OK       = $00
000000r 2               .endif
000000r 2               .ifndef MATH_STATUS_DIV_ZERO
000000r 2               MATH_STATUS_DIV_ZERO = $01
000000r 2               .endif
000000r 2               .ifndef MATH_STATUS_OVERFLOW
000000r 2               MATH_STATUS_OVERFLOW = $02
000000r 2               .endif
000000r 2               .ifndef MATH_STATUS_UNIMPL
000000r 2               MATH_STATUS_UNIMPL   = $80
000000r 2               .endif
000000r 2               .ifndef AUTOBOOT_SKIP
000000r 2               AUTOBOOT_SKIP     = $B9F0
000000r 2               .endif
000000r 2               .ifndef AUTOBOOT_ACTIVE
000000r 2               AUTOBOOT_ACTIVE   = $B9F1
000000r 2               .endif
000000r 2               .ifndef TEXTWIN_LEFT
000000r 2               TEXTWIN_LEFT      = $B9F2
000000r 2               .endif
000000r 2               .ifndef TEXTWIN_TOP
000000r 2               TEXTWIN_TOP       = $B9F3
000000r 2               .endif
000000r 2               .ifndef TEXTWIN_WIDTH
000000r 2               TEXTWIN_WIDTH     = $B9F4
000000r 2               .endif
000000r 2               .ifndef TEXTWIN_HEIGHT
000000r 2               TEXTWIN_HEIGHT    = $B9F5
000000r 2               .endif
000000r 2               
000000r 2               .ifndef FIO_CMD_SAVE
000000r 2               FIO_CMD_SAVE      = $01
000000r 2               .endif
000000r 2               .ifndef FIO_CMD_LOAD
000000r 2               FIO_CMD_LOAD      = $02
000000r 2               .endif
000000r 2               .ifndef FIO_CMD_DIROPEN
000000r 2               FIO_CMD_DIROPEN   = $03
000000r 2               .endif
000000r 2               .ifndef FIO_CMD_DIRREAD
000000r 2               FIO_CMD_DIRREAD   = $04
000000r 2               .endif
000000r 2               .ifndef FIO_CMD_DELETE
000000r 2               FIO_CMD_DELETE    = $05
000000r 2               .endif
000000r 2               .ifndef FIO_CMD_GSAVE
000000r 2               FIO_CMD_GSAVE     = $06
000000r 2               .endif
000000r 2               .ifndef FIO_CMD_GLOAD
000000r 2               FIO_CMD_GLOAD     = $07
000000r 2               .endif
000000r 2               .ifndef FIO_CMD_SIDPLAY
000000r 2               FIO_CMD_SIDPLAY   = $08
000000r 2               .endif
000000r 2               .ifndef FIO_CMD_SIDSTOP
000000r 2               FIO_CMD_SIDSTOP   = $09
000000r 2               .endif
000000r 2               .ifndef FIO_CMD_INSTRUMENT
000000r 2               FIO_CMD_INSTRUMENT = $0A
000000r 2               .endif
000000r 2               .ifndef FIO_CMD_SOUND
000000r 2               FIO_CMD_SOUND     = $0B
000000r 2               .endif
000000r 2               .ifndef FIO_CMD_VOLUME
000000r 2               FIO_CMD_VOLUME    = $0C
000000r 2               .endif
000000r 2               .ifndef FIO_CMD_MSEQ
000000r 2               FIO_CMD_MSEQ      = $0D
000000r 2               .endif
000000r 2               .ifndef FIO_CMD_MPLAY
000000r 2               FIO_CMD_MPLAY     = $0E
000000r 2               .endif
000000r 2               .ifndef FIO_CMD_MSTOP
000000r 2               FIO_CMD_MSTOP     = $0F
000000r 2               .endif
000000r 2               .ifndef FIO_CMD_MTEMPO
000000r 2               FIO_CMD_MTEMPO    = $10
000000r 2               .endif
000000r 2               .ifndef FIO_CMD_MLOOP
000000r 2               FIO_CMD_MLOOP     = $11
000000r 2               .endif
000000r 2               .ifndef FIO_CMD_MPRI
000000r 2               FIO_CMD_MPRI      = $12
000000r 2               .endif
000000r 2               .ifndef FIO_CMD_MIDPLAY
000000r 2               FIO_CMD_MIDPLAY   = $13
000000r 2               .endif
000000r 2               .ifndef FIO_CMD_MIDSTOP
000000r 2               FIO_CMD_MIDSTOP   = $14
000000r 2               .endif
000000r 2               .ifndef FIO_CMD_SFLOAD
000000r 2               FIO_CMD_SFLOAD    = $15
000000r 2               .endif
000000r 2               .ifndef FIO_CMD_XLOAD
000000r 2               FIO_CMD_XLOAD     = $18
000000r 2               .endif
000000r 2               .ifndef FIO_CMD_XSAVE
000000r 2               FIO_CMD_XSAVE     = $19
000000r 2               .endif
000000r 2               .ifndef FIO_CMD_CD
000000r 2               FIO_CMD_CD        = $20
000000r 2               .endif
000000r 2               .ifndef FIO_CMD_MKDIR
000000r 2               FIO_CMD_MKDIR     = $21
000000r 2               .endif
000000r 2               .ifndef FIO_CMD_RMDIR
000000r 2               FIO_CMD_RMDIR     = $22
000000r 2               .endif
000000r 2               .ifndef FIO_CMD_FORMAT
000000r 2               FIO_CMD_FORMAT    = $23
000000r 2               .endif
000000r 2               .ifndef FIO_CMD_MOUNT
000000r 2               FIO_CMD_MOUNT     = $24
000000r 2               .endif
000000r 2               .ifndef FIO_CMD_UNMOUNT
000000r 2               FIO_CMD_UNMOUNT   = $25
000000r 2               .endif
000000r 2               .ifndef FIO_CMD_PWD
000000r 2               FIO_CMD_PWD       = $26
000000r 2               .endif
000000r 2               .ifndef FIO_CMD_CLEARERR
000000r 2               FIO_CMD_CLEARERR  = $27
000000r 2               .endif
000000r 2               .ifndef FIO_CMD_LOADRUNTIME
000000r 2               ; @label FIO.CMD_LOADRUNTIME
000000r 2               ; @kind const
000000r 2               ; @symbol FIO_CMD_LOADRUNTIME
000000r 2               ; @summary Host command that streams a 16K file into the primary runtime ROM bank. Callers must execute from RAM while issuing it.
000000r 2               FIO_CMD_LOADRUNTIME = $28
000000r 2               .endif
000000r 2               .ifndef FIO_CMD_XPAGE
000000r 2               ; @label FIO.CMD_XPAGE
000000r 2               ; @kind const
000000r 2               ; @symbol FIO_CMD_XPAGE
000000r 2               ; @summary Host command that streams a file slice into XRAM, CPU RAM, or VGC memory using FIO_DIRTYPE as the target selector.
000000r 2               FIO_CMD_XPAGE    = $29
000000r 2               .endif
000000r 2               .ifndef FIO_CMD_RNG
000000r 2               ; @label FIO.CMD_RNG
000000r 2               ; @kind const
000000r 2               ; @symbol FIO_CMD_RNG
000000r 2               ; @summary Host command that returns 32 bits from NovaHost's host-backed RNG provider.
000000r 2               FIO_CMD_RNG      = $2A
000000r 2               .endif
000000r 2               .ifndef FIO_CMD_NVGLOAD
000000r 2               ; @label FIO.CMD_NVGLOAD
000000r 2               ; @kind const
000000r 2               ; @symbol FIO_CMD_NVGLOAD
000000r 2               ; @summary Host command that decodes a Nova NVG1 file into the graphics bitmap plane.
000000r 2               FIO_CMD_NVGLOAD  = $2B
000000r 2               .endif
000000r 2               
000000r 2               ; Host RNG result byte aliases. FIO.CMD_RNG returns little-endian bytes here.
000000r 2               ; @label FIO.RNG0
000000r 2               ; @kind u8
000000r 2               ; @symbol FIO_RNG0
000000r 2               ; @summary Low byte returned by FIO.CMD_RNG.
000000r 2               .ifndef FIO_RNG0
000000r 2               FIO_RNG0         = FIO_SRCL
000000r 2               .endif
000000r 2               ; @label FIO.RNG1
000000r 2               ; @kind u8
000000r 2               ; @symbol FIO_RNG1
000000r 2               ; @summary Second byte returned by FIO.CMD_RNG.
000000r 2               .ifndef FIO_RNG1
000000r 2               FIO_RNG1         = FIO_SRCH
000000r 2               .endif
000000r 2               ; @label FIO.RNG2
000000r 2               ; @kind u8
000000r 2               ; @symbol FIO_RNG2
000000r 2               ; @summary Third byte returned by FIO.CMD_RNG.
000000r 2               .ifndef FIO_RNG2
000000r 2               FIO_RNG2         = FIO_ENDL
000000r 2               .endif
000000r 2               ; @label FIO.RNG3
000000r 2               ; @kind u8
000000r 2               ; @symbol FIO_RNG3
000000r 2               ; @summary High byte returned by FIO.CMD_RNG.
000000r 2               .ifndef FIO_RNG3
000000r 2               FIO_RNG3         = FIO_ENDH
000000r 2               .endif
000000r 2               
000000r 2               .ifndef FIO_OK
000000r 2               FIO_OK            = $02
000000r 2               .endif
000000r 2               .ifndef FIO_STATUS_IDLE
000000r 2               FIO_STATUS_IDLE   = $00
000000r 2               .endif
000000r 2               .ifndef FIO_STATUS_OK
000000r 2               FIO_STATUS_OK     = FIO_OK
000000r 2               .endif
000000r 2               .ifndef FIO_ERR
000000r 2               FIO_ERR           = $03
000000r 2               .endif
000000r 2               .ifndef FIO_STATUS_ERROR
000000r 2               FIO_STATUS_ERROR  = $03
000000r 2               .endif
000000r 2               .ifndef FIO_ERR_NONE
000000r 2               FIO_ERR_NONE      = $00
000000r 2               .endif
000000r 2               .ifndef FIO_ERR_NOTFOUND
000000r 2               FIO_ERR_NOTFOUND  = $01
000000r 2               .endif
000000r 2               .ifndef FIO_ERR_IO
000000r 2               FIO_ERR_IO        = $02
000000r 2               .endif
000000r 2               .ifndef FIO_ERR_EOD
000000r 2               FIO_ERR_EOD       = $03
000000r 2               .endif
000000r 2               .ifndef FIO_ERR_DISKFULL
000000r 2               FIO_ERR_DISKFULL  = $04
000000r 2               .endif
000000r 2               .ifndef FIO_ERR_NOTMOUNTED
000000r 2               FIO_ERR_NOTMOUNTED = $05
000000r 2               .endif
000000r 2               .ifndef FIO_TYPE_SID
000000r 2               FIO_TYPE_SID      = $01
000000r 2               .endif
000000r 2               .ifndef FIO_TYPE_BIN
000000r 2               FIO_TYPE_BIN      = $02
000000r 2               .endif
000000r 2               .ifndef FIO_TYPE_MID
000000r 2               FIO_TYPE_MID      = $03
000000r 2               .endif
000000r 2               .ifndef FIO_TYPE_DIR
000000r 2               FIO_TYPE_DIR      = $05
000000r 2               .endif
000000r 2               
000000r 2               ; Extension ROM command IDs used by the BASIC-to-extension trampoline.
000000r 2               .ifndef EXT_CMD_RESERVED0
000000r 2               EXT_CMD_RESERVED0 = $00
000000r 2               .endif
000000r 2               .ifndef EXT_CMD_SFLOAD
000000r 2               EXT_CMD_SFLOAD    = $01
000000r 2               .endif
000000r 2               .ifndef EXT_CMD_DIR
000000r 2               EXT_CMD_DIR       = $02
000000r 2               .endif
000000r 2               .ifndef EXT_CMD_PWD
000000r 2               EXT_CMD_PWD       = $03
000000r 2               .endif
000000r 2               .ifndef EXT_CMD_XMEM
000000r 2               EXT_CMD_XMEM      = $04
000000r 2               .endif
000000r 2               .ifndef EXT_CMD_XDIR
000000r 2               EXT_CMD_XDIR      = $05
000000r 2               .endif
000000r 2               ; $06-$07 reserved
000000r 2               .ifndef EXT_CMD_HELP
000000r 2               EXT_CMD_HELP      = $08
000000r 2               .endif
000000r 2               .ifndef EXT_CMD_DMAFILL
000000r 2               EXT_CMD_DMAFILL   = $09
000000r 2               .endif
000000r 2               .ifndef EXT_CMD_BLTFILL
000000r 2               EXT_CMD_BLTFILL   = $0A
000000r 2               .endif
000000r 2               .ifndef EXT_CMD_XMCCMD
000000r 2               EXT_CMD_XMCCMD    = $0B
000000r 2               .endif
000000r 2               .ifndef EXT_CMD_COPPER
000000r 2               EXT_CMD_COPPER    = $0C
000000r 2               .endif
000000r 2               .ifndef EXT_CMD_XLOAD
000000r 2               EXT_CMD_XLOAD     = $0D
000000r 2               .endif
000000r 2               .ifndef EXT_CMD_XSAVE
000000r 2               EXT_CMD_XSAVE     = $0E
000000r 2               .endif
000000r 2               .ifndef EXT_CMD_DMACOPY
000000r 2               EXT_CMD_DMACOPY   = $0F
000000r 2               .endif
000000r 2               .ifndef EXT_CMD_BLITCOPY
000000r 2               EXT_CMD_BLITCOPY  = $10
000000r 2               .endif
000000r 2               .ifndef EXT_CMD_MMUL16L
000000r 2               EXT_CMD_MMUL16L   = $11
000000r 2               .endif
000000r 2               .ifndef EXT_CMD_MMUL16H
000000r 2               EXT_CMD_MMUL16H   = $12
000000r 2               .endif
000000r 2               .ifndef EXT_CMD_MDOTS16L
000000r 2               EXT_CMD_MDOTS16L  = $13
000000r 2               .endif
000000r 2               .ifndef EXT_CMD_MDOTS16H
000000r 2               EXT_CMD_MDOTS16H  = $14
000000r 2               .endif
000000r 2               .ifndef EXT_CMD_MCROSSL
000000r 2               EXT_CMD_MCROSSL   = $15
000000r 2               .endif
000000r 2               .ifndef EXT_CMD_MCROSSH
000000r 2               EXT_CMD_MCROSSH   = $16
000000r 2               .endif
000000r 2               .ifndef EXT_CMD_MMULFX
000000r 2               EXT_CMD_MMULFX    = $17
000000r 2               .endif
000000r 2               .ifndef EXT_CMD_MDIST
000000r 2               EXT_CMD_MDIST     = $18
000000r 2               .endif
000000r 2               .ifndef EXT_CMD_MSIN
000000r 2               EXT_CMD_MSIN      = $19
000000r 2               .endif
000000r 2               .ifndef EXT_CMD_MCOS
000000r 2               EXT_CMD_MCOS      = $1A
000000r 2               .endif
000000r 2               .ifndef EXT_CMD_MRND
000000r 2               EXT_CMD_MRND      = $1B
000000r 2               .endif
000000r 2               .ifndef EXT_CMD_MDIV
000000r 2               EXT_CMD_MDIV      = $1C
000000r 2               .endif
000000r 2               .ifndef EXT_CMD_MREM
000000r 2               EXT_CMD_MREM      = $1D
000000r 2               .endif
000000r 2               .ifndef EXT_CMD_MATAN2
000000r 2               EXT_CMD_MATAN2    = $1E
000000r 2               .endif
000000r 2               .ifndef EXT_CMD_MDOTFX
000000r 2               EXT_CMD_MDOTFX    = $1F
000000r 2               .endif
000000r 2               .ifndef EXT_CMD_MLEN2
000000r 2               EXT_CMD_MLEN2     = $20
000000r 2               .endif
000000r 2               .ifndef EXT_CMD_MSCALX
000000r 2               EXT_CMD_MSCALX    = $21
000000r 2               .endif
000000r 2               .ifndef EXT_CMD_MSCALY
000000r 2               EXT_CMD_MSCALY    = $22
000000r 2               .endif
000000r 2               .ifndef EXT_CMD_ADDR
000000r 2               EXT_CMD_ADDR      = $23
000000r 2               .endif
000000r 2               .ifndef EXT_CMD_XBANK
000000r 2               EXT_CMD_XBANK     = $24
000000r 2               .endif
000000r 2               .ifndef EXT_CMD_XPOKE
000000r 2               EXT_CMD_XPOKE     = $25
000000r 2               .endif
000000r 2               .ifndef EXT_CMD_XFREE
000000r 2               EXT_CMD_XFREE     = $26
000000r 2               .endif
000000r 2               .ifndef EXT_CMD_XRESET
000000r 2               EXT_CMD_XRESET    = $27
000000r 2               .endif
000000r 2               .ifndef EXT_CMD_XALLOC
000000r 2               EXT_CMD_XALLOC    = $28
000000r 2               .endif
000000r 2               .ifndef EXT_CMD_XMAP
000000r 2               EXT_CMD_XMAP      = $29
000000r 2               .endif
000000r 2               .ifndef EXT_CMD_XUNMAP
000000r 2               EXT_CMD_XUNMAP    = $2A
000000r 2               .endif
000000r 2               .ifndef EXT_CMD_XPEEK
000000r 2               EXT_CMD_XPEEK     = $2B
000000r 2               .endif
000000r 2               .ifndef EXT_CMD_PLAYING
000000r 2               EXT_CMD_PLAYING   = $2C
000000r 2               .endif
000000r 2               .ifndef EXT_CMD_MNOTE
000000r 2               EXT_CMD_MNOTE     = $2D
000000r 2               .endif
000000r 2               .ifndef EXT_CMD_NSTATUS
000000r 2               EXT_CMD_NSTATUS   = $2E
000000r 2               .endif
000000r 2               .ifndef EXT_CMD_NREADY
000000r 2               EXT_CMD_NREADY    = $2F
000000r 2               .endif
000000r 2               .ifndef EXT_CMD_DMASTATUS
000000r 2               EXT_CMD_DMASTATUS = $30
000000r 2               .endif
000000r 2               .ifndef EXT_CMD_DMAERR
000000r 2               EXT_CMD_DMAERR    = $31
000000r 2               .endif
000000r 2               .ifndef EXT_CMD_DMACOUNT
000000r 2               EXT_CMD_DMACOUNT  = $32
000000r 2               .endif
000000r 2               .ifndef EXT_CMD_BLITSTATUS
000000r 2               EXT_CMD_BLITSTATUS = $33
000000r 2               .endif
000000r 2               .ifndef EXT_CMD_BLITERR
000000r 2               EXT_CMD_BLITERR   = $34
000000r 2               .endif
000000r 2               .ifndef EXT_CMD_BLITCOUNT
000000r 2               EXT_CMD_BLITCOUNT = $35
000000r 2               .endif
000000r 2               .ifndef EXT_CMD_SPRCOLL
000000r 2               EXT_CMD_SPRCOLL   = $36
000000r 2               .endif
000000r 2               .ifndef EXT_CMD_SPRBG
000000r 2               EXT_CMD_SPRBG     = $37
000000r 2               .endif
000000r 2               .ifndef EXT_CMD_VPEEK
000000r 2               EXT_CMD_VPEEK     = $38
000000r 2               .endif
000000r 2               .ifndef EXT_CMD_BITSET
000000r 2               EXT_CMD_BITSET    = $39
000000r 2               .endif
000000r 2               .ifndef EXT_CMD_BITCLR
000000r 2               EXT_CMD_BITCLR    = $3A
000000r 2               .endif
000000r 2               .ifndef EXT_CMD_BITTGL
000000r 2               EXT_CMD_BITTGL    = $3B
000000r 2               .endif
000000r 2               .ifndef EXT_CMD_REVERSE
000000r 2               EXT_CMD_REVERSE   = $3C
000000r 2               .endif
000000r 2               .ifndef EXT_CMD_REVERSEOFF
000000r 2               EXT_CMD_REVERSEOFF = $3D
000000r 2               .endif
000000r 2               .ifndef EXT_CMD_FLASH
000000r 2               EXT_CMD_FLASH     = $3E
000000r 2               .endif
000000r 2               .ifndef EXT_CMD_FLASHOFF
000000r 2               EXT_CMD_FLASHOFF  = $3F
000000r 2               .endif
000000r 2               .ifndef EXT_CMD_VPOKE
000000r 2               EXT_CMD_VPOKE     = $40
000000r 2               .endif
000000r 2               .ifndef EXT_CMD_FIOCLR
000000r 2               EXT_CMD_FIOCLR    = $41
000000r 2               .endif
000000r 2               .ifndef EXT_CMD_CLS
000000r 2               EXT_CMD_CLS       = $42
000000r 2               .endif
000000r 2               
000000r 2               ; Hosted music/SFX status registers.
000000r 2               .ifndef MUSIC_STATUS
000000r 2               MUSIC_STATUS      = $BA50
000000r 2               .endif
000000r 2               .ifndef MUSIC_STATUS_SFX
000000r 2               MUSIC_STATUS_SFX  = $01
000000r 2               .endif
000000r 2               .ifndef MUSIC_STATUS_MUSIC
000000r 2               MUSIC_STATUS_MUSIC = $02
000000r 2               .endif
000000r 2               .ifndef MUSIC_STATUS_SID
000000r 2               MUSIC_STATUS_SID  = $04
000000r 2               .endif
000000r 2               .ifndef MUSIC_STATUS_WTS
000000r 2               MUSIC_STATUS_WTS  = $08
000000r 2               .endif
000000r 2               .ifndef MUSIC_STATUS_LOADING
000000r 2               MUSIC_STATUS_LOADING = $10
000000r 2               .endif
000000r 2               .ifndef MUSIC_NOTE1
000000r 2               MUSIC_NOTE1       = $BA51
000000r 2               .endif
000000r 2               .ifndef MUSIC_NOTE2
000000r 2               MUSIC_NOTE2       = $BA52
000000r 2               .endif
000000r 2               .ifndef MUSIC_NOTE3
000000r 2               MUSIC_NOTE3       = $BA53
000000r 2               .endif
000000r 2               .ifndef MUSIC_NOTE4
000000r 2               MUSIC_NOTE4       = $BA54
000000r 2               .endif
000000r 2               .ifndef MUSIC_NOTE5
000000r 2               MUSIC_NOTE5       = $BA55
000000r 2               .endif
000000r 2               .ifndef MUSIC_NOTE6
000000r 2               MUSIC_NOTE6       = $BA56
000000r 2               .endif
000000r 2               .ifndef MUSIC_NOTE7
000000r 2               MUSIC_NOTE7       = $BA57
000000r 2               .endif
000000r 2               .ifndef MUSIC_NOTE8
000000r 2               MUSIC_NOTE8       = $BA58
000000r 2               .endif
000000r 2               .ifndef MUSIC_NOTE9
000000r 2               MUSIC_NOTE9       = $BA59
000000r 2               .endif
000000r 2               .ifndef MUSIC_NOTE10
000000r 2               MUSIC_NOTE10      = $BA5A
000000r 2               .endif
000000r 2               .ifndef MUSIC_NOTE11
000000r 2               MUSIC_NOTE11      = $BA5B
000000r 2               .endif
000000r 2               .ifndef MUSIC_NOTE12
000000r 2               MUSIC_NOTE12      = $BA5C
000000r 2               .endif
000000r 2               .ifndef MUSIC_NOTE13
000000r 2               MUSIC_NOTE13      = $BA5D
000000r 2               .endif
000000r 2               .ifndef MUSIC_NOTE14
000000r 2               MUSIC_NOTE14      = $BA5E
000000r 2               .endif
000000r 2               .ifndef MUSIC_ELAPSEDL
000000r 2               MUSIC_ELAPSEDL    = $BA5F
000000r 2               .endif
000000r 2               .ifndef MUSIC_ELAPSEDH
000000r 2               MUSIC_ELAPSEDH    = $BA60
000000r 2               .endif
000000r 2               .ifndef MUSIC_TOTALL
000000r 2               MUSIC_TOTALL      = $BA61
000000r 2               .endif
000000r 2               .ifndef MUSIC_TOTALH
000000r 2               MUSIC_TOTALH      = $BA62
000000r 2               .endif
000000r 2               
000000r 2               ; SID register windows. CPU reads in this range still fetch ROM bytes on Nova;
000000r 2               ; these names are for writes and emulator/host-side register shadow APIs.
000000r 2               .ifndef SID_BASE
000000r 2               SID_BASE          = $D400
000000r 2               .endif
000000r 2               .ifndef SID_END
000000r 2               SID_END           = $D41F
000000r 2               .endif
000000r 2               .ifndef SID2_BASE
000000r 2               SID2_BASE         = $D420
000000r 2               .endif
000000r 2               .ifndef SID2_END
000000r 2               SID2_END          = $D43F
000000r 2               .endif
000000r 2               .ifndef SID2_MIRROR_BASE
000000r 2               SID2_MIRROR_BASE  = $D500
000000r 2               .endif
000000r 2               .ifndef SID2_MIRROR_END
000000r 2               SID2_MIRROR_END   = $D51F
000000r 2               .endif
000000r 2               
000000r 2               ; Wavetable synthesizer registers.
000000r 2               .ifndef WTS_BASE
000000r 2               WTS_BASE          = $A140
000000r 2               .endif
000000r 2               .ifndef WTS_VOICE_BASE
000000r 2               WTS_VOICE_BASE    = $A140
000000r 2               .endif
000000r 2               .ifndef WTS_VOICE_STRIDE
000000r 2               WTS_VOICE_STRIDE  = $08
000000r 2               .endif
000000r 2               .ifndef WTS_VOICE_END
000000r 2               WTS_VOICE_END     = $A17F
000000r 2               .endif
000000r 2               .ifndef WTS_VOICE_NOTE
000000r 2               WTS_VOICE_NOTE    = $00
000000r 2               .endif
000000r 2               .ifndef WTS_VOICE_VELOCITY
000000r 2               WTS_VOICE_VELOCITY = $01
000000r 2               .endif
000000r 2               .ifndef WTS_VOICE_INSTRUMENT
000000r 2               WTS_VOICE_INSTRUMENT = $02
000000r 2               .endif
000000r 2               .ifndef WTS_VOICE_VOLUME
000000r 2               WTS_VOICE_VOLUME  = $03
000000r 2               .endif
000000r 2               .ifndef WTS_VOICE_PANNING
000000r 2               WTS_VOICE_PANNING = $04
000000r 2               .endif
000000r 2               .ifndef WTS_VOICE_PITCH_BEND_LO
000000r 2               WTS_VOICE_PITCH_BEND_LO = $05
000000r 2               .endif
000000r 2               .ifndef WTS_VOICE_PITCH_BEND_HI
000000r 2               WTS_VOICE_PITCH_BEND_HI = $06
000000r 2               .endif
000000r 2               .ifndef WTS_VOICE_STATUS
000000r 2               WTS_VOICE_STATUS  = $07
000000r 2               .endif
000000r 2               .ifndef WTS_GLOBAL_BASE
000000r 2               WTS_GLOBAL_BASE   = $A180
000000r 2               .endif
000000r 2               .ifndef WTS_REVERB_LEVEL
000000r 2               WTS_REVERB_LEVEL  = $A180
000000r 2               .endif
000000r 2               .ifndef WTS_CHORUS_LEVEL
000000r 2               WTS_CHORUS_LEVEL  = $A181
000000r 2               .endif
000000r 2               .ifndef WTS_MASTER_VOLUME
000000r 2               WTS_MASTER_VOLUME = $A182
000000r 2               .endif
000000r 2               .ifndef WTS_SOUNDFONT_STATUS
000000r 2               WTS_SOUNDFONT_STATUS = $A183
000000r 2               .endif
000000r 2               .ifndef WTS_INSTRUMENT_COUNT
000000r 2               WTS_INSTRUMENT_COUNT = $A184
000000r 2               .endif
000000r 2               .ifndef WTS_COMMAND
000000r 2               WTS_COMMAND       = $A185
000000r 2               .endif
000000r 2               .ifndef WTS_COMMAND_ARG
000000r 2               WTS_COMMAND_ARG   = $A186
000000r 2               .endif
000000r 2               .ifndef WTS_ACTIVE_VOICES
000000r 2               WTS_ACTIVE_VOICES = $A187
000000r 2               .endif
000000r 2               .ifndef WTS_ENUM_BASE
000000r 2               WTS_ENUM_BASE     = $A1A0
000000r 2               .endif
000000r 2               .ifndef WTS_ENUM_INDEX
000000r 2               WTS_ENUM_INDEX    = $A1A0
000000r 2               .endif
000000r 2               .ifndef WTS_ENUM_BANK
000000r 2               WTS_ENUM_BANK     = $A1A1
000000r 2               .endif
000000r 2               .ifndef WTS_ENUM_PROGRAM
000000r 2               WTS_ENUM_PROGRAM  = $A1A2
000000r 2               .endif
000000r 2               .ifndef WTS_ENUM_NAME
000000r 2               WTS_ENUM_NAME     = $A1A3
000000r 2               .endif
000000r 2               .ifndef WTS_ENUM_END
000000r 2               WTS_ENUM_END      = $A1DF
000000r 2               .endif
000000r 2               .ifndef WTS_EVENT_STATUS
000000r 2               WTS_EVENT_STATUS  = $A1E0
000000r 2               .endif
000000r 2               .ifndef WTS_EVENT_COUNT_L
000000r 2               WTS_EVENT_COUNT_L = $A1E1
000000r 2               .endif
000000r 2               .ifndef WTS_EVENT_COUNT_H
000000r 2               WTS_EVENT_COUNT_H = $A1E2
000000r 2               .endif
000000r 2               .ifndef WTS_EVENT_FREE_L
000000r 2               WTS_EVENT_FREE_L  = $A1E3
000000r 2               .endif
000000r 2               .ifndef WTS_EVENT_FREE_H
000000r 2               WTS_EVENT_FREE_H  = $A1E4
000000r 2               .endif
000000r 2               .ifndef WTS_EVENT_FRAME0
000000r 2               WTS_EVENT_FRAME0  = $A1E5
000000r 2               .endif
000000r 2               .ifndef WTS_EVENT_FRAME1
000000r 2               WTS_EVENT_FRAME1  = $A1E6
000000r 2               .endif
000000r 2               .ifndef WTS_EVENT_FRAME2
000000r 2               WTS_EVENT_FRAME2  = $A1E7
000000r 2               .endif
000000r 2               .ifndef WTS_EVENT_FRAME3
000000r 2               WTS_EVENT_FRAME3  = $A1E8
000000r 2               .endif
000000r 2               .ifndef WTS_END
000000r 2               WTS_END           = $A1FF
000000r 2               .endif
000000r 2               .ifndef WTS_CMD_ALL_NOTES_OFF
000000r 2               WTS_CMD_ALL_NOTES_OFF = $01
000000r 2               .endif
000000r 2               .ifndef WTS_CMD_RESET_EFFECTS
000000r 2               WTS_CMD_RESET_EFFECTS = $02
000000r 2               .endif
000000r 2               .ifndef WTS_CMD_EVENT_RESET
000000r 2               WTS_CMD_EVENT_RESET = $03
000000r 2               .endif
000000r 2               .ifndef WTS_CMD_EVENT_START
000000r 2               WTS_CMD_EVENT_START = $04
000000r 2               .endif
000000r 2               .ifndef WTS_CMD_EVENT_STOP
000000r 2               WTS_CMD_EVENT_STOP = $05
000000r 2               .endif
000000r 2               
000000r 2               ; ---------------------------------------------------------------------
000000r 2               ; Expansion Memory Controller.
000000r 2               ; ---------------------------------------------------------------------
000000r 2               .ifndef XMC_CMD
000000r 2               XMC_CMD           = $BA00
000000r 2               .endif
000000r 2               .ifndef XMC_STATUS
000000r 2               XMC_STATUS        = $BA01
000000r 2               .endif
000000r 2               .ifndef XMC_ERRCODE
000000r 2               XMC_ERRCODE       = $BA02
000000r 2               .endif
000000r 2               .ifndef XMC_CFG
000000r 2               XMC_CFG           = $BA03
000000r 2               .endif
000000r 2               .ifndef XMC_XAL
000000r 2               XMC_XAL           = $BA04
000000r 2               .endif
000000r 2               .ifndef XMC_XAM
000000r 2               XMC_XAM           = $BA05
000000r 2               .endif
000000r 2               .ifndef XMC_XAH
000000r 2               XMC_XAH           = $BA06
000000r 2               .endif
000000r 2               .ifndef XMC_RAML
000000r 2               XMC_RAML          = $BA07
000000r 2               .endif
000000r 2               .ifndef XMC_RAMH
000000r 2               XMC_RAMH          = $BA08
000000r 2               .endif
000000r 2               .ifndef XMC_LENL
000000r 2               XMC_LENL          = $BA09
000000r 2               .endif
000000r 2               .ifndef XMC_LENH
000000r 2               XMC_LENH          = $BA0A
000000r 2               .endif
000000r 2               .ifndef XMC_DATA
000000r 2               XMC_DATA          = $BA0B
000000r 2               .endif
000000r 2               .ifndef XMC_BANK
000000r 2               XMC_BANK          = $BA0C
000000r 2               .endif
000000r 2               .ifndef XMC_BANKS
000000r 2               XMC_BANKS         = $BA0D
000000r 2               .endif
000000r 2               .ifndef XMC_USEDL
000000r 2               XMC_USEDL         = $BA0E
000000r 2               .endif
000000r 2               .ifndef XMC_USEDH
000000r 2               XMC_USEDH         = $BA0F
000000r 2               .endif
000000r 2               .ifndef XMC_FREEL
000000r 2               XMC_FREEL         = $BA10
000000r 2               .endif
000000r 2               .ifndef XMC_FREEH
000000r 2               XMC_FREEH         = $BA11
000000r 2               .endif
000000r 2               .ifndef XMC_NAMELEN
000000r 2               XMC_NAMELEN       = $BA12
000000r 2               .endif
000000r 2               .ifndef XMC_HANDLE
000000r 2               XMC_HANDLE        = $BA13
000000r 2               .endif
000000r 2               .ifndef XMC_DIRCOUNTL
000000r 2               XMC_DIRCOUNTL     = $BA14
000000r 2               .endif
000000r 2               .ifndef XMC_DIRCOUNTH
000000r 2               XMC_DIRCOUNTH     = $BA15
000000r 2               .endif
000000r 2               .ifndef XMC_WINCTL
000000r 2               XMC_WINCTL        = $BA16
000000r 2               .endif
000000r 2               .ifndef XMC_W0AL
000000r 2               XMC_W0AL          = $BA18
000000r 2               .endif
000000r 2               .ifndef XMC_W0AM
000000r 2               XMC_W0AM          = $BA19
000000r 2               .endif
000000r 2               .ifndef XMC_W0AH
000000r 2               XMC_W0AH          = $BA1A
000000r 2               .endif
000000r 2               .ifndef XMC_W1AL
000000r 2               XMC_W1AL          = $BA1B
000000r 2               .endif
000000r 2               .ifndef XMC_W1AM
000000r 2               XMC_W1AM          = $BA1C
000000r 2               .endif
000000r 2               .ifndef XMC_W1AH
000000r 2               XMC_W1AH          = $BA1D
000000r 2               .endif
000000r 2               .ifndef XMC_W2AL
000000r 2               XMC_W2AL          = $BA1E
000000r 2               .endif
000000r 2               .ifndef XMC_W2AM
000000r 2               XMC_W2AM          = $BA1F
000000r 2               .endif
000000r 2               .ifndef XMC_W2AH
000000r 2               XMC_W2AH          = $BA20
000000r 2               .endif
000000r 2               .ifndef XMC_W3AL
000000r 2               XMC_W3AL          = $BA21
000000r 2               .endif
000000r 2               .ifndef XMC_W3AM
000000r 2               XMC_W3AM          = $BA22
000000r 2               .endif
000000r 2               .ifndef XMC_W3AH
000000r 2               XMC_W3AH          = $BA23
000000r 2               .endif
000000r 2               .ifndef XMC_NAME
000000r 2               XMC_NAME          = $BA24
000000r 2               .endif
000000r 2               .ifndef XMC_NAME_MAX
000000r 2               XMC_NAME_MAX      = 28
000000r 2               .endif
000000r 2               
000000r 2               .ifndef WIN3_LO
000000r 2               WIN3_LO           = XMC_W3AL
000000r 2               .endif
000000r 2               .ifndef WIN3_MI
000000r 2               WIN3_MI           = XMC_W3AM
000000r 2               .endif
000000r 2               .ifndef WIN3_HI
000000r 2               WIN3_HI           = XMC_W3AH
000000r 2               .endif
000000r 2               .ifndef WIN3_BASE
000000r 2               WIN3_BASE         = $BF00
000000r 2               .endif
000000r 2               
000000r 2               .ifndef XMC_CMD_GET
000000r 2               XMC_CMD_GET       = $01
000000r 2               .endif
000000r 2               .ifndef XMC_CMD_PUT
000000r 2               XMC_CMD_PUT       = $02
000000r 2               .endif
000000r 2               .ifndef XMC_CMD_STASH
000000r 2               XMC_CMD_STASH     = $03
000000r 2               .endif
000000r 2               .ifndef XMC_CMD_FETCH
000000r 2               XMC_CMD_FETCH     = $04
000000r 2               .endif
000000r 2               .ifndef XMC_CMD_FILL
000000r 2               XMC_CMD_FILL      = $05
000000r 2               .endif
000000r 2               .ifndef XMC_CMD_STATS
000000r 2               XMC_CMD_STATS     = $07
000000r 2               .endif
000000r 2               .ifndef XMC_CMD_RSTUS
000000r 2               XMC_CMD_RSTUS     = $08
000000r 2               .endif
000000r 2               .ifndef XMC_CMD_REL
000000r 2               XMC_CMD_REL       = $09
000000r 2               .endif
000000r 2               .ifndef XMC_CMD_ALLOC
000000r 2               XMC_CMD_ALLOC     = $0A
000000r 2               .endif
000000r 2               .ifndef XMC_CMD_NSTSH
000000r 2               XMC_CMD_NSTSH     = $0B
000000r 2               .endif
000000r 2               .ifndef XMC_CMD_NFETC
000000r 2               XMC_CMD_NFETC     = $0C
000000r 2               .endif
000000r 2               .ifndef XMC_CMD_NDEL
000000r 2               XMC_CMD_NDEL      = $0D
000000r 2               .endif
000000r 2               .ifndef XMC_CMD_NDIRO
000000r 2               XMC_CMD_NDIRO     = $0E
000000r 2               .endif
000000r 2               .ifndef XMC_CMD_NDIRR
000000r 2               XMC_CMD_NDIRR     = $0F
000000r 2               .endif
000000r 2               
000000r 2               .ifndef XMC_OK
000000r 2               XMC_OK            = $02
000000r 2               .endif
000000r 2               .ifndef XMC_STATUS_ERROR
000000r 2               XMC_STATUS_ERROR  = $03
000000r 2               .endif
000000r 2               .ifndef XMC_ERR_RANGE
000000r 2               XMC_ERR_RANGE     = $01
000000r 2               .endif
000000r 2               .ifndef XMC_ERR_BADARGS
000000r 2               XMC_ERR_BADARGS   = $02
000000r 2               .endif
000000r 2               .ifndef XMC_ERR_NF
000000r 2               XMC_ERR_NF        = $03
000000r 2               .endif
000000r 2               .ifndef XMC_ERR_NOTFOUND
000000r 2               XMC_ERR_NOTFOUND  = $03
000000r 2               .endif
000000r 2               .ifndef XMC_ERR_NOSPACE
000000r 2               XMC_ERR_NOSPACE   = $04
000000r 2               .endif
000000r 2               .ifndef XMC_ERR_NAME
000000r 2               XMC_ERR_NAME      = $05
000000r 2               .endif
000000r 2               .ifndef XMC_ERR_EOD
000000r 2               XMC_ERR_EOD       = $06
000000r 2               .endif
000000r 2               
000000r 2               ; ---------------------------------------------------------------------
000000r 2               ; Unified DMA controller.
000000r 2               ; ---------------------------------------------------------------------
000000r 2               .ifndef DMA_CMD_REG
000000r 2               DMA_CMD_REG       = $BA63
000000r 2               .endif
000000r 2               .ifndef DMA_STATUS_REG
000000r 2               DMA_STATUS_REG    = $BA64
000000r 2               .endif
000000r 2               .ifndef DMA_ERRCODE_REG
000000r 2               DMA_ERRCODE_REG   = $BA65
000000r 2               .endif
000000r 2               .ifndef DMA_SRCSPACE
000000r 2               DMA_SRCSPACE      = $BA66
000000r 2               .endif
000000r 2               .ifndef DMA_DSTSPACE
000000r 2               DMA_DSTSPACE      = $BA67
000000r 2               .endif
000000r 2               .ifndef DMA_SRCL
000000r 2               DMA_SRCL          = $BA68
000000r 2               .endif
000000r 2               .ifndef DMA_SRCM
000000r 2               DMA_SRCM          = $BA69
000000r 2               .endif
000000r 2               .ifndef DMA_SRCH
000000r 2               DMA_SRCH          = $BA6A
000000r 2               .endif
000000r 2               .ifndef DMA_DSTL
000000r 2               DMA_DSTL          = $BA6B
000000r 2               .endif
000000r 2               .ifndef DMA_DSTM
000000r 2               DMA_DSTM          = $BA6C
000000r 2               .endif
000000r 2               .ifndef DMA_DSTH
000000r 2               DMA_DSTH          = $BA6D
000000r 2               .endif
000000r 2               .ifndef DMA_LENL
000000r 2               DMA_LENL          = $BA6E
000000r 2               .endif
000000r 2               .ifndef DMA_LENM
000000r 2               DMA_LENM          = $BA6F
000000r 2               .endif
000000r 2               .ifndef DMA_LENH
000000r 2               DMA_LENH          = $BA70
000000r 2               .endif
000000r 2               .ifndef DMA_MODE_REG
000000r 2               DMA_MODE_REG      = $BA71
000000r 2               .endif
000000r 2               .ifndef DMA_FILLVALUE
000000r 2               DMA_FILLVALUE     = $BA72
000000r 2               .endif
000000r 2               .ifndef DMA_CNTL
000000r 2               DMA_CNTL          = $BA73
000000r 2               .endif
000000r 2               .ifndef DMA_CNTM
000000r 2               DMA_CNTM          = $BA74
000000r 2               .endif
000000r 2               .ifndef DMA_CNTH
000000r 2               DMA_CNTH          = $BA75
000000r 2               .endif
000000r 2               
000000r 2               .ifndef DMA_CMD
000000r 2               DMA_CMD           = DMA_CMD_REG
000000r 2               .endif
000000r 2               .ifndef DMA_STATUS
000000r 2               DMA_STATUS        = DMA_STATUS_REG
000000r 2               .endif
000000r 2               .ifndef DMA_ERRCODE
000000r 2               DMA_ERRCODE       = DMA_ERRCODE_REG
000000r 2               .endif
000000r 2               .ifndef DMA_MODE
000000r 2               DMA_MODE          = DMA_MODE_REG
000000r 2               .endif
000000r 2               .ifndef DMA_FILL
000000r 2               DMA_FILL          = DMA_FILLVALUE
000000r 2               .endif
000000r 2               
000000r 2               .ifndef DMA_CMD_START
000000r 2               DMA_CMD_START     = $01
000000r 2               .endif
000000r 2               .ifndef DMA_STATUS_IDLE
000000r 2               DMA_STATUS_IDLE   = $00
000000r 2               .endif
000000r 2               .ifndef DMA_STATUS_BUSY
000000r 2               DMA_STATUS_BUSY   = $01
000000r 2               .endif
000000r 2               .ifndef DMA_STATUS_OK
000000r 2               DMA_STATUS_OK     = $02
000000r 2               .endif
000000r 2               .ifndef DMA_STATUS_ERROR
000000r 2               DMA_STATUS_ERROR  = $03
000000r 2               .endif
000000r 2               .ifndef DMA_BUSY
000000r 2               DMA_BUSY          = DMA_STATUS_BUSY
000000r 2               .endif
000000r 2               .ifndef DMA_OK
000000r 2               DMA_OK            = DMA_STATUS_OK
000000r 2               .endif
000000r 2               .ifndef DMA_ERR_BADCMD
000000r 2               DMA_ERR_BADCMD    = $01
000000r 2               .endif
000000r 2               .ifndef DMA_ERR_BADSPACE
000000r 2               DMA_ERR_BADSPACE  = $02
000000r 2               .endif
000000r 2               .ifndef DMA_ERR_RANGE
000000r 2               DMA_ERR_RANGE     = $03
000000r 2               .endif
000000r 2               .ifndef DMA_ERR_BADARGS
000000r 2               DMA_ERR_BADARGS   = $04
000000r 2               .endif
000000r 2               .ifndef DMA_ERR_WRITEPROT
000000r 2               DMA_ERR_WRITEPROT = $05
000000r 2               .endif
000000r 2               .ifndef DMA_MODE_FILL
000000r 2               DMA_MODE_FILL     = $01
000000r 2               .endif
000000r 2               .ifndef DMA_SPACE_CPU
000000r 2               DMA_SPACE_CPU     = $00
000000r 2               .endif
000000r 2               .ifndef DMA_SPACE_VGC_CHAR
000000r 2               DMA_SPACE_VGC_CHAR = $01
000000r 2               .endif
000000r 2               .ifndef DMA_SPACE_VGC_COLOR
000000r 2               DMA_SPACE_VGC_COLOR = $02
000000r 2               .endif
000000r 2               .ifndef DMA_SPACE_VGC_GFX
000000r 2               DMA_SPACE_VGC_GFX = $03
000000r 2               .endif
000000r 2               .ifndef DMA_SPACE_VGC_SPRITE
000000r 2               DMA_SPACE_VGC_SPRITE = $04
000000r 2               .endif
000000r 2               .ifndef DMA_SPACE_XRAM
000000r 2               DMA_SPACE_XRAM    = $05
000000r 2               .endif
000000r 2               .ifndef DMA_SPACE_VGC_TEXTATTR
000000r 2               DMA_SPACE_VGC_TEXTATTR = $07
000000r 2               .endif
000000r 2               
000000r 2               ; ---------------------------------------------------------------------
000000r 2               ; Blitter controller.
000000r 2               ; ---------------------------------------------------------------------
000000r 2               .ifndef BLT_CMD_REG
000000r 2               BLT_CMD_REG       = $BA83
000000r 2               .endif
000000r 2               .ifndef BLT_STATUS_REG
000000r 2               BLT_STATUS_REG    = $BA84
000000r 2               .endif
000000r 2               .ifndef BLT_ERRCODE_REG
000000r 2               BLT_ERRCODE_REG   = $BA85
000000r 2               .endif
000000r 2               .ifndef BLT_SRCSPACE
000000r 2               BLT_SRCSPACE      = $BA86
000000r 2               .endif
000000r 2               .ifndef BLT_DSTSPACE
000000r 2               BLT_DSTSPACE      = $BA87
000000r 2               .endif
000000r 2               .ifndef BLT_SRCL
000000r 2               BLT_SRCL          = $BA88
000000r 2               .endif
000000r 2               .ifndef BLT_SRCM
000000r 2               BLT_SRCM          = $BA89
000000r 2               .endif
000000r 2               .ifndef BLT_SRCH
000000r 2               BLT_SRCH          = $BA8A
000000r 2               .endif
000000r 2               .ifndef BLT_DSTL
000000r 2               BLT_DSTL          = $BA8B
000000r 2               .endif
000000r 2               .ifndef BLT_DSTM
000000r 2               BLT_DSTM          = $BA8C
000000r 2               .endif
000000r 2               .ifndef BLT_DSTH
000000r 2               BLT_DSTH          = $BA8D
000000r 2               .endif
000000r 2               .ifndef BLT_WIDTHL
000000r 2               BLT_WIDTHL        = $BA8E
000000r 2               .endif
000000r 2               .ifndef BLT_WIDTHH
000000r 2               BLT_WIDTHH        = $BA8F
000000r 2               .endif
000000r 2               .ifndef BLT_HEIGHTL
000000r 2               BLT_HEIGHTL       = $BA90
000000r 2               .endif
000000r 2               .ifndef BLT_HEIGHTH
000000r 2               BLT_HEIGHTH       = $BA91
000000r 2               .endif
000000r 2               .ifndef BLT_SRCSTRL
000000r 2               BLT_SRCSTRL       = $BA92
000000r 2               .endif
000000r 2               .ifndef BLT_SRCSTRH
000000r 2               BLT_SRCSTRH       = $BA93
000000r 2               .endif
000000r 2               .ifndef BLT_DSTSTRL
000000r 2               BLT_DSTSTRL       = $BA94
000000r 2               .endif
000000r 2               .ifndef BLT_DSTSTRH
000000r 2               BLT_DSTSTRH       = $BA95
000000r 2               .endif
000000r 2               .ifndef BLT_DSTRH
000000r 2               BLT_DSTRH         = BLT_DSTSTRH
000000r 2               .endif
000000r 2               .ifndef BLT_MODE_REG
000000r 2               BLT_MODE_REG      = $BA96
000000r 2               .endif
000000r 2               .ifndef BLT_FILLVALUE
000000r 2               BLT_FILLVALUE     = $BA97
000000r 2               .endif
000000r 2               .ifndef BLT_FILLVAL
000000r 2               BLT_FILLVAL       = BLT_FILLVALUE
000000r 2               .endif
000000r 2               .ifndef BLT_CKEY
000000r 2               BLT_CKEY          = $BA98
000000r 2               .endif
000000r 2               .ifndef BLT_CNTL
000000r 2               BLT_CNTL          = $BA99
000000r 2               .endif
000000r 2               .ifndef BLT_CNTM
000000r 2               BLT_CNTM          = $BA9A
000000r 2               .endif
000000r 2               .ifndef BLT_CNTH
000000r 2               BLT_CNTH          = $BA9B
000000r 2               .endif
000000r 2               .ifndef BLT_ROTANGLE
000000r 2               BLT_ROTANGLE      = $BAA2
000000r 2               .endif
000000r 2               .ifndef BLT_ROT_ANGLE
000000r 2               BLT_ROT_ANGLE     = BLT_ROTANGLE
000000r 2               .endif
000000r 2               
000000r 2               .ifndef BLT_CMD
000000r 2               BLT_CMD           = BLT_CMD_REG
000000r 2               .endif
000000r 2               .ifndef BLT_STATUS
000000r 2               BLT_STATUS        = BLT_STATUS_REG
000000r 2               .endif
000000r 2               .ifndef BLT_ERRCODE
000000r 2               BLT_ERRCODE       = BLT_ERRCODE_REG
000000r 2               .endif
000000r 2               .ifndef BLT_MODE
000000r 2               BLT_MODE          = BLT_MODE_REG
000000r 2               .endif
000000r 2               .ifndef BLT_FILL
000000r 2               BLT_FILL          = BLT_FILLVALUE
000000r 2               .endif
000000r 2               
000000r 2               .ifndef BLT_CMD_START
000000r 2               BLT_CMD_START     = $01
000000r 2               .endif
000000r 2               .ifndef BLT_STATUS_IDLE
000000r 2               BLT_STATUS_IDLE   = $00
000000r 2               .endif
000000r 2               .ifndef BLT_STATUS_BUSY
000000r 2               BLT_STATUS_BUSY   = $01
000000r 2               .endif
000000r 2               .ifndef BLT_STATUS_OK
000000r 2               BLT_STATUS_OK     = $02
000000r 2               .endif
000000r 2               .ifndef BLT_STATUS_ERROR
000000r 2               BLT_STATUS_ERROR  = $03
000000r 2               .endif
000000r 2               .ifndef BLT_BUSY
000000r 2               BLT_BUSY          = BLT_STATUS_BUSY
000000r 2               .endif
000000r 2               .ifndef BLT_OK
000000r 2               BLT_OK            = BLT_STATUS_OK
000000r 2               .endif
000000r 2               .ifndef BLT_ERR_BADCMD
000000r 2               BLT_ERR_BADCMD    = $01
000000r 2               .endif
000000r 2               .ifndef BLT_ERR_BADSPACE
000000r 2               BLT_ERR_BADSPACE  = $02
000000r 2               .endif
000000r 2               .ifndef BLT_ERR_RANGE
000000r 2               BLT_ERR_RANGE     = $03
000000r 2               .endif
000000r 2               .ifndef BLT_ERR_BADARGS
000000r 2               BLT_ERR_BADARGS   = $04
000000r 2               .endif
000000r 2               .ifndef BLT_ERR_WRITEPROT
000000r 2               BLT_ERR_WRITEPROT = $05
000000r 2               .endif
000000r 2               .ifndef BLT_MODE_FILL
000000r 2               BLT_MODE_FILL     = $01
000000r 2               .endif
000000r 2               .ifndef BLT_MODE_COLORKEY
000000r 2               BLT_MODE_COLORKEY = $02
000000r 2               .endif
000000r 2               .ifndef BLT_MODE_ROTATE
000000r 2               BLT_MODE_ROTATE   = $04
000000r 2               .endif
000000r 2               .ifndef BLT_SPACE_CPU
000000r 2               BLT_SPACE_CPU     = DMA_SPACE_CPU
000000r 2               .endif
000000r 2               .ifndef BLT_SPACE_VGC_CHAR
000000r 2               BLT_SPACE_VGC_CHAR = DMA_SPACE_VGC_CHAR
000000r 2               .endif
000000r 2               .ifndef BLT_SPACE_VGC_COLOR
000000r 2               BLT_SPACE_VGC_COLOR = DMA_SPACE_VGC_COLOR
000000r 2               .endif
000000r 2               .ifndef BLT_SPACE_VGC_GFX
000000r 2               BLT_SPACE_VGC_GFX = DMA_SPACE_VGC_GFX
000000r 2               .endif
000000r 2               .ifndef BLT_SPACE_VGC_SPRITE
000000r 2               BLT_SPACE_VGC_SPRITE = DMA_SPACE_VGC_SPRITE
000000r 2               .endif
000000r 2               .ifndef BLT_SPACE_XRAM
000000r 2               BLT_SPACE_XRAM    = DMA_SPACE_XRAM
000000r 2               .endif
000000r 2               .ifndef BLT_SPACE_VGC_TEXTATTR
000000r 2               BLT_SPACE_VGC_TEXTATTR = DMA_SPACE_VGC_TEXTATTR
000000r 2               .endif
000000r 2               
000000r 2               ; ---------------------------------------------------------------------
000000r 2               ; Board input ABI. The current FPGA build maps these to ULX3S buttons and DIP
000000r 2               ; switches. Values are active-high logical state, debounced by hardware.
000000r 2               ; ---------------------------------------------------------------------
000000r 2               .ifndef BOARD_INPUT_BUTTONS
000000r 2               BOARD_INPUT_BUTTONS = $BA9C
000000r 2               .endif
000000r 2               .ifndef BOARD_INPUT_SWITCHES
000000r 2               BOARD_INPUT_SWITCHES = $BA9D
000000r 2               .endif
000000r 2               .ifndef BOARD_INPUT_IRQ_ENABLE
000000r 2               BOARD_INPUT_IRQ_ENABLE = $BA9E
000000r 2               .endif
000000r 2               .ifndef BOARD_INPUT_IRQ_STATUS
000000r 2               BOARD_INPUT_IRQ_STATUS = $BA9F
000000r 2               .endif
000000r 2               .ifndef BOARD_INPUT_BUTTON_CHANGES
000000r 2               BOARD_INPUT_BUTTON_CHANGES = $BAA0
000000r 2               .endif
000000r 2               .ifndef BOARD_INPUT_SWITCH_CHANGES
000000r 2               BOARD_INPUT_SWITCH_CHANGES = $BAA1
000000r 2               .endif
000000r 2               .ifndef BOARD_BTN_PWR
000000r 2               BOARD_BTN_PWR    = $01
000000r 2               .endif
000000r 2               .ifndef BOARD_BTN_FIRE1
000000r 2               BOARD_BTN_FIRE1  = $02
000000r 2               .endif
000000r 2               .ifndef BOARD_BTN_FIRE2
000000r 2               BOARD_BTN_FIRE2  = $04
000000r 2               .endif
000000r 2               .ifndef BOARD_BTN_UP
000000r 2               BOARD_BTN_UP     = $08
000000r 2               .endif
000000r 2               .ifndef BOARD_BTN_DOWN
000000r 2               BOARD_BTN_DOWN   = $10
000000r 2               .endif
000000r 2               .ifndef BOARD_BTN_LEFT
000000r 2               BOARD_BTN_LEFT   = $20
000000r 2               .endif
000000r 2               .ifndef BOARD_BTN_RIGHT
000000r 2               BOARD_BTN_RIGHT  = $40
000000r 2               .endif
000000r 2               .ifndef BOARD_BTN_MASK
000000r 2               BOARD_BTN_MASK   = $7F
000000r 2               .endif
000000r 2               .ifndef BOARD_SW1
000000r 2               BOARD_SW1        = $01
000000r 2               .endif
000000r 2               .ifndef BOARD_SW2
000000r 2               BOARD_SW2        = $02
000000r 2               .endif
000000r 2               .ifndef BOARD_SW3
000000r 2               BOARD_SW3        = $04
000000r 2               .endif
000000r 2               .ifndef BOARD_SW4
000000r 2               BOARD_SW4        = $08
000000r 2               .endif
000000r 2               .ifndef BOARD_SW_MASK
000000r 2               BOARD_SW_MASK    = $0F
000000r 2               .endif
000000r 2               .ifndef BOARD_INPUT_IRQ_BUTTONS
000000r 2               BOARD_INPUT_IRQ_BUTTONS = $01
000000r 2               .endif
000000r 2               .ifndef BOARD_INPUT_IRQ_SWITCHES
000000r 2               BOARD_INPUT_IRQ_SWITCHES = $02
000000r 2               .endif
000000r 2               .ifndef BOARD_INPUT_IRQ_MASK
000000r 2               BOARD_INPUT_IRQ_MASK = $03
000000r 2               .endif
000000r 2               
000000r 2               ; ---------------------------------------------------------------------
000000r 2               ; USB HID diagnostics. These registers are currently implemented by the
000000r 2               ; ULX3S US2 low/full-speed USB HID host and read as zero in software-only hosts.
000000r 2               ; ---------------------------------------------------------------------
000000r 2               .ifndef USB_HID_STATUS
000000r 2               USB_HID_STATUS = $BAA3
000000r 2               .endif
000000r 2               .ifndef USB_HID_DEVICE_TYPE
000000r 2               USB_HID_DEVICE_TYPE = $BAA4
000000r 2               .endif
000000r 2               .ifndef USB_HID_LAST_SCAN
000000r 2               USB_HID_LAST_SCAN = $BAA5
000000r 2               .endif
000000r 2               .ifndef USB_HID_LAST_ASCII
000000r 2               USB_HID_LAST_ASCII = $BAA6
000000r 2               .endif
000000r 2               .ifndef USB_HID_REPORT_COUNT
000000r 2               USB_HID_REPORT_COUNT = $BAA7
000000r 2               .endif
000000r 2               .ifndef USB_HID_KEY_COUNT
000000r 2               USB_HID_KEY_COUNT = $BAA8
000000r 2               .endif
000000r 2               .ifndef USB_HID_CORE_STATUS
000000r 2               USB_HID_CORE_STATUS = $BAA9
000000r 2               .endif
000000r 2               .ifndef USB_HID_VID_L
000000r 2               USB_HID_VID_L = $BAAA
000000r 2               .endif
000000r 2               .ifndef USB_HID_VID_H
000000r 2               USB_HID_VID_H = $BAAB
000000r 2               .endif
000000r 2               .ifndef USB_HID_PID_L
000000r 2               USB_HID_PID_L = $BAAC
000000r 2               .endif
000000r 2               .ifndef USB_HID_PID_H
000000r 2               USB_HID_PID_H = $BAAD
000000r 2               .endif
000000r 2               .ifndef USB_HID_INTERFACE_CLASS
000000r 2               USB_HID_INTERFACE_CLASS = $BAAE
000000r 2               .endif
000000r 2               .ifndef USB_HID_INTERFACE_PROTOCOL
000000r 2               USB_HID_INTERFACE_PROTOCOL = $BAAF
000000r 2               .endif
000000r 2               .ifndef USB_HID_ST_RESET_RELEASED
000000r 2               USB_HID_ST_RESET_RELEASED = $01
000000r 2               .endif
000000r 2               .ifndef USB_HID_ST_DM_HIGH
000000r 2               USB_HID_ST_DM_HIGH = $02
000000r 2               .endif
000000r 2               .ifndef USB_HID_ST_DP_HIGH
000000r 2               USB_HID_ST_DP_HIGH = $04
000000r 2               .endif
000000r 2               .ifndef USB_HID_ST_DEVICE_PRESENT
000000r 2               USB_HID_ST_DEVICE_PRESENT = $08
000000r 2               .endif
000000r 2               .ifndef USB_HID_ST_KEYBOARD_PRESENT
000000r 2               USB_HID_ST_KEYBOARD_PRESENT = $10
000000r 2               .endif
000000r 2               .ifndef USB_HID_ST_REPORT_SEEN
000000r 2               USB_HID_ST_REPORT_SEEN = $20
000000r 2               .endif
000000r 2               .ifndef USB_HID_ST_KEY_SEEN
000000r 2               USB_HID_ST_KEY_SEEN = $40
000000r 2               .endif
000000r 2               .ifndef USB_HID_ST_ERROR
000000r 2               USB_HID_ST_ERROR = $80
000000r 2               .endif
000000r 2               .ifndef USB_HID_CORE_BUSY
000000r 2               USB_HID_CORE_BUSY = $01
000000r 2               .endif
000000r 2               .ifndef USB_HID_CORE_ENDPOINT_MASK
000000r 2               USB_HID_CORE_ENDPOINT_MASK = $0E
000000r 2               .endif
000000r 2               .ifndef USB_HID_CORE_ENDPOINT_SHIFT
000000r 2               USB_HID_CORE_ENDPOINT_SHIFT = 1
000000r 2               .endif
000000r 2               .ifndef USB_HID_CORE_FULL_SPEED
000000r 2               USB_HID_CORE_FULL_SPEED = $10
000000r 2               .endif
000000r 2               .ifndef USB_HID_CORE_CONNECTED
000000r 2               USB_HID_CORE_CONNECTED = $20
000000r 2               .endif
000000r 2               .ifndef USB_HID_CORE_NAK
000000r 2               USB_HID_CORE_NAK = $40
000000r 2               .endif
000000r 2               .ifndef USB_HID_CORE_STALL
000000r 2               USB_HID_CORE_STALL = $80
000000r 2               .endif
000000r 2               
000000r 2               .endif
000000r 2               
000000r 1               NOVALOGO_TURTLE_STATE_EXTERNAL = 1
000000r 1                     .include "ext_iface.inc"
000000r 2               ; ext_iface.inc — shared interface between NovaLogo base ROM and extension ROM
000000r 2               ;
000000r 2               ; These equates define the ZP mailbox used to pass arguments and results
000000r 2               ; between the base ROM and the extension ROM via the RAM trampoline.
000000r 2               ; Both ROMs include this file so addresses are always consistent.
000000r 2               ;
000000r 2               ; Addresses $80-$91 are outside the linker-managed ZEROPAGE segment
000000r 2               ; but inside true zero page RAM, accessible to both ROM banks.
000000r 2               
000000r 2               ; --- Command and argument count ---
000000r 2               EXT_CMD         = $80           ; command ID (set by base ROM before trampoline call)
000000r 2               EXT_ARGC        = $81           ; argument count
000000r 2               
000000r 2               ; --- Argument 0 ---
000000r 2               EXT_ARG0_TYPE   = $82           ; type: VAL_NUMBER=$00, VAL_WORD=$01, VAL_LIST=$02
000000r 2               EXT_ARG0_HI     = $83           ; value high byte
000000r 2               EXT_ARG0_LO     = $84           ; value low byte
000000r 2               EXT_ARG0_FRAC   = $85           ; fractional byte (16.8 fixed point)
000000r 2               
000000r 2               ; --- Argument 1 ---
000000r 2               EXT_ARG1_TYPE   = $86
000000r 2               EXT_ARG1_HI     = $87
000000r 2               EXT_ARG1_LO     = $88
000000r 2               EXT_ARG1_FRAC   = $89
000000r 2               
000000r 2               ; --- Argument 2 ---
000000r 2               EXT_ARG2_TYPE   = $8A
000000r 2               EXT_ARG2_HI     = $8B
000000r 2               EXT_ARG2_LO     = $8C
000000r 2               EXT_ARG2_FRAC   = $8D
000000r 2               
000000r 2               ; --- Result ---
000000r 2               EXT_RESULT_TYPE = $8E           ; return value type
000000r 2               EXT_RESULT_HI   = $8F           ; return value high byte
000000r 2               EXT_RESULT_LO   = $90           ; return value low byte
000000r 2               EXT_RESULT_FRAC = $91           ; return value fractional byte
000000r 2               
000000r 2               ; --- Command IDs ---
000000r 2               EXT_CMD_TEST    = $01           ; test command: returns arg0 + 1
000000r 2               EXT_CMD_FD      = $10           ; FD distance — move forward
000000r 2               EXT_CMD_BK      = $11           ; BK distance — move backward
000000r 2               EXT_CMD_RT      = $12           ; RT degrees — turn right
000000r 2               EXT_CMD_LT      = $13           ; LT degrees — turn left
000000r 2               EXT_CMD_CS      = $14           ; CS — clear screen, init turtle
000000r 2               EXT_CMD_PU      = $15           ; PU — pen up
000000r 2               EXT_CMD_PD      = $16           ; PD — pen down
000000r 2               EXT_CMD_ST      = $17           ; ST — show turtle
000000r 2               EXT_CMD_HT      = $18           ; HT — hide turtle
000000r 2               EXT_CMD_HOME    = $19           ; HOME — move to center, heading 0
000000r 2               EXT_CMD_TS      = $1A           ; TEXTSCREEN — full text mode
000000r 2               EXT_CMD_SS      = $1B           ; SPLITSCREEN — copper split
000000r 2               EXT_CMD_FS      = $1C           ; FULLSCREEN — full graphics mode
000000r 2               EXT_CMD_SETXY   = $1D           ; SETXY x y — move to position
000000r 2               EXT_CMD_SETX    = $1E           ; SETX x — set X only
000000r 2               EXT_CMD_SETY    = $1F           ; SETY y — set Y only
000000r 2               EXT_CMD_SETH    = $20           ; SETHEADING — set heading degrees
000000r 2               EXT_CMD_XCOR    = $21           ; XCOR — report turtle X
000000r 2               EXT_CMD_YCOR    = $22           ; YCOR — report turtle Y
000000r 2               EXT_CMD_HEADING = $23           ; HEADING — report heading degrees
000000r 2               EXT_CMD_PENDOWNP = $24          ; PENDOWN? — report pen state
000000r 2               EXT_CMD_SHOWNP  = $25           ; SHOWN? — report visibility
000000r 2               EXT_CMD_SETPC   = $26           ; SETPC color — set pen color
000000r 2               EXT_CMD_SETBG   = $27           ; SETBG color — set background color
000000r 2               EXT_CMD_TOWARDS = $28           ; TOWARDS x y — heading towards point
000000r 2               EXT_CMD_SETPOS  = $29           ; SETPOS [x y] — move to position from list
000000r 2               
000000r 2               ; --- VGC graphics commands ---
000000r 2               EXT_CMD_SETCOLOR = $30          ; SETCOLOR color — set VGC draw color
000000r 2               EXT_CMD_PLOT     = $31          ; PLOT x y — plot pixel
000000r 2               EXT_CMD_UNPLOT   = $32          ; UNPLOT x y — clear pixel
000000r 2               EXT_CMD_LINE     = $33          ; LINE x1 y1 x2 y2 — draw line
000000r 2               EXT_CMD_CIRCLE   = $34          ; CIRCLE x y r — draw circle
000000r 2               EXT_CMD_RECT     = $35          ; RECT x1 y1 x2 y2 — draw rectangle
000000r 2               EXT_CMD_FILLRECT = $36          ; FILL x1 y1 x2 y2 — filled rectangle
000000r 2               EXT_CMD_PAINT    = $37          ; PAINT x y — flood fill
000000r 2               
000000r 2               ; --- Sprite commands ---
000000r 2               EXT_CMD_SPRITE   = $40          ; SPRITE n x y — position and enable
000000r 2               EXT_CMD_SPRITEPOS = $41         ; SPRITEPOS n x y — reposition
000000r 2               EXT_CMD_SPRITEON = $42          ; SPRITEON n — enable sprite
000000r 2               EXT_CMD_SPRITEOFF = $43         ; SPRITEOFF n — disable sprite
000000r 2               EXT_CMD_SPRCOLLP = $44          ; SPRITECOLLISION? n — collision query
000000r 2               
000000r 2               ; --- Sound commands ---
000000r 2               EXT_CMD_TONE     = $45          ; TONE freq dur — play tone
000000r 2               EXT_CMD_NOISE    = $46          ; NOISE dur — noise burst
000000r 2               EXT_CMD_VOLUME   = $47          ; VOLUME vol — set SID master volume
000000r 2               
000000r 2               ; --- Timing commands ---
000000r 2               EXT_CMD_WAIT     = $48          ; WAIT n — wait N frames
000000r 2               EXT_CMD_WAITVBL  = $49          ; WAITVBL — wait for next VBL
000000r 2               EXT_CMD_TIMER    = $4A          ; TIMER — return frame counter
000000r 2               
000000r 2               ; --- Value types (match eval_type in eval.s) ---
000000r 2               .ifndef VAL_NUMBER
000000r 2               VAL_NUMBER      = $00
000000r 2               .endif
000000r 2               .ifndef VAL_WORD
000000r 2               VAL_WORD        = $01
000000r 2               .endif
000000r 2               .ifndef VAL_LIST
000000r 2               VAL_LIST        = $02
000000r 2               .endif
000000r 2               
000000r 2               ; --- Legacy turtle state ZP addresses ---
000000r 2               ; Extension ROMs that define NOVALOGO_TURTLE_STATE_EXTERNAL provide their own
000000r 2               ; persistent turtle storage and only use this file for the mailbox ABI.
000000r 2               .ifndef NOVALOGO_TURTLE_STATE_EXTERNAL
000000r 2               TURTLE_X_FRAC   = $92
000000r 2               TURTLE_X_LO     = $93
000000r 2               TURTLE_X_HI     = $94
000000r 2               TURTLE_Y_FRAC   = $95
000000r 2               TURTLE_Y_LO     = $96
000000r 2               TURTLE_Y_HI     = $97
000000r 2               TURTLE_HEADING_LO = $98
000000r 2               TURTLE_HEADING_HI = $99
000000r 2               TURTLE_PEN      = $9A
000000r 2               TURTLE_SHOWN    = $9B
000000r 2               TURTLE_COLOR    = $9C
000000r 2               TURTLE_SPRITE   = $9D
000000r 2               TURTLE_INITED   = $9E
000000r 2               .endif
000000r 2               
000000r 2               ; --- Argument 3 (for 4+ arg commands like LINE, RECT, FILL) ---
000000r 2               EXT_ARG3_TYPE   = $9F
000000r 2               EXT_ARG3_HI     = $A0
000000r 2               EXT_ARG3_LO     = $A1
000000r 2               EXT_ARG3_FRAC   = $A2
000000r 2               
000000r 2               ; --- Trampoline location in RAM ---
000000r 2               EXT_TRAMPOLINE  = $0270         ; RAM address where trampoline code is copied
000000r 2               EXT_TRAMP_SIZE  = 14            ; size of trampoline code in bytes
000000r 2               
000000r 1                     .include "vgc.inc"
000000r 2               ; Shared Nova VGC helper declarations.
000000r 2               ;
000000r 2               ; The command helpers use the VGC hardware parameter registers directly:
000000r 2               ; callers load VGC_P0..VGC_P14 as needed, then call a vgc_* routine.
000000r 2               ; Routines return through the hardware status model; command completion can be
000000r 2               ; checked with vgc_wait_cmd when the caller needs a synchronous operation.
000000r 2               
000000r 2               .ifndef VGC_INC_INCLUDED
000000r 2               VGC_INC_INCLUDED = 1
000000r 2               
000000r 2               .include "nova.inc"
000000r 3               ; Shared Nova hardware constants for BASIC, assembly, and runtime libraries.
000000r 3               ;
000000r 3               ; This include is deliberately guarded per symbol so it can coexist with older
000000r 3               ; source files that still define a subset of these names locally.
000000r 3               
000000r 3               .ifndef NOVA_INC_INCLUDED
000000r 3               NOVA_INC_INCLUDED = 1
000000r 3               
000000r 3               ; Nova pseudo-register mailbox. These bytes are available to callers and
000000r 3               ; runtime helpers as ephemeral argument/scratch storage only. A routine may
000000r 3               ; clobber them unless its documentation explicitly says otherwise; persistent
000000r 3               ; library state must be allocated in a linker segment such as BSS/ZEROPAGE.
000000r 3               .ifndef NVR0L
000000r 3               NVR0L             = $20
000000r 3               .endif
000000r 3               .ifndef NVR0H
000000r 3               NVR0H             = $21
000000r 3               .endif
000000r 3               .ifndef NVR1L
000000r 3               NVR1L             = $22
000000r 3               .endif
000000r 3               .ifndef NVR1H
000000r 3               NVR1H             = $23
000000r 3               .endif
000000r 3               .ifndef NVR2L
000000r 3               NVR2L             = $24
000000r 3               .endif
000000r 3               .ifndef NVR2H
000000r 3               NVR2H             = $25
000000r 3               .endif
000000r 3               .ifndef NVR3L
000000r 3               NVR3L             = $26
000000r 3               .endif
000000r 3               .ifndef NVR3H
000000r 3               NVR3H             = $27
000000r 3               .endif
000000r 3               .ifndef NVR4L
000000r 3               NVR4L             = $28
000000r 3               .endif
000000r 3               .ifndef NVR4H
000000r 3               NVR4H             = $29
000000r 3               .endif
000000r 3               .ifndef NVR5L
000000r 3               NVR5L             = $2A
000000r 3               .endif
000000r 3               .ifndef NVR5H
000000r 3               NVR5H             = $2B
000000r 3               .endif
000000r 3               .ifndef NVR6L
000000r 3               NVR6L             = $2C
000000r 3               .endif
000000r 3               .ifndef NVR6H
000000r 3               NVR6H             = $2D
000000r 3               .endif
000000r 3               .ifndef NVR7L
000000r 3               NVR7L             = $2E
000000r 3               .endif
000000r 3               .ifndef NVR7H
000000r 3               NVR7H             = $2F
000000r 3               .endif
000000r 3               
000000r 3               ; BASIC SYS register bridge. SYS addr[,A[,X[,Y]]] loads A/X/Y from these
000000r 3               ; bytes before jumping and stores A/X/Y back here when the routine returns.
000000r 3               ; @label SYS.REGA
000000r 3               ; @kind u8
000000r 3               ; @symbol SYS_REGA
000000r 3               ; @summary Returned A register from the most recent SYS call.
000000r 3               .ifndef SYS_REGA
000000r 3               SYS_REGA          = $E7
000000r 3               .endif
000000r 3               ; @label SYS.REGX
000000r 3               ; @kind u8
000000r 3               ; @symbol SYS_REGX
000000r 3               ; @summary Returned X register from the most recent SYS call.
000000r 3               .ifndef SYS_REGX
000000r 3               SYS_REGX          = $E8
000000r 3               .endif
000000r 3               ; @label SYS.REGY
000000r 3               ; @kind u8
000000r 3               ; @symbol SYS_REGY
000000r 3               ; @summary Returned Y register from the most recent SYS call.
000000r 3               .ifndef SYS_REGY
000000r 3               SYS_REGY          = $E9
000000r 3               .endif
000000r 3               
000000r 3               ; Extension ROM argument mailbox used by small BASIC stubs that parse
000000r 3               ; BASIC-owned data before calling an extension handler.
000000r 3               .ifndef EXT_ARG_LEN
000000r 3               EXT_ARG_LEN       = $EA
000000r 3               .endif
000000r 3               .ifndef EXT_ARG_PTRL
000000r 3               EXT_ARG_PTRL      = $EB
000000r 3               .endif
000000r 3               .ifndef EXT_ARG_PTRH
000000r 3               EXT_ARG_PTRH      = $EC
000000r 3               .endif
000000r 3               
000000r 3               .ifndef NOVA_SCREEN_COLS
000000r 3               NOVA_SCREEN_COLS  = 80
000000r 3               .endif
000000r 3               .ifndef NOVA_SCREEN_ROWS
000000r 3               NOVA_SCREEN_ROWS  = 50
000000r 3               .endif
000000r 3               .ifndef NOVA_SCREEN_SIZE
000000r 3               NOVA_SCREEN_SIZE  = NOVA_SCREEN_COLS * NOVA_SCREEN_ROWS
000000r 3               .endif
000000r 3               
000000r 3               ; ---------------------------------------------------------------------
000000r 3               ; 6502 hardware vectors.
000000r 3               ; ---------------------------------------------------------------------
000000r 3               .ifndef CPU_NMI_VECTOR
000000r 3               CPU_NMI_VECTOR    = $FFFA
000000r 3               .endif
000000r 3               .ifndef CPU_RESET_VECTOR
000000r 3               CPU_RESET_VECTOR  = $FFFC
000000r 3               .endif
000000r 3               .ifndef CPU_IRQ_VECTOR
000000r 3               CPU_IRQ_VECTOR    = $FFFE
000000r 3               .endif
000000r 3               
000000r 3               ; ---------------------------------------------------------------------
000000r 3               ; VGC core and text/VRAM port registers.
000000r 3               ; ---------------------------------------------------------------------
000000r 3               .ifndef VGC_MODE
000000r 3               VGC_MODE          = $A000
000000r 3               .endif
000000r 3               .ifndef VGC_BGCOL
000000r 3               VGC_BGCOL         = $A001
000000r 3               .endif
000000r 3               .ifndef VGC_FGCOL
000000r 3               VGC_FGCOL         = $A002
000000r 3               .endif
000000r 3               .ifndef VGC_CURSX
000000r 3               VGC_CURSX         = $A003
000000r 3               .endif
000000r 3               .ifndef VGC_CURSY
000000r 3               VGC_CURSY         = $A004
000000r 3               .endif
000000r 3               .ifndef VGC_SCROLLX
000000r 3               VGC_SCROLLX       = $A005
000000r 3               .endif
000000r 3               .ifndef VGC_SCROLLY
000000r 3               VGC_SCROLLY       = $A006
000000r 3               .endif
000000r 3               .ifndef VGC_FONT
000000r 3               VGC_FONT          = $A007
000000r 3               .endif
000000r 3               .ifndef VGC_FRAME
000000r 3               VGC_FRAME         = $A008
000000r 3               .endif
000000r 3               .ifndef VGC_STATUS
000000r 3               VGC_STATUS        = $A008
000000r 3               .endif
000000r 3               .ifndef VGC_SPRCOUNT
000000r 3               VGC_SPRCOUNT      = $A009
000000r 3               .endif
000000r 3               .ifndef VGC_CURSEN
000000r 3               VGC_CURSEN        = $A00A
000000r 3               .endif
000000r 3               .ifndef VGC_COLLST
000000r 3               VGC_COLLST        = $A00B
000000r 3               .endif
000000r 3               .ifndef VGC_COLLBG
000000r 3               VGC_COLLBG        = $A00C
000000r 3               .endif
000000r 3               .ifndef VGC_COLLST_HI
000000r 3               VGC_COLLST_HI     = $A0EB
000000r 3               .endif
000000r 3               .ifndef VGC_COLLBG_HI
000000r 3               VGC_COLLBG_HI     = $A0EC
000000r 3               .endif
000000r 3               .ifndef VGC_BORDER
000000r 3               VGC_BORDER        = $A00D
000000r 3               .endif
000000r 3               .ifndef VGC_CHAROUT
000000r 3               VGC_CHAROUT       = $A00E
000000r 3               .endif
000000r 3               .ifndef VGC_CHARIN
000000r 3               VGC_CHARIN        = $A00F
000000r 3               .endif
000000r 3               
000000r 3               .ifndef VGC_CMD
000000r 3               VGC_CMD           = $A010
000000r 3               .endif
000000r 3               .ifndef VGC_P0
000000r 3               VGC_P0            = $A011
000000r 3               .endif
000000r 3               .ifndef VGC_P1
000000r 3               VGC_P1            = $A012
000000r 3               .endif
000000r 3               .ifndef VGC_P2
000000r 3               VGC_P2            = $A013
000000r 3               .endif
000000r 3               .ifndef VGC_P3
000000r 3               VGC_P3            = $A014
000000r 3               .endif
000000r 3               .ifndef VGC_P4
000000r 3               VGC_P4            = $A015
000000r 3               .endif
000000r 3               .ifndef VGC_P5
000000r 3               VGC_P5            = $A016
000000r 3               .endif
000000r 3               .ifndef VGC_P6
000000r 3               VGC_P6            = $A017
000000r 3               .endif
000000r 3               .ifndef VGC_P7
000000r 3               VGC_P7            = $A018
000000r 3               .endif
000000r 3               .ifndef VGC_P8
000000r 3               VGC_P8            = $A019
000000r 3               .endif
000000r 3               .ifndef VGC_P9
000000r 3               VGC_P9            = $A01A
000000r 3               .endif
000000r 3               .ifndef VGC_P10
000000r 3               VGC_P10           = $A01B
000000r 3               .endif
000000r 3               .ifndef VGC_P11
000000r 3               VGC_P11           = $A01C
000000r 3               .endif
000000r 3               .ifndef VGC_P12
000000r 3               VGC_P12           = $A01D
000000r 3               .endif
000000r 3               .ifndef VGC_P13
000000r 3               VGC_P13           = $A01E
000000r 3               .endif
000000r 3               .ifndef VGC_P14
000000r 3               VGC_P14           = $A01F
000000r 3               .endif
000000r 3               
000000r 3               .ifndef REG_HELP
000000r 3               REG_HELP          = $A020
000000r 3               .endif
000000r 3               .ifndef HELP_BUF
000000r 3               HELP_BUF          = $A021
000000r 3               .endif
000000r 3               .ifndef REG_ROMSWAP
000000r 3               REG_ROMSWAP       = $A03F
000000r 3               .endif
000000r 3               .ifndef ROMSWAP_NCC
000000r 3               ROMSWAP_NCC       = $01
000000r 3               .endif
000000r 3               .ifndef ROMSWAP_BASIC
000000r 3               ROMSWAP_BASIC     = $02
000000r 3               .endif
000000r 3               .ifndef ROMSWAP_PRIMARY
000000r 3               ; @label ROMSWAP.PRIMARY
000000r 3               ; @kind const
000000r 3               ; @symbol ROMSWAP_PRIMARY
000000r 3               ; @summary Select the primary runtime ROM bank at $C000. At cold boot this is NovaBASIC; a RAM launcher may replace it with another runtime first.
000000r 3               ROMSWAP_PRIMARY   = ROMSWAP_BASIC
000000r 3               .endif
000000r 3               .ifndef ROMSWAP_NCCEDIT
000000r 3               ROMSWAP_NCCEDIT   = $03
000000r 3               .endif
000000r 3               .ifndef ROMSWAP_EXTENSION
000000r 3               ROMSWAP_EXTENSION = $04
000000r 3               .endif
000000r 3               .ifndef ROMSWAP_LOGO
000000r 3               ROMSWAP_LOGO      = $05
000000r 3               .endif
000000r 3               
000000r 3               .ifndef VGC_SPR_BASE
000000r 3               VGC_SPR_BASE      = $A040
000000r 3               .endif
000000r 3               .ifndef VGC_SPR_STRIDE
000000r 3               VGC_SPR_STRIDE    = $08
000000r 3               .endif
000000r 3               .ifndef VGC_MAX_SPRITES
000000r 3               VGC_MAX_SPRITES   = $10
000000r 3               .endif
000000r 3               .ifndef VGC_SPR_XL_OFF
000000r 3               VGC_SPR_XL_OFF    = $00
000000r 3               .endif
000000r 3               .ifndef VGC_SPR_XH_OFF
000000r 3               VGC_SPR_XH_OFF    = $01
000000r 3               .endif
000000r 3               .ifndef VGC_SPR_YL_OFF
000000r 3               VGC_SPR_YL_OFF    = $02
000000r 3               .endif
000000r 3               .ifndef VGC_SPR_YH_OFF
000000r 3               VGC_SPR_YH_OFF    = $03
000000r 3               .endif
000000r 3               .ifndef VGC_SPR_SHAPE_OFF
000000r 3               VGC_SPR_SHAPE_OFF = $04
000000r 3               .endif
000000r 3               .ifndef VGC_SPR_FLAGS_OFF
000000r 3               VGC_SPR_FLAGS_OFF = $05
000000r 3               .endif
000000r 3               .ifndef VGC_SPR_PRI_OFF
000000r 3               VGC_SPR_PRI_OFF   = $06
000000r 3               .endif
000000r 3               .ifndef VGC_SPR_TRANS_OFF
000000r 3               VGC_SPR_TRANS_OFF = $07
000000r 3               .endif
000000r 3               .ifndef VGC_SPR_XL
000000r 3               VGC_SPR_XL        = VGC_SPR_BASE + VGC_SPR_XL_OFF
000000r 3               .endif
000000r 3               .ifndef VGC_SPR_XH
000000r 3               VGC_SPR_XH        = VGC_SPR_BASE + VGC_SPR_XH_OFF
000000r 3               .endif
000000r 3               .ifndef VGC_SPR_YL
000000r 3               VGC_SPR_YL        = VGC_SPR_BASE + VGC_SPR_YL_OFF
000000r 3               .endif
000000r 3               .ifndef VGC_SPR_YH
000000r 3               VGC_SPR_YH        = VGC_SPR_BASE + VGC_SPR_YH_OFF
000000r 3               .endif
000000r 3               .ifndef VGC_SPR_SHAPE
000000r 3               VGC_SPR_SHAPE     = VGC_SPR_BASE + VGC_SPR_SHAPE_OFF
000000r 3               .endif
000000r 3               .ifndef VGC_SPR_FLAGS
000000r 3               VGC_SPR_FLAGS     = VGC_SPR_BASE + VGC_SPR_FLAGS_OFF
000000r 3               .endif
000000r 3               .ifndef VGC_SPR_PRI
000000r 3               VGC_SPR_PRI       = VGC_SPR_BASE + VGC_SPR_PRI_OFF
000000r 3               .endif
000000r 3               .ifndef VGC_SPR_TRANS
000000r 3               VGC_SPR_TRANS     = VGC_SPR_BASE + VGC_SPR_TRANS_OFF
000000r 3               .endif
000000r 3               .ifndef VGC_SPR_FLAG_XFLIP
000000r 3               VGC_SPR_FLAG_XFLIP = $01
000000r 3               .endif
000000r 3               .ifndef VGC_SPR_FLAG_YFLIP
000000r 3               VGC_SPR_FLAG_YFLIP = $02
000000r 3               .endif
000000r 3               .ifndef VGC_SPR_FLAG_FLIPMASK
000000r 3               VGC_SPR_FLAG_FLIPMASK = $03
000000r 3               .endif
000000r 3               .ifndef VGC_SPR_FLAG_ENABLE
000000r 3               VGC_SPR_FLAG_ENABLE = $80
000000r 3               .endif
000000r 3               .ifndef VGC_SPR_PRI_BEHIND
000000r 3               VGC_SPR_PRI_BEHIND = $00
000000r 3               .endif
000000r 3               .ifndef VGC_SPR_PRI_BETWEEN
000000r 3               VGC_SPR_PRI_BETWEEN = $01
000000r 3               .endif
000000r 3               .ifndef VGC_SPR_PRI_FRONT
000000r 3               VGC_SPR_PRI_FRONT = $02
000000r 3               .endif
000000r 3               
000000r 3               .ifndef VGC_VRAM_PLANE
000000r 3               VGC_VRAM_PLANE    = $A0E0
000000r 3               .endif
000000r 3               .ifndef VGC_VRAM_ADDRL
000000r 3               VGC_VRAM_ADDRL    = $A0E1
000000r 3               .endif
000000r 3               .ifndef VGC_VRAM_ADDRH
000000r 3               VGC_VRAM_ADDRH    = $A0E2
000000r 3               .endif
000000r 3               .ifndef VGC_VRAM_DATA
000000r 3               VGC_VRAM_DATA     = $A0E3
000000r 3               .endif
000000r 3               .ifndef VGC_VRAM_CTRL
000000r 3               VGC_VRAM_CTRL     = $A0E4
000000r 3               .endif
000000r 3               .ifndef VGC_DIMMER
000000r 3               VGC_DIMMER        = $A0E5
000000r 3               .endif
000000r 3               .ifndef VGC_TXTFLAGS
000000r 3               VGC_TXTFLAGS      = $A0E6
000000r 3               .endif
000000r 3               .ifndef VGC_TXTREVATTR
000000r 3               VGC_TXTREVATTR    = $A0E7
000000r 3               .endif
000000r 3               ; @label VGC.GFXTRANS
000000r 3               ; @kind const
000000r 3               ; @symbol VGC_GFXTRANS
000000r 3               ; @summary Graphics-plane transparent color register. Defaults to 0; set to another palette index when graphics code needs visible palette-0 black pixels.
000000r 3               .ifndef VGC_GFXTRANS
000000r 3               VGC_GFXTRANS      = $A0E8
000000r 3               .endif
000000r 3               .ifndef VGC_PALETTE
000000r 3               VGC_PALETTE       = $A0E9
000000r 3               .endif
000000r 3               .ifndef VGC_SCROLLCTL
000000r 3               VGC_SCROLLCTL     = $A0EA
000000r 3               .endif
000000r 3               .ifndef VGC_SCROLLCTL_XHI
000000r 3               VGC_SCROLLCTL_XHI = $01
000000r 3               .endif
000000r 3               .ifndef VGC_SCROLLCTL_GFX
000000r 3               VGC_SCROLLCTL_GFX = $02
000000r 3               .endif
000000r 3               .ifndef VGC_SCROLLCTL_TEXT
000000r 3               VGC_SCROLLCTL_TEXT = $04
000000r 3               .endif
000000r 3               
000000r 3               .ifndef VGC_VPLANE
000000r 3               VGC_VPLANE        = VGC_VRAM_PLANE
000000r 3               .endif
000000r 3               .ifndef VGC_VADDRL
000000r 3               VGC_VADDRL        = VGC_VRAM_ADDRL
000000r 3               .endif
000000r 3               .ifndef VGC_VADDRH
000000r 3               VGC_VADDRH        = VGC_VRAM_ADDRH
000000r 3               .endif
000000r 3               .ifndef VGC_VDATA
000000r 3               VGC_VDATA         = VGC_VRAM_DATA
000000r 3               .endif
000000r 3               .ifndef VGC_VCTRL
000000r 3               VGC_VCTRL         = VGC_VRAM_CTRL
000000r 3               .endif
000000r 3               
000000r 3               .ifndef VGC_PLANE_CHAR
000000r 3               VGC_PLANE_CHAR    = $01
000000r 3               .endif
000000r 3               .ifndef VGC_PLANE_COLOR
000000r 3               VGC_PLANE_COLOR   = $02
000000r 3               .endif
000000r 3               .ifndef VGC_PLANE_GFX
000000r 3               VGC_PLANE_GFX     = $03
000000r 3               .endif
000000r 3               .ifndef VGC_PLANE_SPRITE
000000r 3               VGC_PLANE_SPRITE  = $04
000000r 3               .endif
000000r 3               .ifndef VGC_PLANE_TEXTATTR
000000r 3               VGC_PLANE_TEXTATTR = $07
000000r 3               .endif
000000r 3               .ifndef VGC_VRAM_AUTOINC
000000r 3               VGC_VRAM_AUTOINC  = $01
000000r 3               .endif
000000r 3               
000000r 3               .ifndef VTXT_REV
000000r 3               VTXT_REV          = $01
000000r 3               .endif
000000r 3               .ifndef VTXT_REVEX
000000r 3               VTXT_REVEX        = $02
000000r 3               .endif
000000r 3               .ifndef VTXT_FLASH
000000r 3               VTXT_FLASH        = $04
000000r 3               .endif
000000r 3               .ifndef VTXT_ATTR_FLASH
000000r 3               VTXT_ATTR_FLASH   = $01
000000r 3               .endif
000000r 3               
000000r 3               ; VGC IRQ and command constants.
000000r 3               .ifndef VGC_IRQ_ENABLE
000000r 3               VGC_IRQ_ENABLE    = $A0F0
000000r 3               .endif
000000r 3               .ifndef VGC_IRQ_STATUS
000000r 3               VGC_IRQ_STATUS    = $A0F1
000000r 3               .endif
000000r 3               .ifndef VGC_IRQ_FORCE
000000r 3               VGC_IRQ_FORCE     = $A0F2
000000r 3               .endif
000000r 3               .ifndef VGC_IRQ_VALID
000000r 3               VGC_IRQ_VALID     = $A0F3
000000r 3               .endif
000000r 3               .ifndef VGC_IRQ_VBLANK
000000r 3               VGC_IRQ_VBLANK    = $01
000000r 3               .endif
000000r 3               .ifndef VGC_IRQ_COPPER0
000000r 3               VGC_IRQ_COPPER0   = $02
000000r 3               .endif
000000r 3               .ifndef VGC_IRQ_SPRCOLL
000000r 3               VGC_IRQ_SPRCOLL   = $20
000000r 3               .endif
000000r 3               .ifndef VGC_IRQ_SPRBG
000000r 3               VGC_IRQ_SPRBG     = $40
000000r 3               .endif
000000r 3               
000000r 3               .ifndef VCMD_PLOT
000000r 3               VCMD_PLOT         = $01
000000r 3               .endif
000000r 3               .ifndef VCMD_UNPLOT
000000r 3               VCMD_UNPLOT       = $02
000000r 3               .endif
000000r 3               .ifndef VCMD_LINE
000000r 3               VCMD_LINE         = $03
000000r 3               .endif
000000r 3               .ifndef VCMD_CIRCLE
000000r 3               VCMD_CIRCLE       = $04
000000r 3               .endif
000000r 3               .ifndef VCMD_RECT
000000r 3               VCMD_RECT         = $05
000000r 3               .endif
000000r 3               .ifndef VCMD_FILL
000000r 3               VCMD_FILL         = $06
000000r 3               .endif
000000r 3               .ifndef VCMD_GCLS
000000r 3               VCMD_GCLS         = $07
000000r 3               .endif
000000r 3               .ifndef VCMD_GCOLOR
000000r 3               VCMD_GCOLOR       = $08
000000r 3               .endif
000000r 3               .ifndef VCMD_PAINT
000000r 3               VCMD_PAINT        = $09
000000r 3               .endif
000000r 3               .ifndef VCMD_GTEXT
000000r 3               VCMD_GTEXT        = $0A
000000r 3               .endif
000000r 3               .ifndef VCMD_SPRDEF
000000r 3               VCMD_SPRDEF       = $10
000000r 3               .endif
000000r 3               .ifndef VCMD_SPRROW
000000r 3               VCMD_SPRROW       = $11
000000r 3               .endif
000000r 3               .ifndef VCMD_SPRCLR
000000r 3               VCMD_SPRCLR       = $12
000000r 3               .endif
000000r 3               .ifndef VCMD_SPRCOPY
000000r 3               VCMD_SPRCOPY      = $13
000000r 3               .endif
000000r 3               .ifndef VCMD_SPRPOS
000000r 3               VCMD_SPRPOS       = $14
000000r 3               .endif
000000r 3               .ifndef VCMD_SPRENA
000000r 3               VCMD_SPRENA       = $15
000000r 3               .endif
000000r 3               .ifndef VCMD_SPRDIS
000000r 3               VCMD_SPRDIS       = $16
000000r 3               .endif
000000r 3               .ifndef VCMD_SPRFLIP
000000r 3               VCMD_SPRFLIP      = $17
000000r 3               .endif
000000r 3               .ifndef VCMD_SPRPRI
000000r 3               VCMD_SPRPRI       = $18
000000r 3               .endif
000000r 3               .ifndef VCMD_MEMREAD
000000r 3               VCMD_MEMREAD      = $19
000000r 3               .endif
000000r 3               .ifndef VCMD_MEMWRITE
000000r 3               VCMD_MEMWRITE     = $1A
000000r 3               .endif
000000r 3               .ifndef VCMD_COPPERADD
000000r 3               VCMD_COPPERADD    = $1B
000000r 3               .endif
000000r 3               .ifndef VCMD_COPPERCLR
000000r 3               VCMD_COPPERCLR    = $1C
000000r 3               .endif
000000r 3               .ifndef VCMD_COPPERENA
000000r 3               VCMD_COPPERENA    = $1D
000000r 3               .endif
000000r 3               .ifndef VCMD_COPPERDIS
000000r 3               VCMD_COPPERDIS    = $1E
000000r 3               .endif
000000r 3               .ifndef VCMD_SYSRESET
000000r 3               VCMD_SYSRESET     = $1F
000000r 3               .endif
000000r 3               .ifndef VCMD_COPPERLIST
000000r 3               VCMD_COPPERLIST   = $20
000000r 3               .endif
000000r 3               .ifndef VCMD_COPPERUSE
000000r 3               VCMD_COPPERUSE    = $21
000000r 3               .endif
000000r 3               .ifndef VCMD_COPPEREND
000000r 3               VCMD_COPPEREND    = $22
000000r 3               .endif
000000r 3               
000000r 3               ; ---------------------------------------------------------------------
000000r 3               ; NIC network interface controller.
000000r 3               ; ---------------------------------------------------------------------
000000r 3               .ifndef NIC_CMD
000000r 3               NIC_CMD           = $A100
000000r 3               .endif
000000r 3               .ifndef NIC_STATUS
000000r 3               NIC_STATUS        = $A101
000000r 3               .endif
000000r 3               .ifndef NIC_SLOT
000000r 3               NIC_SLOT          = $A102
000000r 3               .endif
000000r 3               .ifndef NIC_IRQCTRL
000000r 3               NIC_IRQCTRL       = $A103
000000r 3               .endif
000000r 3               .ifndef NIC_IRQSTATUS
000000r 3               NIC_IRQSTATUS     = $A104
000000r 3               .endif
000000r 3               .ifndef NIC_CMDSEQ
000000r 3               NIC_CMDSEQ        = $A105
000000r 3               .endif
000000r 3               .ifndef NIC_CMDSHADOW
000000r 3               NIC_CMDSHADOW     = $A106
000000r 3               .endif
000000r 3               .ifndef NIC_HOSTCTRL
000000r 3               NIC_HOSTCTRL      = $A107
000000r 3               .endif
000000r 3               .ifndef NIC_RPORTL
000000r 3               NIC_RPORTL        = $A108
000000r 3               .endif
000000r 3               .ifndef NIC_RPORTH
000000r 3               NIC_RPORTH        = $A109
000000r 3               .endif
000000r 3               .ifndef NIC_LPORTL
000000r 3               NIC_LPORTL        = $A10A
000000r 3               .endif
000000r 3               .ifndef NIC_LPORTH
000000r 3               NIC_LPORTH        = $A10B
000000r 3               .endif
000000r 3               .ifndef NIC_DMAL
000000r 3               NIC_DMAL          = $A110
000000r 3               .endif
000000r 3               .ifndef NIC_DMAH
000000r 3               NIC_DMAH          = $A111
000000r 3               .endif
000000r 3               .ifndef NIC_DMALEN
000000r 3               NIC_DMALEN        = $A112
000000r 3               .endif
000000r 3               .ifndef NIC_MSGLEN
000000r 3               NIC_MSGLEN        = $A113
000000r 3               .endif
000000r 3               .ifndef NIC_DMASTATUS
000000r 3               NIC_DMASTATUS     = $A114
000000r 3               .endif
000000r 3               .ifndef NIC_DMAERR
000000r 3               NIC_DMAERR        = $A115
000000r 3               .endif
000000r 3               .ifndef NIC_SLOTST0
000000r 3               NIC_SLOTST0       = $A118
000000r 3               .endif
000000r 3               .ifndef NIC_SLOTST1
000000r 3               NIC_SLOTST1       = $A119
000000r 3               .endif
000000r 3               .ifndef NIC_SLOTST2
000000r 3               NIC_SLOTST2       = $A11A
000000r 3               .endif
000000r 3               .ifndef NIC_SLOTST3
000000r 3               NIC_SLOTST3       = $A11B
000000r 3               .endif
000000r 3               .ifndef NIC_NAMEBUF
000000r 3               NIC_NAMEBUF       = $A120
000000r 3               .endif
000000r 3               .ifndef NIC_NAMEEND
000000r 3               NIC_NAMEEND       = $A13F
000000r 3               .endif
000000r 3               
000000r 3               .ifndef NIC_CMD_CONNECT
000000r 3               NIC_CMD_CONNECT   = $01
000000r 3               .endif
000000r 3               .ifndef NIC_CMD_DISCONNECT
000000r 3               NIC_CMD_DISCONNECT = $02
000000r 3               .endif
000000r 3               .ifndef NIC_CMD_SEND
000000r 3               NIC_CMD_SEND      = $03
000000r 3               .endif
000000r 3               .ifndef NIC_CMD_RECV
000000r 3               NIC_CMD_RECV      = $04
000000r 3               .endif
000000r 3               .ifndef NIC_CMD_LISTEN
000000r 3               NIC_CMD_LISTEN    = $05
000000r 3               .endif
000000r 3               .ifndef NIC_CMD_ACCEPT
000000r 3               NIC_CMD_ACCEPT    = $06
000000r 3               .endif
000000r 3               .ifndef NIC_ST_CONNECTED
000000r 3               NIC_ST_CONNECTED  = $01
000000r 3               .endif
000000r 3               .ifndef NIC_ST_DATAREADY
000000r 3               NIC_ST_DATAREADY  = $02
000000r 3               .endif
000000r 3               .ifndef NIC_ST_SENDREADY
000000r 3               NIC_ST_SENDREADY  = $04
000000r 3               .endif
000000r 3               .ifndef NIC_ST_ERROR
000000r 3               NIC_ST_ERROR      = $08
000000r 3               .endif
000000r 3               .ifndef NIC_ST_REMOTE_CLOSED
000000r 3               NIC_ST_REMOTE_CLOSED = $10
000000r 3               .endif
000000r 3               .ifndef NIC_STATUS_READY
000000r 3               NIC_STATUS_READY  = $01
000000r 3               .endif
000000r 3               .ifndef NIC_STATUS_ANYDATA
000000r 3               NIC_STATUS_ANYDATA = $02
000000r 3               .endif
000000r 3               .ifndef NIC_STATUS_ANYERROR
000000r 3               NIC_STATUS_ANYERROR = $80
000000r 3               .endif
000000r 3               .ifndef NIC_HOSTCTRL_RX_START
000000r 3               NIC_HOSTCTRL_RX_START = $01
000000r 3               .endif
000000r 3               .ifndef NIC_DMAST_TX_READY
000000r 3               NIC_DMAST_TX_READY = $01
000000r 3               .endif
000000r 3               .ifndef NIC_DMAST_RX_DONE
000000r 3               NIC_DMAST_RX_DONE = $02
000000r 3               .endif
000000r 3               .ifndef NIC_DMAST_ERROR
000000r 3               NIC_DMAST_ERROR  = $40
000000r 3               .endif
000000r 3               .ifndef NIC_DMAST_BUSY
000000r 3               NIC_DMAST_BUSY   = $80
000000r 3               .endif
000000r 3               .ifndef NIC_DMAERR_NONE
000000r 3               NIC_DMAERR_NONE  = $00
000000r 3               .endif
000000r 3               .ifndef NIC_DMAERR_RANGE
000000r 3               NIC_DMAERR_RANGE = $01
000000r 3               .endif
000000r 3               .ifndef NIC_DMAERR_BUSY
000000r 3               NIC_DMAERR_BUSY  = $02
000000r 3               .endif
000000r 3               .ifndef NIC_MAX_SLOTS
000000r 3               NIC_MAX_SLOTS     = $04
000000r 3               .endif
000000r 3               .ifndef NIC_MAX_MSGSIZE
000000r 3               NIC_MAX_MSGSIZE   = $0100
000000r 3               .endif
000000r 3               .ifndef NIC_MAX_QUEUE
000000r 3               NIC_MAX_QUEUE     = $10
000000r 3               .endif
000000r 3               
000000r 3               ; ---------------------------------------------------------------------
000000r 3               ; File I/O coprocessor registers and command/status constants.
000000r 3               ; ---------------------------------------------------------------------
000000r 3               .ifndef FIO_CMD
000000r 3               FIO_CMD           = $B9A0
000000r 3               .endif
000000r 3               .ifndef FIO_STATUS
000000r 3               FIO_STATUS        = $B9A1
000000r 3               .endif
000000r 3               .ifndef FIO_ERRCODE
000000r 3               FIO_ERRCODE       = $B9A2
000000r 3               .endif
000000r 3               ; @label FIO.NAMELEN
000000r 3               ; @kind u8
000000r 3               ; @symbol FIO_NAMELEN
000000r 3               ; @summary Length of the filename in FIO.NAME, 1..63 bytes.
000000r 3               .ifndef FIO_NAMELEN
000000r 3               FIO_NAMELEN       = $B9A3
000000r 3               .endif
000000r 3               .ifndef FIO_SRCL
000000r 3               FIO_SRCL          = $B9A4
000000r 3               .endif
000000r 3               .ifndef FIO_SRCH
000000r 3               FIO_SRCH          = $B9A5
000000r 3               .endif
000000r 3               .ifndef FIO_ENDL
000000r 3               FIO_ENDL          = $B9A6
000000r 3               .endif
000000r 3               .ifndef FIO_ENDH
000000r 3               FIO_ENDH          = $B9A7
000000r 3               .endif
000000r 3               .ifndef FIO_SIZEL
000000r 3               FIO_SIZEL         = $B9A8
000000r 3               .endif
000000r 3               .ifndef FIO_SIZEH
000000r 3               FIO_SIZEH         = $B9A9
000000r 3               .endif
000000r 3               .ifndef FIO_GSPACE
000000r 3               FIO_GSPACE        = $B9AA
000000r 3               .endif
000000r 3               .ifndef FIO_SIZE2
000000r 3               FIO_SIZE2         = $B9AA
000000r 3               .endif
000000r 3               .ifndef FIO_GADDRL
000000r 3               FIO_GADDRL        = $B9AB
000000r 3               .endif
000000r 3               .ifndef FIO_GADDRH
000000r 3               FIO_GADDRH        = $B9AC
000000r 3               .endif
000000r 3               .ifndef FIO_GLENL
000000r 3               FIO_GLENL         = $B9AD
000000r 3               .endif
000000r 3               .ifndef FIO_GLENH
000000r 3               FIO_GLENH         = $B9AE
000000r 3               .endif
000000r 3               .ifndef FIO_DIRTYPE
000000r 3               FIO_DIRTYPE       = $B9AF
000000r 3               .endif
000000r 3               ; @label FIO.NAME
000000r 3               ; @kind buffer
000000r 3               ; @symbol FIO_NAME
000000r 3               ; @summary Filename buffer used by file-backed runtime routines.
000000r 3               .ifndef FIO_NAME
000000r 3               FIO_NAME          = $B9B0
000000r 3               .endif
000000r 3               .ifndef FIO_NAMEEND
000000r 3               FIO_NAMEEND       = $B9EF
000000r 3               .endif
000000r 3               .ifndef META_BASE
000000r 3               META_BASE         = $BAB0
000000r 3               .endif
000000r 3               .ifndef MATH_BASE
000000r 3               MATH_BASE         = $BB20
000000r 3               .endif
000000r 3               .ifndef MATH_END
000000r 3               MATH_END          = $BB4F
000000r 3               .endif
000000r 3               .ifndef MATH_MUL16_A_LO
000000r 3               MATH_MUL16_A_LO   = $BB20
000000r 3               .endif
000000r 3               .ifndef MATH_MUL16_A_HI
000000r 3               MATH_MUL16_A_HI   = $BB21
000000r 3               .endif
000000r 3               .ifndef MATH_MUL16_B_LO
000000r 3               MATH_MUL16_B_LO   = $BB22
000000r 3               .endif
000000r 3               .ifndef MATH_MUL16_B_HI
000000r 3               MATH_MUL16_B_HI   = $BB23
000000r 3               .endif
000000r 3               .ifndef MATH_MULFX_A_LO
000000r 3               MATH_MULFX_A_LO   = $BB24
000000r 3               .endif
000000r 3               .ifndef MATH_MULFX_A_HI
000000r 3               MATH_MULFX_A_HI   = $BB25
000000r 3               .endif
000000r 3               .ifndef MATH_MULFX_B_LO
000000r 3               MATH_MULFX_B_LO   = $BB26
000000r 3               .endif
000000r 3               .ifndef MATH_MULFX_B_HI
000000r 3               MATH_MULFX_B_HI   = $BB27
000000r 3               .endif
000000r 3               .ifndef MATH_DIV_N_LO
000000r 3               MATH_DIV_N_LO     = $BB28
000000r 3               .endif
000000r 3               .ifndef MATH_DIV_N_1
000000r 3               MATH_DIV_N_1      = $BB29
000000r 3               .endif
000000r 3               .ifndef MATH_DIV_N_2
000000r 3               MATH_DIV_N_2      = $BB2A
000000r 3               .endif
000000r 3               .ifndef MATH_DIV_N_HI
000000r 3               MATH_DIV_N_HI     = $BB2B
000000r 3               .endif
000000r 3               .ifndef MATH_DIV_D_LO
000000r 3               MATH_DIV_D_LO     = $BB2C
000000r 3               .endif
000000r 3               .ifndef MATH_DIV_D_HI
000000r 3               MATH_DIV_D_HI     = $BB2D
000000r 3               .endif
000000r 3               .ifndef MATH_SINCOS_ANGLE
000000r 3               MATH_SINCOS_ANGLE = $BB2E
000000r 3               .endif
000000r 3               .ifndef MATH_ATAN_DY_LO
000000r 3               MATH_ATAN_DY_LO   = $BB2F
000000r 3               .endif
000000r 3               .ifndef MATH_ATAN_DY_HI
000000r 3               MATH_ATAN_DY_HI   = $BB30
000000r 3               .endif
000000r 3               .ifndef MATH_ATAN_DX_LO
000000r 3               MATH_ATAN_DX_LO   = $BB31
000000r 3               .endif
000000r 3               .ifndef MATH_ATAN_DX_HI
000000r 3               MATH_ATAN_DX_HI   = $BB32
000000r 3               .endif
000000r 3               .ifndef MATH_DIST_DX_LO
000000r 3               MATH_DIST_DX_LO   = $BB33
000000r 3               .endif
000000r 3               .ifndef MATH_DIST_DX_HI
000000r 3               MATH_DIST_DX_HI   = $BB34
000000r 3               .endif
000000r 3               .ifndef MATH_DIST_DY_LO
000000r 3               MATH_DIST_DY_LO   = $BB35
000000r 3               .endif
000000r 3               .ifndef MATH_DIST_DY_HI
000000r 3               MATH_DIST_DY_HI   = $BB36
000000r 3               .endif
000000r 3               .ifndef MATH_RNG
000000r 3               MATH_RNG          = $BB37
000000r 3               .endif
000000r 3               .ifndef MATH_RES0
000000r 3               MATH_RES0         = $BB38
000000r 3               .endif
000000r 3               .ifndef MATH_RES1
000000r 3               MATH_RES1         = $BB39
000000r 3               .endif
000000r 3               .ifndef MATH_RES2
000000r 3               MATH_RES2         = $BB3A
000000r 3               .endif
000000r 3               .ifndef MATH_RES3
000000r 3               MATH_RES3         = $BB3B
000000r 3               .endif
000000r 3               .ifndef MATH_CAPS0
000000r 3               MATH_CAPS0        = $BB3C
000000r 3               .endif
000000r 3               .ifndef MATH_CAPS1
000000r 3               MATH_CAPS1        = $BB3D
000000r 3               .endif
000000r 3               .ifndef MATH_STATUS
000000r 3               MATH_STATUS       = $BB3E
000000r 3               .endif
000000r 3               .ifndef MATH_VERSION
000000r 3               MATH_VERSION      = $BB3F
000000r 3               .endif
000000r 3               .ifndef MATH_VEC_AX_LO
000000r 3               MATH_VEC_AX_LO    = $BB40
000000r 3               .endif
000000r 3               .ifndef MATH_VEC_AX_HI
000000r 3               MATH_VEC_AX_HI    = $BB41
000000r 3               .endif
000000r 3               .ifndef MATH_VEC_AY_LO
000000r 3               MATH_VEC_AY_LO    = $BB42
000000r 3               .endif
000000r 3               .ifndef MATH_VEC_AY_HI
000000r 3               MATH_VEC_AY_HI    = $BB43
000000r 3               .endif
000000r 3               .ifndef MATH_VEC_BX_LO
000000r 3               MATH_VEC_BX_LO    = $BB44
000000r 3               .endif
000000r 3               .ifndef MATH_VEC_BX_HI
000000r 3               MATH_VEC_BX_HI    = $BB45
000000r 3               .endif
000000r 3               .ifndef MATH_VEC_BY_LO
000000r 3               MATH_VEC_BY_LO    = $BB46
000000r 3               .endif
000000r 3               .ifndef MATH_VEC_BY_HI
000000r 3               MATH_VEC_BY_HI    = $BB47
000000r 3               .endif
000000r 3               .ifndef MATH_VEC_S_LO
000000r 3               MATH_VEC_S_LO     = $BB48
000000r 3               .endif
000000r 3               .ifndef MATH_VEC_S_HI
000000r 3               MATH_VEC_S_HI     = $BB49
000000r 3               .endif
000000r 3               .ifndef MATH_VEC_OP
000000r 3               MATH_VEC_OP       = $BB4E
000000r 3               .endif
000000r 3               .ifndef MATH_VERSION_CURRENT
000000r 3               MATH_VERSION_CURRENT = $02
000000r 3               .endif
000000r 3               .ifndef MATH_CAP_MUL16
000000r 3               MATH_CAP_MUL16       = $01
000000r 3               .endif
000000r 3               .ifndef MATH_CAP_MULFX
000000r 3               MATH_CAP_MULFX       = $02
000000r 3               .endif
000000r 3               .ifndef MATH_CAP_SINCOS
000000r 3               MATH_CAP_SINCOS      = $04
000000r 3               .endif
000000r 3               .ifndef MATH_CAP_DIST_APPROX
000000r 3               MATH_CAP_DIST_APPROX = $08
000000r 3               .endif
000000r 3               .ifndef MATH_CAP_RNG
000000r 3               MATH_CAP_RNG         = $10
000000r 3               .endif
000000r 3               .ifndef MATH_CAP_DIV_S32_16
000000r 3               MATH_CAP_DIV_S32_16  = $20
000000r 3               .endif
000000r 3               .ifndef MATH_CAP_ATAN2
000000r 3               MATH_CAP_ATAN2       = $40
000000r 3               .endif
000000r 3               .ifndef MATH_CAP1_VEC_DOT_S16
000000r 3               MATH_CAP1_VEC_DOT_S16   = $01
000000r 3               .endif
000000r 3               .ifndef MATH_CAP1_VEC_DOT_FX
000000r 3               MATH_CAP1_VEC_DOT_FX    = $02
000000r 3               .endif
000000r 3               .ifndef MATH_CAP1_VEC_CROSS_S16
000000r 3               MATH_CAP1_VEC_CROSS_S16 = $04
000000r 3               .endif
000000r 3               .ifndef MATH_CAP1_VEC_LEN2
000000r 3               MATH_CAP1_VEC_LEN2      = $08
000000r 3               .endif
000000r 3               .ifndef MATH_CAP1_VEC_SCALE_FX
000000r 3               MATH_CAP1_VEC_SCALE_FX  = $10
000000r 3               .endif
000000r 3               .ifndef MATH_VEC_OP_DOT_S16
000000r 3               MATH_VEC_OP_DOT_S16     = $01
000000r 3               .endif
000000r 3               .ifndef MATH_VEC_OP_DOT_FX
000000r 3               MATH_VEC_OP_DOT_FX      = $02
000000r 3               .endif
000000r 3               .ifndef MATH_VEC_OP_CROSS_S16
000000r 3               MATH_VEC_OP_CROSS_S16   = $03
000000r 3               .endif
000000r 3               .ifndef MATH_VEC_OP_LEN2
000000r 3               MATH_VEC_OP_LEN2        = $04
000000r 3               .endif
000000r 3               .ifndef MATH_VEC_OP_SCALE_FX
000000r 3               MATH_VEC_OP_SCALE_FX    = $05
000000r 3               .endif
000000r 3               .ifndef MATH_STATUS_OK
000000r 3               MATH_STATUS_OK       = $00
000000r 3               .endif
000000r 3               .ifndef MATH_STATUS_DIV_ZERO
000000r 3               MATH_STATUS_DIV_ZERO = $01
000000r 3               .endif
000000r 3               .ifndef MATH_STATUS_OVERFLOW
000000r 3               MATH_STATUS_OVERFLOW = $02
000000r 3               .endif
000000r 3               .ifndef MATH_STATUS_UNIMPL
000000r 3               MATH_STATUS_UNIMPL   = $80
000000r 3               .endif
000000r 3               .ifndef AUTOBOOT_SKIP
000000r 3               AUTOBOOT_SKIP     = $B9F0
000000r 3               .endif
000000r 3               .ifndef AUTOBOOT_ACTIVE
000000r 3               AUTOBOOT_ACTIVE   = $B9F1
000000r 3               .endif
000000r 3               .ifndef TEXTWIN_LEFT
000000r 3               TEXTWIN_LEFT      = $B9F2
000000r 3               .endif
000000r 3               .ifndef TEXTWIN_TOP
000000r 3               TEXTWIN_TOP       = $B9F3
000000r 3               .endif
000000r 3               .ifndef TEXTWIN_WIDTH
000000r 3               TEXTWIN_WIDTH     = $B9F4
000000r 3               .endif
000000r 3               .ifndef TEXTWIN_HEIGHT
000000r 3               TEXTWIN_HEIGHT    = $B9F5
000000r 3               .endif
000000r 3               
000000r 3               .ifndef FIO_CMD_SAVE
000000r 3               FIO_CMD_SAVE      = $01
000000r 3               .endif
000000r 3               .ifndef FIO_CMD_LOAD
000000r 3               FIO_CMD_LOAD      = $02
000000r 3               .endif
000000r 3               .ifndef FIO_CMD_DIROPEN
000000r 3               FIO_CMD_DIROPEN   = $03
000000r 3               .endif
000000r 3               .ifndef FIO_CMD_DIRREAD
000000r 3               FIO_CMD_DIRREAD   = $04
000000r 3               .endif
000000r 3               .ifndef FIO_CMD_DELETE
000000r 3               FIO_CMD_DELETE    = $05
000000r 3               .endif
000000r 3               .ifndef FIO_CMD_GSAVE
000000r 3               FIO_CMD_GSAVE     = $06
000000r 3               .endif
000000r 3               .ifndef FIO_CMD_GLOAD
000000r 3               FIO_CMD_GLOAD     = $07
000000r 3               .endif
000000r 3               .ifndef FIO_CMD_SIDPLAY
000000r 3               FIO_CMD_SIDPLAY   = $08
000000r 3               .endif
000000r 3               .ifndef FIO_CMD_SIDSTOP
000000r 3               FIO_CMD_SIDSTOP   = $09
000000r 3               .endif
000000r 3               .ifndef FIO_CMD_INSTRUMENT
000000r 3               FIO_CMD_INSTRUMENT = $0A
000000r 3               .endif
000000r 3               .ifndef FIO_CMD_SOUND
000000r 3               FIO_CMD_SOUND     = $0B
000000r 3               .endif
000000r 3               .ifndef FIO_CMD_VOLUME
000000r 3               FIO_CMD_VOLUME    = $0C
000000r 3               .endif
000000r 3               .ifndef FIO_CMD_MSEQ
000000r 3               FIO_CMD_MSEQ      = $0D
000000r 3               .endif
000000r 3               .ifndef FIO_CMD_MPLAY
000000r 3               FIO_CMD_MPLAY     = $0E
000000r 3               .endif
000000r 3               .ifndef FIO_CMD_MSTOP
000000r 3               FIO_CMD_MSTOP     = $0F
000000r 3               .endif
000000r 3               .ifndef FIO_CMD_MTEMPO
000000r 3               FIO_CMD_MTEMPO    = $10
000000r 3               .endif
000000r 3               .ifndef FIO_CMD_MLOOP
000000r 3               FIO_CMD_MLOOP     = $11
000000r 3               .endif
000000r 3               .ifndef FIO_CMD_MPRI
000000r 3               FIO_CMD_MPRI      = $12
000000r 3               .endif
000000r 3               .ifndef FIO_CMD_MIDPLAY
000000r 3               FIO_CMD_MIDPLAY   = $13
000000r 3               .endif
000000r 3               .ifndef FIO_CMD_MIDSTOP
000000r 3               FIO_CMD_MIDSTOP   = $14
000000r 3               .endif
000000r 3               .ifndef FIO_CMD_SFLOAD
000000r 3               FIO_CMD_SFLOAD    = $15
000000r 3               .endif
000000r 3               .ifndef FIO_CMD_XLOAD
000000r 3               FIO_CMD_XLOAD     = $18
000000r 3               .endif
000000r 3               .ifndef FIO_CMD_XSAVE
000000r 3               FIO_CMD_XSAVE     = $19
000000r 3               .endif
000000r 3               .ifndef FIO_CMD_CD
000000r 3               FIO_CMD_CD        = $20
000000r 3               .endif
000000r 3               .ifndef FIO_CMD_MKDIR
000000r 3               FIO_CMD_MKDIR     = $21
000000r 3               .endif
000000r 3               .ifndef FIO_CMD_RMDIR
000000r 3               FIO_CMD_RMDIR     = $22
000000r 3               .endif
000000r 3               .ifndef FIO_CMD_FORMAT
000000r 3               FIO_CMD_FORMAT    = $23
000000r 3               .endif
000000r 3               .ifndef FIO_CMD_MOUNT
000000r 3               FIO_CMD_MOUNT     = $24
000000r 3               .endif
000000r 3               .ifndef FIO_CMD_UNMOUNT
000000r 3               FIO_CMD_UNMOUNT   = $25
000000r 3               .endif
000000r 3               .ifndef FIO_CMD_PWD
000000r 3               FIO_CMD_PWD       = $26
000000r 3               .endif
000000r 3               .ifndef FIO_CMD_CLEARERR
000000r 3               FIO_CMD_CLEARERR  = $27
000000r 3               .endif
000000r 3               .ifndef FIO_CMD_LOADRUNTIME
000000r 3               ; @label FIO.CMD_LOADRUNTIME
000000r 3               ; @kind const
000000r 3               ; @symbol FIO_CMD_LOADRUNTIME
000000r 3               ; @summary Host command that streams a 16K file into the primary runtime ROM bank. Callers must execute from RAM while issuing it.
000000r 3               FIO_CMD_LOADRUNTIME = $28
000000r 3               .endif
000000r 3               .ifndef FIO_CMD_XPAGE
000000r 3               ; @label FIO.CMD_XPAGE
000000r 3               ; @kind const
000000r 3               ; @symbol FIO_CMD_XPAGE
000000r 3               ; @summary Host command that streams a file slice into XRAM, CPU RAM, or VGC memory using FIO_DIRTYPE as the target selector.
000000r 3               FIO_CMD_XPAGE    = $29
000000r 3               .endif
000000r 3               .ifndef FIO_CMD_RNG
000000r 3               ; @label FIO.CMD_RNG
000000r 3               ; @kind const
000000r 3               ; @symbol FIO_CMD_RNG
000000r 3               ; @summary Host command that returns 32 bits from NovaHost's host-backed RNG provider.
000000r 3               FIO_CMD_RNG      = $2A
000000r 3               .endif
000000r 3               .ifndef FIO_CMD_NVGLOAD
000000r 3               ; @label FIO.CMD_NVGLOAD
000000r 3               ; @kind const
000000r 3               ; @symbol FIO_CMD_NVGLOAD
000000r 3               ; @summary Host command that decodes a Nova NVG1 file into the graphics bitmap plane.
000000r 3               FIO_CMD_NVGLOAD  = $2B
000000r 3               .endif
000000r 3               
000000r 3               ; Host RNG result byte aliases. FIO.CMD_RNG returns little-endian bytes here.
000000r 3               ; @label FIO.RNG0
000000r 3               ; @kind u8
000000r 3               ; @symbol FIO_RNG0
000000r 3               ; @summary Low byte returned by FIO.CMD_RNG.
000000r 3               .ifndef FIO_RNG0
000000r 3               FIO_RNG0         = FIO_SRCL
000000r 3               .endif
000000r 3               ; @label FIO.RNG1
000000r 3               ; @kind u8
000000r 3               ; @symbol FIO_RNG1
000000r 3               ; @summary Second byte returned by FIO.CMD_RNG.
000000r 3               .ifndef FIO_RNG1
000000r 3               FIO_RNG1         = FIO_SRCH
000000r 3               .endif
000000r 3               ; @label FIO.RNG2
000000r 3               ; @kind u8
000000r 3               ; @symbol FIO_RNG2
000000r 3               ; @summary Third byte returned by FIO.CMD_RNG.
000000r 3               .ifndef FIO_RNG2
000000r 3               FIO_RNG2         = FIO_ENDL
000000r 3               .endif
000000r 3               ; @label FIO.RNG3
000000r 3               ; @kind u8
000000r 3               ; @symbol FIO_RNG3
000000r 3               ; @summary High byte returned by FIO.CMD_RNG.
000000r 3               .ifndef FIO_RNG3
000000r 3               FIO_RNG3         = FIO_ENDH
000000r 3               .endif
000000r 3               
000000r 3               .ifndef FIO_OK
000000r 3               FIO_OK            = $02
000000r 3               .endif
000000r 3               .ifndef FIO_STATUS_IDLE
000000r 3               FIO_STATUS_IDLE   = $00
000000r 3               .endif
000000r 3               .ifndef FIO_STATUS_OK
000000r 3               FIO_STATUS_OK     = FIO_OK
000000r 3               .endif
000000r 3               .ifndef FIO_ERR
000000r 3               FIO_ERR           = $03
000000r 3               .endif
000000r 3               .ifndef FIO_STATUS_ERROR
000000r 3               FIO_STATUS_ERROR  = $03
000000r 3               .endif
000000r 3               .ifndef FIO_ERR_NONE
000000r 3               FIO_ERR_NONE      = $00
000000r 3               .endif
000000r 3               .ifndef FIO_ERR_NOTFOUND
000000r 3               FIO_ERR_NOTFOUND  = $01
000000r 3               .endif
000000r 3               .ifndef FIO_ERR_IO
000000r 3               FIO_ERR_IO        = $02
000000r 3               .endif
000000r 3               .ifndef FIO_ERR_EOD
000000r 3               FIO_ERR_EOD       = $03
000000r 3               .endif
000000r 3               .ifndef FIO_ERR_DISKFULL
000000r 3               FIO_ERR_DISKFULL  = $04
000000r 3               .endif
000000r 3               .ifndef FIO_ERR_NOTMOUNTED
000000r 3               FIO_ERR_NOTMOUNTED = $05
000000r 3               .endif
000000r 3               .ifndef FIO_TYPE_SID
000000r 3               FIO_TYPE_SID      = $01
000000r 3               .endif
000000r 3               .ifndef FIO_TYPE_BIN
000000r 3               FIO_TYPE_BIN      = $02
000000r 3               .endif
000000r 3               .ifndef FIO_TYPE_MID
000000r 3               FIO_TYPE_MID      = $03
000000r 3               .endif
000000r 3               .ifndef FIO_TYPE_DIR
000000r 3               FIO_TYPE_DIR      = $05
000000r 3               .endif
000000r 3               
000000r 3               ; Extension ROM command IDs used by the BASIC-to-extension trampoline.
000000r 3               .ifndef EXT_CMD_RESERVED0
000000r 3               EXT_CMD_RESERVED0 = $00
000000r 3               .endif
000000r 3               .ifndef EXT_CMD_SFLOAD
000000r 3               EXT_CMD_SFLOAD    = $01
000000r 3               .endif
000000r 3               .ifndef EXT_CMD_DIR
000000r 3               EXT_CMD_DIR       = $02
000000r 3               .endif
000000r 3               .ifndef EXT_CMD_PWD
000000r 3               EXT_CMD_PWD       = $03
000000r 3               .endif
000000r 3               .ifndef EXT_CMD_XMEM
000000r 3               EXT_CMD_XMEM      = $04
000000r 3               .endif
000000r 3               .ifndef EXT_CMD_XDIR
000000r 3               EXT_CMD_XDIR      = $05
000000r 3               .endif
000000r 3               ; $06-$07 reserved
000000r 3               .ifndef EXT_CMD_HELP
000000r 3               EXT_CMD_HELP      = $08
000000r 3               .endif
000000r 3               .ifndef EXT_CMD_DMAFILL
000000r 3               EXT_CMD_DMAFILL   = $09
000000r 3               .endif
000000r 3               .ifndef EXT_CMD_BLTFILL
000000r 3               EXT_CMD_BLTFILL   = $0A
000000r 3               .endif
000000r 3               .ifndef EXT_CMD_XMCCMD
000000r 3               EXT_CMD_XMCCMD    = $0B
000000r 3               .endif
000000r 3               .ifndef EXT_CMD_COPPER
000000r 3               EXT_CMD_COPPER    = $0C
000000r 3               .endif
000000r 3               .ifndef EXT_CMD_XLOAD
000000r 3               EXT_CMD_XLOAD     = $0D
000000r 3               .endif
000000r 3               .ifndef EXT_CMD_XSAVE
000000r 3               EXT_CMD_XSAVE     = $0E
000000r 3               .endif
000000r 3               .ifndef EXT_CMD_DMACOPY
000000r 3               EXT_CMD_DMACOPY   = $0F
000000r 3               .endif
000000r 3               .ifndef EXT_CMD_BLITCOPY
000000r 3               EXT_CMD_BLITCOPY  = $10
000000r 3               .endif
000000r 3               .ifndef EXT_CMD_MMUL16L
000000r 3               EXT_CMD_MMUL16L   = $11
000000r 3               .endif
000000r 3               .ifndef EXT_CMD_MMUL16H
000000r 3               EXT_CMD_MMUL16H   = $12
000000r 3               .endif
000000r 3               .ifndef EXT_CMD_MDOTS16L
000000r 3               EXT_CMD_MDOTS16L  = $13
000000r 3               .endif
000000r 3               .ifndef EXT_CMD_MDOTS16H
000000r 3               EXT_CMD_MDOTS16H  = $14
000000r 3               .endif
000000r 3               .ifndef EXT_CMD_MCROSSL
000000r 3               EXT_CMD_MCROSSL   = $15
000000r 3               .endif
000000r 3               .ifndef EXT_CMD_MCROSSH
000000r 3               EXT_CMD_MCROSSH   = $16
000000r 3               .endif
000000r 3               .ifndef EXT_CMD_MMULFX
000000r 3               EXT_CMD_MMULFX    = $17
000000r 3               .endif
000000r 3               .ifndef EXT_CMD_MDIST
000000r 3               EXT_CMD_MDIST     = $18
000000r 3               .endif
000000r 3               .ifndef EXT_CMD_MSIN
000000r 3               EXT_CMD_MSIN      = $19
000000r 3               .endif
000000r 3               .ifndef EXT_CMD_MCOS
000000r 3               EXT_CMD_MCOS      = $1A
000000r 3               .endif
000000r 3               .ifndef EXT_CMD_MRND
000000r 3               EXT_CMD_MRND      = $1B
000000r 3               .endif
000000r 3               .ifndef EXT_CMD_MDIV
000000r 3               EXT_CMD_MDIV      = $1C
000000r 3               .endif
000000r 3               .ifndef EXT_CMD_MREM
000000r 3               EXT_CMD_MREM      = $1D
000000r 3               .endif
000000r 3               .ifndef EXT_CMD_MATAN2
000000r 3               EXT_CMD_MATAN2    = $1E
000000r 3               .endif
000000r 3               .ifndef EXT_CMD_MDOTFX
000000r 3               EXT_CMD_MDOTFX    = $1F
000000r 3               .endif
000000r 3               .ifndef EXT_CMD_MLEN2
000000r 3               EXT_CMD_MLEN2     = $20
000000r 3               .endif
000000r 3               .ifndef EXT_CMD_MSCALX
000000r 3               EXT_CMD_MSCALX    = $21
000000r 3               .endif
000000r 3               .ifndef EXT_CMD_MSCALY
000000r 3               EXT_CMD_MSCALY    = $22
000000r 3               .endif
000000r 3               .ifndef EXT_CMD_ADDR
000000r 3               EXT_CMD_ADDR      = $23
000000r 3               .endif
000000r 3               .ifndef EXT_CMD_XBANK
000000r 3               EXT_CMD_XBANK     = $24
000000r 3               .endif
000000r 3               .ifndef EXT_CMD_XPOKE
000000r 3               EXT_CMD_XPOKE     = $25
000000r 3               .endif
000000r 3               .ifndef EXT_CMD_XFREE
000000r 3               EXT_CMD_XFREE     = $26
000000r 3               .endif
000000r 3               .ifndef EXT_CMD_XRESET
000000r 3               EXT_CMD_XRESET    = $27
000000r 3               .endif
000000r 3               .ifndef EXT_CMD_XALLOC
000000r 3               EXT_CMD_XALLOC    = $28
000000r 3               .endif
000000r 3               .ifndef EXT_CMD_XMAP
000000r 3               EXT_CMD_XMAP      = $29
000000r 3               .endif
000000r 3               .ifndef EXT_CMD_XUNMAP
000000r 3               EXT_CMD_XUNMAP    = $2A
000000r 3               .endif
000000r 3               .ifndef EXT_CMD_XPEEK
000000r 3               EXT_CMD_XPEEK     = $2B
000000r 3               .endif
000000r 3               .ifndef EXT_CMD_PLAYING
000000r 3               EXT_CMD_PLAYING   = $2C
000000r 3               .endif
000000r 3               .ifndef EXT_CMD_MNOTE
000000r 3               EXT_CMD_MNOTE     = $2D
000000r 3               .endif
000000r 3               .ifndef EXT_CMD_NSTATUS
000000r 3               EXT_CMD_NSTATUS   = $2E
000000r 3               .endif
000000r 3               .ifndef EXT_CMD_NREADY
000000r 3               EXT_CMD_NREADY    = $2F
000000r 3               .endif
000000r 3               .ifndef EXT_CMD_DMASTATUS
000000r 3               EXT_CMD_DMASTATUS = $30
000000r 3               .endif
000000r 3               .ifndef EXT_CMD_DMAERR
000000r 3               EXT_CMD_DMAERR    = $31
000000r 3               .endif
000000r 3               .ifndef EXT_CMD_DMACOUNT
000000r 3               EXT_CMD_DMACOUNT  = $32
000000r 3               .endif
000000r 3               .ifndef EXT_CMD_BLITSTATUS
000000r 3               EXT_CMD_BLITSTATUS = $33
000000r 3               .endif
000000r 3               .ifndef EXT_CMD_BLITERR
000000r 3               EXT_CMD_BLITERR   = $34
000000r 3               .endif
000000r 3               .ifndef EXT_CMD_BLITCOUNT
000000r 3               EXT_CMD_BLITCOUNT = $35
000000r 3               .endif
000000r 3               .ifndef EXT_CMD_SPRCOLL
000000r 3               EXT_CMD_SPRCOLL   = $36
000000r 3               .endif
000000r 3               .ifndef EXT_CMD_SPRBG
000000r 3               EXT_CMD_SPRBG     = $37
000000r 3               .endif
000000r 3               .ifndef EXT_CMD_VPEEK
000000r 3               EXT_CMD_VPEEK     = $38
000000r 3               .endif
000000r 3               .ifndef EXT_CMD_BITSET
000000r 3               EXT_CMD_BITSET    = $39
000000r 3               .endif
000000r 3               .ifndef EXT_CMD_BITCLR
000000r 3               EXT_CMD_BITCLR    = $3A
000000r 3               .endif
000000r 3               .ifndef EXT_CMD_BITTGL
000000r 3               EXT_CMD_BITTGL    = $3B
000000r 3               .endif
000000r 3               .ifndef EXT_CMD_REVERSE
000000r 3               EXT_CMD_REVERSE   = $3C
000000r 3               .endif
000000r 3               .ifndef EXT_CMD_REVERSEOFF
000000r 3               EXT_CMD_REVERSEOFF = $3D
000000r 3               .endif
000000r 3               .ifndef EXT_CMD_FLASH
000000r 3               EXT_CMD_FLASH     = $3E
000000r 3               .endif
000000r 3               .ifndef EXT_CMD_FLASHOFF
000000r 3               EXT_CMD_FLASHOFF  = $3F
000000r 3               .endif
000000r 3               .ifndef EXT_CMD_VPOKE
000000r 3               EXT_CMD_VPOKE     = $40
000000r 3               .endif
000000r 3               .ifndef EXT_CMD_FIOCLR
000000r 3               EXT_CMD_FIOCLR    = $41
000000r 3               .endif
000000r 3               .ifndef EXT_CMD_CLS
000000r 3               EXT_CMD_CLS       = $42
000000r 3               .endif
000000r 3               
000000r 3               ; Hosted music/SFX status registers.
000000r 3               .ifndef MUSIC_STATUS
000000r 3               MUSIC_STATUS      = $BA50
000000r 3               .endif
000000r 3               .ifndef MUSIC_STATUS_SFX
000000r 3               MUSIC_STATUS_SFX  = $01
000000r 3               .endif
000000r 3               .ifndef MUSIC_STATUS_MUSIC
000000r 3               MUSIC_STATUS_MUSIC = $02
000000r 3               .endif
000000r 3               .ifndef MUSIC_STATUS_SID
000000r 3               MUSIC_STATUS_SID  = $04
000000r 3               .endif
000000r 3               .ifndef MUSIC_STATUS_WTS
000000r 3               MUSIC_STATUS_WTS  = $08
000000r 3               .endif
000000r 3               .ifndef MUSIC_STATUS_LOADING
000000r 3               MUSIC_STATUS_LOADING = $10
000000r 3               .endif
000000r 3               .ifndef MUSIC_NOTE1
000000r 3               MUSIC_NOTE1       = $BA51
000000r 3               .endif
000000r 3               .ifndef MUSIC_NOTE2
000000r 3               MUSIC_NOTE2       = $BA52
000000r 3               .endif
000000r 3               .ifndef MUSIC_NOTE3
000000r 3               MUSIC_NOTE3       = $BA53
000000r 3               .endif
000000r 3               .ifndef MUSIC_NOTE4
000000r 3               MUSIC_NOTE4       = $BA54
000000r 3               .endif
000000r 3               .ifndef MUSIC_NOTE5
000000r 3               MUSIC_NOTE5       = $BA55
000000r 3               .endif
000000r 3               .ifndef MUSIC_NOTE6
000000r 3               MUSIC_NOTE6       = $BA56
000000r 3               .endif
000000r 3               .ifndef MUSIC_NOTE7
000000r 3               MUSIC_NOTE7       = $BA57
000000r 3               .endif
000000r 3               .ifndef MUSIC_NOTE8
000000r 3               MUSIC_NOTE8       = $BA58
000000r 3               .endif
000000r 3               .ifndef MUSIC_NOTE9
000000r 3               MUSIC_NOTE9       = $BA59
000000r 3               .endif
000000r 3               .ifndef MUSIC_NOTE10
000000r 3               MUSIC_NOTE10      = $BA5A
000000r 3               .endif
000000r 3               .ifndef MUSIC_NOTE11
000000r 3               MUSIC_NOTE11      = $BA5B
000000r 3               .endif
000000r 3               .ifndef MUSIC_NOTE12
000000r 3               MUSIC_NOTE12      = $BA5C
000000r 3               .endif
000000r 3               .ifndef MUSIC_NOTE13
000000r 3               MUSIC_NOTE13      = $BA5D
000000r 3               .endif
000000r 3               .ifndef MUSIC_NOTE14
000000r 3               MUSIC_NOTE14      = $BA5E
000000r 3               .endif
000000r 3               .ifndef MUSIC_ELAPSEDL
000000r 3               MUSIC_ELAPSEDL    = $BA5F
000000r 3               .endif
000000r 3               .ifndef MUSIC_ELAPSEDH
000000r 3               MUSIC_ELAPSEDH    = $BA60
000000r 3               .endif
000000r 3               .ifndef MUSIC_TOTALL
000000r 3               MUSIC_TOTALL      = $BA61
000000r 3               .endif
000000r 3               .ifndef MUSIC_TOTALH
000000r 3               MUSIC_TOTALH      = $BA62
000000r 3               .endif
000000r 3               
000000r 3               ; SID register windows. CPU reads in this range still fetch ROM bytes on Nova;
000000r 3               ; these names are for writes and emulator/host-side register shadow APIs.
000000r 3               .ifndef SID_BASE
000000r 3               SID_BASE          = $D400
000000r 3               .endif
000000r 3               .ifndef SID_END
000000r 3               SID_END           = $D41F
000000r 3               .endif
000000r 3               .ifndef SID2_BASE
000000r 3               SID2_BASE         = $D420
000000r 3               .endif
000000r 3               .ifndef SID2_END
000000r 3               SID2_END          = $D43F
000000r 3               .endif
000000r 3               .ifndef SID2_MIRROR_BASE
000000r 3               SID2_MIRROR_BASE  = $D500
000000r 3               .endif
000000r 3               .ifndef SID2_MIRROR_END
000000r 3               SID2_MIRROR_END   = $D51F
000000r 3               .endif
000000r 3               
000000r 3               ; Wavetable synthesizer registers.
000000r 3               .ifndef WTS_BASE
000000r 3               WTS_BASE          = $A140
000000r 3               .endif
000000r 3               .ifndef WTS_VOICE_BASE
000000r 3               WTS_VOICE_BASE    = $A140
000000r 3               .endif
000000r 3               .ifndef WTS_VOICE_STRIDE
000000r 3               WTS_VOICE_STRIDE  = $08
000000r 3               .endif
000000r 3               .ifndef WTS_VOICE_END
000000r 3               WTS_VOICE_END     = $A17F
000000r 3               .endif
000000r 3               .ifndef WTS_VOICE_NOTE
000000r 3               WTS_VOICE_NOTE    = $00
000000r 3               .endif
000000r 3               .ifndef WTS_VOICE_VELOCITY
000000r 3               WTS_VOICE_VELOCITY = $01
000000r 3               .endif
000000r 3               .ifndef WTS_VOICE_INSTRUMENT
000000r 3               WTS_VOICE_INSTRUMENT = $02
000000r 3               .endif
000000r 3               .ifndef WTS_VOICE_VOLUME
000000r 3               WTS_VOICE_VOLUME  = $03
000000r 3               .endif
000000r 3               .ifndef WTS_VOICE_PANNING
000000r 3               WTS_VOICE_PANNING = $04
000000r 3               .endif
000000r 3               .ifndef WTS_VOICE_PITCH_BEND_LO
000000r 3               WTS_VOICE_PITCH_BEND_LO = $05
000000r 3               .endif
000000r 3               .ifndef WTS_VOICE_PITCH_BEND_HI
000000r 3               WTS_VOICE_PITCH_BEND_HI = $06
000000r 3               .endif
000000r 3               .ifndef WTS_VOICE_STATUS
000000r 3               WTS_VOICE_STATUS  = $07
000000r 3               .endif
000000r 3               .ifndef WTS_GLOBAL_BASE
000000r 3               WTS_GLOBAL_BASE   = $A180
000000r 3               .endif
000000r 3               .ifndef WTS_REVERB_LEVEL
000000r 3               WTS_REVERB_LEVEL  = $A180
000000r 3               .endif
000000r 3               .ifndef WTS_CHORUS_LEVEL
000000r 3               WTS_CHORUS_LEVEL  = $A181
000000r 3               .endif
000000r 3               .ifndef WTS_MASTER_VOLUME
000000r 3               WTS_MASTER_VOLUME = $A182
000000r 3               .endif
000000r 3               .ifndef WTS_SOUNDFONT_STATUS
000000r 3               WTS_SOUNDFONT_STATUS = $A183
000000r 3               .endif
000000r 3               .ifndef WTS_INSTRUMENT_COUNT
000000r 3               WTS_INSTRUMENT_COUNT = $A184
000000r 3               .endif
000000r 3               .ifndef WTS_COMMAND
000000r 3               WTS_COMMAND       = $A185
000000r 3               .endif
000000r 3               .ifndef WTS_COMMAND_ARG
000000r 3               WTS_COMMAND_ARG   = $A186
000000r 3               .endif
000000r 3               .ifndef WTS_ACTIVE_VOICES
000000r 3               WTS_ACTIVE_VOICES = $A187
000000r 3               .endif
000000r 3               .ifndef WTS_ENUM_BASE
000000r 3               WTS_ENUM_BASE     = $A1A0
000000r 3               .endif
000000r 3               .ifndef WTS_ENUM_INDEX
000000r 3               WTS_ENUM_INDEX    = $A1A0
000000r 3               .endif
000000r 3               .ifndef WTS_ENUM_BANK
000000r 3               WTS_ENUM_BANK     = $A1A1
000000r 3               .endif
000000r 3               .ifndef WTS_ENUM_PROGRAM
000000r 3               WTS_ENUM_PROGRAM  = $A1A2
000000r 3               .endif
000000r 3               .ifndef WTS_ENUM_NAME
000000r 3               WTS_ENUM_NAME     = $A1A3
000000r 3               .endif
000000r 3               .ifndef WTS_ENUM_END
000000r 3               WTS_ENUM_END      = $A1DF
000000r 3               .endif
000000r 3               .ifndef WTS_EVENT_STATUS
000000r 3               WTS_EVENT_STATUS  = $A1E0
000000r 3               .endif
000000r 3               .ifndef WTS_EVENT_COUNT_L
000000r 3               WTS_EVENT_COUNT_L = $A1E1
000000r 3               .endif
000000r 3               .ifndef WTS_EVENT_COUNT_H
000000r 3               WTS_EVENT_COUNT_H = $A1E2
000000r 3               .endif
000000r 3               .ifndef WTS_EVENT_FREE_L
000000r 3               WTS_EVENT_FREE_L  = $A1E3
000000r 3               .endif
000000r 3               .ifndef WTS_EVENT_FREE_H
000000r 3               WTS_EVENT_FREE_H  = $A1E4
000000r 3               .endif
000000r 3               .ifndef WTS_EVENT_FRAME0
000000r 3               WTS_EVENT_FRAME0  = $A1E5
000000r 3               .endif
000000r 3               .ifndef WTS_EVENT_FRAME1
000000r 3               WTS_EVENT_FRAME1  = $A1E6
000000r 3               .endif
000000r 3               .ifndef WTS_EVENT_FRAME2
000000r 3               WTS_EVENT_FRAME2  = $A1E7
000000r 3               .endif
000000r 3               .ifndef WTS_EVENT_FRAME3
000000r 3               WTS_EVENT_FRAME3  = $A1E8
000000r 3               .endif
000000r 3               .ifndef WTS_END
000000r 3               WTS_END           = $A1FF
000000r 3               .endif
000000r 3               .ifndef WTS_CMD_ALL_NOTES_OFF
000000r 3               WTS_CMD_ALL_NOTES_OFF = $01
000000r 3               .endif
000000r 3               .ifndef WTS_CMD_RESET_EFFECTS
000000r 3               WTS_CMD_RESET_EFFECTS = $02
000000r 3               .endif
000000r 3               .ifndef WTS_CMD_EVENT_RESET
000000r 3               WTS_CMD_EVENT_RESET = $03
000000r 3               .endif
000000r 3               .ifndef WTS_CMD_EVENT_START
000000r 3               WTS_CMD_EVENT_START = $04
000000r 3               .endif
000000r 3               .ifndef WTS_CMD_EVENT_STOP
000000r 3               WTS_CMD_EVENT_STOP = $05
000000r 3               .endif
000000r 3               
000000r 3               ; ---------------------------------------------------------------------
000000r 3               ; Expansion Memory Controller.
000000r 3               ; ---------------------------------------------------------------------
000000r 3               .ifndef XMC_CMD
000000r 3               XMC_CMD           = $BA00
000000r 3               .endif
000000r 3               .ifndef XMC_STATUS
000000r 3               XMC_STATUS        = $BA01
000000r 3               .endif
000000r 3               .ifndef XMC_ERRCODE
000000r 3               XMC_ERRCODE       = $BA02
000000r 3               .endif
000000r 3               .ifndef XMC_CFG
000000r 3               XMC_CFG           = $BA03
000000r 3               .endif
000000r 3               .ifndef XMC_XAL
000000r 3               XMC_XAL           = $BA04
000000r 3               .endif
000000r 3               .ifndef XMC_XAM
000000r 3               XMC_XAM           = $BA05
000000r 3               .endif
000000r 3               .ifndef XMC_XAH
000000r 3               XMC_XAH           = $BA06
000000r 3               .endif
000000r 3               .ifndef XMC_RAML
000000r 3               XMC_RAML          = $BA07
000000r 3               .endif
000000r 3               .ifndef XMC_RAMH
000000r 3               XMC_RAMH          = $BA08
000000r 3               .endif
000000r 3               .ifndef XMC_LENL
000000r 3               XMC_LENL          = $BA09
000000r 3               .endif
000000r 3               .ifndef XMC_LENH
000000r 3               XMC_LENH          = $BA0A
000000r 3               .endif
000000r 3               .ifndef XMC_DATA
000000r 3               XMC_DATA          = $BA0B
000000r 3               .endif
000000r 3               .ifndef XMC_BANK
000000r 3               XMC_BANK          = $BA0C
000000r 3               .endif
000000r 3               .ifndef XMC_BANKS
000000r 3               XMC_BANKS         = $BA0D
000000r 3               .endif
000000r 3               .ifndef XMC_USEDL
000000r 3               XMC_USEDL         = $BA0E
000000r 3               .endif
000000r 3               .ifndef XMC_USEDH
000000r 3               XMC_USEDH         = $BA0F
000000r 3               .endif
000000r 3               .ifndef XMC_FREEL
000000r 3               XMC_FREEL         = $BA10
000000r 3               .endif
000000r 3               .ifndef XMC_FREEH
000000r 3               XMC_FREEH         = $BA11
000000r 3               .endif
000000r 3               .ifndef XMC_NAMELEN
000000r 3               XMC_NAMELEN       = $BA12
000000r 3               .endif
000000r 3               .ifndef XMC_HANDLE
000000r 3               XMC_HANDLE        = $BA13
000000r 3               .endif
000000r 3               .ifndef XMC_DIRCOUNTL
000000r 3               XMC_DIRCOUNTL     = $BA14
000000r 3               .endif
000000r 3               .ifndef XMC_DIRCOUNTH
000000r 3               XMC_DIRCOUNTH     = $BA15
000000r 3               .endif
000000r 3               .ifndef XMC_WINCTL
000000r 3               XMC_WINCTL        = $BA16
000000r 3               .endif
000000r 3               .ifndef XMC_W0AL
000000r 3               XMC_W0AL          = $BA18
000000r 3               .endif
000000r 3               .ifndef XMC_W0AM
000000r 3               XMC_W0AM          = $BA19
000000r 3               .endif
000000r 3               .ifndef XMC_W0AH
000000r 3               XMC_W0AH          = $BA1A
000000r 3               .endif
000000r 3               .ifndef XMC_W1AL
000000r 3               XMC_W1AL          = $BA1B
000000r 3               .endif
000000r 3               .ifndef XMC_W1AM
000000r 3               XMC_W1AM          = $BA1C
000000r 3               .endif
000000r 3               .ifndef XMC_W1AH
000000r 3               XMC_W1AH          = $BA1D
000000r 3               .endif
000000r 3               .ifndef XMC_W2AL
000000r 3               XMC_W2AL          = $BA1E
000000r 3               .endif
000000r 3               .ifndef XMC_W2AM
000000r 3               XMC_W2AM          = $BA1F
000000r 3               .endif
000000r 3               .ifndef XMC_W2AH
000000r 3               XMC_W2AH          = $BA20
000000r 3               .endif
000000r 3               .ifndef XMC_W3AL
000000r 3               XMC_W3AL          = $BA21
000000r 3               .endif
000000r 3               .ifndef XMC_W3AM
000000r 3               XMC_W3AM          = $BA22
000000r 3               .endif
000000r 3               .ifndef XMC_W3AH
000000r 3               XMC_W3AH          = $BA23
000000r 3               .endif
000000r 3               .ifndef XMC_NAME
000000r 3               XMC_NAME          = $BA24
000000r 3               .endif
000000r 3               .ifndef XMC_NAME_MAX
000000r 3               XMC_NAME_MAX      = 28
000000r 3               .endif
000000r 3               
000000r 3               .ifndef WIN3_LO
000000r 3               WIN3_LO           = XMC_W3AL
000000r 3               .endif
000000r 3               .ifndef WIN3_MI
000000r 3               WIN3_MI           = XMC_W3AM
000000r 3               .endif
000000r 3               .ifndef WIN3_HI
000000r 3               WIN3_HI           = XMC_W3AH
000000r 3               .endif
000000r 3               .ifndef WIN3_BASE
000000r 3               WIN3_BASE         = $BF00
000000r 3               .endif
000000r 3               
000000r 3               .ifndef XMC_CMD_GET
000000r 3               XMC_CMD_GET       = $01
000000r 3               .endif
000000r 3               .ifndef XMC_CMD_PUT
000000r 3               XMC_CMD_PUT       = $02
000000r 3               .endif
000000r 3               .ifndef XMC_CMD_STASH
000000r 3               XMC_CMD_STASH     = $03
000000r 3               .endif
000000r 3               .ifndef XMC_CMD_FETCH
000000r 3               XMC_CMD_FETCH     = $04
000000r 3               .endif
000000r 3               .ifndef XMC_CMD_FILL
000000r 3               XMC_CMD_FILL      = $05
000000r 3               .endif
000000r 3               .ifndef XMC_CMD_STATS
000000r 3               XMC_CMD_STATS     = $07
000000r 3               .endif
000000r 3               .ifndef XMC_CMD_RSTUS
000000r 3               XMC_CMD_RSTUS     = $08
000000r 3               .endif
000000r 3               .ifndef XMC_CMD_REL
000000r 3               XMC_CMD_REL       = $09
000000r 3               .endif
000000r 3               .ifndef XMC_CMD_ALLOC
000000r 3               XMC_CMD_ALLOC     = $0A
000000r 3               .endif
000000r 3               .ifndef XMC_CMD_NSTSH
000000r 3               XMC_CMD_NSTSH     = $0B
000000r 3               .endif
000000r 3               .ifndef XMC_CMD_NFETC
000000r 3               XMC_CMD_NFETC     = $0C
000000r 3               .endif
000000r 3               .ifndef XMC_CMD_NDEL
000000r 3               XMC_CMD_NDEL      = $0D
000000r 3               .endif
000000r 3               .ifndef XMC_CMD_NDIRO
000000r 3               XMC_CMD_NDIRO     = $0E
000000r 3               .endif
000000r 3               .ifndef XMC_CMD_NDIRR
000000r 3               XMC_CMD_NDIRR     = $0F
000000r 3               .endif
000000r 3               
000000r 3               .ifndef XMC_OK
000000r 3               XMC_OK            = $02
000000r 3               .endif
000000r 3               .ifndef XMC_STATUS_ERROR
000000r 3               XMC_STATUS_ERROR  = $03
000000r 3               .endif
000000r 3               .ifndef XMC_ERR_RANGE
000000r 3               XMC_ERR_RANGE     = $01
000000r 3               .endif
000000r 3               .ifndef XMC_ERR_BADARGS
000000r 3               XMC_ERR_BADARGS   = $02
000000r 3               .endif
000000r 3               .ifndef XMC_ERR_NF
000000r 3               XMC_ERR_NF        = $03
000000r 3               .endif
000000r 3               .ifndef XMC_ERR_NOTFOUND
000000r 3               XMC_ERR_NOTFOUND  = $03
000000r 3               .endif
000000r 3               .ifndef XMC_ERR_NOSPACE
000000r 3               XMC_ERR_NOSPACE   = $04
000000r 3               .endif
000000r 3               .ifndef XMC_ERR_NAME
000000r 3               XMC_ERR_NAME      = $05
000000r 3               .endif
000000r 3               .ifndef XMC_ERR_EOD
000000r 3               XMC_ERR_EOD       = $06
000000r 3               .endif
000000r 3               
000000r 3               ; ---------------------------------------------------------------------
000000r 3               ; Unified DMA controller.
000000r 3               ; ---------------------------------------------------------------------
000000r 3               .ifndef DMA_CMD_REG
000000r 3               DMA_CMD_REG       = $BA63
000000r 3               .endif
000000r 3               .ifndef DMA_STATUS_REG
000000r 3               DMA_STATUS_REG    = $BA64
000000r 3               .endif
000000r 3               .ifndef DMA_ERRCODE_REG
000000r 3               DMA_ERRCODE_REG   = $BA65
000000r 3               .endif
000000r 3               .ifndef DMA_SRCSPACE
000000r 3               DMA_SRCSPACE      = $BA66
000000r 3               .endif
000000r 3               .ifndef DMA_DSTSPACE
000000r 3               DMA_DSTSPACE      = $BA67
000000r 3               .endif
000000r 3               .ifndef DMA_SRCL
000000r 3               DMA_SRCL          = $BA68
000000r 3               .endif
000000r 3               .ifndef DMA_SRCM
000000r 3               DMA_SRCM          = $BA69
000000r 3               .endif
000000r 3               .ifndef DMA_SRCH
000000r 3               DMA_SRCH          = $BA6A
000000r 3               .endif
000000r 3               .ifndef DMA_DSTL
000000r 3               DMA_DSTL          = $BA6B
000000r 3               .endif
000000r 3               .ifndef DMA_DSTM
000000r 3               DMA_DSTM          = $BA6C
000000r 3               .endif
000000r 3               .ifndef DMA_DSTH
000000r 3               DMA_DSTH          = $BA6D
000000r 3               .endif
000000r 3               .ifndef DMA_LENL
000000r 3               DMA_LENL          = $BA6E
000000r 3               .endif
000000r 3               .ifndef DMA_LENM
000000r 3               DMA_LENM          = $BA6F
000000r 3               .endif
000000r 3               .ifndef DMA_LENH
000000r 3               DMA_LENH          = $BA70
000000r 3               .endif
000000r 3               .ifndef DMA_MODE_REG
000000r 3               DMA_MODE_REG      = $BA71
000000r 3               .endif
000000r 3               .ifndef DMA_FILLVALUE
000000r 3               DMA_FILLVALUE     = $BA72
000000r 3               .endif
000000r 3               .ifndef DMA_CNTL
000000r 3               DMA_CNTL          = $BA73
000000r 3               .endif
000000r 3               .ifndef DMA_CNTM
000000r 3               DMA_CNTM          = $BA74
000000r 3               .endif
000000r 3               .ifndef DMA_CNTH
000000r 3               DMA_CNTH          = $BA75
000000r 3               .endif
000000r 3               
000000r 3               .ifndef DMA_CMD
000000r 3               DMA_CMD           = DMA_CMD_REG
000000r 3               .endif
000000r 3               .ifndef DMA_STATUS
000000r 3               DMA_STATUS        = DMA_STATUS_REG
000000r 3               .endif
000000r 3               .ifndef DMA_ERRCODE
000000r 3               DMA_ERRCODE       = DMA_ERRCODE_REG
000000r 3               .endif
000000r 3               .ifndef DMA_MODE
000000r 3               DMA_MODE          = DMA_MODE_REG
000000r 3               .endif
000000r 3               .ifndef DMA_FILL
000000r 3               DMA_FILL          = DMA_FILLVALUE
000000r 3               .endif
000000r 3               
000000r 3               .ifndef DMA_CMD_START
000000r 3               DMA_CMD_START     = $01
000000r 3               .endif
000000r 3               .ifndef DMA_STATUS_IDLE
000000r 3               DMA_STATUS_IDLE   = $00
000000r 3               .endif
000000r 3               .ifndef DMA_STATUS_BUSY
000000r 3               DMA_STATUS_BUSY   = $01
000000r 3               .endif
000000r 3               .ifndef DMA_STATUS_OK
000000r 3               DMA_STATUS_OK     = $02
000000r 3               .endif
000000r 3               .ifndef DMA_STATUS_ERROR
000000r 3               DMA_STATUS_ERROR  = $03
000000r 3               .endif
000000r 3               .ifndef DMA_BUSY
000000r 3               DMA_BUSY          = DMA_STATUS_BUSY
000000r 3               .endif
000000r 3               .ifndef DMA_OK
000000r 3               DMA_OK            = DMA_STATUS_OK
000000r 3               .endif
000000r 3               .ifndef DMA_ERR_BADCMD
000000r 3               DMA_ERR_BADCMD    = $01
000000r 3               .endif
000000r 3               .ifndef DMA_ERR_BADSPACE
000000r 3               DMA_ERR_BADSPACE  = $02
000000r 3               .endif
000000r 3               .ifndef DMA_ERR_RANGE
000000r 3               DMA_ERR_RANGE     = $03
000000r 3               .endif
000000r 3               .ifndef DMA_ERR_BADARGS
000000r 3               DMA_ERR_BADARGS   = $04
000000r 3               .endif
000000r 3               .ifndef DMA_ERR_WRITEPROT
000000r 3               DMA_ERR_WRITEPROT = $05
000000r 3               .endif
000000r 3               .ifndef DMA_MODE_FILL
000000r 3               DMA_MODE_FILL     = $01
000000r 3               .endif
000000r 3               .ifndef DMA_SPACE_CPU
000000r 3               DMA_SPACE_CPU     = $00
000000r 3               .endif
000000r 3               .ifndef DMA_SPACE_VGC_CHAR
000000r 3               DMA_SPACE_VGC_CHAR = $01
000000r 3               .endif
000000r 3               .ifndef DMA_SPACE_VGC_COLOR
000000r 3               DMA_SPACE_VGC_COLOR = $02
000000r 3               .endif
000000r 3               .ifndef DMA_SPACE_VGC_GFX
000000r 3               DMA_SPACE_VGC_GFX = $03
000000r 3               .endif
000000r 3               .ifndef DMA_SPACE_VGC_SPRITE
000000r 3               DMA_SPACE_VGC_SPRITE = $04
000000r 3               .endif
000000r 3               .ifndef DMA_SPACE_XRAM
000000r 3               DMA_SPACE_XRAM    = $05
000000r 3               .endif
000000r 3               .ifndef DMA_SPACE_VGC_TEXTATTR
000000r 3               DMA_SPACE_VGC_TEXTATTR = $07
000000r 3               .endif
000000r 3               
000000r 3               ; ---------------------------------------------------------------------
000000r 3               ; Blitter controller.
000000r 3               ; ---------------------------------------------------------------------
000000r 3               .ifndef BLT_CMD_REG
000000r 3               BLT_CMD_REG       = $BA83
000000r 3               .endif
000000r 3               .ifndef BLT_STATUS_REG
000000r 3               BLT_STATUS_REG    = $BA84
000000r 3               .endif
000000r 3               .ifndef BLT_ERRCODE_REG
000000r 3               BLT_ERRCODE_REG   = $BA85
000000r 3               .endif
000000r 3               .ifndef BLT_SRCSPACE
000000r 3               BLT_SRCSPACE      = $BA86
000000r 3               .endif
000000r 3               .ifndef BLT_DSTSPACE
000000r 3               BLT_DSTSPACE      = $BA87
000000r 3               .endif
000000r 3               .ifndef BLT_SRCL
000000r 3               BLT_SRCL          = $BA88
000000r 3               .endif
000000r 3               .ifndef BLT_SRCM
000000r 3               BLT_SRCM          = $BA89
000000r 3               .endif
000000r 3               .ifndef BLT_SRCH
000000r 3               BLT_SRCH          = $BA8A
000000r 3               .endif
000000r 3               .ifndef BLT_DSTL
000000r 3               BLT_DSTL          = $BA8B
000000r 3               .endif
000000r 3               .ifndef BLT_DSTM
000000r 3               BLT_DSTM          = $BA8C
000000r 3               .endif
000000r 3               .ifndef BLT_DSTH
000000r 3               BLT_DSTH          = $BA8D
000000r 3               .endif
000000r 3               .ifndef BLT_WIDTHL
000000r 3               BLT_WIDTHL        = $BA8E
000000r 3               .endif
000000r 3               .ifndef BLT_WIDTHH
000000r 3               BLT_WIDTHH        = $BA8F
000000r 3               .endif
000000r 3               .ifndef BLT_HEIGHTL
000000r 3               BLT_HEIGHTL       = $BA90
000000r 3               .endif
000000r 3               .ifndef BLT_HEIGHTH
000000r 3               BLT_HEIGHTH       = $BA91
000000r 3               .endif
000000r 3               .ifndef BLT_SRCSTRL
000000r 3               BLT_SRCSTRL       = $BA92
000000r 3               .endif
000000r 3               .ifndef BLT_SRCSTRH
000000r 3               BLT_SRCSTRH       = $BA93
000000r 3               .endif
000000r 3               .ifndef BLT_DSTSTRL
000000r 3               BLT_DSTSTRL       = $BA94
000000r 3               .endif
000000r 3               .ifndef BLT_DSTSTRH
000000r 3               BLT_DSTSTRH       = $BA95
000000r 3               .endif
000000r 3               .ifndef BLT_DSTRH
000000r 3               BLT_DSTRH         = BLT_DSTSTRH
000000r 3               .endif
000000r 3               .ifndef BLT_MODE_REG
000000r 3               BLT_MODE_REG      = $BA96
000000r 3               .endif
000000r 3               .ifndef BLT_FILLVALUE
000000r 3               BLT_FILLVALUE     = $BA97
000000r 3               .endif
000000r 3               .ifndef BLT_FILLVAL
000000r 3               BLT_FILLVAL       = BLT_FILLVALUE
000000r 3               .endif
000000r 3               .ifndef BLT_CKEY
000000r 3               BLT_CKEY          = $BA98
000000r 3               .endif
000000r 3               .ifndef BLT_CNTL
000000r 3               BLT_CNTL          = $BA99
000000r 3               .endif
000000r 3               .ifndef BLT_CNTM
000000r 3               BLT_CNTM          = $BA9A
000000r 3               .endif
000000r 3               .ifndef BLT_CNTH
000000r 3               BLT_CNTH          = $BA9B
000000r 3               .endif
000000r 3               .ifndef BLT_ROTANGLE
000000r 3               BLT_ROTANGLE      = $BAA2
000000r 3               .endif
000000r 3               .ifndef BLT_ROT_ANGLE
000000r 3               BLT_ROT_ANGLE     = BLT_ROTANGLE
000000r 3               .endif
000000r 3               
000000r 3               .ifndef BLT_CMD
000000r 3               BLT_CMD           = BLT_CMD_REG
000000r 3               .endif
000000r 3               .ifndef BLT_STATUS
000000r 3               BLT_STATUS        = BLT_STATUS_REG
000000r 3               .endif
000000r 3               .ifndef BLT_ERRCODE
000000r 3               BLT_ERRCODE       = BLT_ERRCODE_REG
000000r 3               .endif
000000r 3               .ifndef BLT_MODE
000000r 3               BLT_MODE          = BLT_MODE_REG
000000r 3               .endif
000000r 3               .ifndef BLT_FILL
000000r 3               BLT_FILL          = BLT_FILLVALUE
000000r 3               .endif
000000r 3               
000000r 3               .ifndef BLT_CMD_START
000000r 3               BLT_CMD_START     = $01
000000r 3               .endif
000000r 3               .ifndef BLT_STATUS_IDLE
000000r 3               BLT_STATUS_IDLE   = $00
000000r 3               .endif
000000r 3               .ifndef BLT_STATUS_BUSY
000000r 3               BLT_STATUS_BUSY   = $01
000000r 3               .endif
000000r 3               .ifndef BLT_STATUS_OK
000000r 3               BLT_STATUS_OK     = $02
000000r 3               .endif
000000r 3               .ifndef BLT_STATUS_ERROR
000000r 3               BLT_STATUS_ERROR  = $03
000000r 3               .endif
000000r 3               .ifndef BLT_BUSY
000000r 3               BLT_BUSY          = BLT_STATUS_BUSY
000000r 3               .endif
000000r 3               .ifndef BLT_OK
000000r 3               BLT_OK            = BLT_STATUS_OK
000000r 3               .endif
000000r 3               .ifndef BLT_ERR_BADCMD
000000r 3               BLT_ERR_BADCMD    = $01
000000r 3               .endif
000000r 3               .ifndef BLT_ERR_BADSPACE
000000r 3               BLT_ERR_BADSPACE  = $02
000000r 3               .endif
000000r 3               .ifndef BLT_ERR_RANGE
000000r 3               BLT_ERR_RANGE     = $03
000000r 3               .endif
000000r 3               .ifndef BLT_ERR_BADARGS
000000r 3               BLT_ERR_BADARGS   = $04
000000r 3               .endif
000000r 3               .ifndef BLT_ERR_WRITEPROT
000000r 3               BLT_ERR_WRITEPROT = $05
000000r 3               .endif
000000r 3               .ifndef BLT_MODE_FILL
000000r 3               BLT_MODE_FILL     = $01
000000r 3               .endif
000000r 3               .ifndef BLT_MODE_COLORKEY
000000r 3               BLT_MODE_COLORKEY = $02
000000r 3               .endif
000000r 3               .ifndef BLT_MODE_ROTATE
000000r 3               BLT_MODE_ROTATE   = $04
000000r 3               .endif
000000r 3               .ifndef BLT_SPACE_CPU
000000r 3               BLT_SPACE_CPU     = DMA_SPACE_CPU
000000r 3               .endif
000000r 3               .ifndef BLT_SPACE_VGC_CHAR
000000r 3               BLT_SPACE_VGC_CHAR = DMA_SPACE_VGC_CHAR
000000r 3               .endif
000000r 3               .ifndef BLT_SPACE_VGC_COLOR
000000r 3               BLT_SPACE_VGC_COLOR = DMA_SPACE_VGC_COLOR
000000r 3               .endif
000000r 3               .ifndef BLT_SPACE_VGC_GFX
000000r 3               BLT_SPACE_VGC_GFX = DMA_SPACE_VGC_GFX
000000r 3               .endif
000000r 3               .ifndef BLT_SPACE_VGC_SPRITE
000000r 3               BLT_SPACE_VGC_SPRITE = DMA_SPACE_VGC_SPRITE
000000r 3               .endif
000000r 3               .ifndef BLT_SPACE_XRAM
000000r 3               BLT_SPACE_XRAM    = DMA_SPACE_XRAM
000000r 3               .endif
000000r 3               .ifndef BLT_SPACE_VGC_TEXTATTR
000000r 3               BLT_SPACE_VGC_TEXTATTR = DMA_SPACE_VGC_TEXTATTR
000000r 3               .endif
000000r 3               
000000r 3               ; ---------------------------------------------------------------------
000000r 3               ; Board input ABI. The current FPGA build maps these to ULX3S buttons and DIP
000000r 3               ; switches. Values are active-high logical state, debounced by hardware.
000000r 3               ; ---------------------------------------------------------------------
000000r 3               .ifndef BOARD_INPUT_BUTTONS
000000r 3               BOARD_INPUT_BUTTONS = $BA9C
000000r 3               .endif
000000r 3               .ifndef BOARD_INPUT_SWITCHES
000000r 3               BOARD_INPUT_SWITCHES = $BA9D
000000r 3               .endif
000000r 3               .ifndef BOARD_INPUT_IRQ_ENABLE
000000r 3               BOARD_INPUT_IRQ_ENABLE = $BA9E
000000r 3               .endif
000000r 3               .ifndef BOARD_INPUT_IRQ_STATUS
000000r 3               BOARD_INPUT_IRQ_STATUS = $BA9F
000000r 3               .endif
000000r 3               .ifndef BOARD_INPUT_BUTTON_CHANGES
000000r 3               BOARD_INPUT_BUTTON_CHANGES = $BAA0
000000r 3               .endif
000000r 3               .ifndef BOARD_INPUT_SWITCH_CHANGES
000000r 3               BOARD_INPUT_SWITCH_CHANGES = $BAA1
000000r 3               .endif
000000r 3               .ifndef BOARD_BTN_PWR
000000r 3               BOARD_BTN_PWR    = $01
000000r 3               .endif
000000r 3               .ifndef BOARD_BTN_FIRE1
000000r 3               BOARD_BTN_FIRE1  = $02
000000r 3               .endif
000000r 3               .ifndef BOARD_BTN_FIRE2
000000r 3               BOARD_BTN_FIRE2  = $04
000000r 3               .endif
000000r 3               .ifndef BOARD_BTN_UP
000000r 3               BOARD_BTN_UP     = $08
000000r 3               .endif
000000r 3               .ifndef BOARD_BTN_DOWN
000000r 3               BOARD_BTN_DOWN   = $10
000000r 3               .endif
000000r 3               .ifndef BOARD_BTN_LEFT
000000r 3               BOARD_BTN_LEFT   = $20
000000r 3               .endif
000000r 3               .ifndef BOARD_BTN_RIGHT
000000r 3               BOARD_BTN_RIGHT  = $40
000000r 3               .endif
000000r 3               .ifndef BOARD_BTN_MASK
000000r 3               BOARD_BTN_MASK   = $7F
000000r 3               .endif
000000r 3               .ifndef BOARD_SW1
000000r 3               BOARD_SW1        = $01
000000r 3               .endif
000000r 3               .ifndef BOARD_SW2
000000r 3               BOARD_SW2        = $02
000000r 3               .endif
000000r 3               .ifndef BOARD_SW3
000000r 3               BOARD_SW3        = $04
000000r 3               .endif
000000r 3               .ifndef BOARD_SW4
000000r 3               BOARD_SW4        = $08
000000r 3               .endif
000000r 3               .ifndef BOARD_SW_MASK
000000r 3               BOARD_SW_MASK    = $0F
000000r 3               .endif
000000r 3               .ifndef BOARD_INPUT_IRQ_BUTTONS
000000r 3               BOARD_INPUT_IRQ_BUTTONS = $01
000000r 3               .endif
000000r 3               .ifndef BOARD_INPUT_IRQ_SWITCHES
000000r 3               BOARD_INPUT_IRQ_SWITCHES = $02
000000r 3               .endif
000000r 3               .ifndef BOARD_INPUT_IRQ_MASK
000000r 3               BOARD_INPUT_IRQ_MASK = $03
000000r 3               .endif
000000r 3               
000000r 3               ; ---------------------------------------------------------------------
000000r 3               ; USB HID diagnostics. These registers are currently implemented by the
000000r 3               ; ULX3S US2 low/full-speed USB HID host and read as zero in software-only hosts.
000000r 3               ; ---------------------------------------------------------------------
000000r 3               .ifndef USB_HID_STATUS
000000r 3               USB_HID_STATUS = $BAA3
000000r 3               .endif
000000r 3               .ifndef USB_HID_DEVICE_TYPE
000000r 3               USB_HID_DEVICE_TYPE = $BAA4
000000r 3               .endif
000000r 3               .ifndef USB_HID_LAST_SCAN
000000r 3               USB_HID_LAST_SCAN = $BAA5
000000r 3               .endif
000000r 3               .ifndef USB_HID_LAST_ASCII
000000r 3               USB_HID_LAST_ASCII = $BAA6
000000r 3               .endif
000000r 3               .ifndef USB_HID_REPORT_COUNT
000000r 3               USB_HID_REPORT_COUNT = $BAA7
000000r 3               .endif
000000r 3               .ifndef USB_HID_KEY_COUNT
000000r 3               USB_HID_KEY_COUNT = $BAA8
000000r 3               .endif
000000r 3               .ifndef USB_HID_CORE_STATUS
000000r 3               USB_HID_CORE_STATUS = $BAA9
000000r 3               .endif
000000r 3               .ifndef USB_HID_VID_L
000000r 3               USB_HID_VID_L = $BAAA
000000r 3               .endif
000000r 3               .ifndef USB_HID_VID_H
000000r 3               USB_HID_VID_H = $BAAB
000000r 3               .endif
000000r 3               .ifndef USB_HID_PID_L
000000r 3               USB_HID_PID_L = $BAAC
000000r 3               .endif
000000r 3               .ifndef USB_HID_PID_H
000000r 3               USB_HID_PID_H = $BAAD
000000r 3               .endif
000000r 3               .ifndef USB_HID_INTERFACE_CLASS
000000r 3               USB_HID_INTERFACE_CLASS = $BAAE
000000r 3               .endif
000000r 3               .ifndef USB_HID_INTERFACE_PROTOCOL
000000r 3               USB_HID_INTERFACE_PROTOCOL = $BAAF
000000r 3               .endif
000000r 3               .ifndef USB_HID_ST_RESET_RELEASED
000000r 3               USB_HID_ST_RESET_RELEASED = $01
000000r 3               .endif
000000r 3               .ifndef USB_HID_ST_DM_HIGH
000000r 3               USB_HID_ST_DM_HIGH = $02
000000r 3               .endif
000000r 3               .ifndef USB_HID_ST_DP_HIGH
000000r 3               USB_HID_ST_DP_HIGH = $04
000000r 3               .endif
000000r 3               .ifndef USB_HID_ST_DEVICE_PRESENT
000000r 3               USB_HID_ST_DEVICE_PRESENT = $08
000000r 3               .endif
000000r 3               .ifndef USB_HID_ST_KEYBOARD_PRESENT
000000r 3               USB_HID_ST_KEYBOARD_PRESENT = $10
000000r 3               .endif
000000r 3               .ifndef USB_HID_ST_REPORT_SEEN
000000r 3               USB_HID_ST_REPORT_SEEN = $20
000000r 3               .endif
000000r 3               .ifndef USB_HID_ST_KEY_SEEN
000000r 3               USB_HID_ST_KEY_SEEN = $40
000000r 3               .endif
000000r 3               .ifndef USB_HID_ST_ERROR
000000r 3               USB_HID_ST_ERROR = $80
000000r 3               .endif
000000r 3               .ifndef USB_HID_CORE_BUSY
000000r 3               USB_HID_CORE_BUSY = $01
000000r 3               .endif
000000r 3               .ifndef USB_HID_CORE_ENDPOINT_MASK
000000r 3               USB_HID_CORE_ENDPOINT_MASK = $0E
000000r 3               .endif
000000r 3               .ifndef USB_HID_CORE_ENDPOINT_SHIFT
000000r 3               USB_HID_CORE_ENDPOINT_SHIFT = 1
000000r 3               .endif
000000r 3               .ifndef USB_HID_CORE_FULL_SPEED
000000r 3               USB_HID_CORE_FULL_SPEED = $10
000000r 3               .endif
000000r 3               .ifndef USB_HID_CORE_CONNECTED
000000r 3               USB_HID_CORE_CONNECTED = $20
000000r 3               .endif
000000r 3               .ifndef USB_HID_CORE_NAK
000000r 3               USB_HID_CORE_NAK = $40
000000r 3               .endif
000000r 3               .ifndef USB_HID_CORE_STALL
000000r 3               USB_HID_CORE_STALL = $80
000000r 3               .endif
000000r 3               
000000r 3               .endif
000000r 3               
000000r 2               
000000r 2               VGC_RESULT_OK    = $00
000000r 2               VGC_RESULT_ERROR = $01
000000r 2               
000000r 2               .endif
000000r 2               
000000r 1                     .include "copper.inc"
000000r 2               ; Shared Nova copper helper declarations.
000000r 2               
000000r 2               .ifndef COPPER_INC_INCLUDED
000000r 2               COPPER_INC_INCLUDED = 1
000000r 2               
000000r 2               .include "vgc.inc"
000000r 3               ; Shared Nova VGC helper declarations.
000000r 3               ;
000000r 3               ; The command helpers use the VGC hardware parameter registers directly:
000000r 3               ; callers load VGC_P0..VGC_P14 as needed, then call a vgc_* routine.
000000r 3               ; Routines return through the hardware status model; command completion can be
000000r 3               ; checked with vgc_wait_cmd when the caller needs a synchronous operation.
000000r 3               
000000r 3               .ifndef VGC_INC_INCLUDED
000000r 3               VGC_INC_INCLUDED = 1
000000r 3               
000000r 3               .include "nova.inc"
000000r 3               
000000r 3               VGC_RESULT_OK    = $00
000000r 3               VGC_RESULT_ERROR = $01
000000r 3               
000000r 3               .endif
000000r 3               
000000r 2               
000000r 2               COPPER_RESULT_OK    = $00
000000r 2               COPPER_RESULT_ERROR = $01
000000r 2               
000000r 2               COPPER_REG_MODE     = $00
000000r 2               COPPER_REG_BGCOL    = $01
000000r 2               COPPER_REG_SCROLLX  = $05
000000r 2               COPPER_REG_SCROLLY  = $06
000000r 2               
000000r 2               .endif
000000r 2               
000000r 1                     .include "copper_split.inc"
000000r 2               ; Shared Nova copper split helper declarations.
000000r 2               
000000r 2               .ifndef COPPER_SPLIT_INC_INCLUDED
000000r 2               COPPER_SPLIT_INC_INCLUDED = 1
000000r 2               
000000r 2               .include "copper.inc"
000000r 3               ; Shared Nova copper helper declarations.
000000r 3               
000000r 3               .ifndef COPPER_INC_INCLUDED
000000r 3               COPPER_INC_INCLUDED = 1
000000r 3               
000000r 3               .include "vgc.inc"
000000r 3               
000000r 3               COPPER_RESULT_OK    = $00
000000r 3               COPPER_RESULT_ERROR = $01
000000r 3               
000000r 3               COPPER_REG_MODE     = $00
000000r 3               COPPER_REG_BGCOL    = $01
000000r 3               COPPER_REG_SCROLLX  = $05
000000r 3               COPPER_REG_SCROLLY  = $06
000000r 3               
000000r 3               .endif
000000r 3               
000000r 2               .include "vgc.inc"
000000r 3               ; Shared Nova VGC helper declarations.
000000r 3               ;
000000r 3               ; The command helpers use the VGC hardware parameter registers directly:
000000r 3               ; callers load VGC_P0..VGC_P14 as needed, then call a vgc_* routine.
000000r 3               ; Routines return through the hardware status model; command completion can be
000000r 3               ; checked with vgc_wait_cmd when the caller needs a synchronous operation.
000000r 3               
000000r 3               .ifndef VGC_INC_INCLUDED
000000r 3               VGC_INC_INCLUDED = 1
000000r 3               
000000r 3               .include "nova.inc"
000000r 3               
000000r 3               VGC_RESULT_OK    = $00
000000r 3               VGC_RESULT_ERROR = $01
000000r 3               
000000r 3               .endif
000000r 3               
000000r 2               
000000r 2               COPPER_SPLIT_RESULT_OK    = COPPER_RESULT_OK
000000r 2               COPPER_SPLIT_RESULT_ERROR = COPPER_RESULT_ERROR
000000r 2               
000000r 2               ; @label COPPER.SPLIT_MODE
000000r 2               ; @kind routine
000000r 2               ; @symbol copper_split_mode
000000r 2               ; @summary Configure one copper list to switch VGC mode at a scanline.
000000r 2               ; @requires VGC_P0 VGC_P1 VGC_P2 VGC_P3
000000r 2               ; @in VGC_P0: Copper list index.
000000r 2               ; @in VGC_P1: Split scanline Y.
000000r 2               ; @in VGC_P2: Mode from scanline 0 up to split Y-1.
000000r 2               ; @in VGC_P3: Mode from split Y onward.
000000r 2               .global copper_split_mode
000000r 2               
000000r 2               .endif
000000r 2               
000000r 1                     .include "vsprite.inc"
000000r 2               ; Shared Nova virtual-sprite helper declarations.
000000r 2               ;
000000r 2               ; A virtual sprite is a caller-owned rectangular pixel stamp copied by the
000000r 2               ; blitter into a VGC memory space. Unlike hardware sprites, the count is limited
000000r 2               ; by memory and redraw cost rather than VGC sprite registers.
000000r 2               ;
000000r 2               ; Transparency is split into two explicit layers:
000000r 2               ; - VSPRITE_COLORKEY controls which source byte VSPRITE.BLIT skips.
000000r 2               ; - VGC_GFXTRANS controls which color in the VGC graphics plane is transparent
000000r 2               ;   during final display composition.
000000r 2               ;
000000r 2               ; The default for both is 0. If a runtime needs visible black graphics-plane
000000r 2               ; pixels, choose another unused color as the transparent color, store it in
000000r 2               ; VGC_GFXTRANS, write that value into transparent source pixels, and set
000000r 2               ; VSPRITE_COLORKEY to the same value before a color-keyed blit.
000000r 2               ;
000000r 2               ; For moving objects, use the graphics-plane saved-background helpers in the
000000r 2               ; same style as an Amiga BOB:
000000r 2               ; 1. Set VSPRITE.X/Y, VSPRITE.WIDTH/HEIGHT, and VSPRITE.BG* to caller-owned RAM.
000000r 2               ; 2. Call VSPRITE.GFX_SAVE_BG before drawing the object.
000000r 2               ; 3. Draw with VSPRITE.GFX_BLIT.
000000r 2               ; 4. Before the next frame, call VSPRITE.GFX_RESTORE_BG at the saved X/Y, move
000000r 2               ;    the object, save the new background, and draw again.
000000r 2               ; Static objects that were not first drawn with a saved background must be
000000r 2               ; erased by the caller before entering this loop.
000000r 2               ;
000000r 2               ; For multiple moving virtual sprites, use the scene helpers instead of calling
000000r 2               ; the single-sprite save/restore loop for each object. A scene descriptor list
000000r 2               ; restores every old background first, lets the caller update positions, saves
000000r 2               ; every new background from the clean playfield, then draws the list in order.
000000r 2               ; List order is z-order: later descriptors draw in front of earlier ones.
000000r 2               ;
000000r 2               ; For scenes where multiple virtual sprites overlap or cross paths, use
000000r 2               ; VSPRITE.SCENE_COMMIT_ATOMIC. The caller supplies a dirty graphics rectangle
000000r 2               ; and a work buffer. The helper composes the clean old backgrounds and new
000000r 2               ; sprites into that offscreen buffer, then copies the completed rectangle to
000000r 2               ; the graphics plane as one visible blit. For a truly atomic visual update, the
000000r 2               ; final dirty rectangle must be small enough to fit in one vblank window.
000000r 2               ;
000000r 2               ; For in-place rotated virtual sprites on the transparent graphics plane, use
000000r 2               ; VSPRITE.GFX_ROTATE_BLIT. It rotates into VSPRITE.ROT* offscreen, then copies
000000r 2               ; the full rotated rectangle to graphics memory in one blit so old pixels are
000000r 2               ; cleared without a separate visible erase.
000000r 2               
000000r 2               .ifndef VSPRITE_INC_INCLUDED
000000r 2               VSPRITE_INC_INCLUDED = 1
000000r 2               
000000r 2               .include "blitter.inc"
000000r 3               ; Shared Nova blitter helper declarations.
000000r 3               
000000r 3               .ifndef BLITTER_INC_INCLUDED
000000r 3               BLITTER_INC_INCLUDED = 1
000000r 3               
000000r 3               .include "nova.inc"
000000r 4               ; Shared Nova hardware constants for BASIC, assembly, and runtime libraries.
000000r 4               ;
000000r 4               ; This include is deliberately guarded per symbol so it can coexist with older
000000r 4               ; source files that still define a subset of these names locally.
000000r 4               
000000r 4               .ifndef NOVA_INC_INCLUDED
000000r 4               NOVA_INC_INCLUDED = 1
000000r 4               
000000r 4               ; Nova pseudo-register mailbox. These bytes are available to callers and
000000r 4               ; runtime helpers as ephemeral argument/scratch storage only. A routine may
000000r 4               ; clobber them unless its documentation explicitly says otherwise; persistent
000000r 4               ; library state must be allocated in a linker segment such as BSS/ZEROPAGE.
000000r 4               .ifndef NVR0L
000000r 4               NVR0L             = $20
000000r 4               .endif
000000r 4               .ifndef NVR0H
000000r 4               NVR0H             = $21
000000r 4               .endif
000000r 4               .ifndef NVR1L
000000r 4               NVR1L             = $22
000000r 4               .endif
000000r 4               .ifndef NVR1H
000000r 4               NVR1H             = $23
000000r 4               .endif
000000r 4               .ifndef NVR2L
000000r 4               NVR2L             = $24
000000r 4               .endif
000000r 4               .ifndef NVR2H
000000r 4               NVR2H             = $25
000000r 4               .endif
000000r 4               .ifndef NVR3L
000000r 4               NVR3L             = $26
000000r 4               .endif
000000r 4               .ifndef NVR3H
000000r 4               NVR3H             = $27
000000r 4               .endif
000000r 4               .ifndef NVR4L
000000r 4               NVR4L             = $28
000000r 4               .endif
000000r 4               .ifndef NVR4H
000000r 4               NVR4H             = $29
000000r 4               .endif
000000r 4               .ifndef NVR5L
000000r 4               NVR5L             = $2A
000000r 4               .endif
000000r 4               .ifndef NVR5H
000000r 4               NVR5H             = $2B
000000r 4               .endif
000000r 4               .ifndef NVR6L
000000r 4               NVR6L             = $2C
000000r 4               .endif
000000r 4               .ifndef NVR6H
000000r 4               NVR6H             = $2D
000000r 4               .endif
000000r 4               .ifndef NVR7L
000000r 4               NVR7L             = $2E
000000r 4               .endif
000000r 4               .ifndef NVR7H
000000r 4               NVR7H             = $2F
000000r 4               .endif
000000r 4               
000000r 4               ; BASIC SYS register bridge. SYS addr[,A[,X[,Y]]] loads A/X/Y from these
000000r 4               ; bytes before jumping and stores A/X/Y back here when the routine returns.
000000r 4               ; @label SYS.REGA
000000r 4               ; @kind u8
000000r 4               ; @symbol SYS_REGA
000000r 4               ; @summary Returned A register from the most recent SYS call.
000000r 4               .ifndef SYS_REGA
000000r 4               SYS_REGA          = $E7
000000r 4               .endif
000000r 4               ; @label SYS.REGX
000000r 4               ; @kind u8
000000r 4               ; @symbol SYS_REGX
000000r 4               ; @summary Returned X register from the most recent SYS call.
000000r 4               .ifndef SYS_REGX
000000r 4               SYS_REGX          = $E8
000000r 4               .endif
000000r 4               ; @label SYS.REGY
000000r 4               ; @kind u8
000000r 4               ; @symbol SYS_REGY
000000r 4               ; @summary Returned Y register from the most recent SYS call.
000000r 4               .ifndef SYS_REGY
000000r 4               SYS_REGY          = $E9
000000r 4               .endif
000000r 4               
000000r 4               ; Extension ROM argument mailbox used by small BASIC stubs that parse
000000r 4               ; BASIC-owned data before calling an extension handler.
000000r 4               .ifndef EXT_ARG_LEN
000000r 4               EXT_ARG_LEN       = $EA
000000r 4               .endif
000000r 4               .ifndef EXT_ARG_PTRL
000000r 4               EXT_ARG_PTRL      = $EB
000000r 4               .endif
000000r 4               .ifndef EXT_ARG_PTRH
000000r 4               EXT_ARG_PTRH      = $EC
000000r 4               .endif
000000r 4               
000000r 4               .ifndef NOVA_SCREEN_COLS
000000r 4               NOVA_SCREEN_COLS  = 80
000000r 4               .endif
000000r 4               .ifndef NOVA_SCREEN_ROWS
000000r 4               NOVA_SCREEN_ROWS  = 50
000000r 4               .endif
000000r 4               .ifndef NOVA_SCREEN_SIZE
000000r 4               NOVA_SCREEN_SIZE  = NOVA_SCREEN_COLS * NOVA_SCREEN_ROWS
000000r 4               .endif
000000r 4               
000000r 4               ; ---------------------------------------------------------------------
000000r 4               ; 6502 hardware vectors.
000000r 4               ; ---------------------------------------------------------------------
000000r 4               .ifndef CPU_NMI_VECTOR
000000r 4               CPU_NMI_VECTOR    = $FFFA
000000r 4               .endif
000000r 4               .ifndef CPU_RESET_VECTOR
000000r 4               CPU_RESET_VECTOR  = $FFFC
000000r 4               .endif
000000r 4               .ifndef CPU_IRQ_VECTOR
000000r 4               CPU_IRQ_VECTOR    = $FFFE
000000r 4               .endif
000000r 4               
000000r 4               ; ---------------------------------------------------------------------
000000r 4               ; VGC core and text/VRAM port registers.
000000r 4               ; ---------------------------------------------------------------------
000000r 4               .ifndef VGC_MODE
000000r 4               VGC_MODE          = $A000
000000r 4               .endif
000000r 4               .ifndef VGC_BGCOL
000000r 4               VGC_BGCOL         = $A001
000000r 4               .endif
000000r 4               .ifndef VGC_FGCOL
000000r 4               VGC_FGCOL         = $A002
000000r 4               .endif
000000r 4               .ifndef VGC_CURSX
000000r 4               VGC_CURSX         = $A003
000000r 4               .endif
000000r 4               .ifndef VGC_CURSY
000000r 4               VGC_CURSY         = $A004
000000r 4               .endif
000000r 4               .ifndef VGC_SCROLLX
000000r 4               VGC_SCROLLX       = $A005
000000r 4               .endif
000000r 4               .ifndef VGC_SCROLLY
000000r 4               VGC_SCROLLY       = $A006
000000r 4               .endif
000000r 4               .ifndef VGC_FONT
000000r 4               VGC_FONT          = $A007
000000r 4               .endif
000000r 4               .ifndef VGC_FRAME
000000r 4               VGC_FRAME         = $A008
000000r 4               .endif
000000r 4               .ifndef VGC_STATUS
000000r 4               VGC_STATUS        = $A008
000000r 4               .endif
000000r 4               .ifndef VGC_SPRCOUNT
000000r 4               VGC_SPRCOUNT      = $A009
000000r 4               .endif
000000r 4               .ifndef VGC_CURSEN
000000r 4               VGC_CURSEN        = $A00A
000000r 4               .endif
000000r 4               .ifndef VGC_COLLST
000000r 4               VGC_COLLST        = $A00B
000000r 4               .endif
000000r 4               .ifndef VGC_COLLBG
000000r 4               VGC_COLLBG        = $A00C
000000r 4               .endif
000000r 4               .ifndef VGC_COLLST_HI
000000r 4               VGC_COLLST_HI     = $A0EB
000000r 4               .endif
000000r 4               .ifndef VGC_COLLBG_HI
000000r 4               VGC_COLLBG_HI     = $A0EC
000000r 4               .endif
000000r 4               .ifndef VGC_BORDER
000000r 4               VGC_BORDER        = $A00D
000000r 4               .endif
000000r 4               .ifndef VGC_CHAROUT
000000r 4               VGC_CHAROUT       = $A00E
000000r 4               .endif
000000r 4               .ifndef VGC_CHARIN
000000r 4               VGC_CHARIN        = $A00F
000000r 4               .endif
000000r 4               
000000r 4               .ifndef VGC_CMD
000000r 4               VGC_CMD           = $A010
000000r 4               .endif
000000r 4               .ifndef VGC_P0
000000r 4               VGC_P0            = $A011
000000r 4               .endif
000000r 4               .ifndef VGC_P1
000000r 4               VGC_P1            = $A012
000000r 4               .endif
000000r 4               .ifndef VGC_P2
000000r 4               VGC_P2            = $A013
000000r 4               .endif
000000r 4               .ifndef VGC_P3
000000r 4               VGC_P3            = $A014
000000r 4               .endif
000000r 4               .ifndef VGC_P4
000000r 4               VGC_P4            = $A015
000000r 4               .endif
000000r 4               .ifndef VGC_P5
000000r 4               VGC_P5            = $A016
000000r 4               .endif
000000r 4               .ifndef VGC_P6
000000r 4               VGC_P6            = $A017
000000r 4               .endif
000000r 4               .ifndef VGC_P7
000000r 4               VGC_P7            = $A018
000000r 4               .endif
000000r 4               .ifndef VGC_P8
000000r 4               VGC_P8            = $A019
000000r 4               .endif
000000r 4               .ifndef VGC_P9
000000r 4               VGC_P9            = $A01A
000000r 4               .endif
000000r 4               .ifndef VGC_P10
000000r 4               VGC_P10           = $A01B
000000r 4               .endif
000000r 4               .ifndef VGC_P11
000000r 4               VGC_P11           = $A01C
000000r 4               .endif
000000r 4               .ifndef VGC_P12
000000r 4               VGC_P12           = $A01D
000000r 4               .endif
000000r 4               .ifndef VGC_P13
000000r 4               VGC_P13           = $A01E
000000r 4               .endif
000000r 4               .ifndef VGC_P14
000000r 4               VGC_P14           = $A01F
000000r 4               .endif
000000r 4               
000000r 4               .ifndef REG_HELP
000000r 4               REG_HELP          = $A020
000000r 4               .endif
000000r 4               .ifndef HELP_BUF
000000r 4               HELP_BUF          = $A021
000000r 4               .endif
000000r 4               .ifndef REG_ROMSWAP
000000r 4               REG_ROMSWAP       = $A03F
000000r 4               .endif
000000r 4               .ifndef ROMSWAP_NCC
000000r 4               ROMSWAP_NCC       = $01
000000r 4               .endif
000000r 4               .ifndef ROMSWAP_BASIC
000000r 4               ROMSWAP_BASIC     = $02
000000r 4               .endif
000000r 4               .ifndef ROMSWAP_PRIMARY
000000r 4               ; @label ROMSWAP.PRIMARY
000000r 4               ; @kind const
000000r 4               ; @symbol ROMSWAP_PRIMARY
000000r 4               ; @summary Select the primary runtime ROM bank at $C000. At cold boot this is NovaBASIC; a RAM launcher may replace it with another runtime first.
000000r 4               ROMSWAP_PRIMARY   = ROMSWAP_BASIC
000000r 4               .endif
000000r 4               .ifndef ROMSWAP_NCCEDIT
000000r 4               ROMSWAP_NCCEDIT   = $03
000000r 4               .endif
000000r 4               .ifndef ROMSWAP_EXTENSION
000000r 4               ROMSWAP_EXTENSION = $04
000000r 4               .endif
000000r 4               .ifndef ROMSWAP_LOGO
000000r 4               ROMSWAP_LOGO      = $05
000000r 4               .endif
000000r 4               
000000r 4               .ifndef VGC_SPR_BASE
000000r 4               VGC_SPR_BASE      = $A040
000000r 4               .endif
000000r 4               .ifndef VGC_SPR_STRIDE
000000r 4               VGC_SPR_STRIDE    = $08
000000r 4               .endif
000000r 4               .ifndef VGC_MAX_SPRITES
000000r 4               VGC_MAX_SPRITES   = $10
000000r 4               .endif
000000r 4               .ifndef VGC_SPR_XL_OFF
000000r 4               VGC_SPR_XL_OFF    = $00
000000r 4               .endif
000000r 4               .ifndef VGC_SPR_XH_OFF
000000r 4               VGC_SPR_XH_OFF    = $01
000000r 4               .endif
000000r 4               .ifndef VGC_SPR_YL_OFF
000000r 4               VGC_SPR_YL_OFF    = $02
000000r 4               .endif
000000r 4               .ifndef VGC_SPR_YH_OFF
000000r 4               VGC_SPR_YH_OFF    = $03
000000r 4               .endif
000000r 4               .ifndef VGC_SPR_SHAPE_OFF
000000r 4               VGC_SPR_SHAPE_OFF = $04
000000r 4               .endif
000000r 4               .ifndef VGC_SPR_FLAGS_OFF
000000r 4               VGC_SPR_FLAGS_OFF = $05
000000r 4               .endif
000000r 4               .ifndef VGC_SPR_PRI_OFF
000000r 4               VGC_SPR_PRI_OFF   = $06
000000r 4               .endif
000000r 4               .ifndef VGC_SPR_TRANS_OFF
000000r 4               VGC_SPR_TRANS_OFF = $07
000000r 4               .endif
000000r 4               .ifndef VGC_SPR_XL
000000r 4               VGC_SPR_XL        = VGC_SPR_BASE + VGC_SPR_XL_OFF
000000r 4               .endif
000000r 4               .ifndef VGC_SPR_XH
000000r 4               VGC_SPR_XH        = VGC_SPR_BASE + VGC_SPR_XH_OFF
000000r 4               .endif
000000r 4               .ifndef VGC_SPR_YL
000000r 4               VGC_SPR_YL        = VGC_SPR_BASE + VGC_SPR_YL_OFF
000000r 4               .endif
000000r 4               .ifndef VGC_SPR_YH
000000r 4               VGC_SPR_YH        = VGC_SPR_BASE + VGC_SPR_YH_OFF
000000r 4               .endif
000000r 4               .ifndef VGC_SPR_SHAPE
000000r 4               VGC_SPR_SHAPE     = VGC_SPR_BASE + VGC_SPR_SHAPE_OFF
000000r 4               .endif
000000r 4               .ifndef VGC_SPR_FLAGS
000000r 4               VGC_SPR_FLAGS     = VGC_SPR_BASE + VGC_SPR_FLAGS_OFF
000000r 4               .endif
000000r 4               .ifndef VGC_SPR_PRI
000000r 4               VGC_SPR_PRI       = VGC_SPR_BASE + VGC_SPR_PRI_OFF
000000r 4               .endif
000000r 4               .ifndef VGC_SPR_TRANS
000000r 4               VGC_SPR_TRANS     = VGC_SPR_BASE + VGC_SPR_TRANS_OFF
000000r 4               .endif
000000r 4               .ifndef VGC_SPR_FLAG_XFLIP
000000r 4               VGC_SPR_FLAG_XFLIP = $01
000000r 4               .endif
000000r 4               .ifndef VGC_SPR_FLAG_YFLIP
000000r 4               VGC_SPR_FLAG_YFLIP = $02
000000r 4               .endif
000000r 4               .ifndef VGC_SPR_FLAG_FLIPMASK
000000r 4               VGC_SPR_FLAG_FLIPMASK = $03
000000r 4               .endif
000000r 4               .ifndef VGC_SPR_FLAG_ENABLE
000000r 4               VGC_SPR_FLAG_ENABLE = $80
000000r 4               .endif
000000r 4               .ifndef VGC_SPR_PRI_BEHIND
000000r 4               VGC_SPR_PRI_BEHIND = $00
000000r 4               .endif
000000r 4               .ifndef VGC_SPR_PRI_BETWEEN
000000r 4               VGC_SPR_PRI_BETWEEN = $01
000000r 4               .endif
000000r 4               .ifndef VGC_SPR_PRI_FRONT
000000r 4               VGC_SPR_PRI_FRONT = $02
000000r 4               .endif
000000r 4               
000000r 4               .ifndef VGC_VRAM_PLANE
000000r 4               VGC_VRAM_PLANE    = $A0E0
000000r 4               .endif
000000r 4               .ifndef VGC_VRAM_ADDRL
000000r 4               VGC_VRAM_ADDRL    = $A0E1
000000r 4               .endif
000000r 4               .ifndef VGC_VRAM_ADDRH
000000r 4               VGC_VRAM_ADDRH    = $A0E2
000000r 4               .endif
000000r 4               .ifndef VGC_VRAM_DATA
000000r 4               VGC_VRAM_DATA     = $A0E3
000000r 4               .endif
000000r 4               .ifndef VGC_VRAM_CTRL
000000r 4               VGC_VRAM_CTRL     = $A0E4
000000r 4               .endif
000000r 4               .ifndef VGC_DIMMER
000000r 4               VGC_DIMMER        = $A0E5
000000r 4               .endif
000000r 4               .ifndef VGC_TXTFLAGS
000000r 4               VGC_TXTFLAGS      = $A0E6
000000r 4               .endif
000000r 4               .ifndef VGC_TXTREVATTR
000000r 4               VGC_TXTREVATTR    = $A0E7
000000r 4               .endif
000000r 4               ; @label VGC.GFXTRANS
000000r 4               ; @kind const
000000r 4               ; @symbol VGC_GFXTRANS
000000r 4               ; @summary Graphics-plane transparent color register. Defaults to 0; set to another palette index when graphics code needs visible palette-0 black pixels.
000000r 4               .ifndef VGC_GFXTRANS
000000r 4               VGC_GFXTRANS      = $A0E8
000000r 4               .endif
000000r 4               .ifndef VGC_PALETTE
000000r 4               VGC_PALETTE       = $A0E9
000000r 4               .endif
000000r 4               .ifndef VGC_SCROLLCTL
000000r 4               VGC_SCROLLCTL     = $A0EA
000000r 4               .endif
000000r 4               .ifndef VGC_SCROLLCTL_XHI
000000r 4               VGC_SCROLLCTL_XHI = $01
000000r 4               .endif
000000r 4               .ifndef VGC_SCROLLCTL_GFX
000000r 4               VGC_SCROLLCTL_GFX = $02
000000r 4               .endif
000000r 4               .ifndef VGC_SCROLLCTL_TEXT
000000r 4               VGC_SCROLLCTL_TEXT = $04
000000r 4               .endif
000000r 4               
000000r 4               .ifndef VGC_VPLANE
000000r 4               VGC_VPLANE        = VGC_VRAM_PLANE
000000r 4               .endif
000000r 4               .ifndef VGC_VADDRL
000000r 4               VGC_VADDRL        = VGC_VRAM_ADDRL
000000r 4               .endif
000000r 4               .ifndef VGC_VADDRH
000000r 4               VGC_VADDRH        = VGC_VRAM_ADDRH
000000r 4               .endif
000000r 4               .ifndef VGC_VDATA
000000r 4               VGC_VDATA         = VGC_VRAM_DATA
000000r 4               .endif
000000r 4               .ifndef VGC_VCTRL
000000r 4               VGC_VCTRL         = VGC_VRAM_CTRL
000000r 4               .endif
000000r 4               
000000r 4               .ifndef VGC_PLANE_CHAR
000000r 4               VGC_PLANE_CHAR    = $01
000000r 4               .endif
000000r 4               .ifndef VGC_PLANE_COLOR
000000r 4               VGC_PLANE_COLOR   = $02
000000r 4               .endif
000000r 4               .ifndef VGC_PLANE_GFX
000000r 4               VGC_PLANE_GFX     = $03
000000r 4               .endif
000000r 4               .ifndef VGC_PLANE_SPRITE
000000r 4               VGC_PLANE_SPRITE  = $04
000000r 4               .endif
000000r 4               .ifndef VGC_PLANE_TEXTATTR
000000r 4               VGC_PLANE_TEXTATTR = $07
000000r 4               .endif
000000r 4               .ifndef VGC_VRAM_AUTOINC
000000r 4               VGC_VRAM_AUTOINC  = $01
000000r 4               .endif
000000r 4               
000000r 4               .ifndef VTXT_REV
000000r 4               VTXT_REV          = $01
000000r 4               .endif
000000r 4               .ifndef VTXT_REVEX
000000r 4               VTXT_REVEX        = $02
000000r 4               .endif
000000r 4               .ifndef VTXT_FLASH
000000r 4               VTXT_FLASH        = $04
000000r 4               .endif
000000r 4               .ifndef VTXT_ATTR_FLASH
000000r 4               VTXT_ATTR_FLASH   = $01
000000r 4               .endif
000000r 4               
000000r 4               ; VGC IRQ and command constants.
000000r 4               .ifndef VGC_IRQ_ENABLE
000000r 4               VGC_IRQ_ENABLE    = $A0F0
000000r 4               .endif
000000r 4               .ifndef VGC_IRQ_STATUS
000000r 4               VGC_IRQ_STATUS    = $A0F1
000000r 4               .endif
000000r 4               .ifndef VGC_IRQ_FORCE
000000r 4               VGC_IRQ_FORCE     = $A0F2
000000r 4               .endif
000000r 4               .ifndef VGC_IRQ_VALID
000000r 4               VGC_IRQ_VALID     = $A0F3
000000r 4               .endif
000000r 4               .ifndef VGC_IRQ_VBLANK
000000r 4               VGC_IRQ_VBLANK    = $01
000000r 4               .endif
000000r 4               .ifndef VGC_IRQ_COPPER0
000000r 4               VGC_IRQ_COPPER0   = $02
000000r 4               .endif
000000r 4               .ifndef VGC_IRQ_SPRCOLL
000000r 4               VGC_IRQ_SPRCOLL   = $20
000000r 4               .endif
000000r 4               .ifndef VGC_IRQ_SPRBG
000000r 4               VGC_IRQ_SPRBG     = $40
000000r 4               .endif
000000r 4               
000000r 4               .ifndef VCMD_PLOT
000000r 4               VCMD_PLOT         = $01
000000r 4               .endif
000000r 4               .ifndef VCMD_UNPLOT
000000r 4               VCMD_UNPLOT       = $02
000000r 4               .endif
000000r 4               .ifndef VCMD_LINE
000000r 4               VCMD_LINE         = $03
000000r 4               .endif
000000r 4               .ifndef VCMD_CIRCLE
000000r 4               VCMD_CIRCLE       = $04
000000r 4               .endif
000000r 4               .ifndef VCMD_RECT
000000r 4               VCMD_RECT         = $05
000000r 4               .endif
000000r 4               .ifndef VCMD_FILL
000000r 4               VCMD_FILL         = $06
000000r 4               .endif
000000r 4               .ifndef VCMD_GCLS
000000r 4               VCMD_GCLS         = $07
000000r 4               .endif
000000r 4               .ifndef VCMD_GCOLOR
000000r 4               VCMD_GCOLOR       = $08
000000r 4               .endif
000000r 4               .ifndef VCMD_PAINT
000000r 4               VCMD_PAINT        = $09
000000r 4               .endif
000000r 4               .ifndef VCMD_GTEXT
000000r 4               VCMD_GTEXT        = $0A
000000r 4               .endif
000000r 4               .ifndef VCMD_SPRDEF
000000r 4               VCMD_SPRDEF       = $10
000000r 4               .endif
000000r 4               .ifndef VCMD_SPRROW
000000r 4               VCMD_SPRROW       = $11
000000r 4               .endif
000000r 4               .ifndef VCMD_SPRCLR
000000r 4               VCMD_SPRCLR       = $12
000000r 4               .endif
000000r 4               .ifndef VCMD_SPRCOPY
000000r 4               VCMD_SPRCOPY      = $13
000000r 4               .endif
000000r 4               .ifndef VCMD_SPRPOS
000000r 4               VCMD_SPRPOS       = $14
000000r 4               .endif
000000r 4               .ifndef VCMD_SPRENA
000000r 4               VCMD_SPRENA       = $15
000000r 4               .endif
000000r 4               .ifndef VCMD_SPRDIS
000000r 4               VCMD_SPRDIS       = $16
000000r 4               .endif
000000r 4               .ifndef VCMD_SPRFLIP
000000r 4               VCMD_SPRFLIP      = $17
000000r 4               .endif
000000r 4               .ifndef VCMD_SPRPRI
000000r 4               VCMD_SPRPRI       = $18
000000r 4               .endif
000000r 4               .ifndef VCMD_MEMREAD
000000r 4               VCMD_MEMREAD      = $19
000000r 4               .endif
000000r 4               .ifndef VCMD_MEMWRITE
000000r 4               VCMD_MEMWRITE     = $1A
000000r 4               .endif
000000r 4               .ifndef VCMD_COPPERADD
000000r 4               VCMD_COPPERADD    = $1B
000000r 4               .endif
000000r 4               .ifndef VCMD_COPPERCLR
000000r 4               VCMD_COPPERCLR    = $1C
000000r 4               .endif
000000r 4               .ifndef VCMD_COPPERENA
000000r 4               VCMD_COPPERENA    = $1D
000000r 4               .endif
000000r 4               .ifndef VCMD_COPPERDIS
000000r 4               VCMD_COPPERDIS    = $1E
000000r 4               .endif
000000r 4               .ifndef VCMD_SYSRESET
000000r 4               VCMD_SYSRESET     = $1F
000000r 4               .endif
000000r 4               .ifndef VCMD_COPPERLIST
000000r 4               VCMD_COPPERLIST   = $20
000000r 4               .endif
000000r 4               .ifndef VCMD_COPPERUSE
000000r 4               VCMD_COPPERUSE    = $21
000000r 4               .endif
000000r 4               .ifndef VCMD_COPPEREND
000000r 4               VCMD_COPPEREND    = $22
000000r 4               .endif
000000r 4               
000000r 4               ; ---------------------------------------------------------------------
000000r 4               ; NIC network interface controller.
000000r 4               ; ---------------------------------------------------------------------
000000r 4               .ifndef NIC_CMD
000000r 4               NIC_CMD           = $A100
000000r 4               .endif
000000r 4               .ifndef NIC_STATUS
000000r 4               NIC_STATUS        = $A101
000000r 4               .endif
000000r 4               .ifndef NIC_SLOT
000000r 4               NIC_SLOT          = $A102
000000r 4               .endif
000000r 4               .ifndef NIC_IRQCTRL
000000r 4               NIC_IRQCTRL       = $A103
000000r 4               .endif
000000r 4               .ifndef NIC_IRQSTATUS
000000r 4               NIC_IRQSTATUS     = $A104
000000r 4               .endif
000000r 4               .ifndef NIC_CMDSEQ
000000r 4               NIC_CMDSEQ        = $A105
000000r 4               .endif
000000r 4               .ifndef NIC_CMDSHADOW
000000r 4               NIC_CMDSHADOW     = $A106
000000r 4               .endif
000000r 4               .ifndef NIC_HOSTCTRL
000000r 4               NIC_HOSTCTRL      = $A107
000000r 4               .endif
000000r 4               .ifndef NIC_RPORTL
000000r 4               NIC_RPORTL        = $A108
000000r 4               .endif
000000r 4               .ifndef NIC_RPORTH
000000r 4               NIC_RPORTH        = $A109
000000r 4               .endif
000000r 4               .ifndef NIC_LPORTL
000000r 4               NIC_LPORTL        = $A10A
000000r 4               .endif
000000r 4               .ifndef NIC_LPORTH
000000r 4               NIC_LPORTH        = $A10B
000000r 4               .endif
000000r 4               .ifndef NIC_DMAL
000000r 4               NIC_DMAL          = $A110
000000r 4               .endif
000000r 4               .ifndef NIC_DMAH
000000r 4               NIC_DMAH          = $A111
000000r 4               .endif
000000r 4               .ifndef NIC_DMALEN
000000r 4               NIC_DMALEN        = $A112
000000r 4               .endif
000000r 4               .ifndef NIC_MSGLEN
000000r 4               NIC_MSGLEN        = $A113
000000r 4               .endif
000000r 4               .ifndef NIC_DMASTATUS
000000r 4               NIC_DMASTATUS     = $A114
000000r 4               .endif
000000r 4               .ifndef NIC_DMAERR
000000r 4               NIC_DMAERR        = $A115
000000r 4               .endif
000000r 4               .ifndef NIC_SLOTST0
000000r 4               NIC_SLOTST0       = $A118
000000r 4               .endif
000000r 4               .ifndef NIC_SLOTST1
000000r 4               NIC_SLOTST1       = $A119
000000r 4               .endif
000000r 4               .ifndef NIC_SLOTST2
000000r 4               NIC_SLOTST2       = $A11A
000000r 4               .endif
000000r 4               .ifndef NIC_SLOTST3
000000r 4               NIC_SLOTST3       = $A11B
000000r 4               .endif
000000r 4               .ifndef NIC_NAMEBUF
000000r 4               NIC_NAMEBUF       = $A120
000000r 4               .endif
000000r 4               .ifndef NIC_NAMEEND
000000r 4               NIC_NAMEEND       = $A13F
000000r 4               .endif
000000r 4               
000000r 4               .ifndef NIC_CMD_CONNECT
000000r 4               NIC_CMD_CONNECT   = $01
000000r 4               .endif
000000r 4               .ifndef NIC_CMD_DISCONNECT
000000r 4               NIC_CMD_DISCONNECT = $02
000000r 4               .endif
000000r 4               .ifndef NIC_CMD_SEND
000000r 4               NIC_CMD_SEND      = $03
000000r 4               .endif
000000r 4               .ifndef NIC_CMD_RECV
000000r 4               NIC_CMD_RECV      = $04
000000r 4               .endif
000000r 4               .ifndef NIC_CMD_LISTEN
000000r 4               NIC_CMD_LISTEN    = $05
000000r 4               .endif
000000r 4               .ifndef NIC_CMD_ACCEPT
000000r 4               NIC_CMD_ACCEPT    = $06
000000r 4               .endif
000000r 4               .ifndef NIC_ST_CONNECTED
000000r 4               NIC_ST_CONNECTED  = $01
000000r 4               .endif
000000r 4               .ifndef NIC_ST_DATAREADY
000000r 4               NIC_ST_DATAREADY  = $02
000000r 4               .endif
000000r 4               .ifndef NIC_ST_SENDREADY
000000r 4               NIC_ST_SENDREADY  = $04
000000r 4               .endif
000000r 4               .ifndef NIC_ST_ERROR
000000r 4               NIC_ST_ERROR      = $08
000000r 4               .endif
000000r 4               .ifndef NIC_ST_REMOTE_CLOSED
000000r 4               NIC_ST_REMOTE_CLOSED = $10
000000r 4               .endif
000000r 4               .ifndef NIC_STATUS_READY
000000r 4               NIC_STATUS_READY  = $01
000000r 4               .endif
000000r 4               .ifndef NIC_STATUS_ANYDATA
000000r 4               NIC_STATUS_ANYDATA = $02
000000r 4               .endif
000000r 4               .ifndef NIC_STATUS_ANYERROR
000000r 4               NIC_STATUS_ANYERROR = $80
000000r 4               .endif
000000r 4               .ifndef NIC_HOSTCTRL_RX_START
000000r 4               NIC_HOSTCTRL_RX_START = $01
000000r 4               .endif
000000r 4               .ifndef NIC_DMAST_TX_READY
000000r 4               NIC_DMAST_TX_READY = $01
000000r 4               .endif
000000r 4               .ifndef NIC_DMAST_RX_DONE
000000r 4               NIC_DMAST_RX_DONE = $02
000000r 4               .endif
000000r 4               .ifndef NIC_DMAST_ERROR
000000r 4               NIC_DMAST_ERROR  = $40
000000r 4               .endif
000000r 4               .ifndef NIC_DMAST_BUSY
000000r 4               NIC_DMAST_BUSY   = $80
000000r 4               .endif
000000r 4               .ifndef NIC_DMAERR_NONE
000000r 4               NIC_DMAERR_NONE  = $00
000000r 4               .endif
000000r 4               .ifndef NIC_DMAERR_RANGE
000000r 4               NIC_DMAERR_RANGE = $01
000000r 4               .endif
000000r 4               .ifndef NIC_DMAERR_BUSY
000000r 4               NIC_DMAERR_BUSY  = $02
000000r 4               .endif
000000r 4               .ifndef NIC_MAX_SLOTS
000000r 4               NIC_MAX_SLOTS     = $04
000000r 4               .endif
000000r 4               .ifndef NIC_MAX_MSGSIZE
000000r 4               NIC_MAX_MSGSIZE   = $0100
000000r 4               .endif
000000r 4               .ifndef NIC_MAX_QUEUE
000000r 4               NIC_MAX_QUEUE     = $10
000000r 4               .endif
000000r 4               
000000r 4               ; ---------------------------------------------------------------------
000000r 4               ; File I/O coprocessor registers and command/status constants.
000000r 4               ; ---------------------------------------------------------------------
000000r 4               .ifndef FIO_CMD
000000r 4               FIO_CMD           = $B9A0
000000r 4               .endif
000000r 4               .ifndef FIO_STATUS
000000r 4               FIO_STATUS        = $B9A1
000000r 4               .endif
000000r 4               .ifndef FIO_ERRCODE
000000r 4               FIO_ERRCODE       = $B9A2
000000r 4               .endif
000000r 4               ; @label FIO.NAMELEN
000000r 4               ; @kind u8
000000r 4               ; @symbol FIO_NAMELEN
000000r 4               ; @summary Length of the filename in FIO.NAME, 1..63 bytes.
000000r 4               .ifndef FIO_NAMELEN
000000r 4               FIO_NAMELEN       = $B9A3
000000r 4               .endif
000000r 4               .ifndef FIO_SRCL
000000r 4               FIO_SRCL          = $B9A4
000000r 4               .endif
000000r 4               .ifndef FIO_SRCH
000000r 4               FIO_SRCH          = $B9A5
000000r 4               .endif
000000r 4               .ifndef FIO_ENDL
000000r 4               FIO_ENDL          = $B9A6
000000r 4               .endif
000000r 4               .ifndef FIO_ENDH
000000r 4               FIO_ENDH          = $B9A7
000000r 4               .endif
000000r 4               .ifndef FIO_SIZEL
000000r 4               FIO_SIZEL         = $B9A8
000000r 4               .endif
000000r 4               .ifndef FIO_SIZEH
000000r 4               FIO_SIZEH         = $B9A9
000000r 4               .endif
000000r 4               .ifndef FIO_GSPACE
000000r 4               FIO_GSPACE        = $B9AA
000000r 4               .endif
000000r 4               .ifndef FIO_SIZE2
000000r 4               FIO_SIZE2         = $B9AA
000000r 4               .endif
000000r 4               .ifndef FIO_GADDRL
000000r 4               FIO_GADDRL        = $B9AB
000000r 4               .endif
000000r 4               .ifndef FIO_GADDRH
000000r 4               FIO_GADDRH        = $B9AC
000000r 4               .endif
000000r 4               .ifndef FIO_GLENL
000000r 4               FIO_GLENL         = $B9AD
000000r 4               .endif
000000r 4               .ifndef FIO_GLENH
000000r 4               FIO_GLENH         = $B9AE
000000r 4               .endif
000000r 4               .ifndef FIO_DIRTYPE
000000r 4               FIO_DIRTYPE       = $B9AF
000000r 4               .endif
000000r 4               ; @label FIO.NAME
000000r 4               ; @kind buffer
000000r 4               ; @symbol FIO_NAME
000000r 4               ; @summary Filename buffer used by file-backed runtime routines.
000000r 4               .ifndef FIO_NAME
000000r 4               FIO_NAME          = $B9B0
000000r 4               .endif
000000r 4               .ifndef FIO_NAMEEND
000000r 4               FIO_NAMEEND       = $B9EF
000000r 4               .endif
000000r 4               .ifndef META_BASE
000000r 4               META_BASE         = $BAB0
000000r 4               .endif
000000r 4               .ifndef MATH_BASE
000000r 4               MATH_BASE         = $BB20
000000r 4               .endif
000000r 4               .ifndef MATH_END
000000r 4               MATH_END          = $BB4F
000000r 4               .endif
000000r 4               .ifndef MATH_MUL16_A_LO
000000r 4               MATH_MUL16_A_LO   = $BB20
000000r 4               .endif
000000r 4               .ifndef MATH_MUL16_A_HI
000000r 4               MATH_MUL16_A_HI   = $BB21
000000r 4               .endif
000000r 4               .ifndef MATH_MUL16_B_LO
000000r 4               MATH_MUL16_B_LO   = $BB22
000000r 4               .endif
000000r 4               .ifndef MATH_MUL16_B_HI
000000r 4               MATH_MUL16_B_HI   = $BB23
000000r 4               .endif
000000r 4               .ifndef MATH_MULFX_A_LO
000000r 4               MATH_MULFX_A_LO   = $BB24
000000r 4               .endif
000000r 4               .ifndef MATH_MULFX_A_HI
000000r 4               MATH_MULFX_A_HI   = $BB25
000000r 4               .endif
000000r 4               .ifndef MATH_MULFX_B_LO
000000r 4               MATH_MULFX_B_LO   = $BB26
000000r 4               .endif
000000r 4               .ifndef MATH_MULFX_B_HI
000000r 4               MATH_MULFX_B_HI   = $BB27
000000r 4               .endif
000000r 4               .ifndef MATH_DIV_N_LO
000000r 4               MATH_DIV_N_LO     = $BB28
000000r 4               .endif
000000r 4               .ifndef MATH_DIV_N_1
000000r 4               MATH_DIV_N_1      = $BB29
000000r 4               .endif
000000r 4               .ifndef MATH_DIV_N_2
000000r 4               MATH_DIV_N_2      = $BB2A
000000r 4               .endif
000000r 4               .ifndef MATH_DIV_N_HI
000000r 4               MATH_DIV_N_HI     = $BB2B
000000r 4               .endif
000000r 4               .ifndef MATH_DIV_D_LO
000000r 4               MATH_DIV_D_LO     = $BB2C
000000r 4               .endif
000000r 4               .ifndef MATH_DIV_D_HI
000000r 4               MATH_DIV_D_HI     = $BB2D
000000r 4               .endif
000000r 4               .ifndef MATH_SINCOS_ANGLE
000000r 4               MATH_SINCOS_ANGLE = $BB2E
000000r 4               .endif
000000r 4               .ifndef MATH_ATAN_DY_LO
000000r 4               MATH_ATAN_DY_LO   = $BB2F
000000r 4               .endif
000000r 4               .ifndef MATH_ATAN_DY_HI
000000r 4               MATH_ATAN_DY_HI   = $BB30
000000r 4               .endif
000000r 4               .ifndef MATH_ATAN_DX_LO
000000r 4               MATH_ATAN_DX_LO   = $BB31
000000r 4               .endif
000000r 4               .ifndef MATH_ATAN_DX_HI
000000r 4               MATH_ATAN_DX_HI   = $BB32
000000r 4               .endif
000000r 4               .ifndef MATH_DIST_DX_LO
000000r 4               MATH_DIST_DX_LO   = $BB33
000000r 4               .endif
000000r 4               .ifndef MATH_DIST_DX_HI
000000r 4               MATH_DIST_DX_HI   = $BB34
000000r 4               .endif
000000r 4               .ifndef MATH_DIST_DY_LO
000000r 4               MATH_DIST_DY_LO   = $BB35
000000r 4               .endif
000000r 4               .ifndef MATH_DIST_DY_HI
000000r 4               MATH_DIST_DY_HI   = $BB36
000000r 4               .endif
000000r 4               .ifndef MATH_RNG
000000r 4               MATH_RNG          = $BB37
000000r 4               .endif
000000r 4               .ifndef MATH_RES0
000000r 4               MATH_RES0         = $BB38
000000r 4               .endif
000000r 4               .ifndef MATH_RES1
000000r 4               MATH_RES1         = $BB39
000000r 4               .endif
000000r 4               .ifndef MATH_RES2
000000r 4               MATH_RES2         = $BB3A
000000r 4               .endif
000000r 4               .ifndef MATH_RES3
000000r 4               MATH_RES3         = $BB3B
000000r 4               .endif
000000r 4               .ifndef MATH_CAPS0
000000r 4               MATH_CAPS0        = $BB3C
000000r 4               .endif
000000r 4               .ifndef MATH_CAPS1
000000r 4               MATH_CAPS1        = $BB3D
000000r 4               .endif
000000r 4               .ifndef MATH_STATUS
000000r 4               MATH_STATUS       = $BB3E
000000r 4               .endif
000000r 4               .ifndef MATH_VERSION
000000r 4               MATH_VERSION      = $BB3F
000000r 4               .endif
000000r 4               .ifndef MATH_VEC_AX_LO
000000r 4               MATH_VEC_AX_LO    = $BB40
000000r 4               .endif
000000r 4               .ifndef MATH_VEC_AX_HI
000000r 4               MATH_VEC_AX_HI    = $BB41
000000r 4               .endif
000000r 4               .ifndef MATH_VEC_AY_LO
000000r 4               MATH_VEC_AY_LO    = $BB42
000000r 4               .endif
000000r 4               .ifndef MATH_VEC_AY_HI
000000r 4               MATH_VEC_AY_HI    = $BB43
000000r 4               .endif
000000r 4               .ifndef MATH_VEC_BX_LO
000000r 4               MATH_VEC_BX_LO    = $BB44
000000r 4               .endif
000000r 4               .ifndef MATH_VEC_BX_HI
000000r 4               MATH_VEC_BX_HI    = $BB45
000000r 4               .endif
000000r 4               .ifndef MATH_VEC_BY_LO
000000r 4               MATH_VEC_BY_LO    = $BB46
000000r 4               .endif
000000r 4               .ifndef MATH_VEC_BY_HI
000000r 4               MATH_VEC_BY_HI    = $BB47
000000r 4               .endif
000000r 4               .ifndef MATH_VEC_S_LO
000000r 4               MATH_VEC_S_LO     = $BB48
000000r 4               .endif
000000r 4               .ifndef MATH_VEC_S_HI
000000r 4               MATH_VEC_S_HI     = $BB49
000000r 4               .endif
000000r 4               .ifndef MATH_VEC_OP
000000r 4               MATH_VEC_OP       = $BB4E
000000r 4               .endif
000000r 4               .ifndef MATH_VERSION_CURRENT
000000r 4               MATH_VERSION_CURRENT = $02
000000r 4               .endif
000000r 4               .ifndef MATH_CAP_MUL16
000000r 4               MATH_CAP_MUL16       = $01
000000r 4               .endif
000000r 4               .ifndef MATH_CAP_MULFX
000000r 4               MATH_CAP_MULFX       = $02
000000r 4               .endif
000000r 4               .ifndef MATH_CAP_SINCOS
000000r 4               MATH_CAP_SINCOS      = $04
000000r 4               .endif
000000r 4               .ifndef MATH_CAP_DIST_APPROX
000000r 4               MATH_CAP_DIST_APPROX = $08
000000r 4               .endif
000000r 4               .ifndef MATH_CAP_RNG
000000r 4               MATH_CAP_RNG         = $10
000000r 4               .endif
000000r 4               .ifndef MATH_CAP_DIV_S32_16
000000r 4               MATH_CAP_DIV_S32_16  = $20
000000r 4               .endif
000000r 4               .ifndef MATH_CAP_ATAN2
000000r 4               MATH_CAP_ATAN2       = $40
000000r 4               .endif
000000r 4               .ifndef MATH_CAP1_VEC_DOT_S16
000000r 4               MATH_CAP1_VEC_DOT_S16   = $01
000000r 4               .endif
000000r 4               .ifndef MATH_CAP1_VEC_DOT_FX
000000r 4               MATH_CAP1_VEC_DOT_FX    = $02
000000r 4               .endif
000000r 4               .ifndef MATH_CAP1_VEC_CROSS_S16
000000r 4               MATH_CAP1_VEC_CROSS_S16 = $04
000000r 4               .endif
000000r 4               .ifndef MATH_CAP1_VEC_LEN2
000000r 4               MATH_CAP1_VEC_LEN2      = $08
000000r 4               .endif
000000r 4               .ifndef MATH_CAP1_VEC_SCALE_FX
000000r 4               MATH_CAP1_VEC_SCALE_FX  = $10
000000r 4               .endif
000000r 4               .ifndef MATH_VEC_OP_DOT_S16
000000r 4               MATH_VEC_OP_DOT_S16     = $01
000000r 4               .endif
000000r 4               .ifndef MATH_VEC_OP_DOT_FX
000000r 4               MATH_VEC_OP_DOT_FX      = $02
000000r 4               .endif
000000r 4               .ifndef MATH_VEC_OP_CROSS_S16
000000r 4               MATH_VEC_OP_CROSS_S16   = $03
000000r 4               .endif
000000r 4               .ifndef MATH_VEC_OP_LEN2
000000r 4               MATH_VEC_OP_LEN2        = $04
000000r 4               .endif
000000r 4               .ifndef MATH_VEC_OP_SCALE_FX
000000r 4               MATH_VEC_OP_SCALE_FX    = $05
000000r 4               .endif
000000r 4               .ifndef MATH_STATUS_OK
000000r 4               MATH_STATUS_OK       = $00
000000r 4               .endif
000000r 4               .ifndef MATH_STATUS_DIV_ZERO
000000r 4               MATH_STATUS_DIV_ZERO = $01
000000r 4               .endif
000000r 4               .ifndef MATH_STATUS_OVERFLOW
000000r 4               MATH_STATUS_OVERFLOW = $02
000000r 4               .endif
000000r 4               .ifndef MATH_STATUS_UNIMPL
000000r 4               MATH_STATUS_UNIMPL   = $80
000000r 4               .endif
000000r 4               .ifndef AUTOBOOT_SKIP
000000r 4               AUTOBOOT_SKIP     = $B9F0
000000r 4               .endif
000000r 4               .ifndef AUTOBOOT_ACTIVE
000000r 4               AUTOBOOT_ACTIVE   = $B9F1
000000r 4               .endif
000000r 4               .ifndef TEXTWIN_LEFT
000000r 4               TEXTWIN_LEFT      = $B9F2
000000r 4               .endif
000000r 4               .ifndef TEXTWIN_TOP
000000r 4               TEXTWIN_TOP       = $B9F3
000000r 4               .endif
000000r 4               .ifndef TEXTWIN_WIDTH
000000r 4               TEXTWIN_WIDTH     = $B9F4
000000r 4               .endif
000000r 4               .ifndef TEXTWIN_HEIGHT
000000r 4               TEXTWIN_HEIGHT    = $B9F5
000000r 4               .endif
000000r 4               
000000r 4               .ifndef FIO_CMD_SAVE
000000r 4               FIO_CMD_SAVE      = $01
000000r 4               .endif
000000r 4               .ifndef FIO_CMD_LOAD
000000r 4               FIO_CMD_LOAD      = $02
000000r 4               .endif
000000r 4               .ifndef FIO_CMD_DIROPEN
000000r 4               FIO_CMD_DIROPEN   = $03
000000r 4               .endif
000000r 4               .ifndef FIO_CMD_DIRREAD
000000r 4               FIO_CMD_DIRREAD   = $04
000000r 4               .endif
000000r 4               .ifndef FIO_CMD_DELETE
000000r 4               FIO_CMD_DELETE    = $05
000000r 4               .endif
000000r 4               .ifndef FIO_CMD_GSAVE
000000r 4               FIO_CMD_GSAVE     = $06
000000r 4               .endif
000000r 4               .ifndef FIO_CMD_GLOAD
000000r 4               FIO_CMD_GLOAD     = $07
000000r 4               .endif
000000r 4               .ifndef FIO_CMD_SIDPLAY
000000r 4               FIO_CMD_SIDPLAY   = $08
000000r 4               .endif
000000r 4               .ifndef FIO_CMD_SIDSTOP
000000r 4               FIO_CMD_SIDSTOP   = $09
000000r 4               .endif
000000r 4               .ifndef FIO_CMD_INSTRUMENT
000000r 4               FIO_CMD_INSTRUMENT = $0A
000000r 4               .endif
000000r 4               .ifndef FIO_CMD_SOUND
000000r 4               FIO_CMD_SOUND     = $0B
000000r 4               .endif
000000r 4               .ifndef FIO_CMD_VOLUME
000000r 4               FIO_CMD_VOLUME    = $0C
000000r 4               .endif
000000r 4               .ifndef FIO_CMD_MSEQ
000000r 4               FIO_CMD_MSEQ      = $0D
000000r 4               .endif
000000r 4               .ifndef FIO_CMD_MPLAY
000000r 4               FIO_CMD_MPLAY     = $0E
000000r 4               .endif
000000r 4               .ifndef FIO_CMD_MSTOP
000000r 4               FIO_CMD_MSTOP     = $0F
000000r 4               .endif
000000r 4               .ifndef FIO_CMD_MTEMPO
000000r 4               FIO_CMD_MTEMPO    = $10
000000r 4               .endif
000000r 4               .ifndef FIO_CMD_MLOOP
000000r 4               FIO_CMD_MLOOP     = $11
000000r 4               .endif
000000r 4               .ifndef FIO_CMD_MPRI
000000r 4               FIO_CMD_MPRI      = $12
000000r 4               .endif
000000r 4               .ifndef FIO_CMD_MIDPLAY
000000r 4               FIO_CMD_MIDPLAY   = $13
000000r 4               .endif
000000r 4               .ifndef FIO_CMD_MIDSTOP
000000r 4               FIO_CMD_MIDSTOP   = $14
000000r 4               .endif
000000r 4               .ifndef FIO_CMD_SFLOAD
000000r 4               FIO_CMD_SFLOAD    = $15
000000r 4               .endif
000000r 4               .ifndef FIO_CMD_XLOAD
000000r 4               FIO_CMD_XLOAD     = $18
000000r 4               .endif
000000r 4               .ifndef FIO_CMD_XSAVE
000000r 4               FIO_CMD_XSAVE     = $19
000000r 4               .endif
000000r 4               .ifndef FIO_CMD_CD
000000r 4               FIO_CMD_CD        = $20
000000r 4               .endif
000000r 4               .ifndef FIO_CMD_MKDIR
000000r 4               FIO_CMD_MKDIR     = $21
000000r 4               .endif
000000r 4               .ifndef FIO_CMD_RMDIR
000000r 4               FIO_CMD_RMDIR     = $22
000000r 4               .endif
000000r 4               .ifndef FIO_CMD_FORMAT
000000r 4               FIO_CMD_FORMAT    = $23
000000r 4               .endif
000000r 4               .ifndef FIO_CMD_MOUNT
000000r 4               FIO_CMD_MOUNT     = $24
000000r 4               .endif
000000r 4               .ifndef FIO_CMD_UNMOUNT
000000r 4               FIO_CMD_UNMOUNT   = $25
000000r 4               .endif
000000r 4               .ifndef FIO_CMD_PWD
000000r 4               FIO_CMD_PWD       = $26
000000r 4               .endif
000000r 4               .ifndef FIO_CMD_CLEARERR
000000r 4               FIO_CMD_CLEARERR  = $27
000000r 4               .endif
000000r 4               .ifndef FIO_CMD_LOADRUNTIME
000000r 4               ; @label FIO.CMD_LOADRUNTIME
000000r 4               ; @kind const
000000r 4               ; @symbol FIO_CMD_LOADRUNTIME
000000r 4               ; @summary Host command that streams a 16K file into the primary runtime ROM bank. Callers must execute from RAM while issuing it.
000000r 4               FIO_CMD_LOADRUNTIME = $28
000000r 4               .endif
000000r 4               .ifndef FIO_CMD_XPAGE
000000r 4               ; @label FIO.CMD_XPAGE
000000r 4               ; @kind const
000000r 4               ; @symbol FIO_CMD_XPAGE
000000r 4               ; @summary Host command that streams a file slice into XRAM, CPU RAM, or VGC memory using FIO_DIRTYPE as the target selector.
000000r 4               FIO_CMD_XPAGE    = $29
000000r 4               .endif
000000r 4               .ifndef FIO_CMD_RNG
000000r 4               ; @label FIO.CMD_RNG
000000r 4               ; @kind const
000000r 4               ; @symbol FIO_CMD_RNG
000000r 4               ; @summary Host command that returns 32 bits from NovaHost's host-backed RNG provider.
000000r 4               FIO_CMD_RNG      = $2A
000000r 4               .endif
000000r 4               .ifndef FIO_CMD_NVGLOAD
000000r 4               ; @label FIO.CMD_NVGLOAD
000000r 4               ; @kind const
000000r 4               ; @symbol FIO_CMD_NVGLOAD
000000r 4               ; @summary Host command that decodes a Nova NVG1 file into the graphics bitmap plane.
000000r 4               FIO_CMD_NVGLOAD  = $2B
000000r 4               .endif
000000r 4               
000000r 4               ; Host RNG result byte aliases. FIO.CMD_RNG returns little-endian bytes here.
000000r 4               ; @label FIO.RNG0
000000r 4               ; @kind u8
000000r 4               ; @symbol FIO_RNG0
000000r 4               ; @summary Low byte returned by FIO.CMD_RNG.
000000r 4               .ifndef FIO_RNG0
000000r 4               FIO_RNG0         = FIO_SRCL
000000r 4               .endif
000000r 4               ; @label FIO.RNG1
000000r 4               ; @kind u8
000000r 4               ; @symbol FIO_RNG1
000000r 4               ; @summary Second byte returned by FIO.CMD_RNG.
000000r 4               .ifndef FIO_RNG1
000000r 4               FIO_RNG1         = FIO_SRCH
000000r 4               .endif
000000r 4               ; @label FIO.RNG2
000000r 4               ; @kind u8
000000r 4               ; @symbol FIO_RNG2
000000r 4               ; @summary Third byte returned by FIO.CMD_RNG.
000000r 4               .ifndef FIO_RNG2
000000r 4               FIO_RNG2         = FIO_ENDL
000000r 4               .endif
000000r 4               ; @label FIO.RNG3
000000r 4               ; @kind u8
000000r 4               ; @symbol FIO_RNG3
000000r 4               ; @summary High byte returned by FIO.CMD_RNG.
000000r 4               .ifndef FIO_RNG3
000000r 4               FIO_RNG3         = FIO_ENDH
000000r 4               .endif
000000r 4               
000000r 4               .ifndef FIO_OK
000000r 4               FIO_OK            = $02
000000r 4               .endif
000000r 4               .ifndef FIO_STATUS_IDLE
000000r 4               FIO_STATUS_IDLE   = $00
000000r 4               .endif
000000r 4               .ifndef FIO_STATUS_OK
000000r 4               FIO_STATUS_OK     = FIO_OK
000000r 4               .endif
000000r 4               .ifndef FIO_ERR
000000r 4               FIO_ERR           = $03
000000r 4               .endif
000000r 4               .ifndef FIO_STATUS_ERROR
000000r 4               FIO_STATUS_ERROR  = $03
000000r 4               .endif
000000r 4               .ifndef FIO_ERR_NONE
000000r 4               FIO_ERR_NONE      = $00
000000r 4               .endif
000000r 4               .ifndef FIO_ERR_NOTFOUND
000000r 4               FIO_ERR_NOTFOUND  = $01
000000r 4               .endif
000000r 4               .ifndef FIO_ERR_IO
000000r 4               FIO_ERR_IO        = $02
000000r 4               .endif
000000r 4               .ifndef FIO_ERR_EOD
000000r 4               FIO_ERR_EOD       = $03
000000r 4               .endif
000000r 4               .ifndef FIO_ERR_DISKFULL
000000r 4               FIO_ERR_DISKFULL  = $04
000000r 4               .endif
000000r 4               .ifndef FIO_ERR_NOTMOUNTED
000000r 4               FIO_ERR_NOTMOUNTED = $05
000000r 4               .endif
000000r 4               .ifndef FIO_TYPE_SID
000000r 4               FIO_TYPE_SID      = $01
000000r 4               .endif
000000r 4               .ifndef FIO_TYPE_BIN
000000r 4               FIO_TYPE_BIN      = $02
000000r 4               .endif
000000r 4               .ifndef FIO_TYPE_MID
000000r 4               FIO_TYPE_MID      = $03
000000r 4               .endif
000000r 4               .ifndef FIO_TYPE_DIR
000000r 4               FIO_TYPE_DIR      = $05
000000r 4               .endif
000000r 4               
000000r 4               ; Extension ROM command IDs used by the BASIC-to-extension trampoline.
000000r 4               .ifndef EXT_CMD_RESERVED0
000000r 4               EXT_CMD_RESERVED0 = $00
000000r 4               .endif
000000r 4               .ifndef EXT_CMD_SFLOAD
000000r 4               EXT_CMD_SFLOAD    = $01
000000r 4               .endif
000000r 4               .ifndef EXT_CMD_DIR
000000r 4               EXT_CMD_DIR       = $02
000000r 4               .endif
000000r 4               .ifndef EXT_CMD_PWD
000000r 4               EXT_CMD_PWD       = $03
000000r 4               .endif
000000r 4               .ifndef EXT_CMD_XMEM
000000r 4               EXT_CMD_XMEM      = $04
000000r 4               .endif
000000r 4               .ifndef EXT_CMD_XDIR
000000r 4               EXT_CMD_XDIR      = $05
000000r 4               .endif
000000r 4               ; $06-$07 reserved
000000r 4               .ifndef EXT_CMD_HELP
000000r 4               EXT_CMD_HELP      = $08
000000r 4               .endif
000000r 4               .ifndef EXT_CMD_DMAFILL
000000r 4               EXT_CMD_DMAFILL   = $09
000000r 4               .endif
000000r 4               .ifndef EXT_CMD_BLTFILL
000000r 4               EXT_CMD_BLTFILL   = $0A
000000r 4               .endif
000000r 4               .ifndef EXT_CMD_XMCCMD
000000r 4               EXT_CMD_XMCCMD    = $0B
000000r 4               .endif
000000r 4               .ifndef EXT_CMD_COPPER
000000r 4               EXT_CMD_COPPER    = $0C
000000r 4               .endif
000000r 4               .ifndef EXT_CMD_XLOAD
000000r 4               EXT_CMD_XLOAD     = $0D
000000r 4               .endif
000000r 4               .ifndef EXT_CMD_XSAVE
000000r 4               EXT_CMD_XSAVE     = $0E
000000r 4               .endif
000000r 4               .ifndef EXT_CMD_DMACOPY
000000r 4               EXT_CMD_DMACOPY   = $0F
000000r 4               .endif
000000r 4               .ifndef EXT_CMD_BLITCOPY
000000r 4               EXT_CMD_BLITCOPY  = $10
000000r 4               .endif
000000r 4               .ifndef EXT_CMD_MMUL16L
000000r 4               EXT_CMD_MMUL16L   = $11
000000r 4               .endif
000000r 4               .ifndef EXT_CMD_MMUL16H
000000r 4               EXT_CMD_MMUL16H   = $12
000000r 4               .endif
000000r 4               .ifndef EXT_CMD_MDOTS16L
000000r 4               EXT_CMD_MDOTS16L  = $13
000000r 4               .endif
000000r 4               .ifndef EXT_CMD_MDOTS16H
000000r 4               EXT_CMD_MDOTS16H  = $14
000000r 4               .endif
000000r 4               .ifndef EXT_CMD_MCROSSL
000000r 4               EXT_CMD_MCROSSL   = $15
000000r 4               .endif
000000r 4               .ifndef EXT_CMD_MCROSSH
000000r 4               EXT_CMD_MCROSSH   = $16
000000r 4               .endif
000000r 4               .ifndef EXT_CMD_MMULFX
000000r 4               EXT_CMD_MMULFX    = $17
000000r 4               .endif
000000r 4               .ifndef EXT_CMD_MDIST
000000r 4               EXT_CMD_MDIST     = $18
000000r 4               .endif
000000r 4               .ifndef EXT_CMD_MSIN
000000r 4               EXT_CMD_MSIN      = $19
000000r 4               .endif
000000r 4               .ifndef EXT_CMD_MCOS
000000r 4               EXT_CMD_MCOS      = $1A
000000r 4               .endif
000000r 4               .ifndef EXT_CMD_MRND
000000r 4               EXT_CMD_MRND      = $1B
000000r 4               .endif
000000r 4               .ifndef EXT_CMD_MDIV
000000r 4               EXT_CMD_MDIV      = $1C
000000r 4               .endif
000000r 4               .ifndef EXT_CMD_MREM
000000r 4               EXT_CMD_MREM      = $1D
000000r 4               .endif
000000r 4               .ifndef EXT_CMD_MATAN2
000000r 4               EXT_CMD_MATAN2    = $1E
000000r 4               .endif
000000r 4               .ifndef EXT_CMD_MDOTFX
000000r 4               EXT_CMD_MDOTFX    = $1F
000000r 4               .endif
000000r 4               .ifndef EXT_CMD_MLEN2
000000r 4               EXT_CMD_MLEN2     = $20
000000r 4               .endif
000000r 4               .ifndef EXT_CMD_MSCALX
000000r 4               EXT_CMD_MSCALX    = $21
000000r 4               .endif
000000r 4               .ifndef EXT_CMD_MSCALY
000000r 4               EXT_CMD_MSCALY    = $22
000000r 4               .endif
000000r 4               .ifndef EXT_CMD_ADDR
000000r 4               EXT_CMD_ADDR      = $23
000000r 4               .endif
000000r 4               .ifndef EXT_CMD_XBANK
000000r 4               EXT_CMD_XBANK     = $24
000000r 4               .endif
000000r 4               .ifndef EXT_CMD_XPOKE
000000r 4               EXT_CMD_XPOKE     = $25
000000r 4               .endif
000000r 4               .ifndef EXT_CMD_XFREE
000000r 4               EXT_CMD_XFREE     = $26
000000r 4               .endif
000000r 4               .ifndef EXT_CMD_XRESET
000000r 4               EXT_CMD_XRESET    = $27
000000r 4               .endif
000000r 4               .ifndef EXT_CMD_XALLOC
000000r 4               EXT_CMD_XALLOC    = $28
000000r 4               .endif
000000r 4               .ifndef EXT_CMD_XMAP
000000r 4               EXT_CMD_XMAP      = $29
000000r 4               .endif
000000r 4               .ifndef EXT_CMD_XUNMAP
000000r 4               EXT_CMD_XUNMAP    = $2A
000000r 4               .endif
000000r 4               .ifndef EXT_CMD_XPEEK
000000r 4               EXT_CMD_XPEEK     = $2B
000000r 4               .endif
000000r 4               .ifndef EXT_CMD_PLAYING
000000r 4               EXT_CMD_PLAYING   = $2C
000000r 4               .endif
000000r 4               .ifndef EXT_CMD_MNOTE
000000r 4               EXT_CMD_MNOTE     = $2D
000000r 4               .endif
000000r 4               .ifndef EXT_CMD_NSTATUS
000000r 4               EXT_CMD_NSTATUS   = $2E
000000r 4               .endif
000000r 4               .ifndef EXT_CMD_NREADY
000000r 4               EXT_CMD_NREADY    = $2F
000000r 4               .endif
000000r 4               .ifndef EXT_CMD_DMASTATUS
000000r 4               EXT_CMD_DMASTATUS = $30
000000r 4               .endif
000000r 4               .ifndef EXT_CMD_DMAERR
000000r 4               EXT_CMD_DMAERR    = $31
000000r 4               .endif
000000r 4               .ifndef EXT_CMD_DMACOUNT
000000r 4               EXT_CMD_DMACOUNT  = $32
000000r 4               .endif
000000r 4               .ifndef EXT_CMD_BLITSTATUS
000000r 4               EXT_CMD_BLITSTATUS = $33
000000r 4               .endif
000000r 4               .ifndef EXT_CMD_BLITERR
000000r 4               EXT_CMD_BLITERR   = $34
000000r 4               .endif
000000r 4               .ifndef EXT_CMD_BLITCOUNT
000000r 4               EXT_CMD_BLITCOUNT = $35
000000r 4               .endif
000000r 4               .ifndef EXT_CMD_SPRCOLL
000000r 4               EXT_CMD_SPRCOLL   = $36
000000r 4               .endif
000000r 4               .ifndef EXT_CMD_SPRBG
000000r 4               EXT_CMD_SPRBG     = $37
000000r 4               .endif
000000r 4               .ifndef EXT_CMD_VPEEK
000000r 4               EXT_CMD_VPEEK     = $38
000000r 4               .endif
000000r 4               .ifndef EXT_CMD_BITSET
000000r 4               EXT_CMD_BITSET    = $39
000000r 4               .endif
000000r 4               .ifndef EXT_CMD_BITCLR
000000r 4               EXT_CMD_BITCLR    = $3A
000000r 4               .endif
000000r 4               .ifndef EXT_CMD_BITTGL
000000r 4               EXT_CMD_BITTGL    = $3B
000000r 4               .endif
000000r 4               .ifndef EXT_CMD_REVERSE
000000r 4               EXT_CMD_REVERSE   = $3C
000000r 4               .endif
000000r 4               .ifndef EXT_CMD_REVERSEOFF
000000r 4               EXT_CMD_REVERSEOFF = $3D
000000r 4               .endif
000000r 4               .ifndef EXT_CMD_FLASH
000000r 4               EXT_CMD_FLASH     = $3E
000000r 4               .endif
000000r 4               .ifndef EXT_CMD_FLASHOFF
000000r 4               EXT_CMD_FLASHOFF  = $3F
000000r 4               .endif
000000r 4               .ifndef EXT_CMD_VPOKE
000000r 4               EXT_CMD_VPOKE     = $40
000000r 4               .endif
000000r 4               .ifndef EXT_CMD_FIOCLR
000000r 4               EXT_CMD_FIOCLR    = $41
000000r 4               .endif
000000r 4               .ifndef EXT_CMD_CLS
000000r 4               EXT_CMD_CLS       = $42
000000r 4               .endif
000000r 4               
000000r 4               ; Hosted music/SFX status registers.
000000r 4               .ifndef MUSIC_STATUS
000000r 4               MUSIC_STATUS      = $BA50
000000r 4               .endif
000000r 4               .ifndef MUSIC_STATUS_SFX
000000r 4               MUSIC_STATUS_SFX  = $01
000000r 4               .endif
000000r 4               .ifndef MUSIC_STATUS_MUSIC
000000r 4               MUSIC_STATUS_MUSIC = $02
000000r 4               .endif
000000r 4               .ifndef MUSIC_STATUS_SID
000000r 4               MUSIC_STATUS_SID  = $04
000000r 4               .endif
000000r 4               .ifndef MUSIC_STATUS_WTS
000000r 4               MUSIC_STATUS_WTS  = $08
000000r 4               .endif
000000r 4               .ifndef MUSIC_STATUS_LOADING
000000r 4               MUSIC_STATUS_LOADING = $10
000000r 4               .endif
000000r 4               .ifndef MUSIC_NOTE1
000000r 4               MUSIC_NOTE1       = $BA51
000000r 4               .endif
000000r 4               .ifndef MUSIC_NOTE2
000000r 4               MUSIC_NOTE2       = $BA52
000000r 4               .endif
000000r 4               .ifndef MUSIC_NOTE3
000000r 4               MUSIC_NOTE3       = $BA53
000000r 4               .endif
000000r 4               .ifndef MUSIC_NOTE4
000000r 4               MUSIC_NOTE4       = $BA54
000000r 4               .endif
000000r 4               .ifndef MUSIC_NOTE5
000000r 4               MUSIC_NOTE5       = $BA55
000000r 4               .endif
000000r 4               .ifndef MUSIC_NOTE6
000000r 4               MUSIC_NOTE6       = $BA56
000000r 4               .endif
000000r 4               .ifndef MUSIC_NOTE7
000000r 4               MUSIC_NOTE7       = $BA57
000000r 4               .endif
000000r 4               .ifndef MUSIC_NOTE8
000000r 4               MUSIC_NOTE8       = $BA58
000000r 4               .endif
000000r 4               .ifndef MUSIC_NOTE9
000000r 4               MUSIC_NOTE9       = $BA59
000000r 4               .endif
000000r 4               .ifndef MUSIC_NOTE10
000000r 4               MUSIC_NOTE10      = $BA5A
000000r 4               .endif
000000r 4               .ifndef MUSIC_NOTE11
000000r 4               MUSIC_NOTE11      = $BA5B
000000r 4               .endif
000000r 4               .ifndef MUSIC_NOTE12
000000r 4               MUSIC_NOTE12      = $BA5C
000000r 4               .endif
000000r 4               .ifndef MUSIC_NOTE13
000000r 4               MUSIC_NOTE13      = $BA5D
000000r 4               .endif
000000r 4               .ifndef MUSIC_NOTE14
000000r 4               MUSIC_NOTE14      = $BA5E
000000r 4               .endif
000000r 4               .ifndef MUSIC_ELAPSEDL
000000r 4               MUSIC_ELAPSEDL    = $BA5F
000000r 4               .endif
000000r 4               .ifndef MUSIC_ELAPSEDH
000000r 4               MUSIC_ELAPSEDH    = $BA60
000000r 4               .endif
000000r 4               .ifndef MUSIC_TOTALL
000000r 4               MUSIC_TOTALL      = $BA61
000000r 4               .endif
000000r 4               .ifndef MUSIC_TOTALH
000000r 4               MUSIC_TOTALH      = $BA62
000000r 4               .endif
000000r 4               
000000r 4               ; SID register windows. CPU reads in this range still fetch ROM bytes on Nova;
000000r 4               ; these names are for writes and emulator/host-side register shadow APIs.
000000r 4               .ifndef SID_BASE
000000r 4               SID_BASE          = $D400
000000r 4               .endif
000000r 4               .ifndef SID_END
000000r 4               SID_END           = $D41F
000000r 4               .endif
000000r 4               .ifndef SID2_BASE
000000r 4               SID2_BASE         = $D420
000000r 4               .endif
000000r 4               .ifndef SID2_END
000000r 4               SID2_END          = $D43F
000000r 4               .endif
000000r 4               .ifndef SID2_MIRROR_BASE
000000r 4               SID2_MIRROR_BASE  = $D500
000000r 4               .endif
000000r 4               .ifndef SID2_MIRROR_END
000000r 4               SID2_MIRROR_END   = $D51F
000000r 4               .endif
000000r 4               
000000r 4               ; Wavetable synthesizer registers.
000000r 4               .ifndef WTS_BASE
000000r 4               WTS_BASE          = $A140
000000r 4               .endif
000000r 4               .ifndef WTS_VOICE_BASE
000000r 4               WTS_VOICE_BASE    = $A140
000000r 4               .endif
000000r 4               .ifndef WTS_VOICE_STRIDE
000000r 4               WTS_VOICE_STRIDE  = $08
000000r 4               .endif
000000r 4               .ifndef WTS_VOICE_END
000000r 4               WTS_VOICE_END     = $A17F
000000r 4               .endif
000000r 4               .ifndef WTS_VOICE_NOTE
000000r 4               WTS_VOICE_NOTE    = $00
000000r 4               .endif
000000r 4               .ifndef WTS_VOICE_VELOCITY
000000r 4               WTS_VOICE_VELOCITY = $01
000000r 4               .endif
000000r 4               .ifndef WTS_VOICE_INSTRUMENT
000000r 4               WTS_VOICE_INSTRUMENT = $02
000000r 4               .endif
000000r 4               .ifndef WTS_VOICE_VOLUME
000000r 4               WTS_VOICE_VOLUME  = $03
000000r 4               .endif
000000r 4               .ifndef WTS_VOICE_PANNING
000000r 4               WTS_VOICE_PANNING = $04
000000r 4               .endif
000000r 4               .ifndef WTS_VOICE_PITCH_BEND_LO
000000r 4               WTS_VOICE_PITCH_BEND_LO = $05
000000r 4               .endif
000000r 4               .ifndef WTS_VOICE_PITCH_BEND_HI
000000r 4               WTS_VOICE_PITCH_BEND_HI = $06
000000r 4               .endif
000000r 4               .ifndef WTS_VOICE_STATUS
000000r 4               WTS_VOICE_STATUS  = $07
000000r 4               .endif
000000r 4               .ifndef WTS_GLOBAL_BASE
000000r 4               WTS_GLOBAL_BASE   = $A180
000000r 4               .endif
000000r 4               .ifndef WTS_REVERB_LEVEL
000000r 4               WTS_REVERB_LEVEL  = $A180
000000r 4               .endif
000000r 4               .ifndef WTS_CHORUS_LEVEL
000000r 4               WTS_CHORUS_LEVEL  = $A181
000000r 4               .endif
000000r 4               .ifndef WTS_MASTER_VOLUME
000000r 4               WTS_MASTER_VOLUME = $A182
000000r 4               .endif
000000r 4               .ifndef WTS_SOUNDFONT_STATUS
000000r 4               WTS_SOUNDFONT_STATUS = $A183
000000r 4               .endif
000000r 4               .ifndef WTS_INSTRUMENT_COUNT
000000r 4               WTS_INSTRUMENT_COUNT = $A184
000000r 4               .endif
000000r 4               .ifndef WTS_COMMAND
000000r 4               WTS_COMMAND       = $A185
000000r 4               .endif
000000r 4               .ifndef WTS_COMMAND_ARG
000000r 4               WTS_COMMAND_ARG   = $A186
000000r 4               .endif
000000r 4               .ifndef WTS_ACTIVE_VOICES
000000r 4               WTS_ACTIVE_VOICES = $A187
000000r 4               .endif
000000r 4               .ifndef WTS_ENUM_BASE
000000r 4               WTS_ENUM_BASE     = $A1A0
000000r 4               .endif
000000r 4               .ifndef WTS_ENUM_INDEX
000000r 4               WTS_ENUM_INDEX    = $A1A0
000000r 4               .endif
000000r 4               .ifndef WTS_ENUM_BANK
000000r 4               WTS_ENUM_BANK     = $A1A1
000000r 4               .endif
000000r 4               .ifndef WTS_ENUM_PROGRAM
000000r 4               WTS_ENUM_PROGRAM  = $A1A2
000000r 4               .endif
000000r 4               .ifndef WTS_ENUM_NAME
000000r 4               WTS_ENUM_NAME     = $A1A3
000000r 4               .endif
000000r 4               .ifndef WTS_ENUM_END
000000r 4               WTS_ENUM_END      = $A1DF
000000r 4               .endif
000000r 4               .ifndef WTS_EVENT_STATUS
000000r 4               WTS_EVENT_STATUS  = $A1E0
000000r 4               .endif
000000r 4               .ifndef WTS_EVENT_COUNT_L
000000r 4               WTS_EVENT_COUNT_L = $A1E1
000000r 4               .endif
000000r 4               .ifndef WTS_EVENT_COUNT_H
000000r 4               WTS_EVENT_COUNT_H = $A1E2
000000r 4               .endif
000000r 4               .ifndef WTS_EVENT_FREE_L
000000r 4               WTS_EVENT_FREE_L  = $A1E3
000000r 4               .endif
000000r 4               .ifndef WTS_EVENT_FREE_H
000000r 4               WTS_EVENT_FREE_H  = $A1E4
000000r 4               .endif
000000r 4               .ifndef WTS_EVENT_FRAME0
000000r 4               WTS_EVENT_FRAME0  = $A1E5
000000r 4               .endif
000000r 4               .ifndef WTS_EVENT_FRAME1
000000r 4               WTS_EVENT_FRAME1  = $A1E6
000000r 4               .endif
000000r 4               .ifndef WTS_EVENT_FRAME2
000000r 4               WTS_EVENT_FRAME2  = $A1E7
000000r 4               .endif
000000r 4               .ifndef WTS_EVENT_FRAME3
000000r 4               WTS_EVENT_FRAME3  = $A1E8
000000r 4               .endif
000000r 4               .ifndef WTS_END
000000r 4               WTS_END           = $A1FF
000000r 4               .endif
000000r 4               .ifndef WTS_CMD_ALL_NOTES_OFF
000000r 4               WTS_CMD_ALL_NOTES_OFF = $01
000000r 4               .endif
000000r 4               .ifndef WTS_CMD_RESET_EFFECTS
000000r 4               WTS_CMD_RESET_EFFECTS = $02
000000r 4               .endif
000000r 4               .ifndef WTS_CMD_EVENT_RESET
000000r 4               WTS_CMD_EVENT_RESET = $03
000000r 4               .endif
000000r 4               .ifndef WTS_CMD_EVENT_START
000000r 4               WTS_CMD_EVENT_START = $04
000000r 4               .endif
000000r 4               .ifndef WTS_CMD_EVENT_STOP
000000r 4               WTS_CMD_EVENT_STOP = $05
000000r 4               .endif
000000r 4               
000000r 4               ; ---------------------------------------------------------------------
000000r 4               ; Expansion Memory Controller.
000000r 4               ; ---------------------------------------------------------------------
000000r 4               .ifndef XMC_CMD
000000r 4               XMC_CMD           = $BA00
000000r 4               .endif
000000r 4               .ifndef XMC_STATUS
000000r 4               XMC_STATUS        = $BA01
000000r 4               .endif
000000r 4               .ifndef XMC_ERRCODE
000000r 4               XMC_ERRCODE       = $BA02
000000r 4               .endif
000000r 4               .ifndef XMC_CFG
000000r 4               XMC_CFG           = $BA03
000000r 4               .endif
000000r 4               .ifndef XMC_XAL
000000r 4               XMC_XAL           = $BA04
000000r 4               .endif
000000r 4               .ifndef XMC_XAM
000000r 4               XMC_XAM           = $BA05
000000r 4               .endif
000000r 4               .ifndef XMC_XAH
000000r 4               XMC_XAH           = $BA06
000000r 4               .endif
000000r 4               .ifndef XMC_RAML
000000r 4               XMC_RAML          = $BA07
000000r 4               .endif
000000r 4               .ifndef XMC_RAMH
000000r 4               XMC_RAMH          = $BA08
000000r 4               .endif
000000r 4               .ifndef XMC_LENL
000000r 4               XMC_LENL          = $BA09
000000r 4               .endif
000000r 4               .ifndef XMC_LENH
000000r 4               XMC_LENH          = $BA0A
000000r 4               .endif
000000r 4               .ifndef XMC_DATA
000000r 4               XMC_DATA          = $BA0B
000000r 4               .endif
000000r 4               .ifndef XMC_BANK
000000r 4               XMC_BANK          = $BA0C
000000r 4               .endif
000000r 4               .ifndef XMC_BANKS
000000r 4               XMC_BANKS         = $BA0D
000000r 4               .endif
000000r 4               .ifndef XMC_USEDL
000000r 4               XMC_USEDL         = $BA0E
000000r 4               .endif
000000r 4               .ifndef XMC_USEDH
000000r 4               XMC_USEDH         = $BA0F
000000r 4               .endif
000000r 4               .ifndef XMC_FREEL
000000r 4               XMC_FREEL         = $BA10
000000r 4               .endif
000000r 4               .ifndef XMC_FREEH
000000r 4               XMC_FREEH         = $BA11
000000r 4               .endif
000000r 4               .ifndef XMC_NAMELEN
000000r 4               XMC_NAMELEN       = $BA12
000000r 4               .endif
000000r 4               .ifndef XMC_HANDLE
000000r 4               XMC_HANDLE        = $BA13
000000r 4               .endif
000000r 4               .ifndef XMC_DIRCOUNTL
000000r 4               XMC_DIRCOUNTL     = $BA14
000000r 4               .endif
000000r 4               .ifndef XMC_DIRCOUNTH
000000r 4               XMC_DIRCOUNTH     = $BA15
000000r 4               .endif
000000r 4               .ifndef XMC_WINCTL
000000r 4               XMC_WINCTL        = $BA16
000000r 4               .endif
000000r 4               .ifndef XMC_W0AL
000000r 4               XMC_W0AL          = $BA18
000000r 4               .endif
000000r 4               .ifndef XMC_W0AM
000000r 4               XMC_W0AM          = $BA19
000000r 4               .endif
000000r 4               .ifndef XMC_W0AH
000000r 4               XMC_W0AH          = $BA1A
000000r 4               .endif
000000r 4               .ifndef XMC_W1AL
000000r 4               XMC_W1AL          = $BA1B
000000r 4               .endif
000000r 4               .ifndef XMC_W1AM
000000r 4               XMC_W1AM          = $BA1C
000000r 4               .endif
000000r 4               .ifndef XMC_W1AH
000000r 4               XMC_W1AH          = $BA1D
000000r 4               .endif
000000r 4               .ifndef XMC_W2AL
000000r 4               XMC_W2AL          = $BA1E
000000r 4               .endif
000000r 4               .ifndef XMC_W2AM
000000r 4               XMC_W2AM          = $BA1F
000000r 4               .endif
000000r 4               .ifndef XMC_W2AH
000000r 4               XMC_W2AH          = $BA20
000000r 4               .endif
000000r 4               .ifndef XMC_W3AL
000000r 4               XMC_W3AL          = $BA21
000000r 4               .endif
000000r 4               .ifndef XMC_W3AM
000000r 4               XMC_W3AM          = $BA22
000000r 4               .endif
000000r 4               .ifndef XMC_W3AH
000000r 4               XMC_W3AH          = $BA23
000000r 4               .endif
000000r 4               .ifndef XMC_NAME
000000r 4               XMC_NAME          = $BA24
000000r 4               .endif
000000r 4               .ifndef XMC_NAME_MAX
000000r 4               XMC_NAME_MAX      = 28
000000r 4               .endif
000000r 4               
000000r 4               .ifndef WIN3_LO
000000r 4               WIN3_LO           = XMC_W3AL
000000r 4               .endif
000000r 4               .ifndef WIN3_MI
000000r 4               WIN3_MI           = XMC_W3AM
000000r 4               .endif
000000r 4               .ifndef WIN3_HI
000000r 4               WIN3_HI           = XMC_W3AH
000000r 4               .endif
000000r 4               .ifndef WIN3_BASE
000000r 4               WIN3_BASE         = $BF00
000000r 4               .endif
000000r 4               
000000r 4               .ifndef XMC_CMD_GET
000000r 4               XMC_CMD_GET       = $01
000000r 4               .endif
000000r 4               .ifndef XMC_CMD_PUT
000000r 4               XMC_CMD_PUT       = $02
000000r 4               .endif
000000r 4               .ifndef XMC_CMD_STASH
000000r 4               XMC_CMD_STASH     = $03
000000r 4               .endif
000000r 4               .ifndef XMC_CMD_FETCH
000000r 4               XMC_CMD_FETCH     = $04
000000r 4               .endif
000000r 4               .ifndef XMC_CMD_FILL
000000r 4               XMC_CMD_FILL      = $05
000000r 4               .endif
000000r 4               .ifndef XMC_CMD_STATS
000000r 4               XMC_CMD_STATS     = $07
000000r 4               .endif
000000r 4               .ifndef XMC_CMD_RSTUS
000000r 4               XMC_CMD_RSTUS     = $08
000000r 4               .endif
000000r 4               .ifndef XMC_CMD_REL
000000r 4               XMC_CMD_REL       = $09
000000r 4               .endif
000000r 4               .ifndef XMC_CMD_ALLOC
000000r 4               XMC_CMD_ALLOC     = $0A
000000r 4               .endif
000000r 4               .ifndef XMC_CMD_NSTSH
000000r 4               XMC_CMD_NSTSH     = $0B
000000r 4               .endif
000000r 4               .ifndef XMC_CMD_NFETC
000000r 4               XMC_CMD_NFETC     = $0C
000000r 4               .endif
000000r 4               .ifndef XMC_CMD_NDEL
000000r 4               XMC_CMD_NDEL      = $0D
000000r 4               .endif
000000r 4               .ifndef XMC_CMD_NDIRO
000000r 4               XMC_CMD_NDIRO     = $0E
000000r 4               .endif
000000r 4               .ifndef XMC_CMD_NDIRR
000000r 4               XMC_CMD_NDIRR     = $0F
000000r 4               .endif
000000r 4               
000000r 4               .ifndef XMC_OK
000000r 4               XMC_OK            = $02
000000r 4               .endif
000000r 4               .ifndef XMC_STATUS_ERROR
000000r 4               XMC_STATUS_ERROR  = $03
000000r 4               .endif
000000r 4               .ifndef XMC_ERR_RANGE
000000r 4               XMC_ERR_RANGE     = $01
000000r 4               .endif
000000r 4               .ifndef XMC_ERR_BADARGS
000000r 4               XMC_ERR_BADARGS   = $02
000000r 4               .endif
000000r 4               .ifndef XMC_ERR_NF
000000r 4               XMC_ERR_NF        = $03
000000r 4               .endif
000000r 4               .ifndef XMC_ERR_NOTFOUND
000000r 4               XMC_ERR_NOTFOUND  = $03
000000r 4               .endif
000000r 4               .ifndef XMC_ERR_NOSPACE
000000r 4               XMC_ERR_NOSPACE   = $04
000000r 4               .endif
000000r 4               .ifndef XMC_ERR_NAME
000000r 4               XMC_ERR_NAME      = $05
000000r 4               .endif
000000r 4               .ifndef XMC_ERR_EOD
000000r 4               XMC_ERR_EOD       = $06
000000r 4               .endif
000000r 4               
000000r 4               ; ---------------------------------------------------------------------
000000r 4               ; Unified DMA controller.
000000r 4               ; ---------------------------------------------------------------------
000000r 4               .ifndef DMA_CMD_REG
000000r 4               DMA_CMD_REG       = $BA63
000000r 4               .endif
000000r 4               .ifndef DMA_STATUS_REG
000000r 4               DMA_STATUS_REG    = $BA64
000000r 4               .endif
000000r 4               .ifndef DMA_ERRCODE_REG
000000r 4               DMA_ERRCODE_REG   = $BA65
000000r 4               .endif
000000r 4               .ifndef DMA_SRCSPACE
000000r 4               DMA_SRCSPACE      = $BA66
000000r 4               .endif
000000r 4               .ifndef DMA_DSTSPACE
000000r 4               DMA_DSTSPACE      = $BA67
000000r 4               .endif
000000r 4               .ifndef DMA_SRCL
000000r 4               DMA_SRCL          = $BA68
000000r 4               .endif
000000r 4               .ifndef DMA_SRCM
000000r 4               DMA_SRCM          = $BA69
000000r 4               .endif
000000r 4               .ifndef DMA_SRCH
000000r 4               DMA_SRCH          = $BA6A
000000r 4               .endif
000000r 4               .ifndef DMA_DSTL
000000r 4               DMA_DSTL          = $BA6B
000000r 4               .endif
000000r 4               .ifndef DMA_DSTM
000000r 4               DMA_DSTM          = $BA6C
000000r 4               .endif
000000r 4               .ifndef DMA_DSTH
000000r 4               DMA_DSTH          = $BA6D
000000r 4               .endif
000000r 4               .ifndef DMA_LENL
000000r 4               DMA_LENL          = $BA6E
000000r 4               .endif
000000r 4               .ifndef DMA_LENM
000000r 4               DMA_LENM          = $BA6F
000000r 4               .endif
000000r 4               .ifndef DMA_LENH
000000r 4               DMA_LENH          = $BA70
000000r 4               .endif
000000r 4               .ifndef DMA_MODE_REG
000000r 4               DMA_MODE_REG      = $BA71
000000r 4               .endif
000000r 4               .ifndef DMA_FILLVALUE
000000r 4               DMA_FILLVALUE     = $BA72
000000r 4               .endif
000000r 4               .ifndef DMA_CNTL
000000r 4               DMA_CNTL          = $BA73
000000r 4               .endif
000000r 4               .ifndef DMA_CNTM
000000r 4               DMA_CNTM          = $BA74
000000r 4               .endif
000000r 4               .ifndef DMA_CNTH
000000r 4               DMA_CNTH          = $BA75
000000r 4               .endif
000000r 4               
000000r 4               .ifndef DMA_CMD
000000r 4               DMA_CMD           = DMA_CMD_REG
000000r 4               .endif
000000r 4               .ifndef DMA_STATUS
000000r 4               DMA_STATUS        = DMA_STATUS_REG
000000r 4               .endif
000000r 4               .ifndef DMA_ERRCODE
000000r 4               DMA_ERRCODE       = DMA_ERRCODE_REG
000000r 4               .endif
000000r 4               .ifndef DMA_MODE
000000r 4               DMA_MODE          = DMA_MODE_REG
000000r 4               .endif
000000r 4               .ifndef DMA_FILL
000000r 4               DMA_FILL          = DMA_FILLVALUE
000000r 4               .endif
000000r 4               
000000r 4               .ifndef DMA_CMD_START
000000r 4               DMA_CMD_START     = $01
000000r 4               .endif
000000r 4               .ifndef DMA_STATUS_IDLE
000000r 4               DMA_STATUS_IDLE   = $00
000000r 4               .endif
000000r 4               .ifndef DMA_STATUS_BUSY
000000r 4               DMA_STATUS_BUSY   = $01
000000r 4               .endif
000000r 4               .ifndef DMA_STATUS_OK
000000r 4               DMA_STATUS_OK     = $02
000000r 4               .endif
000000r 4               .ifndef DMA_STATUS_ERROR
000000r 4               DMA_STATUS_ERROR  = $03
000000r 4               .endif
000000r 4               .ifndef DMA_BUSY
000000r 4               DMA_BUSY          = DMA_STATUS_BUSY
000000r 4               .endif
000000r 4               .ifndef DMA_OK
000000r 4               DMA_OK            = DMA_STATUS_OK
000000r 4               .endif
000000r 4               .ifndef DMA_ERR_BADCMD
000000r 4               DMA_ERR_BADCMD    = $01
000000r 4               .endif
000000r 4               .ifndef DMA_ERR_BADSPACE
000000r 4               DMA_ERR_BADSPACE  = $02
000000r 4               .endif
000000r 4               .ifndef DMA_ERR_RANGE
000000r 4               DMA_ERR_RANGE     = $03
000000r 4               .endif
000000r 4               .ifndef DMA_ERR_BADARGS
000000r 4               DMA_ERR_BADARGS   = $04
000000r 4               .endif
000000r 4               .ifndef DMA_ERR_WRITEPROT
000000r 4               DMA_ERR_WRITEPROT = $05
000000r 4               .endif
000000r 4               .ifndef DMA_MODE_FILL
000000r 4               DMA_MODE_FILL     = $01
000000r 4               .endif
000000r 4               .ifndef DMA_SPACE_CPU
000000r 4               DMA_SPACE_CPU     = $00
000000r 4               .endif
000000r 4               .ifndef DMA_SPACE_VGC_CHAR
000000r 4               DMA_SPACE_VGC_CHAR = $01
000000r 4               .endif
000000r 4               .ifndef DMA_SPACE_VGC_COLOR
000000r 4               DMA_SPACE_VGC_COLOR = $02
000000r 4               .endif
000000r 4               .ifndef DMA_SPACE_VGC_GFX
000000r 4               DMA_SPACE_VGC_GFX = $03
000000r 4               .endif
000000r 4               .ifndef DMA_SPACE_VGC_SPRITE
000000r 4               DMA_SPACE_VGC_SPRITE = $04
000000r 4               .endif
000000r 4               .ifndef DMA_SPACE_XRAM
000000r 4               DMA_SPACE_XRAM    = $05
000000r 4               .endif
000000r 4               .ifndef DMA_SPACE_VGC_TEXTATTR
000000r 4               DMA_SPACE_VGC_TEXTATTR = $07
000000r 4               .endif
000000r 4               
000000r 4               ; ---------------------------------------------------------------------
000000r 4               ; Blitter controller.
000000r 4               ; ---------------------------------------------------------------------
000000r 4               .ifndef BLT_CMD_REG
000000r 4               BLT_CMD_REG       = $BA83
000000r 4               .endif
000000r 4               .ifndef BLT_STATUS_REG
000000r 4               BLT_STATUS_REG    = $BA84
000000r 4               .endif
000000r 4               .ifndef BLT_ERRCODE_REG
000000r 4               BLT_ERRCODE_REG   = $BA85
000000r 4               .endif
000000r 4               .ifndef BLT_SRCSPACE
000000r 4               BLT_SRCSPACE      = $BA86
000000r 4               .endif
000000r 4               .ifndef BLT_DSTSPACE
000000r 4               BLT_DSTSPACE      = $BA87
000000r 4               .endif
000000r 4               .ifndef BLT_SRCL
000000r 4               BLT_SRCL          = $BA88
000000r 4               .endif
000000r 4               .ifndef BLT_SRCM
000000r 4               BLT_SRCM          = $BA89
000000r 4               .endif
000000r 4               .ifndef BLT_SRCH
000000r 4               BLT_SRCH          = $BA8A
000000r 4               .endif
000000r 4               .ifndef BLT_DSTL
000000r 4               BLT_DSTL          = $BA8B
000000r 4               .endif
000000r 4               .ifndef BLT_DSTM
000000r 4               BLT_DSTM          = $BA8C
000000r 4               .endif
000000r 4               .ifndef BLT_DSTH
000000r 4               BLT_DSTH          = $BA8D
000000r 4               .endif
000000r 4               .ifndef BLT_WIDTHL
000000r 4               BLT_WIDTHL        = $BA8E
000000r 4               .endif
000000r 4               .ifndef BLT_WIDTHH
000000r 4               BLT_WIDTHH        = $BA8F
000000r 4               .endif
000000r 4               .ifndef BLT_HEIGHTL
000000r 4               BLT_HEIGHTL       = $BA90
000000r 4               .endif
000000r 4               .ifndef BLT_HEIGHTH
000000r 4               BLT_HEIGHTH       = $BA91
000000r 4               .endif
000000r 4               .ifndef BLT_SRCSTRL
000000r 4               BLT_SRCSTRL       = $BA92
000000r 4               .endif
000000r 4               .ifndef BLT_SRCSTRH
000000r 4               BLT_SRCSTRH       = $BA93
000000r 4               .endif
000000r 4               .ifndef BLT_DSTSTRL
000000r 4               BLT_DSTSTRL       = $BA94
000000r 4               .endif
000000r 4               .ifndef BLT_DSTSTRH
000000r 4               BLT_DSTSTRH       = $BA95
000000r 4               .endif
000000r 4               .ifndef BLT_DSTRH
000000r 4               BLT_DSTRH         = BLT_DSTSTRH
000000r 4               .endif
000000r 4               .ifndef BLT_MODE_REG
000000r 4               BLT_MODE_REG      = $BA96
000000r 4               .endif
000000r 4               .ifndef BLT_FILLVALUE
000000r 4               BLT_FILLVALUE     = $BA97
000000r 4               .endif
000000r 4               .ifndef BLT_FILLVAL
000000r 4               BLT_FILLVAL       = BLT_FILLVALUE
000000r 4               .endif
000000r 4               .ifndef BLT_CKEY
000000r 4               BLT_CKEY          = $BA98
000000r 4               .endif
000000r 4               .ifndef BLT_CNTL
000000r 4               BLT_CNTL          = $BA99
000000r 4               .endif
000000r 4               .ifndef BLT_CNTM
000000r 4               BLT_CNTM          = $BA9A
000000r 4               .endif
000000r 4               .ifndef BLT_CNTH
000000r 4               BLT_CNTH          = $BA9B
000000r 4               .endif
000000r 4               .ifndef BLT_ROTANGLE
000000r 4               BLT_ROTANGLE      = $BAA2
000000r 4               .endif
000000r 4               .ifndef BLT_ROT_ANGLE
000000r 4               BLT_ROT_ANGLE     = BLT_ROTANGLE
000000r 4               .endif
000000r 4               
000000r 4               .ifndef BLT_CMD
000000r 4               BLT_CMD           = BLT_CMD_REG
000000r 4               .endif
000000r 4               .ifndef BLT_STATUS
000000r 4               BLT_STATUS        = BLT_STATUS_REG
000000r 4               .endif
000000r 4               .ifndef BLT_ERRCODE
000000r 4               BLT_ERRCODE       = BLT_ERRCODE_REG
000000r 4               .endif
000000r 4               .ifndef BLT_MODE
000000r 4               BLT_MODE          = BLT_MODE_REG
000000r 4               .endif
000000r 4               .ifndef BLT_FILL
000000r 4               BLT_FILL          = BLT_FILLVALUE
000000r 4               .endif
000000r 4               
000000r 4               .ifndef BLT_CMD_START
000000r 4               BLT_CMD_START     = $01
000000r 4               .endif
000000r 4               .ifndef BLT_STATUS_IDLE
000000r 4               BLT_STATUS_IDLE   = $00
000000r 4               .endif
000000r 4               .ifndef BLT_STATUS_BUSY
000000r 4               BLT_STATUS_BUSY   = $01
000000r 4               .endif
000000r 4               .ifndef BLT_STATUS_OK
000000r 4               BLT_STATUS_OK     = $02
000000r 4               .endif
000000r 4               .ifndef BLT_STATUS_ERROR
000000r 4               BLT_STATUS_ERROR  = $03
000000r 4               .endif
000000r 4               .ifndef BLT_BUSY
000000r 4               BLT_BUSY          = BLT_STATUS_BUSY
000000r 4               .endif
000000r 4               .ifndef BLT_OK
000000r 4               BLT_OK            = BLT_STATUS_OK
000000r 4               .endif
000000r 4               .ifndef BLT_ERR_BADCMD
000000r 4               BLT_ERR_BADCMD    = $01
000000r 4               .endif
000000r 4               .ifndef BLT_ERR_BADSPACE
000000r 4               BLT_ERR_BADSPACE  = $02
000000r 4               .endif
000000r 4               .ifndef BLT_ERR_RANGE
000000r 4               BLT_ERR_RANGE     = $03
000000r 4               .endif
000000r 4               .ifndef BLT_ERR_BADARGS
000000r 4               BLT_ERR_BADARGS   = $04
000000r 4               .endif
000000r 4               .ifndef BLT_ERR_WRITEPROT
000000r 4               BLT_ERR_WRITEPROT = $05
000000r 4               .endif
000000r 4               .ifndef BLT_MODE_FILL
000000r 4               BLT_MODE_FILL     = $01
000000r 4               .endif
000000r 4               .ifndef BLT_MODE_COLORKEY
000000r 4               BLT_MODE_COLORKEY = $02
000000r 4               .endif
000000r 4               .ifndef BLT_MODE_ROTATE
000000r 4               BLT_MODE_ROTATE   = $04
000000r 4               .endif
000000r 4               .ifndef BLT_SPACE_CPU
000000r 4               BLT_SPACE_CPU     = DMA_SPACE_CPU
000000r 4               .endif
000000r 4               .ifndef BLT_SPACE_VGC_CHAR
000000r 4               BLT_SPACE_VGC_CHAR = DMA_SPACE_VGC_CHAR
000000r 4               .endif
000000r 4               .ifndef BLT_SPACE_VGC_COLOR
000000r 4               BLT_SPACE_VGC_COLOR = DMA_SPACE_VGC_COLOR
000000r 4               .endif
000000r 4               .ifndef BLT_SPACE_VGC_GFX
000000r 4               BLT_SPACE_VGC_GFX = DMA_SPACE_VGC_GFX
000000r 4               .endif
000000r 4               .ifndef BLT_SPACE_VGC_SPRITE
000000r 4               BLT_SPACE_VGC_SPRITE = DMA_SPACE_VGC_SPRITE
000000r 4               .endif
000000r 4               .ifndef BLT_SPACE_XRAM
000000r 4               BLT_SPACE_XRAM    = DMA_SPACE_XRAM
000000r 4               .endif
000000r 4               .ifndef BLT_SPACE_VGC_TEXTATTR
000000r 4               BLT_SPACE_VGC_TEXTATTR = DMA_SPACE_VGC_TEXTATTR
000000r 4               .endif
000000r 4               
000000r 4               ; ---------------------------------------------------------------------
000000r 4               ; Board input ABI. The current FPGA build maps these to ULX3S buttons and DIP
000000r 4               ; switches. Values are active-high logical state, debounced by hardware.
000000r 4               ; ---------------------------------------------------------------------
000000r 4               .ifndef BOARD_INPUT_BUTTONS
000000r 4               BOARD_INPUT_BUTTONS = $BA9C
000000r 4               .endif
000000r 4               .ifndef BOARD_INPUT_SWITCHES
000000r 4               BOARD_INPUT_SWITCHES = $BA9D
000000r 4               .endif
000000r 4               .ifndef BOARD_INPUT_IRQ_ENABLE
000000r 4               BOARD_INPUT_IRQ_ENABLE = $BA9E
000000r 4               .endif
000000r 4               .ifndef BOARD_INPUT_IRQ_STATUS
000000r 4               BOARD_INPUT_IRQ_STATUS = $BA9F
000000r 4               .endif
000000r 4               .ifndef BOARD_INPUT_BUTTON_CHANGES
000000r 4               BOARD_INPUT_BUTTON_CHANGES = $BAA0
000000r 4               .endif
000000r 4               .ifndef BOARD_INPUT_SWITCH_CHANGES
000000r 4               BOARD_INPUT_SWITCH_CHANGES = $BAA1
000000r 4               .endif
000000r 4               .ifndef BOARD_BTN_PWR
000000r 4               BOARD_BTN_PWR    = $01
000000r 4               .endif
000000r 4               .ifndef BOARD_BTN_FIRE1
000000r 4               BOARD_BTN_FIRE1  = $02
000000r 4               .endif
000000r 4               .ifndef BOARD_BTN_FIRE2
000000r 4               BOARD_BTN_FIRE2  = $04
000000r 4               .endif
000000r 4               .ifndef BOARD_BTN_UP
000000r 4               BOARD_BTN_UP     = $08
000000r 4               .endif
000000r 4               .ifndef BOARD_BTN_DOWN
000000r 4               BOARD_BTN_DOWN   = $10
000000r 4               .endif
000000r 4               .ifndef BOARD_BTN_LEFT
000000r 4               BOARD_BTN_LEFT   = $20
000000r 4               .endif
000000r 4               .ifndef BOARD_BTN_RIGHT
000000r 4               BOARD_BTN_RIGHT  = $40
000000r 4               .endif
000000r 4               .ifndef BOARD_BTN_MASK
000000r 4               BOARD_BTN_MASK   = $7F
000000r 4               .endif
000000r 4               .ifndef BOARD_SW1
000000r 4               BOARD_SW1        = $01
000000r 4               .endif
000000r 4               .ifndef BOARD_SW2
000000r 4               BOARD_SW2        = $02
000000r 4               .endif
000000r 4               .ifndef BOARD_SW3
000000r 4               BOARD_SW3        = $04
000000r 4               .endif
000000r 4               .ifndef BOARD_SW4
000000r 4               BOARD_SW4        = $08
000000r 4               .endif
000000r 4               .ifndef BOARD_SW_MASK
000000r 4               BOARD_SW_MASK    = $0F
000000r 4               .endif
000000r 4               .ifndef BOARD_INPUT_IRQ_BUTTONS
000000r 4               BOARD_INPUT_IRQ_BUTTONS = $01
000000r 4               .endif
000000r 4               .ifndef BOARD_INPUT_IRQ_SWITCHES
000000r 4               BOARD_INPUT_IRQ_SWITCHES = $02
000000r 4               .endif
000000r 4               .ifndef BOARD_INPUT_IRQ_MASK
000000r 4               BOARD_INPUT_IRQ_MASK = $03
000000r 4               .endif
000000r 4               
000000r 4               ; ---------------------------------------------------------------------
000000r 4               ; USB HID diagnostics. These registers are currently implemented by the
000000r 4               ; ULX3S US2 low/full-speed USB HID host and read as zero in software-only hosts.
000000r 4               ; ---------------------------------------------------------------------
000000r 4               .ifndef USB_HID_STATUS
000000r 4               USB_HID_STATUS = $BAA3
000000r 4               .endif
000000r 4               .ifndef USB_HID_DEVICE_TYPE
000000r 4               USB_HID_DEVICE_TYPE = $BAA4
000000r 4               .endif
000000r 4               .ifndef USB_HID_LAST_SCAN
000000r 4               USB_HID_LAST_SCAN = $BAA5
000000r 4               .endif
000000r 4               .ifndef USB_HID_LAST_ASCII
000000r 4               USB_HID_LAST_ASCII = $BAA6
000000r 4               .endif
000000r 4               .ifndef USB_HID_REPORT_COUNT
000000r 4               USB_HID_REPORT_COUNT = $BAA7
000000r 4               .endif
000000r 4               .ifndef USB_HID_KEY_COUNT
000000r 4               USB_HID_KEY_COUNT = $BAA8
000000r 4               .endif
000000r 4               .ifndef USB_HID_CORE_STATUS
000000r 4               USB_HID_CORE_STATUS = $BAA9
000000r 4               .endif
000000r 4               .ifndef USB_HID_VID_L
000000r 4               USB_HID_VID_L = $BAAA
000000r 4               .endif
000000r 4               .ifndef USB_HID_VID_H
000000r 4               USB_HID_VID_H = $BAAB
000000r 4               .endif
000000r 4               .ifndef USB_HID_PID_L
000000r 4               USB_HID_PID_L = $BAAC
000000r 4               .endif
000000r 4               .ifndef USB_HID_PID_H
000000r 4               USB_HID_PID_H = $BAAD
000000r 4               .endif
000000r 4               .ifndef USB_HID_INTERFACE_CLASS
000000r 4               USB_HID_INTERFACE_CLASS = $BAAE
000000r 4               .endif
000000r 4               .ifndef USB_HID_INTERFACE_PROTOCOL
000000r 4               USB_HID_INTERFACE_PROTOCOL = $BAAF
000000r 4               .endif
000000r 4               .ifndef USB_HID_ST_RESET_RELEASED
000000r 4               USB_HID_ST_RESET_RELEASED = $01
000000r 4               .endif
000000r 4               .ifndef USB_HID_ST_DM_HIGH
000000r 4               USB_HID_ST_DM_HIGH = $02
000000r 4               .endif
000000r 4               .ifndef USB_HID_ST_DP_HIGH
000000r 4               USB_HID_ST_DP_HIGH = $04
000000r 4               .endif
000000r 4               .ifndef USB_HID_ST_DEVICE_PRESENT
000000r 4               USB_HID_ST_DEVICE_PRESENT = $08
000000r 4               .endif
000000r 4               .ifndef USB_HID_ST_KEYBOARD_PRESENT
000000r 4               USB_HID_ST_KEYBOARD_PRESENT = $10
000000r 4               .endif
000000r 4               .ifndef USB_HID_ST_REPORT_SEEN
000000r 4               USB_HID_ST_REPORT_SEEN = $20
000000r 4               .endif
000000r 4               .ifndef USB_HID_ST_KEY_SEEN
000000r 4               USB_HID_ST_KEY_SEEN = $40
000000r 4               .endif
000000r 4               .ifndef USB_HID_ST_ERROR
000000r 4               USB_HID_ST_ERROR = $80
000000r 4               .endif
000000r 4               .ifndef USB_HID_CORE_BUSY
000000r 4               USB_HID_CORE_BUSY = $01
000000r 4               .endif
000000r 4               .ifndef USB_HID_CORE_ENDPOINT_MASK
000000r 4               USB_HID_CORE_ENDPOINT_MASK = $0E
000000r 4               .endif
000000r 4               .ifndef USB_HID_CORE_ENDPOINT_SHIFT
000000r 4               USB_HID_CORE_ENDPOINT_SHIFT = 1
000000r 4               .endif
000000r 4               .ifndef USB_HID_CORE_FULL_SPEED
000000r 4               USB_HID_CORE_FULL_SPEED = $10
000000r 4               .endif
000000r 4               .ifndef USB_HID_CORE_CONNECTED
000000r 4               USB_HID_CORE_CONNECTED = $20
000000r 4               .endif
000000r 4               .ifndef USB_HID_CORE_NAK
000000r 4               USB_HID_CORE_NAK = $40
000000r 4               .endif
000000r 4               .ifndef USB_HID_CORE_STALL
000000r 4               USB_HID_CORE_STALL = $80
000000r 4               .endif
000000r 4               
000000r 4               .endif
000000r 4               
000000r 3               
000000r 3               BLITTER_RESULT_OK    = $00
000000r 3               BLITTER_RESULT_ERROR = $01
000000r 3               
000000r 3               .endif
000000r 3               
000000r 2               .include "nova.inc"
000000r 3               ; Shared Nova hardware constants for BASIC, assembly, and runtime libraries.
000000r 3               ;
000000r 3               ; This include is deliberately guarded per symbol so it can coexist with older
000000r 3               ; source files that still define a subset of these names locally.
000000r 3               
000000r 3               .ifndef NOVA_INC_INCLUDED
000000r 3               NOVA_INC_INCLUDED = 1
000000r 3               
000000r 3               ; Nova pseudo-register mailbox. These bytes are available to callers and
000000r 3               ; runtime helpers as ephemeral argument/scratch storage only. A routine may
000000r 3               ; clobber them unless its documentation explicitly says otherwise; persistent
000000r 3               ; library state must be allocated in a linker segment such as BSS/ZEROPAGE.
000000r 3               .ifndef NVR0L
000000r 3               NVR0L             = $20
000000r 3               .endif
000000r 3               .ifndef NVR0H
000000r 3               NVR0H             = $21
000000r 3               .endif
000000r 3               .ifndef NVR1L
000000r 3               NVR1L             = $22
000000r 3               .endif
000000r 3               .ifndef NVR1H
000000r 3               NVR1H             = $23
000000r 3               .endif
000000r 3               .ifndef NVR2L
000000r 3               NVR2L             = $24
000000r 3               .endif
000000r 3               .ifndef NVR2H
000000r 3               NVR2H             = $25
000000r 3               .endif
000000r 3               .ifndef NVR3L
000000r 3               NVR3L             = $26
000000r 3               .endif
000000r 3               .ifndef NVR3H
000000r 3               NVR3H             = $27
000000r 3               .endif
000000r 3               .ifndef NVR4L
000000r 3               NVR4L             = $28
000000r 3               .endif
000000r 3               .ifndef NVR4H
000000r 3               NVR4H             = $29
000000r 3               .endif
000000r 3               .ifndef NVR5L
000000r 3               NVR5L             = $2A
000000r 3               .endif
000000r 3               .ifndef NVR5H
000000r 3               NVR5H             = $2B
000000r 3               .endif
000000r 3               .ifndef NVR6L
000000r 3               NVR6L             = $2C
000000r 3               .endif
000000r 3               .ifndef NVR6H
000000r 3               NVR6H             = $2D
000000r 3               .endif
000000r 3               .ifndef NVR7L
000000r 3               NVR7L             = $2E
000000r 3               .endif
000000r 3               .ifndef NVR7H
000000r 3               NVR7H             = $2F
000000r 3               .endif
000000r 3               
000000r 3               ; BASIC SYS register bridge. SYS addr[,A[,X[,Y]]] loads A/X/Y from these
000000r 3               ; bytes before jumping and stores A/X/Y back here when the routine returns.
000000r 3               ; @label SYS.REGA
000000r 3               ; @kind u8
000000r 3               ; @symbol SYS_REGA
000000r 3               ; @summary Returned A register from the most recent SYS call.
000000r 3               .ifndef SYS_REGA
000000r 3               SYS_REGA          = $E7
000000r 3               .endif
000000r 3               ; @label SYS.REGX
000000r 3               ; @kind u8
000000r 3               ; @symbol SYS_REGX
000000r 3               ; @summary Returned X register from the most recent SYS call.
000000r 3               .ifndef SYS_REGX
000000r 3               SYS_REGX          = $E8
000000r 3               .endif
000000r 3               ; @label SYS.REGY
000000r 3               ; @kind u8
000000r 3               ; @symbol SYS_REGY
000000r 3               ; @summary Returned Y register from the most recent SYS call.
000000r 3               .ifndef SYS_REGY
000000r 3               SYS_REGY          = $E9
000000r 3               .endif
000000r 3               
000000r 3               ; Extension ROM argument mailbox used by small BASIC stubs that parse
000000r 3               ; BASIC-owned data before calling an extension handler.
000000r 3               .ifndef EXT_ARG_LEN
000000r 3               EXT_ARG_LEN       = $EA
000000r 3               .endif
000000r 3               .ifndef EXT_ARG_PTRL
000000r 3               EXT_ARG_PTRL      = $EB
000000r 3               .endif
000000r 3               .ifndef EXT_ARG_PTRH
000000r 3               EXT_ARG_PTRH      = $EC
000000r 3               .endif
000000r 3               
000000r 3               .ifndef NOVA_SCREEN_COLS
000000r 3               NOVA_SCREEN_COLS  = 80
000000r 3               .endif
000000r 3               .ifndef NOVA_SCREEN_ROWS
000000r 3               NOVA_SCREEN_ROWS  = 50
000000r 3               .endif
000000r 3               .ifndef NOVA_SCREEN_SIZE
000000r 3               NOVA_SCREEN_SIZE  = NOVA_SCREEN_COLS * NOVA_SCREEN_ROWS
000000r 3               .endif
000000r 3               
000000r 3               ; ---------------------------------------------------------------------
000000r 3               ; 6502 hardware vectors.
000000r 3               ; ---------------------------------------------------------------------
000000r 3               .ifndef CPU_NMI_VECTOR
000000r 3               CPU_NMI_VECTOR    = $FFFA
000000r 3               .endif
000000r 3               .ifndef CPU_RESET_VECTOR
000000r 3               CPU_RESET_VECTOR  = $FFFC
000000r 3               .endif
000000r 3               .ifndef CPU_IRQ_VECTOR
000000r 3               CPU_IRQ_VECTOR    = $FFFE
000000r 3               .endif
000000r 3               
000000r 3               ; ---------------------------------------------------------------------
000000r 3               ; VGC core and text/VRAM port registers.
000000r 3               ; ---------------------------------------------------------------------
000000r 3               .ifndef VGC_MODE
000000r 3               VGC_MODE          = $A000
000000r 3               .endif
000000r 3               .ifndef VGC_BGCOL
000000r 3               VGC_BGCOL         = $A001
000000r 3               .endif
000000r 3               .ifndef VGC_FGCOL
000000r 3               VGC_FGCOL         = $A002
000000r 3               .endif
000000r 3               .ifndef VGC_CURSX
000000r 3               VGC_CURSX         = $A003
000000r 3               .endif
000000r 3               .ifndef VGC_CURSY
000000r 3               VGC_CURSY         = $A004
000000r 3               .endif
000000r 3               .ifndef VGC_SCROLLX
000000r 3               VGC_SCROLLX       = $A005
000000r 3               .endif
000000r 3               .ifndef VGC_SCROLLY
000000r 3               VGC_SCROLLY       = $A006
000000r 3               .endif
000000r 3               .ifndef VGC_FONT
000000r 3               VGC_FONT          = $A007
000000r 3               .endif
000000r 3               .ifndef VGC_FRAME
000000r 3               VGC_FRAME         = $A008
000000r 3               .endif
000000r 3               .ifndef VGC_STATUS
000000r 3               VGC_STATUS        = $A008
000000r 3               .endif
000000r 3               .ifndef VGC_SPRCOUNT
000000r 3               VGC_SPRCOUNT      = $A009
000000r 3               .endif
000000r 3               .ifndef VGC_CURSEN
000000r 3               VGC_CURSEN        = $A00A
000000r 3               .endif
000000r 3               .ifndef VGC_COLLST
000000r 3               VGC_COLLST        = $A00B
000000r 3               .endif
000000r 3               .ifndef VGC_COLLBG
000000r 3               VGC_COLLBG        = $A00C
000000r 3               .endif
000000r 3               .ifndef VGC_COLLST_HI
000000r 3               VGC_COLLST_HI     = $A0EB
000000r 3               .endif
000000r 3               .ifndef VGC_COLLBG_HI
000000r 3               VGC_COLLBG_HI     = $A0EC
000000r 3               .endif
000000r 3               .ifndef VGC_BORDER
000000r 3               VGC_BORDER        = $A00D
000000r 3               .endif
000000r 3               .ifndef VGC_CHAROUT
000000r 3               VGC_CHAROUT       = $A00E
000000r 3               .endif
000000r 3               .ifndef VGC_CHARIN
000000r 3               VGC_CHARIN        = $A00F
000000r 3               .endif
000000r 3               
000000r 3               .ifndef VGC_CMD
000000r 3               VGC_CMD           = $A010
000000r 3               .endif
000000r 3               .ifndef VGC_P0
000000r 3               VGC_P0            = $A011
000000r 3               .endif
000000r 3               .ifndef VGC_P1
000000r 3               VGC_P1            = $A012
000000r 3               .endif
000000r 3               .ifndef VGC_P2
000000r 3               VGC_P2            = $A013
000000r 3               .endif
000000r 3               .ifndef VGC_P3
000000r 3               VGC_P3            = $A014
000000r 3               .endif
000000r 3               .ifndef VGC_P4
000000r 3               VGC_P4            = $A015
000000r 3               .endif
000000r 3               .ifndef VGC_P5
000000r 3               VGC_P5            = $A016
000000r 3               .endif
000000r 3               .ifndef VGC_P6
000000r 3               VGC_P6            = $A017
000000r 3               .endif
000000r 3               .ifndef VGC_P7
000000r 3               VGC_P7            = $A018
000000r 3               .endif
000000r 3               .ifndef VGC_P8
000000r 3               VGC_P8            = $A019
000000r 3               .endif
000000r 3               .ifndef VGC_P9
000000r 3               VGC_P9            = $A01A
000000r 3               .endif
000000r 3               .ifndef VGC_P10
000000r 3               VGC_P10           = $A01B
000000r 3               .endif
000000r 3               .ifndef VGC_P11
000000r 3               VGC_P11           = $A01C
000000r 3               .endif
000000r 3               .ifndef VGC_P12
000000r 3               VGC_P12           = $A01D
000000r 3               .endif
000000r 3               .ifndef VGC_P13
000000r 3               VGC_P13           = $A01E
000000r 3               .endif
000000r 3               .ifndef VGC_P14
000000r 3               VGC_P14           = $A01F
000000r 3               .endif
000000r 3               
000000r 3               .ifndef REG_HELP
000000r 3               REG_HELP          = $A020
000000r 3               .endif
000000r 3               .ifndef HELP_BUF
000000r 3               HELP_BUF          = $A021
000000r 3               .endif
000000r 3               .ifndef REG_ROMSWAP
000000r 3               REG_ROMSWAP       = $A03F
000000r 3               .endif
000000r 3               .ifndef ROMSWAP_NCC
000000r 3               ROMSWAP_NCC       = $01
000000r 3               .endif
000000r 3               .ifndef ROMSWAP_BASIC
000000r 3               ROMSWAP_BASIC     = $02
000000r 3               .endif
000000r 3               .ifndef ROMSWAP_PRIMARY
000000r 3               ; @label ROMSWAP.PRIMARY
000000r 3               ; @kind const
000000r 3               ; @symbol ROMSWAP_PRIMARY
000000r 3               ; @summary Select the primary runtime ROM bank at $C000. At cold boot this is NovaBASIC; a RAM launcher may replace it with another runtime first.
000000r 3               ROMSWAP_PRIMARY   = ROMSWAP_BASIC
000000r 3               .endif
000000r 3               .ifndef ROMSWAP_NCCEDIT
000000r 3               ROMSWAP_NCCEDIT   = $03
000000r 3               .endif
000000r 3               .ifndef ROMSWAP_EXTENSION
000000r 3               ROMSWAP_EXTENSION = $04
000000r 3               .endif
000000r 3               .ifndef ROMSWAP_LOGO
000000r 3               ROMSWAP_LOGO      = $05
000000r 3               .endif
000000r 3               
000000r 3               .ifndef VGC_SPR_BASE
000000r 3               VGC_SPR_BASE      = $A040
000000r 3               .endif
000000r 3               .ifndef VGC_SPR_STRIDE
000000r 3               VGC_SPR_STRIDE    = $08
000000r 3               .endif
000000r 3               .ifndef VGC_MAX_SPRITES
000000r 3               VGC_MAX_SPRITES   = $10
000000r 3               .endif
000000r 3               .ifndef VGC_SPR_XL_OFF
000000r 3               VGC_SPR_XL_OFF    = $00
000000r 3               .endif
000000r 3               .ifndef VGC_SPR_XH_OFF
000000r 3               VGC_SPR_XH_OFF    = $01
000000r 3               .endif
000000r 3               .ifndef VGC_SPR_YL_OFF
000000r 3               VGC_SPR_YL_OFF    = $02
000000r 3               .endif
000000r 3               .ifndef VGC_SPR_YH_OFF
000000r 3               VGC_SPR_YH_OFF    = $03
000000r 3               .endif
000000r 3               .ifndef VGC_SPR_SHAPE_OFF
000000r 3               VGC_SPR_SHAPE_OFF = $04
000000r 3               .endif
000000r 3               .ifndef VGC_SPR_FLAGS_OFF
000000r 3               VGC_SPR_FLAGS_OFF = $05
000000r 3               .endif
000000r 3               .ifndef VGC_SPR_PRI_OFF
000000r 3               VGC_SPR_PRI_OFF   = $06
000000r 3               .endif
000000r 3               .ifndef VGC_SPR_TRANS_OFF
000000r 3               VGC_SPR_TRANS_OFF = $07
000000r 3               .endif
000000r 3               .ifndef VGC_SPR_XL
000000r 3               VGC_SPR_XL        = VGC_SPR_BASE + VGC_SPR_XL_OFF
000000r 3               .endif
000000r 3               .ifndef VGC_SPR_XH
000000r 3               VGC_SPR_XH        = VGC_SPR_BASE + VGC_SPR_XH_OFF
000000r 3               .endif
000000r 3               .ifndef VGC_SPR_YL
000000r 3               VGC_SPR_YL        = VGC_SPR_BASE + VGC_SPR_YL_OFF
000000r 3               .endif
000000r 3               .ifndef VGC_SPR_YH
000000r 3               VGC_SPR_YH        = VGC_SPR_BASE + VGC_SPR_YH_OFF
000000r 3               .endif
000000r 3               .ifndef VGC_SPR_SHAPE
000000r 3               VGC_SPR_SHAPE     = VGC_SPR_BASE + VGC_SPR_SHAPE_OFF
000000r 3               .endif
000000r 3               .ifndef VGC_SPR_FLAGS
000000r 3               VGC_SPR_FLAGS     = VGC_SPR_BASE + VGC_SPR_FLAGS_OFF
000000r 3               .endif
000000r 3               .ifndef VGC_SPR_PRI
000000r 3               VGC_SPR_PRI       = VGC_SPR_BASE + VGC_SPR_PRI_OFF
000000r 3               .endif
000000r 3               .ifndef VGC_SPR_TRANS
000000r 3               VGC_SPR_TRANS     = VGC_SPR_BASE + VGC_SPR_TRANS_OFF
000000r 3               .endif
000000r 3               .ifndef VGC_SPR_FLAG_XFLIP
000000r 3               VGC_SPR_FLAG_XFLIP = $01
000000r 3               .endif
000000r 3               .ifndef VGC_SPR_FLAG_YFLIP
000000r 3               VGC_SPR_FLAG_YFLIP = $02
000000r 3               .endif
000000r 3               .ifndef VGC_SPR_FLAG_FLIPMASK
000000r 3               VGC_SPR_FLAG_FLIPMASK = $03
000000r 3               .endif
000000r 3               .ifndef VGC_SPR_FLAG_ENABLE
000000r 3               VGC_SPR_FLAG_ENABLE = $80
000000r 3               .endif
000000r 3               .ifndef VGC_SPR_PRI_BEHIND
000000r 3               VGC_SPR_PRI_BEHIND = $00
000000r 3               .endif
000000r 3               .ifndef VGC_SPR_PRI_BETWEEN
000000r 3               VGC_SPR_PRI_BETWEEN = $01
000000r 3               .endif
000000r 3               .ifndef VGC_SPR_PRI_FRONT
000000r 3               VGC_SPR_PRI_FRONT = $02
000000r 3               .endif
000000r 3               
000000r 3               .ifndef VGC_VRAM_PLANE
000000r 3               VGC_VRAM_PLANE    = $A0E0
000000r 3               .endif
000000r 3               .ifndef VGC_VRAM_ADDRL
000000r 3               VGC_VRAM_ADDRL    = $A0E1
000000r 3               .endif
000000r 3               .ifndef VGC_VRAM_ADDRH
000000r 3               VGC_VRAM_ADDRH    = $A0E2
000000r 3               .endif
000000r 3               .ifndef VGC_VRAM_DATA
000000r 3               VGC_VRAM_DATA     = $A0E3
000000r 3               .endif
000000r 3               .ifndef VGC_VRAM_CTRL
000000r 3               VGC_VRAM_CTRL     = $A0E4
000000r 3               .endif
000000r 3               .ifndef VGC_DIMMER
000000r 3               VGC_DIMMER        = $A0E5
000000r 3               .endif
000000r 3               .ifndef VGC_TXTFLAGS
000000r 3               VGC_TXTFLAGS      = $A0E6
000000r 3               .endif
000000r 3               .ifndef VGC_TXTREVATTR
000000r 3               VGC_TXTREVATTR    = $A0E7
000000r 3               .endif
000000r 3               ; @label VGC.GFXTRANS
000000r 3               ; @kind const
000000r 3               ; @symbol VGC_GFXTRANS
000000r 3               ; @summary Graphics-plane transparent color register. Defaults to 0; set to another palette index when graphics code needs visible palette-0 black pixels.
000000r 3               .ifndef VGC_GFXTRANS
000000r 3               VGC_GFXTRANS      = $A0E8
000000r 3               .endif
000000r 3               .ifndef VGC_PALETTE
000000r 3               VGC_PALETTE       = $A0E9
000000r 3               .endif
000000r 3               .ifndef VGC_SCROLLCTL
000000r 3               VGC_SCROLLCTL     = $A0EA
000000r 3               .endif
000000r 3               .ifndef VGC_SCROLLCTL_XHI
000000r 3               VGC_SCROLLCTL_XHI = $01
000000r 3               .endif
000000r 3               .ifndef VGC_SCROLLCTL_GFX
000000r 3               VGC_SCROLLCTL_GFX = $02
000000r 3               .endif
000000r 3               .ifndef VGC_SCROLLCTL_TEXT
000000r 3               VGC_SCROLLCTL_TEXT = $04
000000r 3               .endif
000000r 3               
000000r 3               .ifndef VGC_VPLANE
000000r 3               VGC_VPLANE        = VGC_VRAM_PLANE
000000r 3               .endif
000000r 3               .ifndef VGC_VADDRL
000000r 3               VGC_VADDRL        = VGC_VRAM_ADDRL
000000r 3               .endif
000000r 3               .ifndef VGC_VADDRH
000000r 3               VGC_VADDRH        = VGC_VRAM_ADDRH
000000r 3               .endif
000000r 3               .ifndef VGC_VDATA
000000r 3               VGC_VDATA         = VGC_VRAM_DATA
000000r 3               .endif
000000r 3               .ifndef VGC_VCTRL
000000r 3               VGC_VCTRL         = VGC_VRAM_CTRL
000000r 3               .endif
000000r 3               
000000r 3               .ifndef VGC_PLANE_CHAR
000000r 3               VGC_PLANE_CHAR    = $01
000000r 3               .endif
000000r 3               .ifndef VGC_PLANE_COLOR
000000r 3               VGC_PLANE_COLOR   = $02
000000r 3               .endif
000000r 3               .ifndef VGC_PLANE_GFX
000000r 3               VGC_PLANE_GFX     = $03
000000r 3               .endif
000000r 3               .ifndef VGC_PLANE_SPRITE
000000r 3               VGC_PLANE_SPRITE  = $04
000000r 3               .endif
000000r 3               .ifndef VGC_PLANE_TEXTATTR
000000r 3               VGC_PLANE_TEXTATTR = $07
000000r 3               .endif
000000r 3               .ifndef VGC_VRAM_AUTOINC
000000r 3               VGC_VRAM_AUTOINC  = $01
000000r 3               .endif
000000r 3               
000000r 3               .ifndef VTXT_REV
000000r 3               VTXT_REV          = $01
000000r 3               .endif
000000r 3               .ifndef VTXT_REVEX
000000r 3               VTXT_REVEX        = $02
000000r 3               .endif
000000r 3               .ifndef VTXT_FLASH
000000r 3               VTXT_FLASH        = $04
000000r 3               .endif
000000r 3               .ifndef VTXT_ATTR_FLASH
000000r 3               VTXT_ATTR_FLASH   = $01
000000r 3               .endif
000000r 3               
000000r 3               ; VGC IRQ and command constants.
000000r 3               .ifndef VGC_IRQ_ENABLE
000000r 3               VGC_IRQ_ENABLE    = $A0F0
000000r 3               .endif
000000r 3               .ifndef VGC_IRQ_STATUS
000000r 3               VGC_IRQ_STATUS    = $A0F1
000000r 3               .endif
000000r 3               .ifndef VGC_IRQ_FORCE
000000r 3               VGC_IRQ_FORCE     = $A0F2
000000r 3               .endif
000000r 3               .ifndef VGC_IRQ_VALID
000000r 3               VGC_IRQ_VALID     = $A0F3
000000r 3               .endif
000000r 3               .ifndef VGC_IRQ_VBLANK
000000r 3               VGC_IRQ_VBLANK    = $01
000000r 3               .endif
000000r 3               .ifndef VGC_IRQ_COPPER0
000000r 3               VGC_IRQ_COPPER0   = $02
000000r 3               .endif
000000r 3               .ifndef VGC_IRQ_SPRCOLL
000000r 3               VGC_IRQ_SPRCOLL   = $20
000000r 3               .endif
000000r 3               .ifndef VGC_IRQ_SPRBG
000000r 3               VGC_IRQ_SPRBG     = $40
000000r 3               .endif
000000r 3               
000000r 3               .ifndef VCMD_PLOT
000000r 3               VCMD_PLOT         = $01
000000r 3               .endif
000000r 3               .ifndef VCMD_UNPLOT
000000r 3               VCMD_UNPLOT       = $02
000000r 3               .endif
000000r 3               .ifndef VCMD_LINE
000000r 3               VCMD_LINE         = $03
000000r 3               .endif
000000r 3               .ifndef VCMD_CIRCLE
000000r 3               VCMD_CIRCLE       = $04
000000r 3               .endif
000000r 3               .ifndef VCMD_RECT
000000r 3               VCMD_RECT         = $05
000000r 3               .endif
000000r 3               .ifndef VCMD_FILL
000000r 3               VCMD_FILL         = $06
000000r 3               .endif
000000r 3               .ifndef VCMD_GCLS
000000r 3               VCMD_GCLS         = $07
000000r 3               .endif
000000r 3               .ifndef VCMD_GCOLOR
000000r 3               VCMD_GCOLOR       = $08
000000r 3               .endif
000000r 3               .ifndef VCMD_PAINT
000000r 3               VCMD_PAINT        = $09
000000r 3               .endif
000000r 3               .ifndef VCMD_GTEXT
000000r 3               VCMD_GTEXT        = $0A
000000r 3               .endif
000000r 3               .ifndef VCMD_SPRDEF
000000r 3               VCMD_SPRDEF       = $10
000000r 3               .endif
000000r 3               .ifndef VCMD_SPRROW
000000r 3               VCMD_SPRROW       = $11
000000r 3               .endif
000000r 3               .ifndef VCMD_SPRCLR
000000r 3               VCMD_SPRCLR       = $12
000000r 3               .endif
000000r 3               .ifndef VCMD_SPRCOPY
000000r 3               VCMD_SPRCOPY      = $13
000000r 3               .endif
000000r 3               .ifndef VCMD_SPRPOS
000000r 3               VCMD_SPRPOS       = $14
000000r 3               .endif
000000r 3               .ifndef VCMD_SPRENA
000000r 3               VCMD_SPRENA       = $15
000000r 3               .endif
000000r 3               .ifndef VCMD_SPRDIS
000000r 3               VCMD_SPRDIS       = $16
000000r 3               .endif
000000r 3               .ifndef VCMD_SPRFLIP
000000r 3               VCMD_SPRFLIP      = $17
000000r 3               .endif
000000r 3               .ifndef VCMD_SPRPRI
000000r 3               VCMD_SPRPRI       = $18
000000r 3               .endif
000000r 3               .ifndef VCMD_MEMREAD
000000r 3               VCMD_MEMREAD      = $19
000000r 3               .endif
000000r 3               .ifndef VCMD_MEMWRITE
000000r 3               VCMD_MEMWRITE     = $1A
000000r 3               .endif
000000r 3               .ifndef VCMD_COPPERADD
000000r 3               VCMD_COPPERADD    = $1B
000000r 3               .endif
000000r 3               .ifndef VCMD_COPPERCLR
000000r 3               VCMD_COPPERCLR    = $1C
000000r 3               .endif
000000r 3               .ifndef VCMD_COPPERENA
000000r 3               VCMD_COPPERENA    = $1D
000000r 3               .endif
000000r 3               .ifndef VCMD_COPPERDIS
000000r 3               VCMD_COPPERDIS    = $1E
000000r 3               .endif
000000r 3               .ifndef VCMD_SYSRESET
000000r 3               VCMD_SYSRESET     = $1F
000000r 3               .endif
000000r 3               .ifndef VCMD_COPPERLIST
000000r 3               VCMD_COPPERLIST   = $20
000000r 3               .endif
000000r 3               .ifndef VCMD_COPPERUSE
000000r 3               VCMD_COPPERUSE    = $21
000000r 3               .endif
000000r 3               .ifndef VCMD_COPPEREND
000000r 3               VCMD_COPPEREND    = $22
000000r 3               .endif
000000r 3               
000000r 3               ; ---------------------------------------------------------------------
000000r 3               ; NIC network interface controller.
000000r 3               ; ---------------------------------------------------------------------
000000r 3               .ifndef NIC_CMD
000000r 3               NIC_CMD           = $A100
000000r 3               .endif
000000r 3               .ifndef NIC_STATUS
000000r 3               NIC_STATUS        = $A101
000000r 3               .endif
000000r 3               .ifndef NIC_SLOT
000000r 3               NIC_SLOT          = $A102
000000r 3               .endif
000000r 3               .ifndef NIC_IRQCTRL
000000r 3               NIC_IRQCTRL       = $A103
000000r 3               .endif
000000r 3               .ifndef NIC_IRQSTATUS
000000r 3               NIC_IRQSTATUS     = $A104
000000r 3               .endif
000000r 3               .ifndef NIC_CMDSEQ
000000r 3               NIC_CMDSEQ        = $A105
000000r 3               .endif
000000r 3               .ifndef NIC_CMDSHADOW
000000r 3               NIC_CMDSHADOW     = $A106
000000r 3               .endif
000000r 3               .ifndef NIC_HOSTCTRL
000000r 3               NIC_HOSTCTRL      = $A107
000000r 3               .endif
000000r 3               .ifndef NIC_RPORTL
000000r 3               NIC_RPORTL        = $A108
000000r 3               .endif
000000r 3               .ifndef NIC_RPORTH
000000r 3               NIC_RPORTH        = $A109
000000r 3               .endif
000000r 3               .ifndef NIC_LPORTL
000000r 3               NIC_LPORTL        = $A10A
000000r 3               .endif
000000r 3               .ifndef NIC_LPORTH
000000r 3               NIC_LPORTH        = $A10B
000000r 3               .endif
000000r 3               .ifndef NIC_DMAL
000000r 3               NIC_DMAL          = $A110
000000r 3               .endif
000000r 3               .ifndef NIC_DMAH
000000r 3               NIC_DMAH          = $A111
000000r 3               .endif
000000r 3               .ifndef NIC_DMALEN
000000r 3               NIC_DMALEN        = $A112
000000r 3               .endif
000000r 3               .ifndef NIC_MSGLEN
000000r 3               NIC_MSGLEN        = $A113
000000r 3               .endif
000000r 3               .ifndef NIC_DMASTATUS
000000r 3               NIC_DMASTATUS     = $A114
000000r 3               .endif
000000r 3               .ifndef NIC_DMAERR
000000r 3               NIC_DMAERR        = $A115
000000r 3               .endif
000000r 3               .ifndef NIC_SLOTST0
000000r 3               NIC_SLOTST0       = $A118
000000r 3               .endif
000000r 3               .ifndef NIC_SLOTST1
000000r 3               NIC_SLOTST1       = $A119
000000r 3               .endif
000000r 3               .ifndef NIC_SLOTST2
000000r 3               NIC_SLOTST2       = $A11A
000000r 3               .endif
000000r 3               .ifndef NIC_SLOTST3
000000r 3               NIC_SLOTST3       = $A11B
000000r 3               .endif
000000r 3               .ifndef NIC_NAMEBUF
000000r 3               NIC_NAMEBUF       = $A120
000000r 3               .endif
000000r 3               .ifndef NIC_NAMEEND
000000r 3               NIC_NAMEEND       = $A13F
000000r 3               .endif
000000r 3               
000000r 3               .ifndef NIC_CMD_CONNECT
000000r 3               NIC_CMD_CONNECT   = $01
000000r 3               .endif
000000r 3               .ifndef NIC_CMD_DISCONNECT
000000r 3               NIC_CMD_DISCONNECT = $02
000000r 3               .endif
000000r 3               .ifndef NIC_CMD_SEND
000000r 3               NIC_CMD_SEND      = $03
000000r 3               .endif
000000r 3               .ifndef NIC_CMD_RECV
000000r 3               NIC_CMD_RECV      = $04
000000r 3               .endif
000000r 3               .ifndef NIC_CMD_LISTEN
000000r 3               NIC_CMD_LISTEN    = $05
000000r 3               .endif
000000r 3               .ifndef NIC_CMD_ACCEPT
000000r 3               NIC_CMD_ACCEPT    = $06
000000r 3               .endif
000000r 3               .ifndef NIC_ST_CONNECTED
000000r 3               NIC_ST_CONNECTED  = $01
000000r 3               .endif
000000r 3               .ifndef NIC_ST_DATAREADY
000000r 3               NIC_ST_DATAREADY  = $02
000000r 3               .endif
000000r 3               .ifndef NIC_ST_SENDREADY
000000r 3               NIC_ST_SENDREADY  = $04
000000r 3               .endif
000000r 3               .ifndef NIC_ST_ERROR
000000r 3               NIC_ST_ERROR      = $08
000000r 3               .endif
000000r 3               .ifndef NIC_ST_REMOTE_CLOSED
000000r 3               NIC_ST_REMOTE_CLOSED = $10
000000r 3               .endif
000000r 3               .ifndef NIC_STATUS_READY
000000r 3               NIC_STATUS_READY  = $01
000000r 3               .endif
000000r 3               .ifndef NIC_STATUS_ANYDATA
000000r 3               NIC_STATUS_ANYDATA = $02
000000r 3               .endif
000000r 3               .ifndef NIC_STATUS_ANYERROR
000000r 3               NIC_STATUS_ANYERROR = $80
000000r 3               .endif
000000r 3               .ifndef NIC_HOSTCTRL_RX_START
000000r 3               NIC_HOSTCTRL_RX_START = $01
000000r 3               .endif
000000r 3               .ifndef NIC_DMAST_TX_READY
000000r 3               NIC_DMAST_TX_READY = $01
000000r 3               .endif
000000r 3               .ifndef NIC_DMAST_RX_DONE
000000r 3               NIC_DMAST_RX_DONE = $02
000000r 3               .endif
000000r 3               .ifndef NIC_DMAST_ERROR
000000r 3               NIC_DMAST_ERROR  = $40
000000r 3               .endif
000000r 3               .ifndef NIC_DMAST_BUSY
000000r 3               NIC_DMAST_BUSY   = $80
000000r 3               .endif
000000r 3               .ifndef NIC_DMAERR_NONE
000000r 3               NIC_DMAERR_NONE  = $00
000000r 3               .endif
000000r 3               .ifndef NIC_DMAERR_RANGE
000000r 3               NIC_DMAERR_RANGE = $01
000000r 3               .endif
000000r 3               .ifndef NIC_DMAERR_BUSY
000000r 3               NIC_DMAERR_BUSY  = $02
000000r 3               .endif
000000r 3               .ifndef NIC_MAX_SLOTS
000000r 3               NIC_MAX_SLOTS     = $04
000000r 3               .endif
000000r 3               .ifndef NIC_MAX_MSGSIZE
000000r 3               NIC_MAX_MSGSIZE   = $0100
000000r 3               .endif
000000r 3               .ifndef NIC_MAX_QUEUE
000000r 3               NIC_MAX_QUEUE     = $10
000000r 3               .endif
000000r 3               
000000r 3               ; ---------------------------------------------------------------------
000000r 3               ; File I/O coprocessor registers and command/status constants.
000000r 3               ; ---------------------------------------------------------------------
000000r 3               .ifndef FIO_CMD
000000r 3               FIO_CMD           = $B9A0
000000r 3               .endif
000000r 3               .ifndef FIO_STATUS
000000r 3               FIO_STATUS        = $B9A1
000000r 3               .endif
000000r 3               .ifndef FIO_ERRCODE
000000r 3               FIO_ERRCODE       = $B9A2
000000r 3               .endif
000000r 3               ; @label FIO.NAMELEN
000000r 3               ; @kind u8
000000r 3               ; @symbol FIO_NAMELEN
000000r 3               ; @summary Length of the filename in FIO.NAME, 1..63 bytes.
000000r 3               .ifndef FIO_NAMELEN
000000r 3               FIO_NAMELEN       = $B9A3
000000r 3               .endif
000000r 3               .ifndef FIO_SRCL
000000r 3               FIO_SRCL          = $B9A4
000000r 3               .endif
000000r 3               .ifndef FIO_SRCH
000000r 3               FIO_SRCH          = $B9A5
000000r 3               .endif
000000r 3               .ifndef FIO_ENDL
000000r 3               FIO_ENDL          = $B9A6
000000r 3               .endif
000000r 3               .ifndef FIO_ENDH
000000r 3               FIO_ENDH          = $B9A7
000000r 3               .endif
000000r 3               .ifndef FIO_SIZEL
000000r 3               FIO_SIZEL         = $B9A8
000000r 3               .endif
000000r 3               .ifndef FIO_SIZEH
000000r 3               FIO_SIZEH         = $B9A9
000000r 3               .endif
000000r 3               .ifndef FIO_GSPACE
000000r 3               FIO_GSPACE        = $B9AA
000000r 3               .endif
000000r 3               .ifndef FIO_SIZE2
000000r 3               FIO_SIZE2         = $B9AA
000000r 3               .endif
000000r 3               .ifndef FIO_GADDRL
000000r 3               FIO_GADDRL        = $B9AB
000000r 3               .endif
000000r 3               .ifndef FIO_GADDRH
000000r 3               FIO_GADDRH        = $B9AC
000000r 3               .endif
000000r 3               .ifndef FIO_GLENL
000000r 3               FIO_GLENL         = $B9AD
000000r 3               .endif
000000r 3               .ifndef FIO_GLENH
000000r 3               FIO_GLENH         = $B9AE
000000r 3               .endif
000000r 3               .ifndef FIO_DIRTYPE
000000r 3               FIO_DIRTYPE       = $B9AF
000000r 3               .endif
000000r 3               ; @label FIO.NAME
000000r 3               ; @kind buffer
000000r 3               ; @symbol FIO_NAME
000000r 3               ; @summary Filename buffer used by file-backed runtime routines.
000000r 3               .ifndef FIO_NAME
000000r 3               FIO_NAME          = $B9B0
000000r 3               .endif
000000r 3               .ifndef FIO_NAMEEND
000000r 3               FIO_NAMEEND       = $B9EF
000000r 3               .endif
000000r 3               .ifndef META_BASE
000000r 3               META_BASE         = $BAB0
000000r 3               .endif
000000r 3               .ifndef MATH_BASE
000000r 3               MATH_BASE         = $BB20
000000r 3               .endif
000000r 3               .ifndef MATH_END
000000r 3               MATH_END          = $BB4F
000000r 3               .endif
000000r 3               .ifndef MATH_MUL16_A_LO
000000r 3               MATH_MUL16_A_LO   = $BB20
000000r 3               .endif
000000r 3               .ifndef MATH_MUL16_A_HI
000000r 3               MATH_MUL16_A_HI   = $BB21
000000r 3               .endif
000000r 3               .ifndef MATH_MUL16_B_LO
000000r 3               MATH_MUL16_B_LO   = $BB22
000000r 3               .endif
000000r 3               .ifndef MATH_MUL16_B_HI
000000r 3               MATH_MUL16_B_HI   = $BB23
000000r 3               .endif
000000r 3               .ifndef MATH_MULFX_A_LO
000000r 3               MATH_MULFX_A_LO   = $BB24
000000r 3               .endif
000000r 3               .ifndef MATH_MULFX_A_HI
000000r 3               MATH_MULFX_A_HI   = $BB25
000000r 3               .endif
000000r 3               .ifndef MATH_MULFX_B_LO
000000r 3               MATH_MULFX_B_LO   = $BB26
000000r 3               .endif
000000r 3               .ifndef MATH_MULFX_B_HI
000000r 3               MATH_MULFX_B_HI   = $BB27
000000r 3               .endif
000000r 3               .ifndef MATH_DIV_N_LO
000000r 3               MATH_DIV_N_LO     = $BB28
000000r 3               .endif
000000r 3               .ifndef MATH_DIV_N_1
000000r 3               MATH_DIV_N_1      = $BB29
000000r 3               .endif
000000r 3               .ifndef MATH_DIV_N_2
000000r 3               MATH_DIV_N_2      = $BB2A
000000r 3               .endif
000000r 3               .ifndef MATH_DIV_N_HI
000000r 3               MATH_DIV_N_HI     = $BB2B
000000r 3               .endif
000000r 3               .ifndef MATH_DIV_D_LO
000000r 3               MATH_DIV_D_LO     = $BB2C
000000r 3               .endif
000000r 3               .ifndef MATH_DIV_D_HI
000000r 3               MATH_DIV_D_HI     = $BB2D
000000r 3               .endif
000000r 3               .ifndef MATH_SINCOS_ANGLE
000000r 3               MATH_SINCOS_ANGLE = $BB2E
000000r 3               .endif
000000r 3               .ifndef MATH_ATAN_DY_LO
000000r 3               MATH_ATAN_DY_LO   = $BB2F
000000r 3               .endif
000000r 3               .ifndef MATH_ATAN_DY_HI
000000r 3               MATH_ATAN_DY_HI   = $BB30
000000r 3               .endif
000000r 3               .ifndef MATH_ATAN_DX_LO
000000r 3               MATH_ATAN_DX_LO   = $BB31
000000r 3               .endif
000000r 3               .ifndef MATH_ATAN_DX_HI
000000r 3               MATH_ATAN_DX_HI   = $BB32
000000r 3               .endif
000000r 3               .ifndef MATH_DIST_DX_LO
000000r 3               MATH_DIST_DX_LO   = $BB33
000000r 3               .endif
000000r 3               .ifndef MATH_DIST_DX_HI
000000r 3               MATH_DIST_DX_HI   = $BB34
000000r 3               .endif
000000r 3               .ifndef MATH_DIST_DY_LO
000000r 3               MATH_DIST_DY_LO   = $BB35
000000r 3               .endif
000000r 3               .ifndef MATH_DIST_DY_HI
000000r 3               MATH_DIST_DY_HI   = $BB36
000000r 3               .endif
000000r 3               .ifndef MATH_RNG
000000r 3               MATH_RNG          = $BB37
000000r 3               .endif
000000r 3               .ifndef MATH_RES0
000000r 3               MATH_RES0         = $BB38
000000r 3               .endif
000000r 3               .ifndef MATH_RES1
000000r 3               MATH_RES1         = $BB39
000000r 3               .endif
000000r 3               .ifndef MATH_RES2
000000r 3               MATH_RES2         = $BB3A
000000r 3               .endif
000000r 3               .ifndef MATH_RES3
000000r 3               MATH_RES3         = $BB3B
000000r 3               .endif
000000r 3               .ifndef MATH_CAPS0
000000r 3               MATH_CAPS0        = $BB3C
000000r 3               .endif
000000r 3               .ifndef MATH_CAPS1
000000r 3               MATH_CAPS1        = $BB3D
000000r 3               .endif
000000r 3               .ifndef MATH_STATUS
000000r 3               MATH_STATUS       = $BB3E
000000r 3               .endif
000000r 3               .ifndef MATH_VERSION
000000r 3               MATH_VERSION      = $BB3F
000000r 3               .endif
000000r 3               .ifndef MATH_VEC_AX_LO
000000r 3               MATH_VEC_AX_LO    = $BB40
000000r 3               .endif
000000r 3               .ifndef MATH_VEC_AX_HI
000000r 3               MATH_VEC_AX_HI    = $BB41
000000r 3               .endif
000000r 3               .ifndef MATH_VEC_AY_LO
000000r 3               MATH_VEC_AY_LO    = $BB42
000000r 3               .endif
000000r 3               .ifndef MATH_VEC_AY_HI
000000r 3               MATH_VEC_AY_HI    = $BB43
000000r 3               .endif
000000r 3               .ifndef MATH_VEC_BX_LO
000000r 3               MATH_VEC_BX_LO    = $BB44
000000r 3               .endif
000000r 3               .ifndef MATH_VEC_BX_HI
000000r 3               MATH_VEC_BX_HI    = $BB45
000000r 3               .endif
000000r 3               .ifndef MATH_VEC_BY_LO
000000r 3               MATH_VEC_BY_LO    = $BB46
000000r 3               .endif
000000r 3               .ifndef MATH_VEC_BY_HI
000000r 3               MATH_VEC_BY_HI    = $BB47
000000r 3               .endif
000000r 3               .ifndef MATH_VEC_S_LO
000000r 3               MATH_VEC_S_LO     = $BB48
000000r 3               .endif
000000r 3               .ifndef MATH_VEC_S_HI
000000r 3               MATH_VEC_S_HI     = $BB49
000000r 3               .endif
000000r 3               .ifndef MATH_VEC_OP
000000r 3               MATH_VEC_OP       = $BB4E
000000r 3               .endif
000000r 3               .ifndef MATH_VERSION_CURRENT
000000r 3               MATH_VERSION_CURRENT = $02
000000r 3               .endif
000000r 3               .ifndef MATH_CAP_MUL16
000000r 3               MATH_CAP_MUL16       = $01
000000r 3               .endif
000000r 3               .ifndef MATH_CAP_MULFX
000000r 3               MATH_CAP_MULFX       = $02
000000r 3               .endif
000000r 3               .ifndef MATH_CAP_SINCOS
000000r 3               MATH_CAP_SINCOS      = $04
000000r 3               .endif
000000r 3               .ifndef MATH_CAP_DIST_APPROX
000000r 3               MATH_CAP_DIST_APPROX = $08
000000r 3               .endif
000000r 3               .ifndef MATH_CAP_RNG
000000r 3               MATH_CAP_RNG         = $10
000000r 3               .endif
000000r 3               .ifndef MATH_CAP_DIV_S32_16
000000r 3               MATH_CAP_DIV_S32_16  = $20
000000r 3               .endif
000000r 3               .ifndef MATH_CAP_ATAN2
000000r 3               MATH_CAP_ATAN2       = $40
000000r 3               .endif
000000r 3               .ifndef MATH_CAP1_VEC_DOT_S16
000000r 3               MATH_CAP1_VEC_DOT_S16   = $01
000000r 3               .endif
000000r 3               .ifndef MATH_CAP1_VEC_DOT_FX
000000r 3               MATH_CAP1_VEC_DOT_FX    = $02
000000r 3               .endif
000000r 3               .ifndef MATH_CAP1_VEC_CROSS_S16
000000r 3               MATH_CAP1_VEC_CROSS_S16 = $04
000000r 3               .endif
000000r 3               .ifndef MATH_CAP1_VEC_LEN2
000000r 3               MATH_CAP1_VEC_LEN2      = $08
000000r 3               .endif
000000r 3               .ifndef MATH_CAP1_VEC_SCALE_FX
000000r 3               MATH_CAP1_VEC_SCALE_FX  = $10
000000r 3               .endif
000000r 3               .ifndef MATH_VEC_OP_DOT_S16
000000r 3               MATH_VEC_OP_DOT_S16     = $01
000000r 3               .endif
000000r 3               .ifndef MATH_VEC_OP_DOT_FX
000000r 3               MATH_VEC_OP_DOT_FX      = $02
000000r 3               .endif
000000r 3               .ifndef MATH_VEC_OP_CROSS_S16
000000r 3               MATH_VEC_OP_CROSS_S16   = $03
000000r 3               .endif
000000r 3               .ifndef MATH_VEC_OP_LEN2
000000r 3               MATH_VEC_OP_LEN2        = $04
000000r 3               .endif
000000r 3               .ifndef MATH_VEC_OP_SCALE_FX
000000r 3               MATH_VEC_OP_SCALE_FX    = $05
000000r 3               .endif
000000r 3               .ifndef MATH_STATUS_OK
000000r 3               MATH_STATUS_OK       = $00
000000r 3               .endif
000000r 3               .ifndef MATH_STATUS_DIV_ZERO
000000r 3               MATH_STATUS_DIV_ZERO = $01
000000r 3               .endif
000000r 3               .ifndef MATH_STATUS_OVERFLOW
000000r 3               MATH_STATUS_OVERFLOW = $02
000000r 3               .endif
000000r 3               .ifndef MATH_STATUS_UNIMPL
000000r 3               MATH_STATUS_UNIMPL   = $80
000000r 3               .endif
000000r 3               .ifndef AUTOBOOT_SKIP
000000r 3               AUTOBOOT_SKIP     = $B9F0
000000r 3               .endif
000000r 3               .ifndef AUTOBOOT_ACTIVE
000000r 3               AUTOBOOT_ACTIVE   = $B9F1
000000r 3               .endif
000000r 3               .ifndef TEXTWIN_LEFT
000000r 3               TEXTWIN_LEFT      = $B9F2
000000r 3               .endif
000000r 3               .ifndef TEXTWIN_TOP
000000r 3               TEXTWIN_TOP       = $B9F3
000000r 3               .endif
000000r 3               .ifndef TEXTWIN_WIDTH
000000r 3               TEXTWIN_WIDTH     = $B9F4
000000r 3               .endif
000000r 3               .ifndef TEXTWIN_HEIGHT
000000r 3               TEXTWIN_HEIGHT    = $B9F5
000000r 3               .endif
000000r 3               
000000r 3               .ifndef FIO_CMD_SAVE
000000r 3               FIO_CMD_SAVE      = $01
000000r 3               .endif
000000r 3               .ifndef FIO_CMD_LOAD
000000r 3               FIO_CMD_LOAD      = $02
000000r 3               .endif
000000r 3               .ifndef FIO_CMD_DIROPEN
000000r 3               FIO_CMD_DIROPEN   = $03
000000r 3               .endif
000000r 3               .ifndef FIO_CMD_DIRREAD
000000r 3               FIO_CMD_DIRREAD   = $04
000000r 3               .endif
000000r 3               .ifndef FIO_CMD_DELETE
000000r 3               FIO_CMD_DELETE    = $05
000000r 3               .endif
000000r 3               .ifndef FIO_CMD_GSAVE
000000r 3               FIO_CMD_GSAVE     = $06
000000r 3               .endif
000000r 3               .ifndef FIO_CMD_GLOAD
000000r 3               FIO_CMD_GLOAD     = $07
000000r 3               .endif
000000r 3               .ifndef FIO_CMD_SIDPLAY
000000r 3               FIO_CMD_SIDPLAY   = $08
000000r 3               .endif
000000r 3               .ifndef FIO_CMD_SIDSTOP
000000r 3               FIO_CMD_SIDSTOP   = $09
000000r 3               .endif
000000r 3               .ifndef FIO_CMD_INSTRUMENT
000000r 3               FIO_CMD_INSTRUMENT = $0A
000000r 3               .endif
000000r 3               .ifndef FIO_CMD_SOUND
000000r 3               FIO_CMD_SOUND     = $0B
000000r 3               .endif
000000r 3               .ifndef FIO_CMD_VOLUME
000000r 3               FIO_CMD_VOLUME    = $0C
000000r 3               .endif
000000r 3               .ifndef FIO_CMD_MSEQ
000000r 3               FIO_CMD_MSEQ      = $0D
000000r 3               .endif
000000r 3               .ifndef FIO_CMD_MPLAY
000000r 3               FIO_CMD_MPLAY     = $0E
000000r 3               .endif
000000r 3               .ifndef FIO_CMD_MSTOP
000000r 3               FIO_CMD_MSTOP     = $0F
000000r 3               .endif
000000r 3               .ifndef FIO_CMD_MTEMPO
000000r 3               FIO_CMD_MTEMPO    = $10
000000r 3               .endif
000000r 3               .ifndef FIO_CMD_MLOOP
000000r 3               FIO_CMD_MLOOP     = $11
000000r 3               .endif
000000r 3               .ifndef FIO_CMD_MPRI
000000r 3               FIO_CMD_MPRI      = $12
000000r 3               .endif
000000r 3               .ifndef FIO_CMD_MIDPLAY
000000r 3               FIO_CMD_MIDPLAY   = $13
000000r 3               .endif
000000r 3               .ifndef FIO_CMD_MIDSTOP
000000r 3               FIO_CMD_MIDSTOP   = $14
000000r 3               .endif
000000r 3               .ifndef FIO_CMD_SFLOAD
000000r 3               FIO_CMD_SFLOAD    = $15
000000r 3               .endif
000000r 3               .ifndef FIO_CMD_XLOAD
000000r 3               FIO_CMD_XLOAD     = $18
000000r 3               .endif
000000r 3               .ifndef FIO_CMD_XSAVE
000000r 3               FIO_CMD_XSAVE     = $19
000000r 3               .endif
000000r 3               .ifndef FIO_CMD_CD
000000r 3               FIO_CMD_CD        = $20
000000r 3               .endif
000000r 3               .ifndef FIO_CMD_MKDIR
000000r 3               FIO_CMD_MKDIR     = $21
000000r 3               .endif
000000r 3               .ifndef FIO_CMD_RMDIR
000000r 3               FIO_CMD_RMDIR     = $22
000000r 3               .endif
000000r 3               .ifndef FIO_CMD_FORMAT
000000r 3               FIO_CMD_FORMAT    = $23
000000r 3               .endif
000000r 3               .ifndef FIO_CMD_MOUNT
000000r 3               FIO_CMD_MOUNT     = $24
000000r 3               .endif
000000r 3               .ifndef FIO_CMD_UNMOUNT
000000r 3               FIO_CMD_UNMOUNT   = $25
000000r 3               .endif
000000r 3               .ifndef FIO_CMD_PWD
000000r 3               FIO_CMD_PWD       = $26
000000r 3               .endif
000000r 3               .ifndef FIO_CMD_CLEARERR
000000r 3               FIO_CMD_CLEARERR  = $27
000000r 3               .endif
000000r 3               .ifndef FIO_CMD_LOADRUNTIME
000000r 3               ; @label FIO.CMD_LOADRUNTIME
000000r 3               ; @kind const
000000r 3               ; @symbol FIO_CMD_LOADRUNTIME
000000r 3               ; @summary Host command that streams a 16K file into the primary runtime ROM bank. Callers must execute from RAM while issuing it.
000000r 3               FIO_CMD_LOADRUNTIME = $28
000000r 3               .endif
000000r 3               .ifndef FIO_CMD_XPAGE
000000r 3               ; @label FIO.CMD_XPAGE
000000r 3               ; @kind const
000000r 3               ; @symbol FIO_CMD_XPAGE
000000r 3               ; @summary Host command that streams a file slice into XRAM, CPU RAM, or VGC memory using FIO_DIRTYPE as the target selector.
000000r 3               FIO_CMD_XPAGE    = $29
000000r 3               .endif
000000r 3               .ifndef FIO_CMD_RNG
000000r 3               ; @label FIO.CMD_RNG
000000r 3               ; @kind const
000000r 3               ; @symbol FIO_CMD_RNG
000000r 3               ; @summary Host command that returns 32 bits from NovaHost's host-backed RNG provider.
000000r 3               FIO_CMD_RNG      = $2A
000000r 3               .endif
000000r 3               .ifndef FIO_CMD_NVGLOAD
000000r 3               ; @label FIO.CMD_NVGLOAD
000000r 3               ; @kind const
000000r 3               ; @symbol FIO_CMD_NVGLOAD
000000r 3               ; @summary Host command that decodes a Nova NVG1 file into the graphics bitmap plane.
000000r 3               FIO_CMD_NVGLOAD  = $2B
000000r 3               .endif
000000r 3               
000000r 3               ; Host RNG result byte aliases. FIO.CMD_RNG returns little-endian bytes here.
000000r 3               ; @label FIO.RNG0
000000r 3               ; @kind u8
000000r 3               ; @symbol FIO_RNG0
000000r 3               ; @summary Low byte returned by FIO.CMD_RNG.
000000r 3               .ifndef FIO_RNG0
000000r 3               FIO_RNG0         = FIO_SRCL
000000r 3               .endif
000000r 3               ; @label FIO.RNG1
000000r 3               ; @kind u8
000000r 3               ; @symbol FIO_RNG1
000000r 3               ; @summary Second byte returned by FIO.CMD_RNG.
000000r 3               .ifndef FIO_RNG1
000000r 3               FIO_RNG1         = FIO_SRCH
000000r 3               .endif
000000r 3               ; @label FIO.RNG2
000000r 3               ; @kind u8
000000r 3               ; @symbol FIO_RNG2
000000r 3               ; @summary Third byte returned by FIO.CMD_RNG.
000000r 3               .ifndef FIO_RNG2
000000r 3               FIO_RNG2         = FIO_ENDL
000000r 3               .endif
000000r 3               ; @label FIO.RNG3
000000r 3               ; @kind u8
000000r 3               ; @symbol FIO_RNG3
000000r 3               ; @summary High byte returned by FIO.CMD_RNG.
000000r 3               .ifndef FIO_RNG3
000000r 3               FIO_RNG3         = FIO_ENDH
000000r 3               .endif
000000r 3               
000000r 3               .ifndef FIO_OK
000000r 3               FIO_OK            = $02
000000r 3               .endif
000000r 3               .ifndef FIO_STATUS_IDLE
000000r 3               FIO_STATUS_IDLE   = $00
000000r 3               .endif
000000r 3               .ifndef FIO_STATUS_OK
000000r 3               FIO_STATUS_OK     = FIO_OK
000000r 3               .endif
000000r 3               .ifndef FIO_ERR
000000r 3               FIO_ERR           = $03
000000r 3               .endif
000000r 3               .ifndef FIO_STATUS_ERROR
000000r 3               FIO_STATUS_ERROR  = $03
000000r 3               .endif
000000r 3               .ifndef FIO_ERR_NONE
000000r 3               FIO_ERR_NONE      = $00
000000r 3               .endif
000000r 3               .ifndef FIO_ERR_NOTFOUND
000000r 3               FIO_ERR_NOTFOUND  = $01
000000r 3               .endif
000000r 3               .ifndef FIO_ERR_IO
000000r 3               FIO_ERR_IO        = $02
000000r 3               .endif
000000r 3               .ifndef FIO_ERR_EOD
000000r 3               FIO_ERR_EOD       = $03
000000r 3               .endif
000000r 3               .ifndef FIO_ERR_DISKFULL
000000r 3               FIO_ERR_DISKFULL  = $04
000000r 3               .endif
000000r 3               .ifndef FIO_ERR_NOTMOUNTED
000000r 3               FIO_ERR_NOTMOUNTED = $05
000000r 3               .endif
000000r 3               .ifndef FIO_TYPE_SID
000000r 3               FIO_TYPE_SID      = $01
000000r 3               .endif
000000r 3               .ifndef FIO_TYPE_BIN
000000r 3               FIO_TYPE_BIN      = $02
000000r 3               .endif
000000r 3               .ifndef FIO_TYPE_MID
000000r 3               FIO_TYPE_MID      = $03
000000r 3               .endif
000000r 3               .ifndef FIO_TYPE_DIR
000000r 3               FIO_TYPE_DIR      = $05
000000r 3               .endif
000000r 3               
000000r 3               ; Extension ROM command IDs used by the BASIC-to-extension trampoline.
000000r 3               .ifndef EXT_CMD_RESERVED0
000000r 3               EXT_CMD_RESERVED0 = $00
000000r 3               .endif
000000r 3               .ifndef EXT_CMD_SFLOAD
000000r 3               EXT_CMD_SFLOAD    = $01
000000r 3               .endif
000000r 3               .ifndef EXT_CMD_DIR
000000r 3               EXT_CMD_DIR       = $02
000000r 3               .endif
000000r 3               .ifndef EXT_CMD_PWD
000000r 3               EXT_CMD_PWD       = $03
000000r 3               .endif
000000r 3               .ifndef EXT_CMD_XMEM
000000r 3               EXT_CMD_XMEM      = $04
000000r 3               .endif
000000r 3               .ifndef EXT_CMD_XDIR
000000r 3               EXT_CMD_XDIR      = $05
000000r 3               .endif
000000r 3               ; $06-$07 reserved
000000r 3               .ifndef EXT_CMD_HELP
000000r 3               EXT_CMD_HELP      = $08
000000r 3               .endif
000000r 3               .ifndef EXT_CMD_DMAFILL
000000r 3               EXT_CMD_DMAFILL   = $09
000000r 3               .endif
000000r 3               .ifndef EXT_CMD_BLTFILL
000000r 3               EXT_CMD_BLTFILL   = $0A
000000r 3               .endif
000000r 3               .ifndef EXT_CMD_XMCCMD
000000r 3               EXT_CMD_XMCCMD    = $0B
000000r 3               .endif
000000r 3               .ifndef EXT_CMD_COPPER
000000r 3               EXT_CMD_COPPER    = $0C
000000r 3               .endif
000000r 3               .ifndef EXT_CMD_XLOAD
000000r 3               EXT_CMD_XLOAD     = $0D
000000r 3               .endif
000000r 3               .ifndef EXT_CMD_XSAVE
000000r 3               EXT_CMD_XSAVE     = $0E
000000r 3               .endif
000000r 3               .ifndef EXT_CMD_DMACOPY
000000r 3               EXT_CMD_DMACOPY   = $0F
000000r 3               .endif
000000r 3               .ifndef EXT_CMD_BLITCOPY
000000r 3               EXT_CMD_BLITCOPY  = $10
000000r 3               .endif
000000r 3               .ifndef EXT_CMD_MMUL16L
000000r 3               EXT_CMD_MMUL16L   = $11
000000r 3               .endif
000000r 3               .ifndef EXT_CMD_MMUL16H
000000r 3               EXT_CMD_MMUL16H   = $12
000000r 3               .endif
000000r 3               .ifndef EXT_CMD_MDOTS16L
000000r 3               EXT_CMD_MDOTS16L  = $13
000000r 3               .endif
000000r 3               .ifndef EXT_CMD_MDOTS16H
000000r 3               EXT_CMD_MDOTS16H  = $14
000000r 3               .endif
000000r 3               .ifndef EXT_CMD_MCROSSL
000000r 3               EXT_CMD_MCROSSL   = $15
000000r 3               .endif
000000r 3               .ifndef EXT_CMD_MCROSSH
000000r 3               EXT_CMD_MCROSSH   = $16
000000r 3               .endif
000000r 3               .ifndef EXT_CMD_MMULFX
000000r 3               EXT_CMD_MMULFX    = $17
000000r 3               .endif
000000r 3               .ifndef EXT_CMD_MDIST
000000r 3               EXT_CMD_MDIST     = $18
000000r 3               .endif
000000r 3               .ifndef EXT_CMD_MSIN
000000r 3               EXT_CMD_MSIN      = $19
000000r 3               .endif
000000r 3               .ifndef EXT_CMD_MCOS
000000r 3               EXT_CMD_MCOS      = $1A
000000r 3               .endif
000000r 3               .ifndef EXT_CMD_MRND
000000r 3               EXT_CMD_MRND      = $1B
000000r 3               .endif
000000r 3               .ifndef EXT_CMD_MDIV
000000r 3               EXT_CMD_MDIV      = $1C
000000r 3               .endif
000000r 3               .ifndef EXT_CMD_MREM
000000r 3               EXT_CMD_MREM      = $1D
000000r 3               .endif
000000r 3               .ifndef EXT_CMD_MATAN2
000000r 3               EXT_CMD_MATAN2    = $1E
000000r 3               .endif
000000r 3               .ifndef EXT_CMD_MDOTFX
000000r 3               EXT_CMD_MDOTFX    = $1F
000000r 3               .endif
000000r 3               .ifndef EXT_CMD_MLEN2
000000r 3               EXT_CMD_MLEN2     = $20
000000r 3               .endif
000000r 3               .ifndef EXT_CMD_MSCALX
000000r 3               EXT_CMD_MSCALX    = $21
000000r 3               .endif
000000r 3               .ifndef EXT_CMD_MSCALY
000000r 3               EXT_CMD_MSCALY    = $22
000000r 3               .endif
000000r 3               .ifndef EXT_CMD_ADDR
000000r 3               EXT_CMD_ADDR      = $23
000000r 3               .endif
000000r 3               .ifndef EXT_CMD_XBANK
000000r 3               EXT_CMD_XBANK     = $24
000000r 3               .endif
000000r 3               .ifndef EXT_CMD_XPOKE
000000r 3               EXT_CMD_XPOKE     = $25
000000r 3               .endif
000000r 3               .ifndef EXT_CMD_XFREE
000000r 3               EXT_CMD_XFREE     = $26
000000r 3               .endif
000000r 3               .ifndef EXT_CMD_XRESET
000000r 3               EXT_CMD_XRESET    = $27
000000r 3               .endif
000000r 3               .ifndef EXT_CMD_XALLOC
000000r 3               EXT_CMD_XALLOC    = $28
000000r 3               .endif
000000r 3               .ifndef EXT_CMD_XMAP
000000r 3               EXT_CMD_XMAP      = $29
000000r 3               .endif
000000r 3               .ifndef EXT_CMD_XUNMAP
000000r 3               EXT_CMD_XUNMAP    = $2A
000000r 3               .endif
000000r 3               .ifndef EXT_CMD_XPEEK
000000r 3               EXT_CMD_XPEEK     = $2B
000000r 3               .endif
000000r 3               .ifndef EXT_CMD_PLAYING
000000r 3               EXT_CMD_PLAYING   = $2C
000000r 3               .endif
000000r 3               .ifndef EXT_CMD_MNOTE
000000r 3               EXT_CMD_MNOTE     = $2D
000000r 3               .endif
000000r 3               .ifndef EXT_CMD_NSTATUS
000000r 3               EXT_CMD_NSTATUS   = $2E
000000r 3               .endif
000000r 3               .ifndef EXT_CMD_NREADY
000000r 3               EXT_CMD_NREADY    = $2F
000000r 3               .endif
000000r 3               .ifndef EXT_CMD_DMASTATUS
000000r 3               EXT_CMD_DMASTATUS = $30
000000r 3               .endif
000000r 3               .ifndef EXT_CMD_DMAERR
000000r 3               EXT_CMD_DMAERR    = $31
000000r 3               .endif
000000r 3               .ifndef EXT_CMD_DMACOUNT
000000r 3               EXT_CMD_DMACOUNT  = $32
000000r 3               .endif
000000r 3               .ifndef EXT_CMD_BLITSTATUS
000000r 3               EXT_CMD_BLITSTATUS = $33
000000r 3               .endif
000000r 3               .ifndef EXT_CMD_BLITERR
000000r 3               EXT_CMD_BLITERR   = $34
000000r 3               .endif
000000r 3               .ifndef EXT_CMD_BLITCOUNT
000000r 3               EXT_CMD_BLITCOUNT = $35
000000r 3               .endif
000000r 3               .ifndef EXT_CMD_SPRCOLL
000000r 3               EXT_CMD_SPRCOLL   = $36
000000r 3               .endif
000000r 3               .ifndef EXT_CMD_SPRBG
000000r 3               EXT_CMD_SPRBG     = $37
000000r 3               .endif
000000r 3               .ifndef EXT_CMD_VPEEK
000000r 3               EXT_CMD_VPEEK     = $38
000000r 3               .endif
000000r 3               .ifndef EXT_CMD_BITSET
000000r 3               EXT_CMD_BITSET    = $39
000000r 3               .endif
000000r 3               .ifndef EXT_CMD_BITCLR
000000r 3               EXT_CMD_BITCLR    = $3A
000000r 3               .endif
000000r 3               .ifndef EXT_CMD_BITTGL
000000r 3               EXT_CMD_BITTGL    = $3B
000000r 3               .endif
000000r 3               .ifndef EXT_CMD_REVERSE
000000r 3               EXT_CMD_REVERSE   = $3C
000000r 3               .endif
000000r 3               .ifndef EXT_CMD_REVERSEOFF
000000r 3               EXT_CMD_REVERSEOFF = $3D
000000r 3               .endif
000000r 3               .ifndef EXT_CMD_FLASH
000000r 3               EXT_CMD_FLASH     = $3E
000000r 3               .endif
000000r 3               .ifndef EXT_CMD_FLASHOFF
000000r 3               EXT_CMD_FLASHOFF  = $3F
000000r 3               .endif
000000r 3               .ifndef EXT_CMD_VPOKE
000000r 3               EXT_CMD_VPOKE     = $40
000000r 3               .endif
000000r 3               .ifndef EXT_CMD_FIOCLR
000000r 3               EXT_CMD_FIOCLR    = $41
000000r 3               .endif
000000r 3               .ifndef EXT_CMD_CLS
000000r 3               EXT_CMD_CLS       = $42
000000r 3               .endif
000000r 3               
000000r 3               ; Hosted music/SFX status registers.
000000r 3               .ifndef MUSIC_STATUS
000000r 3               MUSIC_STATUS      = $BA50
000000r 3               .endif
000000r 3               .ifndef MUSIC_STATUS_SFX
000000r 3               MUSIC_STATUS_SFX  = $01
000000r 3               .endif
000000r 3               .ifndef MUSIC_STATUS_MUSIC
000000r 3               MUSIC_STATUS_MUSIC = $02
000000r 3               .endif
000000r 3               .ifndef MUSIC_STATUS_SID
000000r 3               MUSIC_STATUS_SID  = $04
000000r 3               .endif
000000r 3               .ifndef MUSIC_STATUS_WTS
000000r 3               MUSIC_STATUS_WTS  = $08
000000r 3               .endif
000000r 3               .ifndef MUSIC_STATUS_LOADING
000000r 3               MUSIC_STATUS_LOADING = $10
000000r 3               .endif
000000r 3               .ifndef MUSIC_NOTE1
000000r 3               MUSIC_NOTE1       = $BA51
000000r 3               .endif
000000r 3               .ifndef MUSIC_NOTE2
000000r 3               MUSIC_NOTE2       = $BA52
000000r 3               .endif
000000r 3               .ifndef MUSIC_NOTE3
000000r 3               MUSIC_NOTE3       = $BA53
000000r 3               .endif
000000r 3               .ifndef MUSIC_NOTE4
000000r 3               MUSIC_NOTE4       = $BA54
000000r 3               .endif
000000r 3               .ifndef MUSIC_NOTE5
000000r 3               MUSIC_NOTE5       = $BA55
000000r 3               .endif
000000r 3               .ifndef MUSIC_NOTE6
000000r 3               MUSIC_NOTE6       = $BA56
000000r 3               .endif
000000r 3               .ifndef MUSIC_NOTE7
000000r 3               MUSIC_NOTE7       = $BA57
000000r 3               .endif
000000r 3               .ifndef MUSIC_NOTE8
000000r 3               MUSIC_NOTE8       = $BA58
000000r 3               .endif
000000r 3               .ifndef MUSIC_NOTE9
000000r 3               MUSIC_NOTE9       = $BA59
000000r 3               .endif
000000r 3               .ifndef MUSIC_NOTE10
000000r 3               MUSIC_NOTE10      = $BA5A
000000r 3               .endif
000000r 3               .ifndef MUSIC_NOTE11
000000r 3               MUSIC_NOTE11      = $BA5B
000000r 3               .endif
000000r 3               .ifndef MUSIC_NOTE12
000000r 3               MUSIC_NOTE12      = $BA5C
000000r 3               .endif
000000r 3               .ifndef MUSIC_NOTE13
000000r 3               MUSIC_NOTE13      = $BA5D
000000r 3               .endif
000000r 3               .ifndef MUSIC_NOTE14
000000r 3               MUSIC_NOTE14      = $BA5E
000000r 3               .endif
000000r 3               .ifndef MUSIC_ELAPSEDL
000000r 3               MUSIC_ELAPSEDL    = $BA5F
000000r 3               .endif
000000r 3               .ifndef MUSIC_ELAPSEDH
000000r 3               MUSIC_ELAPSEDH    = $BA60
000000r 3               .endif
000000r 3               .ifndef MUSIC_TOTALL
000000r 3               MUSIC_TOTALL      = $BA61
000000r 3               .endif
000000r 3               .ifndef MUSIC_TOTALH
000000r 3               MUSIC_TOTALH      = $BA62
000000r 3               .endif
000000r 3               
000000r 3               ; SID register windows. CPU reads in this range still fetch ROM bytes on Nova;
000000r 3               ; these names are for writes and emulator/host-side register shadow APIs.
000000r 3               .ifndef SID_BASE
000000r 3               SID_BASE          = $D400
000000r 3               .endif
000000r 3               .ifndef SID_END
000000r 3               SID_END           = $D41F
000000r 3               .endif
000000r 3               .ifndef SID2_BASE
000000r 3               SID2_BASE         = $D420
000000r 3               .endif
000000r 3               .ifndef SID2_END
000000r 3               SID2_END          = $D43F
000000r 3               .endif
000000r 3               .ifndef SID2_MIRROR_BASE
000000r 3               SID2_MIRROR_BASE  = $D500
000000r 3               .endif
000000r 3               .ifndef SID2_MIRROR_END
000000r 3               SID2_MIRROR_END   = $D51F
000000r 3               .endif
000000r 3               
000000r 3               ; Wavetable synthesizer registers.
000000r 3               .ifndef WTS_BASE
000000r 3               WTS_BASE          = $A140
000000r 3               .endif
000000r 3               .ifndef WTS_VOICE_BASE
000000r 3               WTS_VOICE_BASE    = $A140
000000r 3               .endif
000000r 3               .ifndef WTS_VOICE_STRIDE
000000r 3               WTS_VOICE_STRIDE  = $08
000000r 3               .endif
000000r 3               .ifndef WTS_VOICE_END
000000r 3               WTS_VOICE_END     = $A17F
000000r 3               .endif
000000r 3               .ifndef WTS_VOICE_NOTE
000000r 3               WTS_VOICE_NOTE    = $00
000000r 3               .endif
000000r 3               .ifndef WTS_VOICE_VELOCITY
000000r 3               WTS_VOICE_VELOCITY = $01
000000r 3               .endif
000000r 3               .ifndef WTS_VOICE_INSTRUMENT
000000r 3               WTS_VOICE_INSTRUMENT = $02
000000r 3               .endif
000000r 3               .ifndef WTS_VOICE_VOLUME
000000r 3               WTS_VOICE_VOLUME  = $03
000000r 3               .endif
000000r 3               .ifndef WTS_VOICE_PANNING
000000r 3               WTS_VOICE_PANNING = $04
000000r 3               .endif
000000r 3               .ifndef WTS_VOICE_PITCH_BEND_LO
000000r 3               WTS_VOICE_PITCH_BEND_LO = $05
000000r 3               .endif
000000r 3               .ifndef WTS_VOICE_PITCH_BEND_HI
000000r 3               WTS_VOICE_PITCH_BEND_HI = $06
000000r 3               .endif
000000r 3               .ifndef WTS_VOICE_STATUS
000000r 3               WTS_VOICE_STATUS  = $07
000000r 3               .endif
000000r 3               .ifndef WTS_GLOBAL_BASE
000000r 3               WTS_GLOBAL_BASE   = $A180
000000r 3               .endif
000000r 3               .ifndef WTS_REVERB_LEVEL
000000r 3               WTS_REVERB_LEVEL  = $A180
000000r 3               .endif
000000r 3               .ifndef WTS_CHORUS_LEVEL
000000r 3               WTS_CHORUS_LEVEL  = $A181
000000r 3               .endif
000000r 3               .ifndef WTS_MASTER_VOLUME
000000r 3               WTS_MASTER_VOLUME = $A182
000000r 3               .endif
000000r 3               .ifndef WTS_SOUNDFONT_STATUS
000000r 3               WTS_SOUNDFONT_STATUS = $A183
000000r 3               .endif
000000r 3               .ifndef WTS_INSTRUMENT_COUNT
000000r 3               WTS_INSTRUMENT_COUNT = $A184
000000r 3               .endif
000000r 3               .ifndef WTS_COMMAND
000000r 3               WTS_COMMAND       = $A185
000000r 3               .endif
000000r 3               .ifndef WTS_COMMAND_ARG
000000r 3               WTS_COMMAND_ARG   = $A186
000000r 3               .endif
000000r 3               .ifndef WTS_ACTIVE_VOICES
000000r 3               WTS_ACTIVE_VOICES = $A187
000000r 3               .endif
000000r 3               .ifndef WTS_ENUM_BASE
000000r 3               WTS_ENUM_BASE     = $A1A0
000000r 3               .endif
000000r 3               .ifndef WTS_ENUM_INDEX
000000r 3               WTS_ENUM_INDEX    = $A1A0
000000r 3               .endif
000000r 3               .ifndef WTS_ENUM_BANK
000000r 3               WTS_ENUM_BANK     = $A1A1
000000r 3               .endif
000000r 3               .ifndef WTS_ENUM_PROGRAM
000000r 3               WTS_ENUM_PROGRAM  = $A1A2
000000r 3               .endif
000000r 3               .ifndef WTS_ENUM_NAME
000000r 3               WTS_ENUM_NAME     = $A1A3
000000r 3               .endif
000000r 3               .ifndef WTS_ENUM_END
000000r 3               WTS_ENUM_END      = $A1DF
000000r 3               .endif
000000r 3               .ifndef WTS_EVENT_STATUS
000000r 3               WTS_EVENT_STATUS  = $A1E0
000000r 3               .endif
000000r 3               .ifndef WTS_EVENT_COUNT_L
000000r 3               WTS_EVENT_COUNT_L = $A1E1
000000r 3               .endif
000000r 3               .ifndef WTS_EVENT_COUNT_H
000000r 3               WTS_EVENT_COUNT_H = $A1E2
000000r 3               .endif
000000r 3               .ifndef WTS_EVENT_FREE_L
000000r 3               WTS_EVENT_FREE_L  = $A1E3
000000r 3               .endif
000000r 3               .ifndef WTS_EVENT_FREE_H
000000r 3               WTS_EVENT_FREE_H  = $A1E4
000000r 3               .endif
000000r 3               .ifndef WTS_EVENT_FRAME0
000000r 3               WTS_EVENT_FRAME0  = $A1E5
000000r 3               .endif
000000r 3               .ifndef WTS_EVENT_FRAME1
000000r 3               WTS_EVENT_FRAME1  = $A1E6
000000r 3               .endif
000000r 3               .ifndef WTS_EVENT_FRAME2
000000r 3               WTS_EVENT_FRAME2  = $A1E7
000000r 3               .endif
000000r 3               .ifndef WTS_EVENT_FRAME3
000000r 3               WTS_EVENT_FRAME3  = $A1E8
000000r 3               .endif
000000r 3               .ifndef WTS_END
000000r 3               WTS_END           = $A1FF
000000r 3               .endif
000000r 3               .ifndef WTS_CMD_ALL_NOTES_OFF
000000r 3               WTS_CMD_ALL_NOTES_OFF = $01
000000r 3               .endif
000000r 3               .ifndef WTS_CMD_RESET_EFFECTS
000000r 3               WTS_CMD_RESET_EFFECTS = $02
000000r 3               .endif
000000r 3               .ifndef WTS_CMD_EVENT_RESET
000000r 3               WTS_CMD_EVENT_RESET = $03
000000r 3               .endif
000000r 3               .ifndef WTS_CMD_EVENT_START
000000r 3               WTS_CMD_EVENT_START = $04
000000r 3               .endif
000000r 3               .ifndef WTS_CMD_EVENT_STOP
000000r 3               WTS_CMD_EVENT_STOP = $05
000000r 3               .endif
000000r 3               
000000r 3               ; ---------------------------------------------------------------------
000000r 3               ; Expansion Memory Controller.
000000r 3               ; ---------------------------------------------------------------------
000000r 3               .ifndef XMC_CMD
000000r 3               XMC_CMD           = $BA00
000000r 3               .endif
000000r 3               .ifndef XMC_STATUS
000000r 3               XMC_STATUS        = $BA01
000000r 3               .endif
000000r 3               .ifndef XMC_ERRCODE
000000r 3               XMC_ERRCODE       = $BA02
000000r 3               .endif
000000r 3               .ifndef XMC_CFG
000000r 3               XMC_CFG           = $BA03
000000r 3               .endif
000000r 3               .ifndef XMC_XAL
000000r 3               XMC_XAL           = $BA04
000000r 3               .endif
000000r 3               .ifndef XMC_XAM
000000r 3               XMC_XAM           = $BA05
000000r 3               .endif
000000r 3               .ifndef XMC_XAH
000000r 3               XMC_XAH           = $BA06
000000r 3               .endif
000000r 3               .ifndef XMC_RAML
000000r 3               XMC_RAML          = $BA07
000000r 3               .endif
000000r 3               .ifndef XMC_RAMH
000000r 3               XMC_RAMH          = $BA08
000000r 3               .endif
000000r 3               .ifndef XMC_LENL
000000r 3               XMC_LENL          = $BA09
000000r 3               .endif
000000r 3               .ifndef XMC_LENH
000000r 3               XMC_LENH          = $BA0A
000000r 3               .endif
000000r 3               .ifndef XMC_DATA
000000r 3               XMC_DATA          = $BA0B
000000r 3               .endif
000000r 3               .ifndef XMC_BANK
000000r 3               XMC_BANK          = $BA0C
000000r 3               .endif
000000r 3               .ifndef XMC_BANKS
000000r 3               XMC_BANKS         = $BA0D
000000r 3               .endif
000000r 3               .ifndef XMC_USEDL
000000r 3               XMC_USEDL         = $BA0E
000000r 3               .endif
000000r 3               .ifndef XMC_USEDH
000000r 3               XMC_USEDH         = $BA0F
000000r 3               .endif
000000r 3               .ifndef XMC_FREEL
000000r 3               XMC_FREEL         = $BA10
000000r 3               .endif
000000r 3               .ifndef XMC_FREEH
000000r 3               XMC_FREEH         = $BA11
000000r 3               .endif
000000r 3               .ifndef XMC_NAMELEN
000000r 3               XMC_NAMELEN       = $BA12
000000r 3               .endif
000000r 3               .ifndef XMC_HANDLE
000000r 3               XMC_HANDLE        = $BA13
000000r 3               .endif
000000r 3               .ifndef XMC_DIRCOUNTL
000000r 3               XMC_DIRCOUNTL     = $BA14
000000r 3               .endif
000000r 3               .ifndef XMC_DIRCOUNTH
000000r 3               XMC_DIRCOUNTH     = $BA15
000000r 3               .endif
000000r 3               .ifndef XMC_WINCTL
000000r 3               XMC_WINCTL        = $BA16
000000r 3               .endif
000000r 3               .ifndef XMC_W0AL
000000r 3               XMC_W0AL          = $BA18
000000r 3               .endif
000000r 3               .ifndef XMC_W0AM
000000r 3               XMC_W0AM          = $BA19
000000r 3               .endif
000000r 3               .ifndef XMC_W0AH
000000r 3               XMC_W0AH          = $BA1A
000000r 3               .endif
000000r 3               .ifndef XMC_W1AL
000000r 3               XMC_W1AL          = $BA1B
000000r 3               .endif
000000r 3               .ifndef XMC_W1AM
000000r 3               XMC_W1AM          = $BA1C
000000r 3               .endif
000000r 3               .ifndef XMC_W1AH
000000r 3               XMC_W1AH          = $BA1D
000000r 3               .endif
000000r 3               .ifndef XMC_W2AL
000000r 3               XMC_W2AL          = $BA1E
000000r 3               .endif
000000r 3               .ifndef XMC_W2AM
000000r 3               XMC_W2AM          = $BA1F
000000r 3               .endif
000000r 3               .ifndef XMC_W2AH
000000r 3               XMC_W2AH          = $BA20
000000r 3               .endif
000000r 3               .ifndef XMC_W3AL
000000r 3               XMC_W3AL          = $BA21
000000r 3               .endif
000000r 3               .ifndef XMC_W3AM
000000r 3               XMC_W3AM          = $BA22
000000r 3               .endif
000000r 3               .ifndef XMC_W3AH
000000r 3               XMC_W3AH          = $BA23
000000r 3               .endif
000000r 3               .ifndef XMC_NAME
000000r 3               XMC_NAME          = $BA24
000000r 3               .endif
000000r 3               .ifndef XMC_NAME_MAX
000000r 3               XMC_NAME_MAX      = 28
000000r 3               .endif
000000r 3               
000000r 3               .ifndef WIN3_LO
000000r 3               WIN3_LO           = XMC_W3AL
000000r 3               .endif
000000r 3               .ifndef WIN3_MI
000000r 3               WIN3_MI           = XMC_W3AM
000000r 3               .endif
000000r 3               .ifndef WIN3_HI
000000r 3               WIN3_HI           = XMC_W3AH
000000r 3               .endif
000000r 3               .ifndef WIN3_BASE
000000r 3               WIN3_BASE         = $BF00
000000r 3               .endif
000000r 3               
000000r 3               .ifndef XMC_CMD_GET
000000r 3               XMC_CMD_GET       = $01
000000r 3               .endif
000000r 3               .ifndef XMC_CMD_PUT
000000r 3               XMC_CMD_PUT       = $02
000000r 3               .endif
000000r 3               .ifndef XMC_CMD_STASH
000000r 3               XMC_CMD_STASH     = $03
000000r 3               .endif
000000r 3               .ifndef XMC_CMD_FETCH
000000r 3               XMC_CMD_FETCH     = $04
000000r 3               .endif
000000r 3               .ifndef XMC_CMD_FILL
000000r 3               XMC_CMD_FILL      = $05
000000r 3               .endif
000000r 3               .ifndef XMC_CMD_STATS
000000r 3               XMC_CMD_STATS     = $07
000000r 3               .endif
000000r 3               .ifndef XMC_CMD_RSTUS
000000r 3               XMC_CMD_RSTUS     = $08
000000r 3               .endif
000000r 3               .ifndef XMC_CMD_REL
000000r 3               XMC_CMD_REL       = $09
000000r 3               .endif
000000r 3               .ifndef XMC_CMD_ALLOC
000000r 3               XMC_CMD_ALLOC     = $0A
000000r 3               .endif
000000r 3               .ifndef XMC_CMD_NSTSH
000000r 3               XMC_CMD_NSTSH     = $0B
000000r 3               .endif
000000r 3               .ifndef XMC_CMD_NFETC
000000r 3               XMC_CMD_NFETC     = $0C
000000r 3               .endif
000000r 3               .ifndef XMC_CMD_NDEL
000000r 3               XMC_CMD_NDEL      = $0D
000000r 3               .endif
000000r 3               .ifndef XMC_CMD_NDIRO
000000r 3               XMC_CMD_NDIRO     = $0E
000000r 3               .endif
000000r 3               .ifndef XMC_CMD_NDIRR
000000r 3               XMC_CMD_NDIRR     = $0F
000000r 3               .endif
000000r 3               
000000r 3               .ifndef XMC_OK
000000r 3               XMC_OK            = $02
000000r 3               .endif
000000r 3               .ifndef XMC_STATUS_ERROR
000000r 3               XMC_STATUS_ERROR  = $03
000000r 3               .endif
000000r 3               .ifndef XMC_ERR_RANGE
000000r 3               XMC_ERR_RANGE     = $01
000000r 3               .endif
000000r 3               .ifndef XMC_ERR_BADARGS
000000r 3               XMC_ERR_BADARGS   = $02
000000r 3               .endif
000000r 3               .ifndef XMC_ERR_NF
000000r 3               XMC_ERR_NF        = $03
000000r 3               .endif
000000r 3               .ifndef XMC_ERR_NOTFOUND
000000r 3               XMC_ERR_NOTFOUND  = $03
000000r 3               .endif
000000r 3               .ifndef XMC_ERR_NOSPACE
000000r 3               XMC_ERR_NOSPACE   = $04
000000r 3               .endif
000000r 3               .ifndef XMC_ERR_NAME
000000r 3               XMC_ERR_NAME      = $05
000000r 3               .endif
000000r 3               .ifndef XMC_ERR_EOD
000000r 3               XMC_ERR_EOD       = $06
000000r 3               .endif
000000r 3               
000000r 3               ; ---------------------------------------------------------------------
000000r 3               ; Unified DMA controller.
000000r 3               ; ---------------------------------------------------------------------
000000r 3               .ifndef DMA_CMD_REG
000000r 3               DMA_CMD_REG       = $BA63
000000r 3               .endif
000000r 3               .ifndef DMA_STATUS_REG
000000r 3               DMA_STATUS_REG    = $BA64
000000r 3               .endif
000000r 3               .ifndef DMA_ERRCODE_REG
000000r 3               DMA_ERRCODE_REG   = $BA65
000000r 3               .endif
000000r 3               .ifndef DMA_SRCSPACE
000000r 3               DMA_SRCSPACE      = $BA66
000000r 3               .endif
000000r 3               .ifndef DMA_DSTSPACE
000000r 3               DMA_DSTSPACE      = $BA67
000000r 3               .endif
000000r 3               .ifndef DMA_SRCL
000000r 3               DMA_SRCL          = $BA68
000000r 3               .endif
000000r 3               .ifndef DMA_SRCM
000000r 3               DMA_SRCM          = $BA69
000000r 3               .endif
000000r 3               .ifndef DMA_SRCH
000000r 3               DMA_SRCH          = $BA6A
000000r 3               .endif
000000r 3               .ifndef DMA_DSTL
000000r 3               DMA_DSTL          = $BA6B
000000r 3               .endif
000000r 3               .ifndef DMA_DSTM
000000r 3               DMA_DSTM          = $BA6C
000000r 3               .endif
000000r 3               .ifndef DMA_DSTH
000000r 3               DMA_DSTH          = $BA6D
000000r 3               .endif
000000r 3               .ifndef DMA_LENL
000000r 3               DMA_LENL          = $BA6E
000000r 3               .endif
000000r 3               .ifndef DMA_LENM
000000r 3               DMA_LENM          = $BA6F
000000r 3               .endif
000000r 3               .ifndef DMA_LENH
000000r 3               DMA_LENH          = $BA70
000000r 3               .endif
000000r 3               .ifndef DMA_MODE_REG
000000r 3               DMA_MODE_REG      = $BA71
000000r 3               .endif
000000r 3               .ifndef DMA_FILLVALUE
000000r 3               DMA_FILLVALUE     = $BA72
000000r 3               .endif
000000r 3               .ifndef DMA_CNTL
000000r 3               DMA_CNTL          = $BA73
000000r 3               .endif
000000r 3               .ifndef DMA_CNTM
000000r 3               DMA_CNTM          = $BA74
000000r 3               .endif
000000r 3               .ifndef DMA_CNTH
000000r 3               DMA_CNTH          = $BA75
000000r 3               .endif
000000r 3               
000000r 3               .ifndef DMA_CMD
000000r 3               DMA_CMD           = DMA_CMD_REG
000000r 3               .endif
000000r 3               .ifndef DMA_STATUS
000000r 3               DMA_STATUS        = DMA_STATUS_REG
000000r 3               .endif
000000r 3               .ifndef DMA_ERRCODE
000000r 3               DMA_ERRCODE       = DMA_ERRCODE_REG
000000r 3               .endif
000000r 3               .ifndef DMA_MODE
000000r 3               DMA_MODE          = DMA_MODE_REG
000000r 3               .endif
000000r 3               .ifndef DMA_FILL
000000r 3               DMA_FILL          = DMA_FILLVALUE
000000r 3               .endif
000000r 3               
000000r 3               .ifndef DMA_CMD_START
000000r 3               DMA_CMD_START     = $01
000000r 3               .endif
000000r 3               .ifndef DMA_STATUS_IDLE
000000r 3               DMA_STATUS_IDLE   = $00
000000r 3               .endif
000000r 3               .ifndef DMA_STATUS_BUSY
000000r 3               DMA_STATUS_BUSY   = $01
000000r 3               .endif
000000r 3               .ifndef DMA_STATUS_OK
000000r 3               DMA_STATUS_OK     = $02
000000r 3               .endif
000000r 3               .ifndef DMA_STATUS_ERROR
000000r 3               DMA_STATUS_ERROR  = $03
000000r 3               .endif
000000r 3               .ifndef DMA_BUSY
000000r 3               DMA_BUSY          = DMA_STATUS_BUSY
000000r 3               .endif
000000r 3               .ifndef DMA_OK
000000r 3               DMA_OK            = DMA_STATUS_OK
000000r 3               .endif
000000r 3               .ifndef DMA_ERR_BADCMD
000000r 3               DMA_ERR_BADCMD    = $01
000000r 3               .endif
000000r 3               .ifndef DMA_ERR_BADSPACE
000000r 3               DMA_ERR_BADSPACE  = $02
000000r 3               .endif
000000r 3               .ifndef DMA_ERR_RANGE
000000r 3               DMA_ERR_RANGE     = $03
000000r 3               .endif
000000r 3               .ifndef DMA_ERR_BADARGS
000000r 3               DMA_ERR_BADARGS   = $04
000000r 3               .endif
000000r 3               .ifndef DMA_ERR_WRITEPROT
000000r 3               DMA_ERR_WRITEPROT = $05
000000r 3               .endif
000000r 3               .ifndef DMA_MODE_FILL
000000r 3               DMA_MODE_FILL     = $01
000000r 3               .endif
000000r 3               .ifndef DMA_SPACE_CPU
000000r 3               DMA_SPACE_CPU     = $00
000000r 3               .endif
000000r 3               .ifndef DMA_SPACE_VGC_CHAR
000000r 3               DMA_SPACE_VGC_CHAR = $01
000000r 3               .endif
000000r 3               .ifndef DMA_SPACE_VGC_COLOR
000000r 3               DMA_SPACE_VGC_COLOR = $02
000000r 3               .endif
000000r 3               .ifndef DMA_SPACE_VGC_GFX
000000r 3               DMA_SPACE_VGC_GFX = $03
000000r 3               .endif
000000r 3               .ifndef DMA_SPACE_VGC_SPRITE
000000r 3               DMA_SPACE_VGC_SPRITE = $04
000000r 3               .endif
000000r 3               .ifndef DMA_SPACE_XRAM
000000r 3               DMA_SPACE_XRAM    = $05
000000r 3               .endif
000000r 3               .ifndef DMA_SPACE_VGC_TEXTATTR
000000r 3               DMA_SPACE_VGC_TEXTATTR = $07
000000r 3               .endif
000000r 3               
000000r 3               ; ---------------------------------------------------------------------
000000r 3               ; Blitter controller.
000000r 3               ; ---------------------------------------------------------------------
000000r 3               .ifndef BLT_CMD_REG
000000r 3               BLT_CMD_REG       = $BA83
000000r 3               .endif
000000r 3               .ifndef BLT_STATUS_REG
000000r 3               BLT_STATUS_REG    = $BA84
000000r 3               .endif
000000r 3               .ifndef BLT_ERRCODE_REG
000000r 3               BLT_ERRCODE_REG   = $BA85
000000r 3               .endif
000000r 3               .ifndef BLT_SRCSPACE
000000r 3               BLT_SRCSPACE      = $BA86
000000r 3               .endif
000000r 3               .ifndef BLT_DSTSPACE
000000r 3               BLT_DSTSPACE      = $BA87
000000r 3               .endif
000000r 3               .ifndef BLT_SRCL
000000r 3               BLT_SRCL          = $BA88
000000r 3               .endif
000000r 3               .ifndef BLT_SRCM
000000r 3               BLT_SRCM          = $BA89
000000r 3               .endif
000000r 3               .ifndef BLT_SRCH
000000r 3               BLT_SRCH          = $BA8A
000000r 3               .endif
000000r 3               .ifndef BLT_DSTL
000000r 3               BLT_DSTL          = $BA8B
000000r 3               .endif
000000r 3               .ifndef BLT_DSTM
000000r 3               BLT_DSTM          = $BA8C
000000r 3               .endif
000000r 3               .ifndef BLT_DSTH
000000r 3               BLT_DSTH          = $BA8D
000000r 3               .endif
000000r 3               .ifndef BLT_WIDTHL
000000r 3               BLT_WIDTHL        = $BA8E
000000r 3               .endif
000000r 3               .ifndef BLT_WIDTHH
000000r 3               BLT_WIDTHH        = $BA8F
000000r 3               .endif
000000r 3               .ifndef BLT_HEIGHTL
000000r 3               BLT_HEIGHTL       = $BA90
000000r 3               .endif
000000r 3               .ifndef BLT_HEIGHTH
000000r 3               BLT_HEIGHTH       = $BA91
000000r 3               .endif
000000r 3               .ifndef BLT_SRCSTRL
000000r 3               BLT_SRCSTRL       = $BA92
000000r 3               .endif
000000r 3               .ifndef BLT_SRCSTRH
000000r 3               BLT_SRCSTRH       = $BA93
000000r 3               .endif
000000r 3               .ifndef BLT_DSTSTRL
000000r 3               BLT_DSTSTRL       = $BA94
000000r 3               .endif
000000r 3               .ifndef BLT_DSTSTRH
000000r 3               BLT_DSTSTRH       = $BA95
000000r 3               .endif
000000r 3               .ifndef BLT_DSTRH
000000r 3               BLT_DSTRH         = BLT_DSTSTRH
000000r 3               .endif
000000r 3               .ifndef BLT_MODE_REG
000000r 3               BLT_MODE_REG      = $BA96
000000r 3               .endif
000000r 3               .ifndef BLT_FILLVALUE
000000r 3               BLT_FILLVALUE     = $BA97
000000r 3               .endif
000000r 3               .ifndef BLT_FILLVAL
000000r 3               BLT_FILLVAL       = BLT_FILLVALUE
000000r 3               .endif
000000r 3               .ifndef BLT_CKEY
000000r 3               BLT_CKEY          = $BA98
000000r 3               .endif
000000r 3               .ifndef BLT_CNTL
000000r 3               BLT_CNTL          = $BA99
000000r 3               .endif
000000r 3               .ifndef BLT_CNTM
000000r 3               BLT_CNTM          = $BA9A
000000r 3               .endif
000000r 3               .ifndef BLT_CNTH
000000r 3               BLT_CNTH          = $BA9B
000000r 3               .endif
000000r 3               .ifndef BLT_ROTANGLE
000000r 3               BLT_ROTANGLE      = $BAA2
000000r 3               .endif
000000r 3               .ifndef BLT_ROT_ANGLE
000000r 3               BLT_ROT_ANGLE     = BLT_ROTANGLE
000000r 3               .endif
000000r 3               
000000r 3               .ifndef BLT_CMD
000000r 3               BLT_CMD           = BLT_CMD_REG
000000r 3               .endif
000000r 3               .ifndef BLT_STATUS
000000r 3               BLT_STATUS        = BLT_STATUS_REG
000000r 3               .endif
000000r 3               .ifndef BLT_ERRCODE
000000r 3               BLT_ERRCODE       = BLT_ERRCODE_REG
000000r 3               .endif
000000r 3               .ifndef BLT_MODE
000000r 3               BLT_MODE          = BLT_MODE_REG
000000r 3               .endif
000000r 3               .ifndef BLT_FILL
000000r 3               BLT_FILL          = BLT_FILLVALUE
000000r 3               .endif
000000r 3               
000000r 3               .ifndef BLT_CMD_START
000000r 3               BLT_CMD_START     = $01
000000r 3               .endif
000000r 3               .ifndef BLT_STATUS_IDLE
000000r 3               BLT_STATUS_IDLE   = $00
000000r 3               .endif
000000r 3               .ifndef BLT_STATUS_BUSY
000000r 3               BLT_STATUS_BUSY   = $01
000000r 3               .endif
000000r 3               .ifndef BLT_STATUS_OK
000000r 3               BLT_STATUS_OK     = $02
000000r 3               .endif
000000r 3               .ifndef BLT_STATUS_ERROR
000000r 3               BLT_STATUS_ERROR  = $03
000000r 3               .endif
000000r 3               .ifndef BLT_BUSY
000000r 3               BLT_BUSY          = BLT_STATUS_BUSY
000000r 3               .endif
000000r 3               .ifndef BLT_OK
000000r 3               BLT_OK            = BLT_STATUS_OK
000000r 3               .endif
000000r 3               .ifndef BLT_ERR_BADCMD
000000r 3               BLT_ERR_BADCMD    = $01
000000r 3               .endif
000000r 3               .ifndef BLT_ERR_BADSPACE
000000r 3               BLT_ERR_BADSPACE  = $02
000000r 3               .endif
000000r 3               .ifndef BLT_ERR_RANGE
000000r 3               BLT_ERR_RANGE     = $03
000000r 3               .endif
000000r 3               .ifndef BLT_ERR_BADARGS
000000r 3               BLT_ERR_BADARGS   = $04
000000r 3               .endif
000000r 3               .ifndef BLT_ERR_WRITEPROT
000000r 3               BLT_ERR_WRITEPROT = $05
000000r 3               .endif
000000r 3               .ifndef BLT_MODE_FILL
000000r 3               BLT_MODE_FILL     = $01
000000r 3               .endif
000000r 3               .ifndef BLT_MODE_COLORKEY
000000r 3               BLT_MODE_COLORKEY = $02
000000r 3               .endif
000000r 3               .ifndef BLT_MODE_ROTATE
000000r 3               BLT_MODE_ROTATE   = $04
000000r 3               .endif
000000r 3               .ifndef BLT_SPACE_CPU
000000r 3               BLT_SPACE_CPU     = DMA_SPACE_CPU
000000r 3               .endif
000000r 3               .ifndef BLT_SPACE_VGC_CHAR
000000r 3               BLT_SPACE_VGC_CHAR = DMA_SPACE_VGC_CHAR
000000r 3               .endif
000000r 3               .ifndef BLT_SPACE_VGC_COLOR
000000r 3               BLT_SPACE_VGC_COLOR = DMA_SPACE_VGC_COLOR
000000r 3               .endif
000000r 3               .ifndef BLT_SPACE_VGC_GFX
000000r 3               BLT_SPACE_VGC_GFX = DMA_SPACE_VGC_GFX
000000r 3               .endif
000000r 3               .ifndef BLT_SPACE_VGC_SPRITE
000000r 3               BLT_SPACE_VGC_SPRITE = DMA_SPACE_VGC_SPRITE
000000r 3               .endif
000000r 3               .ifndef BLT_SPACE_XRAM
000000r 3               BLT_SPACE_XRAM    = DMA_SPACE_XRAM
000000r 3               .endif
000000r 3               .ifndef BLT_SPACE_VGC_TEXTATTR
000000r 3               BLT_SPACE_VGC_TEXTATTR = DMA_SPACE_VGC_TEXTATTR
000000r 3               .endif
000000r 3               
000000r 3               ; ---------------------------------------------------------------------
000000r 3               ; Board input ABI. The current FPGA build maps these to ULX3S buttons and DIP
000000r 3               ; switches. Values are active-high logical state, debounced by hardware.
000000r 3               ; ---------------------------------------------------------------------
000000r 3               .ifndef BOARD_INPUT_BUTTONS
000000r 3               BOARD_INPUT_BUTTONS = $BA9C
000000r 3               .endif
000000r 3               .ifndef BOARD_INPUT_SWITCHES
000000r 3               BOARD_INPUT_SWITCHES = $BA9D
000000r 3               .endif
000000r 3               .ifndef BOARD_INPUT_IRQ_ENABLE
000000r 3               BOARD_INPUT_IRQ_ENABLE = $BA9E
000000r 3               .endif
000000r 3               .ifndef BOARD_INPUT_IRQ_STATUS
000000r 3               BOARD_INPUT_IRQ_STATUS = $BA9F
000000r 3               .endif
000000r 3               .ifndef BOARD_INPUT_BUTTON_CHANGES
000000r 3               BOARD_INPUT_BUTTON_CHANGES = $BAA0
000000r 3               .endif
000000r 3               .ifndef BOARD_INPUT_SWITCH_CHANGES
000000r 3               BOARD_INPUT_SWITCH_CHANGES = $BAA1
000000r 3               .endif
000000r 3               .ifndef BOARD_BTN_PWR
000000r 3               BOARD_BTN_PWR    = $01
000000r 3               .endif
000000r 3               .ifndef BOARD_BTN_FIRE1
000000r 3               BOARD_BTN_FIRE1  = $02
000000r 3               .endif
000000r 3               .ifndef BOARD_BTN_FIRE2
000000r 3               BOARD_BTN_FIRE2  = $04
000000r 3               .endif
000000r 3               .ifndef BOARD_BTN_UP
000000r 3               BOARD_BTN_UP     = $08
000000r 3               .endif
000000r 3               .ifndef BOARD_BTN_DOWN
000000r 3               BOARD_BTN_DOWN   = $10
000000r 3               .endif
000000r 3               .ifndef BOARD_BTN_LEFT
000000r 3               BOARD_BTN_LEFT   = $20
000000r 3               .endif
000000r 3               .ifndef BOARD_BTN_RIGHT
000000r 3               BOARD_BTN_RIGHT  = $40
000000r 3               .endif
000000r 3               .ifndef BOARD_BTN_MASK
000000r 3               BOARD_BTN_MASK   = $7F
000000r 3               .endif
000000r 3               .ifndef BOARD_SW1
000000r 3               BOARD_SW1        = $01
000000r 3               .endif
000000r 3               .ifndef BOARD_SW2
000000r 3               BOARD_SW2        = $02
000000r 3               .endif
000000r 3               .ifndef BOARD_SW3
000000r 3               BOARD_SW3        = $04
000000r 3               .endif
000000r 3               .ifndef BOARD_SW4
000000r 3               BOARD_SW4        = $08
000000r 3               .endif
000000r 3               .ifndef BOARD_SW_MASK
000000r 3               BOARD_SW_MASK    = $0F
000000r 3               .endif
000000r 3               .ifndef BOARD_INPUT_IRQ_BUTTONS
000000r 3               BOARD_INPUT_IRQ_BUTTONS = $01
000000r 3               .endif
000000r 3               .ifndef BOARD_INPUT_IRQ_SWITCHES
000000r 3               BOARD_INPUT_IRQ_SWITCHES = $02
000000r 3               .endif
000000r 3               .ifndef BOARD_INPUT_IRQ_MASK
000000r 3               BOARD_INPUT_IRQ_MASK = $03
000000r 3               .endif
000000r 3               
000000r 3               ; ---------------------------------------------------------------------
000000r 3               ; USB HID diagnostics. These registers are currently implemented by the
000000r 3               ; ULX3S US2 low/full-speed USB HID host and read as zero in software-only hosts.
000000r 3               ; ---------------------------------------------------------------------
000000r 3               .ifndef USB_HID_STATUS
000000r 3               USB_HID_STATUS = $BAA3
000000r 3               .endif
000000r 3               .ifndef USB_HID_DEVICE_TYPE
000000r 3               USB_HID_DEVICE_TYPE = $BAA4
000000r 3               .endif
000000r 3               .ifndef USB_HID_LAST_SCAN
000000r 3               USB_HID_LAST_SCAN = $BAA5
000000r 3               .endif
000000r 3               .ifndef USB_HID_LAST_ASCII
000000r 3               USB_HID_LAST_ASCII = $BAA6
000000r 3               .endif
000000r 3               .ifndef USB_HID_REPORT_COUNT
000000r 3               USB_HID_REPORT_COUNT = $BAA7
000000r 3               .endif
000000r 3               .ifndef USB_HID_KEY_COUNT
000000r 3               USB_HID_KEY_COUNT = $BAA8
000000r 3               .endif
000000r 3               .ifndef USB_HID_CORE_STATUS
000000r 3               USB_HID_CORE_STATUS = $BAA9
000000r 3               .endif
000000r 3               .ifndef USB_HID_VID_L
000000r 3               USB_HID_VID_L = $BAAA
000000r 3               .endif
000000r 3               .ifndef USB_HID_VID_H
000000r 3               USB_HID_VID_H = $BAAB
000000r 3               .endif
000000r 3               .ifndef USB_HID_PID_L
000000r 3               USB_HID_PID_L = $BAAC
000000r 3               .endif
000000r 3               .ifndef USB_HID_PID_H
000000r 3               USB_HID_PID_H = $BAAD
000000r 3               .endif
000000r 3               .ifndef USB_HID_INTERFACE_CLASS
000000r 3               USB_HID_INTERFACE_CLASS = $BAAE
000000r 3               .endif
000000r 3               .ifndef USB_HID_INTERFACE_PROTOCOL
000000r 3               USB_HID_INTERFACE_PROTOCOL = $BAAF
000000r 3               .endif
000000r 3               .ifndef USB_HID_ST_RESET_RELEASED
000000r 3               USB_HID_ST_RESET_RELEASED = $01
000000r 3               .endif
000000r 3               .ifndef USB_HID_ST_DM_HIGH
000000r 3               USB_HID_ST_DM_HIGH = $02
000000r 3               .endif
000000r 3               .ifndef USB_HID_ST_DP_HIGH
000000r 3               USB_HID_ST_DP_HIGH = $04
000000r 3               .endif
000000r 3               .ifndef USB_HID_ST_DEVICE_PRESENT
000000r 3               USB_HID_ST_DEVICE_PRESENT = $08
000000r 3               .endif
000000r 3               .ifndef USB_HID_ST_KEYBOARD_PRESENT
000000r 3               USB_HID_ST_KEYBOARD_PRESENT = $10
000000r 3               .endif
000000r 3               .ifndef USB_HID_ST_REPORT_SEEN
000000r 3               USB_HID_ST_REPORT_SEEN = $20
000000r 3               .endif
000000r 3               .ifndef USB_HID_ST_KEY_SEEN
000000r 3               USB_HID_ST_KEY_SEEN = $40
000000r 3               .endif
000000r 3               .ifndef USB_HID_ST_ERROR
000000r 3               USB_HID_ST_ERROR = $80
000000r 3               .endif
000000r 3               .ifndef USB_HID_CORE_BUSY
000000r 3               USB_HID_CORE_BUSY = $01
000000r 3               .endif
000000r 3               .ifndef USB_HID_CORE_ENDPOINT_MASK
000000r 3               USB_HID_CORE_ENDPOINT_MASK = $0E
000000r 3               .endif
000000r 3               .ifndef USB_HID_CORE_ENDPOINT_SHIFT
000000r 3               USB_HID_CORE_ENDPOINT_SHIFT = 1
000000r 3               .endif
000000r 3               .ifndef USB_HID_CORE_FULL_SPEED
000000r 3               USB_HID_CORE_FULL_SPEED = $10
000000r 3               .endif
000000r 3               .ifndef USB_HID_CORE_CONNECTED
000000r 3               USB_HID_CORE_CONNECTED = $20
000000r 3               .endif
000000r 3               .ifndef USB_HID_CORE_NAK
000000r 3               USB_HID_CORE_NAK = $40
000000r 3               .endif
000000r 3               .ifndef USB_HID_CORE_STALL
000000r 3               USB_HID_CORE_STALL = $80
000000r 3               .endif
000000r 3               
000000r 3               .endif
000000r 3               
000000r 2               
000000r 2               VSPRITE_RESULT_OK        = BLITTER_RESULT_OK
000000r 2               VSPRITE_RESULT_ERROR     = BLITTER_RESULT_ERROR
000000r 2               
000000r 2               ; @label VSPRITE.FLAG_COLORKEY
000000r 2               ; @kind const
000000r 2               ; @symbol VSPRITE_FLAG_COLORKEY
000000r 2               ; @summary Enable source color-key transparency for VSPRITE.BLIT and VSPRITE.GFX_BLIT.
000000r 2               VSPRITE_FLAG_COLORKEY    = $01
000000r 2               
000000r 2               ; @label VSPRITE.DESC_FLAG_COLORKEY
000000r 2               ; @kind const
000000r 2               ; @symbol VSPRITE_DESC_FLAG_COLORKEY
000000r 2               ; @summary Descriptor flag enabling source color-key transparency.
000000r 2               VSPRITE_DESC_FLAG_COLORKEY = VSPRITE_FLAG_COLORKEY
000000r 2               
000000r 2               ; @label VSPRITE.DESC_SAVED
000000r 2               ; @kind const
000000r 2               ; @symbol VSPRITE_DESC_SAVED
000000r 2               ; @summary Internal descriptor flag set when old X/Y has a saved background to restore.
000000r 2               VSPRITE_DESC_SAVED       = $40
000000r 2               
000000r 2               ; @label VSPRITE.DESC_VISIBLE
000000r 2               ; @kind const
000000r 2               ; @symbol VSPRITE_DESC_VISIBLE
000000r 2               ; @summary Descriptor flag enabling scene save/draw for this virtual sprite.
000000r 2               VSPRITE_DESC_VISIBLE     = $80
000000r 2               
000000r 2               VSPRITE_GFX_STRIDE       = 320
000000r 2               
000000r 2               ; Scene descriptor layout. Descriptors are caller-owned RAM because scene
000000r 2               ; helpers update OLD_* and SAVED as part of the frame protocol.
000000r 2               VSPRITE_DESC_FLAGS       = $00
000000r 2               VSPRITE_DESC_XL          = $01
000000r 2               VSPRITE_DESC_XH          = $02
000000r 2               VSPRITE_DESC_Y           = $03
000000r 2               VSPRITE_DESC_OLD_XL      = $04
000000r 2               VSPRITE_DESC_OLD_XH      = $05
000000r 2               VSPRITE_DESC_OLD_Y       = $06
000000r 2               VSPRITE_DESC_WIDTHL      = $07
000000r 2               VSPRITE_DESC_WIDTHH      = $08
000000r 2               VSPRITE_DESC_HEIGHTL     = $09
000000r 2               VSPRITE_DESC_HEIGHTH     = $0A
000000r 2               VSPRITE_DESC_SRCSPACE    = $0B
000000r 2               VSPRITE_DESC_SRCADDRL    = $0C
000000r 2               VSPRITE_DESC_SRCADDRM    = $0D
000000r 2               VSPRITE_DESC_SRCADDRH    = $0E
000000r 2               VSPRITE_DESC_SRCSTRL     = $0F
000000r 2               VSPRITE_DESC_SRCSTRH     = $10
000000r 2               VSPRITE_DESC_BGSPACE     = $11
000000r 2               VSPRITE_DESC_BGADDRL     = $12
000000r 2               VSPRITE_DESC_BGADDRM     = $13
000000r 2               VSPRITE_DESC_BGADDRH     = $14
000000r 2               VSPRITE_DESC_BGSTRL      = $15
000000r 2               VSPRITE_DESC_BGSTRH      = $16
000000r 2               VSPRITE_DESC_COLORKEY    = $17
000000r 2               VSPRITE_DESC_SIZE        = $18
000000r 2               
000000r 2               ; Assembly-facing state ABI. Callers set these before invoking the helpers.
000000r 2               ; @label VSPRITE.SRCSPACE
000000r 2               ; @kind u8
000000r 2               ; @symbol VSPRITE_SRCSPACE
000000r 2               ; @summary Blitter memory space for the virtual-sprite source rectangle.
000000r 2               .global VSPRITE_SRCSPACE
000000r 2               ; @label VSPRITE.DSTSPACE
000000r 2               ; @kind u8
000000r 2               ; @symbol VSPRITE_DSTSPACE
000000r 2               ; @summary Blitter memory space for the virtual-sprite destination rectangle.
000000r 2               .global VSPRITE_DSTSPACE
000000r 2               ; @label VSPRITE.SRCADDRL
000000r 2               ; @kind u8
000000r 2               ; @symbol VSPRITE_SRCADDRL
000000r 2               ; @summary Low byte of the virtual-sprite source address.
000000r 2               .global VSPRITE_SRCADDRL
000000r 2               ; @label VSPRITE.SRCADDRM
000000r 2               ; @kind u8
000000r 2               ; @symbol VSPRITE_SRCADDRM
000000r 2               ; @summary Middle byte of the virtual-sprite source address.
000000r 2               .global VSPRITE_SRCADDRM
000000r 2               ; @label VSPRITE.SRCADDRH
000000r 2               ; @kind u8
000000r 2               ; @symbol VSPRITE_SRCADDRH
000000r 2               ; @summary High byte of the virtual-sprite source address.
000000r 2               .global VSPRITE_SRCADDRH
000000r 2               ; @label VSPRITE.DSTADDRL
000000r 2               ; @kind u8
000000r 2               ; @symbol VSPRITE_DSTADDRL
000000r 2               ; @summary Low byte of the virtual-sprite destination address. VSPRITE.GFX_* routines compute this from VSPRITE.X/Y.
000000r 2               .global VSPRITE_DSTADDRL
000000r 2               ; @label VSPRITE.DSTADDRM
000000r 2               ; @kind u8
000000r 2               ; @symbol VSPRITE_DSTADDRM
000000r 2               ; @summary Middle byte of the virtual-sprite destination address. VSPRITE.GFX_* routines compute this from VSPRITE.X/Y.
000000r 2               .global VSPRITE_DSTADDRM
000000r 2               ; @label VSPRITE.DSTADDRH
000000r 2               ; @kind u8
000000r 2               ; @symbol VSPRITE_DSTADDRH
000000r 2               ; @summary High byte of the virtual-sprite destination address. VSPRITE.GFX_* routines compute this from VSPRITE.X/Y.
000000r 2               .global VSPRITE_DSTADDRH
000000r 2               ; @label VSPRITE.WIDTHL
000000r 2               ; @kind u8
000000r 2               ; @symbol VSPRITE_WIDTHL
000000r 2               ; @summary Low byte of the rectangle width in pixels/bytes.
000000r 2               .global VSPRITE_WIDTHL
000000r 2               ; @label VSPRITE.WIDTHH
000000r 2               ; @kind u8
000000r 2               ; @symbol VSPRITE_WIDTHH
000000r 2               ; @summary High byte of the rectangle width in pixels/bytes.
000000r 2               .global VSPRITE_WIDTHH
000000r 2               ; @label VSPRITE.HEIGHTL
000000r 2               ; @kind u8
000000r 2               ; @symbol VSPRITE_HEIGHTL
000000r 2               ; @summary Low byte of the rectangle height in rows.
000000r 2               .global VSPRITE_HEIGHTL
000000r 2               ; @label VSPRITE.HEIGHTH
000000r 2               ; @kind u8
000000r 2               ; @symbol VSPRITE_HEIGHTH
000000r 2               ; @summary High byte of the rectangle height in rows.
000000r 2               .global VSPRITE_HEIGHTH
000000r 2               ; @label VSPRITE.SRCSTRL
000000r 2               ; @kind u8
000000r 2               ; @symbol VSPRITE_SRCSTRL
000000r 2               ; @summary Low byte of the source row stride.
000000r 2               .global VSPRITE_SRCSTRL
000000r 2               ; @label VSPRITE.SRCSTRH
000000r 2               ; @kind u8
000000r 2               ; @symbol VSPRITE_SRCSTRH
000000r 2               ; @summary High byte of the source row stride.
000000r 2               .global VSPRITE_SRCSTRH
000000r 2               ; @label VSPRITE.DSTSTRL
000000r 2               ; @kind u8
000000r 2               ; @symbol VSPRITE_DSTSTRL
000000r 2               ; @summary Low byte of the destination row stride.
000000r 2               .global VSPRITE_DSTSTRL
000000r 2               ; @label VSPRITE.DSTSTRH
000000r 2               ; @kind u8
000000r 2               ; @symbol VSPRITE_DSTSTRH
000000r 2               ; @summary High byte of the destination row stride.
000000r 2               .global VSPRITE_DSTSTRH
000000r 2               ; @label VSPRITE.BGSPACE
000000r 2               ; @kind u8
000000r 2               ; @symbol VSPRITE_BGSPACE
000000r 2               ; @summary Blitter memory space for the saved-background buffer. Use BLT_SPACE_CPU for normal RAM buffers.
000000r 2               .global VSPRITE_BGSPACE
000000r 2               ; @label VSPRITE.BGADDRL
000000r 2               ; @kind u8
000000r 2               ; @symbol VSPRITE_BGADDRL
000000r 2               ; @summary Low byte of the caller-owned saved-background buffer address.
000000r 2               .global VSPRITE_BGADDRL
000000r 2               ; @label VSPRITE.BGADDRM
000000r 2               ; @kind u8
000000r 2               ; @symbol VSPRITE_BGADDRM
000000r 2               ; @summary Middle byte of the caller-owned saved-background buffer address.
000000r 2               .global VSPRITE_BGADDRM
000000r 2               ; @label VSPRITE.BGADDRH
000000r 2               ; @kind u8
000000r 2               ; @symbol VSPRITE_BGADDRH
000000r 2               ; @summary High byte of the caller-owned saved-background buffer address. Use 0 for CPU RAM.
000000r 2               .global VSPRITE_BGADDRH
000000r 2               ; @label VSPRITE.BGSTRL
000000r 2               ; @kind u8
000000r 2               ; @symbol VSPRITE_BGSTRL
000000r 2               ; @summary Low byte of the saved-background buffer row stride.
000000r 2               .global VSPRITE_BGSTRL
000000r 2               ; @label VSPRITE.BGSTRH
000000r 2               ; @kind u8
000000r 2               ; @symbol VSPRITE_BGSTRH
000000r 2               ; @summary High byte of the saved-background buffer row stride.
000000r 2               .global VSPRITE_BGSTRH
000000r 2               ; @label VSPRITE.COLORKEY
000000r 2               ; @kind u8
000000r 2               ; @symbol VSPRITE_COLORKEY
000000r 2               ; @summary Source byte skipped by color-keyed blits. VSPRITE.ROTATE also uses this value to fill output pixels outside the rotated source bounds.
000000r 2               .global VSPRITE_COLORKEY
000000r 2               ; @label VSPRITE.ORIGSPACE
000000r 2               ; @kind u8
000000r 2               ; @symbol VSPRITE_ORIGSPACE
000000r 2               ; @summary Blitter memory space for the immutable source shape used by VSPRITE.ROTATE.
000000r 2               .global VSPRITE_ORIGSPACE
000000r 2               ; @label VSPRITE.ORIGADDRL
000000r 2               ; @kind u8
000000r 2               ; @symbol VSPRITE_ORIGADDRL
000000r 2               ; @summary Low byte of the immutable source shape address used by VSPRITE.ROTATE.
000000r 2               .global VSPRITE_ORIGADDRL
000000r 2               ; @label VSPRITE.ORIGADDRM
000000r 2               ; @kind u8
000000r 2               ; @symbol VSPRITE_ORIGADDRM
000000r 2               ; @summary Middle byte of the immutable source shape address used by VSPRITE.ROTATE.
000000r 2               .global VSPRITE_ORIGADDRM
000000r 2               ; @label VSPRITE.ORIGADDRH
000000r 2               ; @kind u8
000000r 2               ; @symbol VSPRITE_ORIGADDRH
000000r 2               ; @summary High byte of the immutable source shape address used by VSPRITE.ROTATE. Use 0 for CPU RAM.
000000r 2               .global VSPRITE_ORIGADDRH
000000r 2               ; @label VSPRITE.ORIGSTRL
000000r 2               ; @kind u8
000000r 2               ; @symbol VSPRITE_ORIGSTRL
000000r 2               ; @summary Low byte of the immutable source shape row stride used by VSPRITE.ROTATE.
000000r 2               .global VSPRITE_ORIGSTRL
000000r 2               ; @label VSPRITE.ORIGSTRH
000000r 2               ; @kind u8
000000r 2               ; @symbol VSPRITE_ORIGSTRH
000000r 2               ; @summary High byte of the immutable source shape row stride used by VSPRITE.ROTATE.
000000r 2               .global VSPRITE_ORIGSTRH
000000r 2               ; @label VSPRITE.ROTSPACE
000000r 2               ; @kind u8
000000r 2               ; @symbol VSPRITE_ROTSPACE
000000r 2               ; @summary Blitter memory space for the caller-owned rotated output buffer used by VSPRITE.ROTATE.
000000r 2               .global VSPRITE_ROTSPACE
000000r 2               ; @label VSPRITE.ROTADDRL
000000r 2               ; @kind u8
000000r 2               ; @symbol VSPRITE_ROTADDRL
000000r 2               ; @summary Low byte of the caller-owned rotated output buffer address.
000000r 2               .global VSPRITE_ROTADDRL
000000r 2               ; @label VSPRITE.ROTADDRM
000000r 2               ; @kind u8
000000r 2               ; @symbol VSPRITE_ROTADDRM
000000r 2               ; @summary Middle byte of the caller-owned rotated output buffer address.
000000r 2               .global VSPRITE_ROTADDRM
000000r 2               ; @label VSPRITE.ROTADDRH
000000r 2               ; @kind u8
000000r 2               ; @symbol VSPRITE_ROTADDRH
000000r 2               ; @summary High byte of the caller-owned rotated output buffer address. Use 0 for CPU RAM.
000000r 2               .global VSPRITE_ROTADDRH
000000r 2               ; @label VSPRITE.ROTSTRL
000000r 2               ; @kind u8
000000r 2               ; @symbol VSPRITE_ROTSTRL
000000r 2               ; @summary Low byte of the caller-owned rotated output buffer row stride.
000000r 2               .global VSPRITE_ROTSTRL
000000r 2               ; @label VSPRITE.ROTSTRH
000000r 2               ; @kind u8
000000r 2               ; @symbol VSPRITE_ROTSTRH
000000r 2               ; @summary High byte of the caller-owned rotated output buffer row stride.
000000r 2               .global VSPRITE_ROTSTRH
000000r 2               ; @label VSPRITE.ROTANGLE
000000r 2               ; @kind u8
000000r 2               ; @symbol VSPRITE_ROTANGLE
000000r 2               ; @summary Hardware rotation angle, where 256 steps is one full turn.
000000r 2               .global VSPRITE_ROTANGLE
000000r 2               ; @label VSPRITE.FILLVALUE
000000r 2               ; @kind u8
000000r 2               ; @symbol VSPRITE_FILLVALUE
000000r 2               ; @summary Byte value used by VSPRITE.FILL and VSPRITE.GFX_FILL.
000000r 2               .global VSPRITE_FILLVALUE
000000r 2               ; @label VSPRITE.FLAGS
000000r 2               ; @kind u8
000000r 2               ; @symbol VSPRITE_FLAGS
000000r 2               ; @summary Bitfield controlling virtual-sprite blits. Set VSPRITE.FLAG_COLORKEY to enable source transparency.
000000r 2               .global VSPRITE_FLAGS
000000r 2               ; @label VSPRITE.XL
000000r 2               ; @kind u8
000000r 2               ; @symbol VSPRITE_XL
000000r 2               ; @summary Low byte of the graphics-plane X coordinate used by VSPRITE.GFX_* helpers.
000000r 2               .global VSPRITE_XL
000000r 2               ; @label VSPRITE.XH
000000r 2               ; @kind u8
000000r 2               ; @symbol VSPRITE_XH
000000r 2               ; @summary High byte of the graphics-plane X coordinate used by VSPRITE.GFX_* helpers.
000000r 2               .global VSPRITE_XH
000000r 2               ; @label VSPRITE.Y
000000r 2               ; @kind u8
000000r 2               ; @symbol VSPRITE_Y
000000r 2               ; @summary Graphics-plane Y coordinate used by VSPRITE.GFX_* helpers.
000000r 2               .global VSPRITE_Y
000000r 2               
000000r 2               ; @label VSPRITE.SCENE_ADDRL
000000r 2               ; @kind u8
000000r 2               ; @symbol VSPRITE_SCENE_ADDRL
000000r 2               ; @summary Low byte of the caller-owned scene descriptor table.
000000r 2               .global VSPRITE_SCENE_ADDRL
000000r 2               ; @label VSPRITE.SCENE_ADDRH
000000r 2               ; @kind u8
000000r 2               ; @symbol VSPRITE_SCENE_ADDRH
000000r 2               ; @summary High byte of the caller-owned scene descriptor table.
000000r 2               .global VSPRITE_SCENE_ADDRH
000000r 2               ; @label VSPRITE.SCENE_COUNT
000000r 2               ; @kind u8
000000r 2               ; @symbol VSPRITE_SCENE_COUNT
000000r 2               ; @summary Number of descriptors in the scene table.
000000r 2               .global VSPRITE_SCENE_COUNT
000000r 2               
000000r 2               ; @label VSPRITE.SCENE_XL
000000r 2               ; @kind u8
000000r 2               ; @symbol VSPRITE_SCENE_XL
000000r 2               ; @summary Low byte of the graphics-plane dirty rectangle X coordinate for atomic scene commits.
000000r 2               .global VSPRITE_SCENE_XL
000000r 2               ; @label VSPRITE.SCENE_XH
000000r 2               ; @kind u8
000000r 2               ; @symbol VSPRITE_SCENE_XH
000000r 2               ; @summary High byte of the graphics-plane dirty rectangle X coordinate for atomic scene commits.
000000r 2               .global VSPRITE_SCENE_XH
000000r 2               ; @label VSPRITE.SCENE_Y
000000r 2               ; @kind u8
000000r 2               ; @symbol VSPRITE_SCENE_Y
000000r 2               ; @summary Graphics-plane dirty rectangle Y coordinate for atomic scene commits.
000000r 2               .global VSPRITE_SCENE_Y
000000r 2               ; @label VSPRITE.SCENE_WIDTHL
000000r 2               ; @kind u8
000000r 2               ; @symbol VSPRITE_SCENE_WIDTHL
000000r 2               ; @summary Low byte of the dirty rectangle width for atomic scene commits.
000000r 2               .global VSPRITE_SCENE_WIDTHL
000000r 2               ; @label VSPRITE.SCENE_WIDTHH
000000r 2               ; @kind u8
000000r 2               ; @symbol VSPRITE_SCENE_WIDTHH
000000r 2               ; @summary High byte of the dirty rectangle width for atomic scene commits.
000000r 2               .global VSPRITE_SCENE_WIDTHH
000000r 2               ; @label VSPRITE.SCENE_HEIGHTL
000000r 2               ; @kind u8
000000r 2               ; @symbol VSPRITE_SCENE_HEIGHTL
000000r 2               ; @summary Low byte of the dirty rectangle height for atomic scene commits.
000000r 2               .global VSPRITE_SCENE_HEIGHTL
000000r 2               ; @label VSPRITE.SCENE_HEIGHTH
000000r 2               ; @kind u8
000000r 2               ; @symbol VSPRITE_SCENE_HEIGHTH
000000r 2               ; @summary High byte of the dirty rectangle height for atomic scene commits.
000000r 2               .global VSPRITE_SCENE_HEIGHTH
000000r 2               ; @label VSPRITE.SCENE_WORKSPACE
000000r 2               ; @kind u8
000000r 2               ; @symbol VSPRITE_SCENE_WORKSPACE
000000r 2               ; @summary Blitter memory space for the atomic scene work buffer.
000000r 2               .global VSPRITE_SCENE_WORKSPACE
000000r 2               ; @label VSPRITE.SCENE_WORKADDRL
000000r 2               ; @kind u8
000000r 2               ; @symbol VSPRITE_SCENE_WORKADDRL
000000r 2               ; @summary Low byte of the atomic scene work buffer address.
000000r 2               .global VSPRITE_SCENE_WORKADDRL
000000r 2               ; @label VSPRITE.SCENE_WORKADDRM
000000r 2               ; @kind u8
000000r 2               ; @symbol VSPRITE_SCENE_WORKADDRM
000000r 2               ; @summary Middle byte of the atomic scene work buffer address.
000000r 2               .global VSPRITE_SCENE_WORKADDRM
000000r 2               ; @label VSPRITE.SCENE_WORKADDRH
000000r 2               ; @kind u8
000000r 2               ; @symbol VSPRITE_SCENE_WORKADDRH
000000r 2               ; @summary High byte of the atomic scene work buffer address.
000000r 2               .global VSPRITE_SCENE_WORKADDRH
000000r 2               ; @label VSPRITE.SCENE_WORKSTRL
000000r 2               ; @kind u8
000000r 2               ; @symbol VSPRITE_SCENE_WORKSTRL
000000r 2               ; @summary Low byte of the atomic scene work buffer row stride.
000000r 2               .global VSPRITE_SCENE_WORKSTRL
000000r 2               ; @label VSPRITE.SCENE_WORKSTRH
000000r 2               ; @kind u8
000000r 2               ; @symbol VSPRITE_SCENE_WORKSTRH
000000r 2               ; @summary High byte of the atomic scene work buffer row stride.
000000r 2               .global VSPRITE_SCENE_WORKSTRH
000000r 2               
000000r 2               ; Public helper routines.
000000r 2               .global vsprite_blit
000000r 2               .global vsprite_blit_start
000000r 2               .global vsprite_fill
000000r 2               .global vsprite_gfx_addr
000000r 2               .global vsprite_gfx_blit
000000r 2               .global vsprite_gfx_blit_start
000000r 2               .global vsprite_gfx_rotate_blit
000000r 2               .global vsprite_gfx_rotate_blit_keyed
000000r 2               .global vsprite_gfx_rotate_blit_nowait
000000r 2               .global vsprite_gfx_fill
000000r 2               .global vsprite_gfx_save_bg
000000r 2               .global vsprite_gfx_restore_bg
000000r 2               .global vsprite_rotate
000000r 2               .global vsprite_use_original
000000r 2               .global vsprite_use_rotated
000000r 2               .global vsprite_scene_begin
000000r 2               .global vsprite_scene_commit
000000r 2               .global vsprite_scene_commit_atomic
000000r 2               .global vsprite_scene_draw
000000r 2               
000000r 2               .endif
000000r 2               
000000r 1               
000000r 1               ; --- Turtle virtual-sprite configuration ---
000000r 1               TURTLE_SPR_SIZE   = 16
000000r 1               TURTLE_SPR_HALF   = 8
000000r 1               TURTLE_MAX_X      = 304        ; 320 - 16
000000r 1               TURTLE_MAX_Y      = 184        ; 200 - 16
000000r 1               TURTLE_CENTER_X   = 160        ; center of 320-wide graphics
000000r 1               TURTLE_CENTER_Y   = 80         ; center of split graphics viewport
000000r 1               SPLIT_Y           = 160        ; copper split: gfx rows 0-159, text below
000000r 1               SPLIT_TEXT_ROW    = 40         ; 160px / 4px text cell height
000000r 1               SPLIT_TEXT_HEIGHT = 10
000000r 1               MODE_GFX_SPRITES  = 3          ; VGC mode: graphics + sprites
000000r 1               MODE_TEXT_ONLY    = 0
000000r 1               COL_WHITE         = 1
000000r 1               COL_RED           = 2
000000r 1               COL_GREEN         = 5
000000r 1               
000000r 1               ; --- Base-ROM list cell format, used by SETPOS [x y] ---
000000r 1               CONS_CAR_TYPE     = 1
000000r 1               CONS_CAR_HI       = 2
000000r 1               CONS_CAR_LO       = 3
000000r 1               CONS_CDR_LO       = 5
000000r 1               CONS_CDR_HI       = 6
000000r 1               
000000r 1               ; --- Local ZP temporaries (reuse NVR scratch) ---
000000r 1               tmp0              = NVR0L
000000r 1               tmp1              = NVR0H
000000r 1               tmp2              = NVR1L
000000r 1               tmp3              = NVR1H
000000r 1               old_x_lo          = NVR2L
000000r 1               old_x_hi          = NVR2H
000000r 1               old_y_lo          = NVR3L
000000r 1               old_y_hi          = NVR3H
000000r 1               dx_lo             = NVR4L
000000r 1               dx_hi             = NVR4H
000000r 1               dy_lo             = NVR5L
000000r 1               dy_hi             = NVR5H
000000r 1               sin_val           = NVR6L
000000r 1               cos_val           = NVR6H
000000r 1               
000000r 1                     .segment "BSS"
000000r 1               
000000r 1               turtle_source_shape:
000000r 1  xx xx xx xx        .res TURTLE_SPR_SIZE * TURTLE_SPR_SIZE
000004r 1  xx xx xx xx  
000008r 1  xx xx xx xx  
000100r 1               turtle_rotated_shape:
000100r 1  xx xx xx xx        .res TURTLE_SPR_SIZE * TURTLE_SPR_SIZE
000104r 1  xx xx xx xx  
000108r 1  xx xx xx xx  
000200r 1               turtle_saved_bg:
000200r 1  xx xx xx xx        .res TURTLE_SPR_SIZE * TURTLE_SPR_SIZE
000204r 1  xx xx xx xx  
000208r 1  xx xx xx xx  
000300r 1               TURTLE_X_FRAC:
000300r 1  xx                 .res 1
000301r 1               TURTLE_X_LO:
000301r 1  xx                 .res 1
000302r 1               TURTLE_X_HI:
000302r 1  xx                 .res 1
000303r 1               TURTLE_Y_FRAC:
000303r 1  xx                 .res 1
000304r 1               TURTLE_Y_LO:
000304r 1  xx                 .res 1
000305r 1               TURTLE_Y_HI:
000305r 1  xx                 .res 1
000306r 1               TURTLE_HEADING_LO:
000306r 1  xx                 .res 1
000307r 1               TURTLE_HEADING_HI:
000307r 1  xx                 .res 1
000308r 1               TURTLE_PEN:
000308r 1  xx                 .res 1
000309r 1               TURTLE_SHOWN:
000309r 1  xx                 .res 1
00030Ar 1               TURTLE_COLOR:
00030Ar 1  xx                 .res 1
00030Br 1               TURTLE_SPRITE:
00030Br 1  xx                 .res 1
00030Cr 1               TURTLE_INITED:
00030Cr 1  xx                 .res 1
00030Dr 1               turtle_bg_x_lo:
00030Dr 1  xx                 .res 1
00030Er 1               turtle_bg_x_hi:
00030Er 1  xx                 .res 1
00030Fr 1               turtle_bg_y:
00030Fr 1  xx                 .res 1
000310r 1               turtle_bg_saved:
000310r 1  xx                 .res 1
000311r 1               
000311r 1                     .segment "CODE"
000000r 1               
000000r 1               ; =====================================================================
000000r 1               ; Extension entry point — called via JSR $C000 from RAM trampoline
000000r 1               ; =====================================================================
000000r 1               ext_entry:
000000r 1  D8                 CLD                       ; all extension math is binary, never BCD
000001r 1  A5 80              LDA   EXT_CMD
000003r 1  0A                 ASL                       ; * 2 for word-sized table
000004r 1  AA                 TAX
000005r 1  BD rr rr           LDA   ext_dispatch+1,X   ; high byte of handler-1
000008r 1  48                 PHA
000009r 1  BD rr rr           LDA   ext_dispatch,X     ; low byte of handler-1
00000Cr 1  48                 PHA
00000Dr 1  60                 RTS                       ; dispatch via RTS trick
00000Er 1               
00000Er 1               ; --- Dispatch table (entries are handler_address - 1) ---
00000Er 1               ext_dispatch:
00000Er 1  rr rr              .word ext_unsupported-1   ; cmd $00: reserved
000010r 1  rr rr              .word ext_test-1          ; cmd $01: EXT.TEST
000012r 1  rr rr              .word ext_unsupported-1   ; cmd $02
000014r 1  rr rr              .word ext_unsupported-1   ; cmd $03
000016r 1  rr rr              .word ext_unsupported-1   ; cmd $04
000018r 1  rr rr              .word ext_unsupported-1   ; cmd $05
00001Ar 1  rr rr              .word ext_unsupported-1   ; cmd $06
00001Cr 1  rr rr              .word ext_unsupported-1   ; cmd $07
00001Er 1  rr rr              .word ext_unsupported-1   ; cmd $08
000020r 1  rr rr              .word ext_unsupported-1   ; cmd $09
000022r 1  rr rr              .word ext_unsupported-1   ; cmd $0A
000024r 1  rr rr              .word ext_unsupported-1   ; cmd $0B
000026r 1  rr rr              .word ext_unsupported-1   ; cmd $0C
000028r 1  rr rr              .word ext_unsupported-1   ; cmd $0D
00002Ar 1  rr rr              .word ext_unsupported-1   ; cmd $0E
00002Cr 1  rr rr              .word ext_unsupported-1   ; cmd $0F
00002Er 1  rr rr              .word ext_fd-1            ; cmd $10: FD
000030r 1  rr rr              .word ext_bk-1            ; cmd $11: BK
000032r 1  rr rr              .word ext_rt-1            ; cmd $12: RT
000034r 1  rr rr              .word ext_lt-1            ; cmd $13: LT
000036r 1  rr rr              .word ext_cs-1            ; cmd $14: CS
000038r 1  rr rr              .word ext_pu-1            ; cmd $15: PU
00003Ar 1  rr rr              .word ext_pd-1            ; cmd $16: PD
00003Cr 1  rr rr              .word ext_st-1            ; cmd $17: ST
00003Er 1  rr rr              .word ext_ht-1            ; cmd $18: HT
000040r 1  rr rr              .word ext_home-1          ; cmd $19: HOME
000042r 1  rr rr              .word ext_ts-1            ; cmd $1A: TEXTSCREEN
000044r 1  rr rr              .word ext_ss-1            ; cmd $1B: SPLITSCREEN
000046r 1  rr rr              .word ext_fs-1            ; cmd $1C: FULLSCREEN
000048r 1  rr rr              .word ext_setxy-1         ; cmd $1D: SETXY
00004Ar 1  rr rr              .word ext_setx-1          ; cmd $1E: SETX
00004Cr 1  rr rr              .word ext_sety-1          ; cmd $1F: SETY
00004Er 1  rr rr              .word ext_seth-1          ; cmd $20: SETHEADING
000050r 1  rr rr              .word ext_xcor-1          ; cmd $21: XCOR
000052r 1  rr rr              .word ext_ycor-1          ; cmd $22: YCOR
000054r 1  rr rr              .word ext_heading-1       ; cmd $23: HEADING
000056r 1  rr rr              .word ext_pendownp-1      ; cmd $24: PENDOWN?
000058r 1  rr rr              .word ext_shownp-1        ; cmd $25: SHOWN?
00005Ar 1  rr rr              .word ext_setpc-1         ; cmd $26: SETPC
00005Cr 1  rr rr              .word ext_setbg-1         ; cmd $27: SETBG
00005Er 1  rr rr              .word ext_towards-1       ; cmd $28: TOWARDS
000060r 1  rr rr              .word ext_setpos-1        ; cmd $29: SETPOS
000062r 1  rr rr              .word ext_unsupported-1   ; cmd $2A
000064r 1  rr rr              .word ext_unsupported-1   ; cmd $2B
000066r 1  rr rr              .word ext_unsupported-1   ; cmd $2C
000068r 1  rr rr              .word ext_unsupported-1   ; cmd $2D
00006Ar 1  rr rr              .word ext_unsupported-1   ; cmd $2E
00006Cr 1  rr rr              .word ext_unsupported-1   ; cmd $2F
00006Er 1  rr rr              .word ext_setcolor-1      ; cmd $30: SETCOLOR
000070r 1  rr rr              .word ext_plot-1          ; cmd $31: PLOT
000072r 1  rr rr              .word ext_unplot-1        ; cmd $32: UNPLOT
000074r 1  rr rr              .word ext_line-1          ; cmd $33: LINE
000076r 1  rr rr              .word ext_circle-1        ; cmd $34: CIRCLE
000078r 1  rr rr              .word ext_rect-1          ; cmd $35: RECT
00007Ar 1  rr rr              .word ext_fillrect-1      ; cmd $36: FILL
00007Cr 1  rr rr              .word ext_paint-1         ; cmd $37: PAINT
00007Er 1  rr rr              .word ext_unsupported-1   ; cmd $38
000080r 1  rr rr              .word ext_unsupported-1   ; cmd $39
000082r 1  rr rr              .word ext_unsupported-1   ; cmd $3A
000084r 1  rr rr              .word ext_unsupported-1   ; cmd $3B
000086r 1  rr rr              .word ext_unsupported-1   ; cmd $3C
000088r 1  rr rr              .word ext_unsupported-1   ; cmd $3D
00008Ar 1  rr rr              .word ext_unsupported-1   ; cmd $3E
00008Cr 1  rr rr              .word ext_unsupported-1   ; cmd $3F
00008Er 1  rr rr              .word ext_sprite-1        ; cmd $40: SPRITE
000090r 1  rr rr              .word ext_spritepos-1     ; cmd $41: SPRITEPOS
000092r 1  rr rr              .word ext_spriteon-1      ; cmd $42: SPRITEON
000094r 1  rr rr              .word ext_spriteoff-1     ; cmd $43: SPRITEOFF
000096r 1  rr rr              .word ext_sprcollp-1      ; cmd $44: SPRITECOLLISION?
000098r 1  rr rr              .word ext_tone-1          ; cmd $45: TONE
00009Ar 1  rr rr              .word ext_noise-1         ; cmd $46: NOISE
00009Cr 1  rr rr              .word ext_volume-1        ; cmd $47: VOLUME
00009Er 1  rr rr              .word ext_wait-1          ; cmd $48: WAIT
0000A0r 1  rr rr              .word ext_waitvbl-1       ; cmd $49: WAITVBL
0000A2r 1  rr rr              .word ext_timer-1         ; cmd $4A: TIMER
0000A4r 1               
0000A4r 1               ; =====================================================================
0000A4r 1               ; ext_unsupported — unknown command, just return
0000A4r 1               ; =====================================================================
0000A4r 1               ext_unsupported:
0000A4r 1  60                 RTS
0000A5r 1               
0000A5r 1               ; =====================================================================
0000A5r 1               ; ext_test — test command: returns arg0 + 1
0000A5r 1               ; =====================================================================
0000A5r 1               ext_test:
0000A5r 1  18                 CLC
0000A6r 1  A5 84              LDA   EXT_ARG0_LO
0000A8r 1  69 01              ADC   #1
0000AAr 1  85 90              STA   EXT_RESULT_LO
0000ACr 1  A5 83              LDA   EXT_ARG0_HI
0000AEr 1  69 00              ADC   #0
0000B0r 1  85 8F              STA   EXT_RESULT_HI
0000B2r 1  A5 85              LDA   EXT_ARG0_FRAC
0000B4r 1  85 91              STA   EXT_RESULT_FRAC
0000B6r 1  64 8E              STZ   EXT_RESULT_TYPE    ; VAL_NUMBER
0000B8r 1  60                 RTS
0000B9r 1               
0000B9r 1               ; =====================================================================
0000B9r 1               ; ext_cs — clear screen, set up graphics mode, init turtle
0000B9r 1               ; =====================================================================
0000B9r 1               ext_cs:
0000B9r 1  9C 01 A0           STZ   VGC_BGCOL
0000BCr 1  A9 01              LDA   #COL_WHITE
0000BEr 1  8D 02 A0           STA   VGC_FGCOL
0000C1r 1  9C 0D A0           STZ   VGC_BORDER
0000C4r 1  9C E8 A0           STZ   VGC_GFXTRANS
0000C7r 1  9C 05 A0           STZ   VGC_SCROLLX
0000CAr 1  9C 06 A0           STZ   VGC_SCROLLY
0000CDr 1  9C EA A0           STZ   VGC_SCROLLCTL
0000D0r 1  A9 00              LDA   #MODE_TEXT_ONLY
0000D2r 1  8D 00 A0           STA   VGC_MODE
0000D5r 1  20 rr rr           JSR   clear_gfx_plane
0000D8r 1               
0000D8r 1                     ; Set up copper split: graphics+sprites top, text bottom
0000D8r 1  20 rr rr           JSR   setup_copper
0000DBr 1  20 rr rr           JSR   prepare_split_text
0000DEr 1               
0000DEr 1                     ; Initialize turtle state
0000DEr 1  20 rr rr           JSR   turtle_init
0000E1r 1               
0000E1r 1                     ; Show centered virtual sprite
0000E1r 1  20 rr rr           JSR   draw_turtle_sprite
0000E4r 1               
0000E4r 1  60                 RTS
0000E5r 1               
0000E5r 1               ; =====================================================================
0000E5r 1               ; ext_fd — move forward by distance
0000E5r 1               ; =====================================================================
0000E5r 1               ext_fd:
0000E5r 1                     ; Ensure turtle is initialized
0000E5r 1  AD rr rr           LDA   TURTLE_INITED
0000E8r 1  D0 03              BNE   @go
0000EAr 1  20 rr rr           JSR   turtle_init
0000EDr 1               @go:
0000EDr 1                     ; Save old integer position for line drawing
0000EDr 1  AD rr rr           LDA   TURTLE_X_LO
0000F0r 1  85 24              STA   old_x_lo
0000F2r 1  AD rr rr           LDA   TURTLE_X_HI
0000F5r 1  85 25              STA   old_x_hi
0000F7r 1  AD rr rr           LDA   TURTLE_Y_LO
0000FAr 1  85 26              STA   old_y_lo
0000FCr 1  AD rr rr           LDA   TURTLE_Y_HI
0000FFr 1  85 27              STA   old_y_hi
000101r 1  20 rr rr           JSR   erase_turtle_sprite
000104r 1               
000104r 1                     ; Convert heading degrees to the exact NDK/blitter angle byte.
000104r 1  20 rr rr           JSR   turtle_heading_u8
000107r 1  85 20              STA   tmp0
000109r 1               
000109r 1                     ; Get sin/cos from coprocessor
000109r 1                     ; Logo heading: 0=north, 90=east, 180=south, 270=west
000109r 1                     ; sin(heading) gives dx, -cos(heading) gives dy (screen y goes down)
000109r 1  8D 2E BB           STA   MATH_SINCOS_ANGLE  ; triggers sincos
00010Cr 1  AD 38 BB           LDA   MATH_RES0          ; sin (1.7 signed: -128..+127)
00010Fr 1  85 2C              STA   sin_val
000111r 1  AD 39 BB           LDA   MATH_RES1          ; cos (1.7 signed)
000114r 1  85 2D              STA   cos_val
000116r 1               
000116r 1                     ; Compute dx = distance * sin / 128
000116r 1                     ; distance is 16.8 fixed point in EXT_ARG0 (hi:lo:frac)
000116r 1                     ; For simplicity, use integer part only for the multiply
000116r 1  A5 84              LDA   EXT_ARG0_LO
000118r 1  8D 20 BB           STA   MATH_MUL16_A_LO
00011Br 1  A5 83              LDA   EXT_ARG0_HI
00011Dr 1  8D 21 BB           STA   MATH_MUL16_A_HI
000120r 1                     ; Sign-extend sin to 16-bit
000120r 1  A5 2C              LDA   sin_val
000122r 1  8D 22 BB           STA   MATH_MUL16_B_LO
000125r 1  09 7F              ORA   #$7F
000127r 1  30 04              BMI   @sin_neg
000129r 1  A9 00              LDA   #$00
00012Br 1  80 02              BRA   @sin_ext
00012Dr 1               @sin_neg:
00012Dr 1  A9 FF              LDA   #$FF
00012Fr 1               @sin_ext:
00012Fr 1  8D 23 BB           STA   MATH_MUL16_B_HI    ; triggers multiply
000132r 1               
000132r 1                     ; dx = round(result / 128). The math coprocessor exposes 1.7 signed
000132r 1                     ; sin/cos, so +1.0 is 127/128; rounding keeps cardinal moves exact.
000132r 1  18                 CLC
000133r 1  AD 38 BB           LDA   MATH_RES0
000136r 1  69 40              ADC   #64
000138r 1  85 22              STA   tmp2
00013Ar 1  AD 39 BB           LDA   MATH_RES1
00013Dr 1  69 00              ADC   #0
00013Fr 1  85 23              STA   tmp3
000141r 1  AD 3A BB           LDA   MATH_RES2
000144r 1  69 00              ADC   #0
000146r 1  85 21              STA   tmp1
000148r 1  A5 22              LDA   tmp2
00014Ar 1  0A                 ASL                       ; bit 7 → carry
00014Br 1  A5 23              LDA   tmp3
00014Dr 1  2A                 ROL
00014Er 1  85 28              STA   dx_lo
000150r 1  A5 21              LDA   tmp1
000152r 1  2A                 ROL
000153r 1  85 29              STA   dx_hi
000155r 1               
000155r 1                     ; Compute dy = -(distance * cos / 128)
000155r 1                     ; (negative because screen y increases downward)
000155r 1  A5 84              LDA   EXT_ARG0_LO
000157r 1  8D 20 BB           STA   MATH_MUL16_A_LO
00015Ar 1  A5 83              LDA   EXT_ARG0_HI
00015Cr 1  8D 21 BB           STA   MATH_MUL16_A_HI
00015Fr 1                     ; Sign-extend cos to 16-bit
00015Fr 1  A5 2D              LDA   cos_val
000161r 1  8D 22 BB           STA   MATH_MUL16_B_LO
000164r 1  09 7F              ORA   #$7F
000166r 1  30 04              BMI   @cos_neg
000168r 1  A9 00              LDA   #$00
00016Ar 1  80 02              BRA   @cos_ext
00016Cr 1               @cos_neg:
00016Cr 1  A9 FF              LDA   #$FF
00016Er 1               @cos_ext:
00016Er 1  8D 23 BB           STA   MATH_MUL16_B_HI    ; triggers multiply
000171r 1               
000171r 1                     ; raw_dy = round(result / 128)
000171r 1  18                 CLC
000172r 1  AD 38 BB           LDA   MATH_RES0
000175r 1  69 40              ADC   #64
000177r 1  85 22              STA   tmp2
000179r 1  AD 39 BB           LDA   MATH_RES1
00017Cr 1  69 00              ADC   #0
00017Er 1  85 23              STA   tmp3
000180r 1  AD 3A BB           LDA   MATH_RES2
000183r 1  69 00              ADC   #0
000185r 1  85 21              STA   tmp1
000187r 1  A5 22              LDA   tmp2
000189r 1  0A                 ASL
00018Ar 1  A5 23              LDA   tmp3
00018Cr 1  2A                 ROL
00018Dr 1  85 22              STA   tmp2                ; raw_dy lo
00018Fr 1  A5 21              LDA   tmp1
000191r 1  2A                 ROL
000192r 1  85 23              STA   tmp3                ; raw_dy hi
000194r 1               
000194r 1                     ; dy = -raw_dy (negate 16-bit)
000194r 1  38                 SEC
000195r 1  A9 00              LDA   #0
000197r 1  E5 22              SBC   tmp2
000199r 1  85 2A              STA   dy_lo
00019Br 1  A9 00              LDA   #0
00019Dr 1  E5 23              SBC   tmp3
00019Fr 1  85 2B              STA   dy_hi
0001A1r 1               
0001A1r 1                     ; Add dx to turtle X (24-bit: hi:lo:frac)
0001A1r 1                     ; dx is integer pixels, add to lo:hi (frac stays)
0001A1r 1  18                 CLC
0001A2r 1  AD rr rr           LDA   TURTLE_X_LO
0001A5r 1  65 28              ADC   dx_lo
0001A7r 1  8D rr rr           STA   TURTLE_X_LO
0001AAr 1  AD rr rr           LDA   TURTLE_X_HI
0001ADr 1  65 29              ADC   dx_hi
0001AFr 1  8D rr rr           STA   TURTLE_X_HI
0001B2r 1               
0001B2r 1                     ; Add dy to turtle Y
0001B2r 1  18                 CLC
0001B3r 1  AD rr rr           LDA   TURTLE_Y_LO
0001B6r 1  65 2A              ADC   dy_lo
0001B8r 1  8D rr rr           STA   TURTLE_Y_LO
0001BBr 1  AD rr rr           LDA   TURTLE_Y_HI
0001BEr 1  65 2B              ADC   dy_hi
0001C0r 1  8D rr rr           STA   TURTLE_Y_HI
0001C3r 1               
0001C3r 1                     ; If pen is down, draw line from old to new position
0001C3r 1  AD rr rr           LDA   TURTLE_PEN
0001C6r 1  D0 03              BNE   @skip_draw          ; pen up = $01, skip
0001C8r 1  20 rr rr           JSR   draw_line
0001CBr 1               @skip_draw:
0001CBr 1               
0001CBr 1                     ; Redraw virtual sprite at the new position
0001CBr 1  20 rr rr           JSR   draw_turtle_sprite
0001CEr 1  60                 RTS
0001CFr 1               
0001CFr 1               ; =====================================================================
0001CFr 1               ; ext_bk — move backward by distance (negate and forward)
0001CFr 1               ; =====================================================================
0001CFr 1               ext_bk:
0001CFr 1                     ; Negate arg0 (16.8 two's complement)
0001CFr 1  38                 SEC
0001D0r 1  A9 00              LDA   #0
0001D2r 1  E5 85              SBC   EXT_ARG0_FRAC
0001D4r 1  85 85              STA   EXT_ARG0_FRAC
0001D6r 1  A9 00              LDA   #0
0001D8r 1  E5 84              SBC   EXT_ARG0_LO
0001DAr 1  85 84              STA   EXT_ARG0_LO
0001DCr 1  A9 00              LDA   #0
0001DEr 1  E5 83              SBC   EXT_ARG0_HI
0001E0r 1  85 83              STA   EXT_ARG0_HI
0001E2r 1  4C rr rr           JMP   ext_fd
0001E5r 1               
0001E5r 1               ; =====================================================================
0001E5r 1               ; ext_rt — turn right by degrees
0001E5r 1               ; =====================================================================
0001E5r 1               ext_rt:
0001E5r 1                     ; heading = (heading + degrees) mod 360
0001E5r 1  18                 CLC
0001E6r 1  AD rr rr           LDA   TURTLE_HEADING_LO
0001E9r 1  65 84              ADC   EXT_ARG0_LO
0001EBr 1  8D rr rr           STA   TURTLE_HEADING_LO
0001EEr 1  AD rr rr           LDA   TURTLE_HEADING_HI
0001F1r 1  65 83              ADC   EXT_ARG0_HI
0001F3r 1  8D rr rr           STA   TURTLE_HEADING_HI
0001F6r 1               
0001F6r 1                     ; Reduce mod 360
0001F6r 1  20 rr rr           JSR   heading_mod360
0001F9r 1               
0001F9r 1                     ; Redraw virtual sprite with the new heading
0001F9r 1  20 rr rr           JSR   draw_turtle_sprite
0001FCr 1  60                 RTS
0001FDr 1               
0001FDr 1               ; =====================================================================
0001FDr 1               ; ext_lt — turn left by degrees
0001FDr 1               ; =====================================================================
0001FDr 1               ext_lt:
0001FDr 1                     ; heading = (heading - degrees) mod 360
0001FDr 1                     ; If result negative, add 360
0001FDr 1  38                 SEC
0001FEr 1  AD rr rr           LDA   TURTLE_HEADING_LO
000201r 1  E5 84              SBC   EXT_ARG0_LO
000203r 1  8D rr rr           STA   TURTLE_HEADING_LO
000206r 1  AD rr rr           LDA   TURTLE_HEADING_HI
000209r 1  E5 83              SBC   EXT_ARG0_HI
00020Br 1  8D rr rr           STA   TURTLE_HEADING_HI
00020Er 1               
00020Er 1                     ; If negative (hi bit 7 set), add 360
00020Er 1  30 07              BMI   @add360
000210r 1                     ; Also do mod 360 in case it's >=360
000210r 1  20 rr rr           JSR   heading_mod360
000213r 1  20 rr rr           JSR   draw_turtle_sprite
000216r 1  60                 RTS
000217r 1               
000217r 1               @add360:
000217r 1  18                 CLC
000218r 1  AD rr rr           LDA   TURTLE_HEADING_LO
00021Br 1  69 68              ADC   #<360
00021Dr 1  8D rr rr           STA   TURTLE_HEADING_LO
000220r 1  AD rr rr           LDA   TURTLE_HEADING_HI
000223r 1  69 01              ADC   #>360
000225r 1  8D rr rr           STA   TURTLE_HEADING_HI
000228r 1                     ; Could still be negative if turned more than 360, recurse
000228r 1  30 ED              BMI   @add360
00022Ar 1  20 rr rr           JSR   heading_mod360
00022Dr 1  20 rr rr           JSR   draw_turtle_sprite
000230r 1  60                 RTS
000231r 1               
000231r 1               ; =====================================================================
000231r 1               ; ext_pu — pen up
000231r 1               ; =====================================================================
000231r 1               ext_pu:
000231r 1  A9 01              LDA   #$01
000233r 1  8D rr rr           STA   TURTLE_PEN
000236r 1  60                 RTS
000237r 1               
000237r 1               ; =====================================================================
000237r 1               ; ext_pd — pen down
000237r 1               ; =====================================================================
000237r 1               ext_pd:
000237r 1  9C rr rr           STZ   TURTLE_PEN
00023Ar 1  60                 RTS
00023Br 1               
00023Br 1               ; =====================================================================
00023Br 1               ; ext_st — show turtle sprite
00023Br 1               ; =====================================================================
00023Br 1               ext_st:
00023Br 1  A9 01              LDA   #$01
00023Dr 1  8D rr rr           STA   TURTLE_SHOWN
000240r 1  4C rr rr           JMP   draw_turtle_sprite
000243r 1               
000243r 1               ; =====================================================================
000243r 1               ; ext_ht — hide turtle sprite
000243r 1               ; =====================================================================
000243r 1               ext_ht:
000243r 1  20 rr rr           JSR   erase_turtle_sprite
000246r 1  9C rr rr           STZ   TURTLE_SHOWN
000249r 1  60                 RTS
00024Ar 1               
00024Ar 1               ; =====================================================================
00024Ar 1               ; ext_home — move to center, heading 0 (draw line if pen down)
00024Ar 1               ; =====================================================================
00024Ar 1               ext_home:
00024Ar 1                     ; Ensure initialized
00024Ar 1  AD rr rr           LDA   TURTLE_INITED
00024Dr 1  D0 07              BNE   @go
00024Fr 1  20 rr rr           JSR   turtle_init
000252r 1  20 rr rr           JSR   draw_turtle_sprite
000255r 1  60                 RTS
000256r 1               @go:
000256r 1                     ; Save old position
000256r 1  AD rr rr           LDA   TURTLE_X_LO
000259r 1  85 24              STA   old_x_lo
00025Br 1  AD rr rr           LDA   TURTLE_X_HI
00025Er 1  85 25              STA   old_x_hi
000260r 1  AD rr rr           LDA   TURTLE_Y_LO
000263r 1  85 26              STA   old_y_lo
000265r 1  AD rr rr           LDA   TURTLE_Y_HI
000268r 1  85 27              STA   old_y_hi
00026Ar 1  20 rr rr           JSR   erase_turtle_sprite
00026Dr 1               
00026Dr 1                     ; Move to center
00026Dr 1  A9 A0              LDA   #TURTLE_CENTER_X
00026Fr 1  8D rr rr           STA   TURTLE_X_LO
000272r 1  9C rr rr           STZ   TURTLE_X_HI
000275r 1  9C rr rr           STZ   TURTLE_X_FRAC
000278r 1  A9 50              LDA   #TURTLE_CENTER_Y
00027Ar 1  8D rr rr           STA   TURTLE_Y_LO
00027Dr 1  9C rr rr           STZ   TURTLE_Y_HI
000280r 1  9C rr rr           STZ   TURTLE_Y_FRAC
000283r 1               
000283r 1                     ; Heading = 0
000283r 1  9C rr rr           STZ   TURTLE_HEADING_LO
000286r 1  9C rr rr           STZ   TURTLE_HEADING_HI
000289r 1               
000289r 1                     ; Draw line if pen down
000289r 1  AD rr rr           LDA   TURTLE_PEN
00028Cr 1  D0 03              BNE   @no_draw
00028Er 1  20 rr rr           JSR   draw_line
000291r 1               @no_draw:
000291r 1  20 rr rr           JSR   draw_turtle_sprite
000294r 1  60                 RTS
000295r 1               
000295r 1               ; =====================================================================
000295r 1               ; turtle_init — initialize turtle state and sprite
000295r 1               ; =====================================================================
000295r 1               turtle_init:
000295r 1                     ; Position to center (160, 100) as 16.8
000295r 1  A9 A0              LDA   #TURTLE_CENTER_X
000297r 1  8D rr rr           STA   TURTLE_X_LO
00029Ar 1  9C rr rr           STZ   TURTLE_X_HI
00029Dr 1  9C rr rr           STZ   TURTLE_X_FRAC
0002A0r 1  A9 50              LDA   #TURTLE_CENTER_Y
0002A2r 1  8D rr rr           STA   TURTLE_Y_LO
0002A5r 1  9C rr rr           STZ   TURTLE_Y_HI
0002A8r 1  9C rr rr           STZ   TURTLE_Y_FRAC
0002ABr 1                     ; Heading 0 (north)
0002ABr 1  9C rr rr           STZ   TURTLE_HEADING_LO
0002AEr 1  9C rr rr           STZ   TURTLE_HEADING_HI
0002B1r 1                     ; Pen down, shown, white
0002B1r 1  9C rr rr           STZ   TURTLE_PEN
0002B4r 1  A9 01              LDA   #$01
0002B6r 1  8D rr rr           STA   TURTLE_SHOWN
0002B9r 1  A9 01              LDA   #1                  ; white in Nova palette
0002BBr 1  8D rr rr           STA   TURTLE_COLOR
0002BEr 1  9C rr rr           STZ   TURTLE_SPRITE
0002C1r 1  A9 01              LDA   #$01
0002C3r 1  8D rr rr           STA   TURTLE_INITED
0002C6r 1               
0002C6r 1  A2 00              LDX   #0
0002C8r 1               @copy_shape:
0002C8r 1  BD rr rr           LDA   turtle_shape_data,X
0002CBr 1  9D rr rr           STA   turtle_source_shape,X
0002CEr 1  E8                 INX
0002CFr 1  D0 F7              BNE   @copy_shape
0002D1r 1               
0002D1r 1  9C rr rr           STZ   turtle_bg_saved
0002D4r 1  60                 RTS
0002D5r 1               
0002D5r 1               ; =====================================================================
0002D5r 1               ; heading_mod360 — reduce TURTLE_HEADING to 0-359
0002D5r 1               ; =====================================================================
0002D5r 1               heading_mod360:
0002D5r 1               @loop:
0002D5r 1                     ; If heading >= 360, subtract 360
0002D5r 1  AD rr rr           LDA   TURTLE_HEADING_HI
0002D8r 1  D0 02              BNE   @check_hi
0002DAr 1  80 1E              BRA   @done               ; hi = 0 is always < 360
0002DCr 1               @check_hi:
0002DCr 1                     ; hi > 1 → definitely >= 360 (since 360 = $0168)
0002DCr 1  C9 01              CMP   #>360               ; >360 hi = $01
0002DEr 1  D0 07              BNE   @subtract           ; hi > 1
0002E0r 1                     ; hi = 1, compare lo
0002E0r 1  AD rr rr           LDA   TURTLE_HEADING_LO
0002E3r 1  C9 68              CMP   #<360
0002E5r 1  90 13              BCC   @done
0002E7r 1               @subtract:
0002E7r 1  38                 SEC
0002E8r 1  AD rr rr           LDA   TURTLE_HEADING_LO
0002EBr 1  E9 68              SBC   #<360
0002EDr 1  8D rr rr           STA   TURTLE_HEADING_LO
0002F0r 1  AD rr rr           LDA   TURTLE_HEADING_HI
0002F3r 1  E9 01              SBC   #>360
0002F5r 1  8D rr rr           STA   TURTLE_HEADING_HI
0002F8r 1  80 DB              BRA   @loop
0002FAr 1               @done:
0002FAr 1  60                 RTS
0002FBr 1               
0002FBr 1               ; =====================================================================
0002FBr 1               ; draw_line — VGC LINE from old position to current position
0002FBr 1               ; =====================================================================
0002FBr 1               draw_line:
0002FBr 1                     ; Set color
0002FBr 1  20 rr rr           JSR   vgc_wait_cmd
0002FEr 1  AD rr rr           LDA   TURTLE_COLOR
000301r 1  8D 11 A0           STA   VGC_P0
000304r 1  20 rr rr           JSR   vgc_gcolor
000307r 1               
000307r 1                     ; Draw line
000307r 1  20 rr rr           JSR   vgc_wait_cmd
00030Ar 1  A5 24              LDA   old_x_lo
00030Cr 1  8D 11 A0           STA   VGC_P0
00030Fr 1  A5 25              LDA   old_x_hi
000311r 1  8D 12 A0           STA   VGC_P1
000314r 1  A5 26              LDA   old_y_lo
000316r 1  8D 13 A0           STA   VGC_P2
000319r 1  A5 27              LDA   old_y_hi
00031Br 1  8D 14 A0           STA   VGC_P3
00031Er 1  AD rr rr           LDA   TURTLE_X_LO
000321r 1  8D 15 A0           STA   VGC_P4
000324r 1  AD rr rr           LDA   TURTLE_X_HI
000327r 1  8D 16 A0           STA   VGC_P5
00032Ar 1  AD rr rr           LDA   TURTLE_Y_LO
00032Dr 1  8D 17 A0           STA   VGC_P6
000330r 1  AD rr rr           LDA   TURTLE_Y_HI
000333r 1  8D 18 A0           STA   VGC_P7
000336r 1  20 rr rr           JSR   vgc_line
000339r 1  60                 RTS
00033Ar 1               
00033Ar 1               ; =====================================================================
00033Ar 1               ; clear_gfx_plane — clear full graphics plane through the NDK VGC helper
00033Ar 1               ; =====================================================================
00033Ar 1               clear_gfx_plane:
00033Ar 1  20 rr rr           JSR   vgc_wait_cmd
00033Dr 1  20 rr rr           JSR   vgc_gcls
000340r 1  4C rr rr           JMP   vgc_wait_cmd
000343r 1               
000343r 1               ; =====================================================================
000343r 1               ; configure_turtle_vsprite — configure NDK virtual-sprite state
000343r 1               ; =====================================================================
000343r 1               configure_turtle_vsprite:
000343r 1  A9 10              LDA   #TURTLE_SPR_SIZE
000345r 1  8D rr rr           STA   VSPRITE_WIDTHL
000348r 1  9C rr rr           STZ   VSPRITE_WIDTHH
00034Br 1  8D rr rr           STA   VSPRITE_HEIGHTL
00034Er 1  9C rr rr           STZ   VSPRITE_HEIGHTH
000351r 1  8D rr rr           STA   VSPRITE_ORIGSTRL
000354r 1  9C rr rr           STZ   VSPRITE_ORIGSTRH
000357r 1  8D rr rr           STA   VSPRITE_ROTSTRL
00035Ar 1  9C rr rr           STZ   VSPRITE_ROTSTRH
00035Dr 1  8D rr rr           STA   VSPRITE_BGSTRL
000360r 1  9C rr rr           STZ   VSPRITE_BGSTRH
000363r 1               
000363r 1  A9 00              LDA   #BLT_SPACE_CPU
000365r 1  8D rr rr           STA   VSPRITE_ORIGSPACE
000368r 1  8D rr rr           STA   VSPRITE_ROTSPACE
00036Br 1  8D rr rr           STA   VSPRITE_BGSPACE
00036Er 1               
00036Er 1  A9 rr              LDA   #<turtle_source_shape
000370r 1  8D rr rr           STA   VSPRITE_ORIGADDRL
000373r 1  A9 rr              LDA   #>turtle_source_shape
000375r 1  8D rr rr           STA   VSPRITE_ORIGADDRM
000378r 1  9C rr rr           STZ   VSPRITE_ORIGADDRH
00037Br 1               
00037Br 1  A9 rr              LDA   #<turtle_rotated_shape
00037Dr 1  8D rr rr           STA   VSPRITE_ROTADDRL
000380r 1  A9 rr              LDA   #>turtle_rotated_shape
000382r 1  8D rr rr           STA   VSPRITE_ROTADDRM
000385r 1  9C rr rr           STZ   VSPRITE_ROTADDRH
000388r 1               
000388r 1  A9 rr              LDA   #<turtle_saved_bg
00038Ar 1  8D rr rr           STA   VSPRITE_BGADDRL
00038Dr 1  A9 rr              LDA   #>turtle_saved_bg
00038Fr 1  8D rr rr           STA   VSPRITE_BGADDRM
000392r 1  9C rr rr           STZ   VSPRITE_BGADDRH
000395r 1               
000395r 1  9C rr rr           STZ   VSPRITE_COLORKEY
000398r 1  A9 01              LDA   #VSPRITE_FLAG_COLORKEY
00039Ar 1  8D rr rr           STA   VSPRITE_FLAGS
00039Dr 1  60                 RTS
00039Er 1               
00039Er 1               ; =====================================================================
00039Er 1               ; set_turtle_vsprite_pos — center the 16x16 sprite on the turtle position
00039Er 1               ; =====================================================================
00039Er 1               set_turtle_vsprite_pos:
00039Er 1  38                 SEC
00039Fr 1  AD rr rr           LDA   TURTLE_X_LO
0003A2r 1  E9 08              SBC   #TURTLE_SPR_HALF
0003A4r 1  85 20              STA   tmp0
0003A6r 1  AD rr rr           LDA   TURTLE_X_HI
0003A9r 1  E9 00              SBC   #0
0003ABr 1  85 21              STA   tmp1
0003ADr 1  30 1A              BMI   @x_zero
0003AFr 1  C9 01              CMP   #>TURTLE_MAX_X
0003B1r 1  90 1E              BCC   @x_ok
0003B3r 1  D0 08              BNE   @x_max
0003B5r 1  A5 20              LDA   tmp0
0003B7r 1  C9 30              CMP   #<TURTLE_MAX_X
0003B9r 1  90 16              BCC   @x_ok
0003BBr 1  F0 14              BEQ   @x_ok
0003BDr 1               @x_max:
0003BDr 1  A9 30              LDA   #<TURTLE_MAX_X
0003BFr 1  8D rr rr           STA   VSPRITE_XL
0003C2r 1  A9 01              LDA   #>TURTLE_MAX_X
0003C4r 1  8D rr rr           STA   VSPRITE_XH
0003C7r 1  80 12              BRA   @y
0003C9r 1               @x_zero:
0003C9r 1  9C rr rr           STZ   VSPRITE_XL
0003CCr 1  9C rr rr           STZ   VSPRITE_XH
0003CFr 1  80 0A              BRA   @y
0003D1r 1               @x_ok:
0003D1r 1  A5 20              LDA   tmp0
0003D3r 1  8D rr rr           STA   VSPRITE_XL
0003D6r 1  A5 21              LDA   tmp1
0003D8r 1  8D rr rr           STA   VSPRITE_XH
0003DBr 1               
0003DBr 1               @y:
0003DBr 1  38                 SEC
0003DCr 1  AD rr rr           LDA   TURTLE_Y_LO
0003DFr 1  E9 08              SBC   #TURTLE_SPR_HALF
0003E1r 1  85 20              STA   tmp0
0003E3r 1  AD rr rr           LDA   TURTLE_Y_HI
0003E6r 1  E9 00              SBC   #0
0003E8r 1  30 0E              BMI   @y_zero
0003EAr 1  D0 06              BNE   @y_max
0003ECr 1  A5 20              LDA   tmp0
0003EEr 1  C9 B9              CMP   #(TURTLE_MAX_Y + 1)
0003F0r 1  90 0A              BCC   @y_ok
0003F2r 1               @y_max:
0003F2r 1  A9 B8              LDA   #TURTLE_MAX_Y
0003F4r 1  8D rr rr           STA   VSPRITE_Y
0003F7r 1  60                 RTS
0003F8r 1               @y_zero:
0003F8r 1  9C rr rr           STZ   VSPRITE_Y
0003FBr 1  60                 RTS
0003FCr 1               @y_ok:
0003FCr 1  A5 20              LDA   tmp0
0003FEr 1  8D rr rr           STA   VSPRITE_Y
000401r 1  60                 RTS
000402r 1               
000402r 1               ; =====================================================================
000402r 1               ; turtle_heading_u8 — convert Logo degrees to the NDK/blitter angle byte.
000402r 1               ;   A = floor((heading * 256) / 360). Cardinal headings must land exactly:
000402r 1               ;   90 -> 64, 180 -> 128, 270 -> 192.
000402r 1               ; =====================================================================
000402r 1               turtle_heading_u8:
000402r 1  9C 28 BB           STZ   MATH_DIV_N_LO
000405r 1  AD rr rr           LDA   TURTLE_HEADING_LO
000408r 1  8D 29 BB           STA   MATH_DIV_N_1
00040Br 1  AD rr rr           LDA   TURTLE_HEADING_HI
00040Er 1  8D 2A BB           STA   MATH_DIV_N_2
000411r 1  9C 2B BB           STZ   MATH_DIV_N_HI
000414r 1  A9 68              LDA   #<360
000416r 1  8D 2C BB           STA   MATH_DIV_D_LO
000419r 1  A9 01              LDA   #>360
00041Br 1  8D 2D BB           STA   MATH_DIV_D_HI
00041Er 1  AD 38 BB           LDA   MATH_RES0
000421r 1  60                 RTS
000422r 1               
000422r 1               ; =====================================================================
000422r 1               ; erase_turtle_sprite — restore the background saved by the NDK vsprite path
000422r 1               ; =====================================================================
000422r 1               erase_turtle_sprite:
000422r 1  AD rr rr           LDA   turtle_bg_saved
000425r 1  F0 1B              BEQ   @done
000427r 1  20 rr rr           JSR   configure_turtle_vsprite
00042Ar 1  AD rr rr           LDA   turtle_bg_x_lo
00042Dr 1  8D rr rr           STA   VSPRITE_XL
000430r 1  AD rr rr           LDA   turtle_bg_x_hi
000433r 1  8D rr rr           STA   VSPRITE_XH
000436r 1  AD rr rr           LDA   turtle_bg_y
000439r 1  8D rr rr           STA   VSPRITE_Y
00043Cr 1  20 rr rr           JSR   vsprite_gfx_restore_bg
00043Fr 1  9C rr rr           STZ   turtle_bg_saved
000442r 1               @done:
000442r 1  60                 RTS
000443r 1               
000443r 1               ; =====================================================================
000443r 1               ; draw_turtle_sprite — draw rotated NDK virtual sprite
000443r 1               ; =====================================================================
000443r 1               draw_turtle_sprite:
000443r 1  AD rr rr           LDA   TURTLE_SHOWN
000446r 1  F0 30              BEQ   @done
000448r 1  20 rr rr           JSR   erase_turtle_sprite
00044Br 1  20 rr rr           JSR   configure_turtle_vsprite
00044Er 1  20 rr rr           JSR   set_turtle_vsprite_pos
000451r 1  AD rr rr           LDA   VSPRITE_XL
000454r 1  8D rr rr           STA   turtle_bg_x_lo
000457r 1  AD rr rr           LDA   VSPRITE_XH
00045Ar 1  8D rr rr           STA   turtle_bg_x_hi
00045Dr 1  AD rr rr           LDA   VSPRITE_Y
000460r 1  8D rr rr           STA   turtle_bg_y
000463r 1  20 rr rr           JSR   vsprite_gfx_save_bg
000466r 1  C9 00              CMP   #VSPRITE_RESULT_OK
000468r 1  D0 0E              BNE   @done
00046Ar 1  A9 01              LDA   #$01
00046Cr 1  8D rr rr           STA   turtle_bg_saved
00046Fr 1  20 rr rr           JSR   turtle_heading_u8
000472r 1  8D rr rr           STA   VSPRITE_ROTANGLE
000475r 1  20 rr rr           JSR   vsprite_gfx_rotate_blit_keyed
000478r 1               @done:
000478r 1  60                 RTS
000479r 1               
000479r 1               ; =====================================================================
000479r 1               ; setup_copper — copper split for gfx+sprites top, text bottom
000479r 1               ; =====================================================================
000479r 1               setup_copper:
000479r 1  9C 11 A0           STZ   VGC_P0
00047Cr 1  A9 A0              LDA   #SPLIT_Y
00047Er 1  8D 12 A0           STA   VGC_P1
000481r 1  A9 03              LDA   #MODE_GFX_SPRITES
000483r 1  8D 13 A0           STA   VGC_P2
000486r 1  A9 00              LDA   #MODE_TEXT_ONLY
000488r 1  8D 14 A0           STA   VGC_P3
00048Br 1  4C rr rr           JMP   copper_split_mode
00048Er 1               
00048Er 1               ; =====================================================================
00048Er 1               ; wait_vgc — wait until VGC is not busy
00048Er 1               ; =====================================================================
00048Er 1               wait_vgc:
00048Er 1  4C rr rr           JMP   vgc_wait_cmd
000491r 1               
000491r 1               ; =====================================================================
000491r 1               ; ext_ts — TEXTSCREEN: full text mode, disable copper, mode=0
000491r 1               ; =====================================================================
000491r 1               ext_ts:
000491r 1  20 rr rr           JSR   vgc_wait_cmd
000494r 1  20 rr rr           JSR   copper_off
000497r 1  9C 00 A0           STZ   VGC_MODE
00049Ar 1  60                 RTS
00049Br 1               
00049Br 1               ; =====================================================================
00049Br 1               ; ext_ss — SPLITSCREEN: copper split (gfx+sprites top, text bottom)
00049Br 1               ; =====================================================================
00049Br 1               ext_ss:
00049Br 1  20 rr rr           JSR   setup_copper
00049Er 1  20 rr rr           JSR   prepare_split_text
0004A1r 1  60                 RTS
0004A2r 1               
0004A2r 1               ; =====================================================================
0004A2r 1               ; ext_fs — FULLSCREEN: full graphics mode, no text area
0004A2r 1               ; =====================================================================
0004A2r 1               ext_fs:
0004A2r 1                     ; Disable copper first
0004A2r 1  20 rr rr           JSR   wait_vgc
0004A5r 1  A9 1E              LDA   #VCMD_COPPERDIS
0004A7r 1  8D 10 A0           STA   VGC_CMD
0004AAr 1                     ; Set mode to graphics + sprites
0004AAr 1  A9 03              LDA   #MODE_GFX_SPRITES
0004ACr 1  8D 00 A0           STA   VGC_MODE
0004AFr 1  60                 RTS
0004B0r 1               
0004B0r 1               ; =====================================================================
0004B0r 1               ; prepare_split_text — keep Logo's prompt in the visible split text area
0004B0r 1               ; =====================================================================
0004B0r 1               prepare_split_text:
0004B0r 1  A9 0C              LDA   #$0C
0004B2r 1  8D 0E A0           STA   VGC_CHAROUT
0004B5r 1  20 rr rr           JSR   wait_vgc
0004B8r 1  9C F2 B9           STZ   TEXTWIN_LEFT
0004BBr 1  A9 28              LDA   #SPLIT_TEXT_ROW
0004BDr 1  8D F3 B9           STA   TEXTWIN_TOP
0004C0r 1  A9 50              LDA   #80
0004C2r 1  8D F4 B9           STA   TEXTWIN_WIDTH
0004C5r 1  A9 0A              LDA   #SPLIT_TEXT_HEIGHT
0004C7r 1  8D F5 B9           STA   TEXTWIN_HEIGHT
0004CAr 1  9C 03 A0           STZ   VGC_CURSX
0004CDr 1  A9 28              LDA   #SPLIT_TEXT_ROW
0004CFr 1  8D 04 A0           STA   VGC_CURSY
0004D2r 1  9C 0A A0           STZ   VGC_CURSEN
0004D5r 1  60                 RTS
0004D6r 1               
0004D6r 1               ; =====================================================================
0004D6r 1               ; ext_setxy — move to (x, y). Draw line if pen down.
0004D6r 1               ;   ARG0 = x, ARG1 = y
0004D6r 1               ; =====================================================================
0004D6r 1               ext_setxy:
0004D6r 1                     ; Ensure turtle is initialized
0004D6r 1  AD rr rr           LDA   TURTLE_INITED
0004D9r 1  D0 03              BNE   @go
0004DBr 1  20 rr rr           JSR   turtle_init
0004DEr 1               @go:
0004DEr 1                     ; Save old position for line drawing
0004DEr 1  AD rr rr           LDA   TURTLE_X_LO
0004E1r 1  85 24              STA   old_x_lo
0004E3r 1  AD rr rr           LDA   TURTLE_X_HI
0004E6r 1  85 25              STA   old_x_hi
0004E8r 1  AD rr rr           LDA   TURTLE_Y_LO
0004EBr 1  85 26              STA   old_y_lo
0004EDr 1  AD rr rr           LDA   TURTLE_Y_HI
0004F0r 1  85 27              STA   old_y_hi
0004F2r 1  20 rr rr           JSR   erase_turtle_sprite
0004F5r 1               
0004F5r 1                     ; Set new position
0004F5r 1  A5 84              LDA   EXT_ARG0_LO
0004F7r 1  8D rr rr           STA   TURTLE_X_LO
0004FAr 1  A5 83              LDA   EXT_ARG0_HI
0004FCr 1  8D rr rr           STA   TURTLE_X_HI
0004FFr 1  9C rr rr           STZ   TURTLE_X_FRAC
000502r 1  A5 88              LDA   EXT_ARG1_LO
000504r 1  8D rr rr           STA   TURTLE_Y_LO
000507r 1  A5 87              LDA   EXT_ARG1_HI
000509r 1  8D rr rr           STA   TURTLE_Y_HI
00050Cr 1  9C rr rr           STZ   TURTLE_Y_FRAC
00050Fr 1               
00050Fr 1                     ; Draw line if pen down
00050Fr 1  AD rr rr           LDA   TURTLE_PEN
000512r 1  D0 03              BNE   @skip_draw
000514r 1  20 rr rr           JSR   draw_line
000517r 1               @skip_draw:
000517r 1  20 rr rr           JSR   draw_turtle_sprite
00051Ar 1  60                 RTS
00051Br 1               
00051Br 1               ; =====================================================================
00051Br 1               ; ext_setpos — move to position from a Logo list. Draw line if pen down.
00051Br 1               ;   ARG0 = [x y]
00051Br 1               ; =====================================================================
00051Br 1               ext_setpos:
00051Br 1  A5 82              LDA   EXT_ARG0_TYPE
00051Dr 1  C9 02              CMP   #VAL_LIST
00051Fr 1  D0 53              BNE   @done
000521r 1               
000521r 1  A5 84              LDA   EXT_ARG0_LO
000523r 1  85 20              STA   tmp0
000525r 1  A5 83              LDA   EXT_ARG0_HI
000527r 1  85 21              STA   tmp1
000529r 1  05 20              ORA   tmp0
00052Br 1  F0 47              BEQ   @done
00052Dr 1               
00052Dr 1                     ; First list element is X.
00052Dr 1  A0 01              LDY   #CONS_CAR_TYPE
00052Fr 1  B1 20              LDA   (tmp0),Y
000531r 1  C9 00              CMP   #VAL_NUMBER
000533r 1  D0 3F              BNE   @done
000535r 1  A0 03              LDY   #CONS_CAR_LO
000537r 1  B1 20              LDA   (tmp0),Y
000539r 1  85 84              STA   EXT_ARG0_LO
00053Br 1  A0 02              LDY   #CONS_CAR_HI
00053Dr 1  B1 20              LDA   (tmp0),Y
00053Fr 1  85 83              STA   EXT_ARG0_HI
000541r 1  64 85              STZ   EXT_ARG0_FRAC
000543r 1               
000543r 1                     ; Second list element is Y.
000543r 1  A0 05              LDY   #CONS_CDR_LO
000545r 1  B1 20              LDA   (tmp0),Y
000547r 1  85 22              STA   tmp2
000549r 1  A0 06              LDY   #CONS_CDR_HI
00054Br 1  B1 20              LDA   (tmp0),Y
00054Dr 1  85 23              STA   tmp3
00054Fr 1  05 22              ORA   tmp2
000551r 1  F0 21              BEQ   @done
000553r 1               
000553r 1  A5 22              LDA   tmp2
000555r 1  85 20              STA   tmp0
000557r 1  A5 23              LDA   tmp3
000559r 1  85 21              STA   tmp1
00055Br 1  A0 01              LDY   #CONS_CAR_TYPE
00055Dr 1  B1 20              LDA   (tmp0),Y
00055Fr 1  C9 00              CMP   #VAL_NUMBER
000561r 1  D0 11              BNE   @done
000563r 1  A0 03              LDY   #CONS_CAR_LO
000565r 1  B1 20              LDA   (tmp0),Y
000567r 1  85 88              STA   EXT_ARG1_LO
000569r 1  A0 02              LDY   #CONS_CAR_HI
00056Br 1  B1 20              LDA   (tmp0),Y
00056Dr 1  85 87              STA   EXT_ARG1_HI
00056Fr 1  64 89              STZ   EXT_ARG1_FRAC
000571r 1               
000571r 1  4C rr rr           JMP   ext_setxy
000574r 1               
000574r 1               @done:
000574r 1  60                 RTS
000575r 1               
000575r 1               ; =====================================================================
000575r 1               ; ext_setx — set X only. Draw line if pen down.
000575r 1               ;   ARG0 = x
000575r 1               ; =====================================================================
000575r 1               ext_setx:
000575r 1  AD rr rr           LDA   TURTLE_INITED
000578r 1  D0 03              BNE   @go
00057Ar 1  20 rr rr           JSR   turtle_init
00057Dr 1               @go:
00057Dr 1                     ; Save old position
00057Dr 1  AD rr rr           LDA   TURTLE_X_LO
000580r 1  85 24              STA   old_x_lo
000582r 1  AD rr rr           LDA   TURTLE_X_HI
000585r 1  85 25              STA   old_x_hi
000587r 1  AD rr rr           LDA   TURTLE_Y_LO
00058Ar 1  85 26              STA   old_y_lo
00058Cr 1  AD rr rr           LDA   TURTLE_Y_HI
00058Fr 1  85 27              STA   old_y_hi
000591r 1  20 rr rr           JSR   erase_turtle_sprite
000594r 1               
000594r 1                     ; Update X only
000594r 1  A5 84              LDA   EXT_ARG0_LO
000596r 1  8D rr rr           STA   TURTLE_X_LO
000599r 1  A5 83              LDA   EXT_ARG0_HI
00059Br 1  8D rr rr           STA   TURTLE_X_HI
00059Er 1  9C rr rr           STZ   TURTLE_X_FRAC
0005A1r 1               
0005A1r 1                     ; Draw line if pen down
0005A1r 1  AD rr rr           LDA   TURTLE_PEN
0005A4r 1  D0 03              BNE   @skip_draw
0005A6r 1  20 rr rr           JSR   draw_line
0005A9r 1               @skip_draw:
0005A9r 1  20 rr rr           JSR   draw_turtle_sprite
0005ACr 1  60                 RTS
0005ADr 1               
0005ADr 1               ; =====================================================================
0005ADr 1               ; ext_sety — set Y only. Draw line if pen down.
0005ADr 1               ;   ARG0 = y
0005ADr 1               ; =====================================================================
0005ADr 1               ext_sety:
0005ADr 1  AD rr rr           LDA   TURTLE_INITED
0005B0r 1  D0 03              BNE   @go
0005B2r 1  20 rr rr           JSR   turtle_init
0005B5r 1               @go:
0005B5r 1                     ; Save old position
0005B5r 1  AD rr rr           LDA   TURTLE_X_LO
0005B8r 1  85 24              STA   old_x_lo
0005BAr 1  AD rr rr           LDA   TURTLE_X_HI
0005BDr 1  85 25              STA   old_x_hi
0005BFr 1  AD rr rr           LDA   TURTLE_Y_LO
0005C2r 1  85 26              STA   old_y_lo
0005C4r 1  AD rr rr           LDA   TURTLE_Y_HI
0005C7r 1  85 27              STA   old_y_hi
0005C9r 1  20 rr rr           JSR   erase_turtle_sprite
0005CCr 1               
0005CCr 1                     ; Update Y only
0005CCr 1  A5 84              LDA   EXT_ARG0_LO
0005CEr 1  8D rr rr           STA   TURTLE_Y_LO
0005D1r 1  A5 83              LDA   EXT_ARG0_HI
0005D3r 1  8D rr rr           STA   TURTLE_Y_HI
0005D6r 1  9C rr rr           STZ   TURTLE_Y_FRAC
0005D9r 1               
0005D9r 1                     ; Draw line if pen down
0005D9r 1  AD rr rr           LDA   TURTLE_PEN
0005DCr 1  D0 03              BNE   @skip_draw
0005DEr 1  20 rr rr           JSR   draw_line
0005E1r 1               @skip_draw:
0005E1r 1  20 rr rr           JSR   draw_turtle_sprite
0005E4r 1  60                 RTS
0005E5r 1               
0005E5r 1               ; =====================================================================
0005E5r 1               ; ext_seth — set heading to degrees. Normalize mod 360.
0005E5r 1               ;   ARG0 = degrees
0005E5r 1               ; =====================================================================
0005E5r 1               ext_seth:
0005E5r 1  A5 84              LDA   EXT_ARG0_LO
0005E7r 1  8D rr rr           STA   TURTLE_HEADING_LO
0005EAr 1  A5 83              LDA   EXT_ARG0_HI
0005ECr 1  8D rr rr           STA   TURTLE_HEADING_HI
0005EFr 1               
0005EFr 1                     ; Handle negative heading by adding 360 until positive
0005EFr 1  AD rr rr           LDA   TURTLE_HEADING_HI
0005F2r 1  30 06              BMI   @add360
0005F4r 1  20 rr rr           JSR   heading_mod360
0005F7r 1  4C rr rr           JMP   @update
0005FAr 1               @add360:
0005FAr 1  18                 CLC
0005FBr 1  AD rr rr           LDA   TURTLE_HEADING_LO
0005FEr 1  69 68              ADC   #<360
000600r 1  8D rr rr           STA   TURTLE_HEADING_LO
000603r 1  AD rr rr           LDA   TURTLE_HEADING_HI
000606r 1  69 01              ADC   #>360
000608r 1  8D rr rr           STA   TURTLE_HEADING_HI
00060Br 1  30 ED              BMI   @add360
00060Dr 1  20 rr rr           JSR   heading_mod360
000610r 1               @update:
000610r 1  20 rr rr           JSR   draw_turtle_sprite
000613r 1  60                 RTS
000614r 1               
000614r 1               ; =====================================================================
000614r 1               ; ext_xcor — return turtle X position (integer part)
000614r 1               ; =====================================================================
000614r 1               ext_xcor:
000614r 1  AD rr rr           LDA   TURTLE_X_LO
000617r 1  85 90              STA   EXT_RESULT_LO
000619r 1  AD rr rr           LDA   TURTLE_X_HI
00061Cr 1  85 8F              STA   EXT_RESULT_HI
00061Er 1  64 91              STZ   EXT_RESULT_FRAC
000620r 1  64 8E              STZ   EXT_RESULT_TYPE      ; VAL_NUMBER
000622r 1  60                 RTS
000623r 1               
000623r 1               ; =====================================================================
000623r 1               ; ext_ycor — return turtle Y position (integer part)
000623r 1               ; =====================================================================
000623r 1               ext_ycor:
000623r 1  AD rr rr           LDA   TURTLE_Y_LO
000626r 1  85 90              STA   EXT_RESULT_LO
000628r 1  AD rr rr           LDA   TURTLE_Y_HI
00062Br 1  85 8F              STA   EXT_RESULT_HI
00062Dr 1  64 91              STZ   EXT_RESULT_FRAC
00062Fr 1  64 8E              STZ   EXT_RESULT_TYPE      ; VAL_NUMBER
000631r 1  60                 RTS
000632r 1               
000632r 1               ; =====================================================================
000632r 1               ; ext_heading — return current heading in degrees
000632r 1               ; =====================================================================
000632r 1               ext_heading:
000632r 1  AD rr rr           LDA   TURTLE_HEADING_LO
000635r 1  85 90              STA   EXT_RESULT_LO
000637r 1  AD rr rr           LDA   TURTLE_HEADING_HI
00063Ar 1  85 8F              STA   EXT_RESULT_HI
00063Cr 1  64 91              STZ   EXT_RESULT_FRAC
00063Er 1  64 8E              STZ   EXT_RESULT_TYPE      ; VAL_NUMBER
000640r 1  60                 RTS
000641r 1               
000641r 1               ; =====================================================================
000641r 1               ; ext_pendownp — return 1 if pen is down, 0 if up
000641r 1               ; =====================================================================
000641r 1               ext_pendownp:
000641r 1  AD rr rr           LDA   TURTLE_PEN
000644r 1  D0 06              BNE   @up
000646r 1                     ; Pen down ($00) → return 1
000646r 1  A9 01              LDA   #1
000648r 1  85 90              STA   EXT_RESULT_LO
00064Ar 1  80 02              BRA   @done
00064Cr 1               @up:
00064Cr 1                     ; Pen up ($01) → return 0
00064Cr 1  64 90              STZ   EXT_RESULT_LO
00064Er 1               @done:
00064Er 1  64 8F              STZ   EXT_RESULT_HI
000650r 1  64 91              STZ   EXT_RESULT_FRAC
000652r 1  64 8E              STZ   EXT_RESULT_TYPE
000654r 1  60                 RTS
000655r 1               
000655r 1               ; =====================================================================
000655r 1               ; ext_shownp — return 1 if turtle shown, 0 if hidden
000655r 1               ; =====================================================================
000655r 1               ext_shownp:
000655r 1  AD rr rr           LDA   TURTLE_SHOWN
000658r 1  85 90              STA   EXT_RESULT_LO
00065Ar 1  64 8F              STZ   EXT_RESULT_HI
00065Cr 1  64 91              STZ   EXT_RESULT_FRAC
00065Er 1  64 8E              STZ   EXT_RESULT_TYPE
000660r 1  60                 RTS
000661r 1               
000661r 1               ; =====================================================================
000661r 1               ; ext_setpc — set pen color (palette index)
000661r 1               ;   ARG0 = color
000661r 1               ; =====================================================================
000661r 1               ext_setpc:
000661r 1  A5 84              LDA   EXT_ARG0_LO
000663r 1  8D rr rr           STA   TURTLE_COLOR
000666r 1  60                 RTS
000667r 1               
000667r 1               ; =====================================================================
000667r 1               ; ext_setbg — set background color (VGC background)
000667r 1               ;   ARG0 = color
000667r 1               ; =====================================================================
000667r 1               ext_setbg:
000667r 1  20 rr rr           JSR   erase_turtle_sprite
00066Ar 1  A5 84              LDA   EXT_ARG0_LO
00066Cr 1  8D 01 A0           STA   VGC_BGCOL
00066Fr 1                     ; Also clear graphics plane to this color
00066Fr 1  20 rr rr           JSR   wait_vgc
000672r 1  A5 84              LDA   EXT_ARG0_LO
000674r 1  8D 11 A0           STA   VGC_P0
000677r 1  A9 07              LDA   #VCMD_GCLS
000679r 1  8D 10 A0           STA   VGC_CMD
00067Cr 1  20 rr rr           JSR   wait_vgc
00067Fr 1  9C rr rr           STZ   turtle_bg_saved
000682r 1  4C rr rr           JMP   draw_turtle_sprite
000685r 1               
000685r 1               ; =====================================================================
000685r 1               ; ext_towards — return heading angle towards point (x, y)
000685r 1               ;   ARG0 = target_x, ARG1 = target_y
000685r 1               ;   Uses ATAN2 coprocessor
000685r 1               ; =====================================================================
000685r 1               ext_towards:
000685r 1                     ; dx = target_x - turtle_x (signed 16-bit)
000685r 1  38                 SEC
000686r 1  A5 84              LDA   EXT_ARG0_LO
000688r 1  ED rr rr           SBC   TURTLE_X_LO
00068Br 1  8D 31 BB           STA   MATH_ATAN_DX_LO
00068Er 1  A5 83              LDA   EXT_ARG0_HI
000690r 1  ED rr rr           SBC   TURTLE_X_HI
000693r 1  8D 32 BB           STA   MATH_ATAN_DX_HI
000696r 1               
000696r 1                     ; dy = -(target_y - turtle_y) (negate because screen Y is inverted)
000696r 1  38                 SEC
000697r 1  AD rr rr           LDA   TURTLE_Y_LO
00069Ar 1  E5 88              SBC   EXT_ARG1_LO
00069Cr 1  8D 2F BB           STA   MATH_ATAN_DY_LO
00069Fr 1  AD rr rr           LDA   TURTLE_Y_HI
0006A2r 1  E5 87              SBC   EXT_ARG1_HI
0006A4r 1  8D 30 BB           STA   MATH_ATAN_DY_HI      ; writing DY_HI triggers ATAN2
0006A7r 1               
0006A7r 1                     ; Result in MATH_RES0 is a u8 angle (0-255)
0006A7r 1                     ; Convert to degrees: degrees = u8 * 360 / 256 ≈ u8 * 45 / 32
0006A7r 1                     ; Or more precisely: u8 * 360 / 256 = u8 * 1.40625
0006A7r 1                     ; Use MUL16: u8 * 360, then take hi byte of result (>>8)
0006A7r 1  AD 38 BB           LDA   MATH_RES0
0006AAr 1  8D 20 BB           STA   MATH_MUL16_A_LO
0006ADr 1  9C 21 BB           STZ   MATH_MUL16_A_HI
0006B0r 1  A9 68              LDA   #<360
0006B2r 1  8D 22 BB           STA   MATH_MUL16_B_LO
0006B5r 1  A9 01              LDA   #>360
0006B7r 1  8D 23 BB           STA   MATH_MUL16_B_HI      ; triggers multiply
0006BAr 1               
0006BAr 1                     ; Result is u8*360, which is 16-bit. >> 8 = MATH_RES1
0006BAr 1  AD 39 BB           LDA   MATH_RES1
0006BDr 1  85 90              STA   EXT_RESULT_LO
0006BFr 1  AD 3A BB           LDA   MATH_RES2
0006C2r 1  85 8F              STA   EXT_RESULT_HI
0006C4r 1  64 91              STZ   EXT_RESULT_FRAC
0006C6r 1  64 8E              STZ   EXT_RESULT_TYPE
0006C8r 1  60                 RTS
0006C9r 1               
0006C9r 1               ; =====================================================================
0006C9r 1               ; ext_setcolor — set VGC drawing color
0006C9r 1               ;   ARG0 = color (palette index 0-15)
0006C9r 1               ; =====================================================================
0006C9r 1               ext_setcolor:
0006C9r 1  20 rr rr           JSR   wait_vgc
0006CCr 1  A5 84              LDA   EXT_ARG0_LO
0006CEr 1  8D 11 A0           STA   VGC_P0
0006D1r 1  A9 08              LDA   #VCMD_GCOLOR
0006D3r 1  8D 10 A0           STA   VGC_CMD
0006D6r 1  60                 RTS
0006D7r 1               
0006D7r 1               ; =====================================================================
0006D7r 1               ; ext_plot — plot a pixel at (x, y) in current draw color
0006D7r 1               ;   ARG0 = x, ARG1 = y
0006D7r 1               ; =====================================================================
0006D7r 1               ext_plot:
0006D7r 1  20 rr rr           JSR   erase_turtle_sprite
0006DAr 1  20 rr rr           JSR   wait_vgc
0006DDr 1  A5 84              LDA   EXT_ARG0_LO
0006DFr 1  8D 11 A0           STA   VGC_P0
0006E2r 1  A5 83              LDA   EXT_ARG0_HI
0006E4r 1  8D 12 A0           STA   VGC_P1
0006E7r 1  A5 88              LDA   EXT_ARG1_LO
0006E9r 1  8D 13 A0           STA   VGC_P2
0006ECr 1  A5 87              LDA   EXT_ARG1_HI
0006EEr 1  8D 14 A0           STA   VGC_P3
0006F1r 1  A9 01              LDA   #VCMD_PLOT
0006F3r 1  8D 10 A0           STA   VGC_CMD
0006F6r 1  20 rr rr           JSR   wait_vgc
0006F9r 1  4C rr rr           JMP   draw_turtle_sprite
0006FCr 1               
0006FCr 1               ; =====================================================================
0006FCr 1               ; ext_unplot — clear a pixel at (x, y)
0006FCr 1               ;   ARG0 = x, ARG1 = y
0006FCr 1               ; =====================================================================
0006FCr 1               ext_unplot:
0006FCr 1  20 rr rr           JSR   erase_turtle_sprite
0006FFr 1  20 rr rr           JSR   wait_vgc
000702r 1  A5 84              LDA   EXT_ARG0_LO
000704r 1  8D 11 A0           STA   VGC_P0
000707r 1  A5 83              LDA   EXT_ARG0_HI
000709r 1  8D 12 A0           STA   VGC_P1
00070Cr 1  A5 88              LDA   EXT_ARG1_LO
00070Er 1  8D 13 A0           STA   VGC_P2
000711r 1  A5 87              LDA   EXT_ARG1_HI
000713r 1  8D 14 A0           STA   VGC_P3
000716r 1  A9 02              LDA   #VCMD_UNPLOT
000718r 1  8D 10 A0           STA   VGC_CMD
00071Br 1  20 rr rr           JSR   wait_vgc
00071Er 1  4C rr rr           JMP   draw_turtle_sprite
000721r 1               
000721r 1               ; =====================================================================
000721r 1               ; ext_line — draw line from (x1,y1) to (x2,y2)
000721r 1               ;   ARG0 = x1, ARG1 = y1, ARG2 = x2, ARG3 = y2
000721r 1               ; =====================================================================
000721r 1               ext_line:
000721r 1  20 rr rr           JSR   erase_turtle_sprite
000724r 1  20 rr rr           JSR   wait_vgc
000727r 1  A5 84              LDA   EXT_ARG0_LO
000729r 1  8D 11 A0           STA   VGC_P0
00072Cr 1  A5 83              LDA   EXT_ARG0_HI
00072Er 1  8D 12 A0           STA   VGC_P1
000731r 1  A5 88              LDA   EXT_ARG1_LO
000733r 1  8D 13 A0           STA   VGC_P2
000736r 1  A5 87              LDA   EXT_ARG1_HI
000738r 1  8D 14 A0           STA   VGC_P3
00073Br 1  A5 8C              LDA   EXT_ARG2_LO
00073Dr 1  8D 15 A0           STA   VGC_P4
000740r 1  A5 8B              LDA   EXT_ARG2_HI
000742r 1  8D 16 A0           STA   VGC_P5
000745r 1  A5 A1              LDA   EXT_ARG3_LO
000747r 1  8D 17 A0           STA   VGC_P6
00074Ar 1  A5 A0              LDA   EXT_ARG3_HI
00074Cr 1  8D 18 A0           STA   VGC_P7
00074Fr 1  A9 03              LDA   #VCMD_LINE
000751r 1  8D 10 A0           STA   VGC_CMD
000754r 1  20 rr rr           JSR   wait_vgc
000757r 1  4C rr rr           JMP   draw_turtle_sprite
00075Ar 1               
00075Ar 1               ; =====================================================================
00075Ar 1               ; ext_circle — draw circle at (x, y) with radius r
00075Ar 1               ;   ARG0 = x, ARG1 = y, ARG2 = r
00075Ar 1               ; =====================================================================
00075Ar 1               ext_circle:
00075Ar 1  20 rr rr           JSR   erase_turtle_sprite
00075Dr 1  20 rr rr           JSR   wait_vgc
000760r 1  A5 84              LDA   EXT_ARG0_LO
000762r 1  8D 11 A0           STA   VGC_P0
000765r 1  A5 83              LDA   EXT_ARG0_HI
000767r 1  8D 12 A0           STA   VGC_P1
00076Ar 1  A5 88              LDA   EXT_ARG1_LO
00076Cr 1  8D 13 A0           STA   VGC_P2
00076Fr 1  A5 87              LDA   EXT_ARG1_HI
000771r 1  8D 14 A0           STA   VGC_P3
000774r 1  A5 8C              LDA   EXT_ARG2_LO
000776r 1  8D 15 A0           STA   VGC_P4
000779r 1  A5 8B              LDA   EXT_ARG2_HI
00077Br 1  8D 16 A0           STA   VGC_P5
00077Er 1  9C 17 A0           STZ   VGC_P6              ; ry_lo = 0 → use rx as both radii
000781r 1  9C 18 A0           STZ   VGC_P7              ; ry_hi = 0
000784r 1  A9 04              LDA   #VCMD_CIRCLE
000786r 1  8D 10 A0           STA   VGC_CMD
000789r 1  20 rr rr           JSR   wait_vgc
00078Cr 1  4C rr rr           JMP   draw_turtle_sprite
00078Fr 1               
00078Fr 1               ; =====================================================================
00078Fr 1               ; ext_rect — draw rectangle outline from (x1,y1) to (x2,y2)
00078Fr 1               ;   ARG0 = x1, ARG1 = y1, ARG2 = x2, ARG3 = y2
00078Fr 1               ; =====================================================================
00078Fr 1               ext_rect:
00078Fr 1  20 rr rr           JSR   erase_turtle_sprite
000792r 1  20 rr rr           JSR   wait_vgc
000795r 1  A5 84              LDA   EXT_ARG0_LO
000797r 1  8D 11 A0           STA   VGC_P0
00079Ar 1  A5 83              LDA   EXT_ARG0_HI
00079Cr 1  8D 12 A0           STA   VGC_P1
00079Fr 1  A5 88              LDA   EXT_ARG1_LO
0007A1r 1  8D 13 A0           STA   VGC_P2
0007A4r 1  A5 87              LDA   EXT_ARG1_HI
0007A6r 1  8D 14 A0           STA   VGC_P3
0007A9r 1  A5 8C              LDA   EXT_ARG2_LO
0007ABr 1  8D 15 A0           STA   VGC_P4
0007AEr 1  A5 8B              LDA   EXT_ARG2_HI
0007B0r 1  8D 16 A0           STA   VGC_P5
0007B3r 1  A5 A1              LDA   EXT_ARG3_LO
0007B5r 1  8D 17 A0           STA   VGC_P6
0007B8r 1  A5 A0              LDA   EXT_ARG3_HI
0007BAr 1  8D 18 A0           STA   VGC_P7
0007BDr 1  A9 05              LDA   #VCMD_RECT
0007BFr 1  8D 10 A0           STA   VGC_CMD
0007C2r 1  20 rr rr           JSR   wait_vgc
0007C5r 1  4C rr rr           JMP   draw_turtle_sprite
0007C8r 1               
0007C8r 1               ; =====================================================================
0007C8r 1               ; ext_fillrect — draw filled rectangle from (x1,y1) to (x2,y2)
0007C8r 1               ;   ARG0 = x1, ARG1 = y1, ARG2 = x2, ARG3 = y2
0007C8r 1               ; =====================================================================
0007C8r 1               ext_fillrect:
0007C8r 1  20 rr rr           JSR   erase_turtle_sprite
0007CBr 1  20 rr rr           JSR   wait_vgc
0007CEr 1  A5 84              LDA   EXT_ARG0_LO
0007D0r 1  8D 11 A0           STA   VGC_P0
0007D3r 1  A5 83              LDA   EXT_ARG0_HI
0007D5r 1  8D 12 A0           STA   VGC_P1
0007D8r 1  A5 88              LDA   EXT_ARG1_LO
0007DAr 1  8D 13 A0           STA   VGC_P2
0007DDr 1  A5 87              LDA   EXT_ARG1_HI
0007DFr 1  8D 14 A0           STA   VGC_P3
0007E2r 1  A5 8C              LDA   EXT_ARG2_LO
0007E4r 1  8D 15 A0           STA   VGC_P4
0007E7r 1  A5 8B              LDA   EXT_ARG2_HI
0007E9r 1  8D 16 A0           STA   VGC_P5
0007ECr 1  A5 A1              LDA   EXT_ARG3_LO
0007EEr 1  8D 17 A0           STA   VGC_P6
0007F1r 1  A5 A0              LDA   EXT_ARG3_HI
0007F3r 1  8D 18 A0           STA   VGC_P7
0007F6r 1  A9 06              LDA   #VCMD_FILL
0007F8r 1  8D 10 A0           STA   VGC_CMD
0007FBr 1  20 rr rr           JSR   wait_vgc
0007FEr 1  4C rr rr           JMP   draw_turtle_sprite
000801r 1               
000801r 1               ; =====================================================================
000801r 1               ; ext_paint — flood fill at (x, y) with current draw color
000801r 1               ;   ARG0 = x, ARG1 = y
000801r 1               ; =====================================================================
000801r 1               ext_paint:
000801r 1  20 rr rr           JSR   erase_turtle_sprite
000804r 1  20 rr rr           JSR   wait_vgc
000807r 1  A5 84              LDA   EXT_ARG0_LO
000809r 1  8D 11 A0           STA   VGC_P0
00080Cr 1  A5 83              LDA   EXT_ARG0_HI
00080Er 1  8D 12 A0           STA   VGC_P1
000811r 1  A5 88              LDA   EXT_ARG1_LO
000813r 1  8D 13 A0           STA   VGC_P2
000816r 1  A5 87              LDA   EXT_ARG1_HI
000818r 1  8D 14 A0           STA   VGC_P3
00081Br 1  A9 09              LDA   #VCMD_PAINT
00081Dr 1  8D 10 A0           STA   VGC_CMD
000820r 1  20 rr rr           JSR   wait_vgc
000823r 1  4C rr rr           JMP   draw_turtle_sprite
000826r 1               
000826r 1               ; =====================================================================
000826r 1               ; ext_sprite — SPRITE n x y: position and enable sprite N
000826r 1               ;   ARG0 = slot, ARG1 = x (16-bit), ARG2 = y (16-bit)
000826r 1               ; =====================================================================
000826r 1               ext_sprite:
000826r 1                     ; SPRPOS: P0=slot, P1=x_lo, P2=x_hi, P3=y_lo, P4=y_hi
000826r 1  20 rr rr           JSR   wait_vgc
000829r 1  A5 84              LDA   EXT_ARG0_LO
00082Br 1  8D 11 A0           STA   VGC_P0
00082Er 1  A5 88              LDA   EXT_ARG1_LO
000830r 1  8D 12 A0           STA   VGC_P1
000833r 1  A5 87              LDA   EXT_ARG1_HI
000835r 1  8D 13 A0           STA   VGC_P2
000838r 1  A5 8C              LDA   EXT_ARG2_LO
00083Ar 1  8D 14 A0           STA   VGC_P3
00083Dr 1  A5 8B              LDA   EXT_ARG2_HI
00083Fr 1  8D 15 A0           STA   VGC_P4
000842r 1  A9 14              LDA   #VCMD_SPRPOS
000844r 1  8D 10 A0           STA   VGC_CMD
000847r 1                     ; SPRENA: P0=slot
000847r 1  20 rr rr           JSR   wait_vgc
00084Ar 1  A5 84              LDA   EXT_ARG0_LO
00084Cr 1  8D 11 A0           STA   VGC_P0
00084Fr 1  A9 15              LDA   #VCMD_SPRENA
000851r 1  8D 10 A0           STA   VGC_CMD
000854r 1  60                 RTS
000855r 1               
000855r 1               ; =====================================================================
000855r 1               ; ext_spritepos — SPRITEPOS n x y: reposition sprite N
000855r 1               ;   ARG0 = slot, ARG1 = x, ARG2 = y
000855r 1               ; =====================================================================
000855r 1               ext_spritepos:
000855r 1  20 rr rr           JSR   wait_vgc
000858r 1  A5 84              LDA   EXT_ARG0_LO
00085Ar 1  8D 11 A0           STA   VGC_P0
00085Dr 1  A5 88              LDA   EXT_ARG1_LO
00085Fr 1  8D 12 A0           STA   VGC_P1
000862r 1  A5 87              LDA   EXT_ARG1_HI
000864r 1  8D 13 A0           STA   VGC_P2
000867r 1  A5 8C              LDA   EXT_ARG2_LO
000869r 1  8D 14 A0           STA   VGC_P3
00086Cr 1  A5 8B              LDA   EXT_ARG2_HI
00086Er 1  8D 15 A0           STA   VGC_P4
000871r 1  A9 14              LDA   #VCMD_SPRPOS
000873r 1  8D 10 A0           STA   VGC_CMD
000876r 1  60                 RTS
000877r 1               
000877r 1               ; =====================================================================
000877r 1               ; ext_spriteon — SPRITEON n: enable sprite N
000877r 1               ;   ARG0 = slot
000877r 1               ; =====================================================================
000877r 1               ext_spriteon:
000877r 1  20 rr rr           JSR   wait_vgc
00087Ar 1  A5 84              LDA   EXT_ARG0_LO
00087Cr 1  8D 11 A0           STA   VGC_P0
00087Fr 1  A9 15              LDA   #VCMD_SPRENA
000881r 1  8D 10 A0           STA   VGC_CMD
000884r 1  60                 RTS
000885r 1               
000885r 1               ; =====================================================================
000885r 1               ; ext_spriteoff — SPRITEOFF n: disable sprite N
000885r 1               ;   ARG0 = slot
000885r 1               ; =====================================================================
000885r 1               ext_spriteoff:
000885r 1  20 rr rr           JSR   wait_vgc
000888r 1  A5 84              LDA   EXT_ARG0_LO
00088Ar 1  8D 11 A0           STA   VGC_P0
00088Dr 1  A9 16              LDA   #VCMD_SPRDIS
00088Fr 1  8D 10 A0           STA   VGC_CMD
000892r 1  60                 RTS
000893r 1               
000893r 1               ; =====================================================================
000893r 1               ; ext_sprcollp — SPRITECOLLISION? n: return 1 if sprite N collided
000893r 1               ;   ARG0 = slot (0-15)
000893r 1               ;   Reads VGC_COLLST (bits 0-7) / VGC_COLLST_HI (bits 8-15)
000893r 1               ; =====================================================================
000893r 1               ext_sprcollp:
000893r 1  A5 84              LDA   EXT_ARG0_LO
000895r 1  C9 08              CMP   #8
000897r 1  B0 06              BCS   @hi_byte
000899r 1                     ; Sprite 0-7: read low byte, test bit
000899r 1  AA                 TAX
00089Ar 1  AD 0B A0           LDA   VGC_COLLST
00089Dr 1  80 07              BRA   @test_bit
00089Fr 1               @hi_byte:
00089Fr 1                     ; Sprite 8-15: read high byte, adjust bit index
00089Fr 1  38                 SEC
0008A0r 1  E9 08              SBC   #8
0008A2r 1  AA                 TAX
0008A3r 1  AD EB A0           LDA   VGC_COLLST_HI
0008A6r 1               @test_bit:
0008A6r 1                     ; Shift right X times to get bit into carry
0008A6r 1  E0 00              CPX   #0
0008A8r 1  F0 04              BEQ   @check
0008AAr 1               @shift:
0008AAr 1  4A                 LSR
0008ABr 1  CA                 DEX
0008ACr 1  D0 FC              BNE   @shift
0008AEr 1               @check:
0008AEr 1  29 01              AND   #$01
0008B0r 1  85 90              STA   EXT_RESULT_LO
0008B2r 1  64 8F              STZ   EXT_RESULT_HI
0008B4r 1  64 91              STZ   EXT_RESULT_FRAC
0008B6r 1  64 8E              STZ   EXT_RESULT_TYPE
0008B8r 1  60                 RTS
0008B9r 1               
0008B9r 1               ; =====================================================================
0008B9r 1               ; ext_tone — TONE freq dur: play a tone on SID voice 0
0008B9r 1               ;   ARG0 = frequency (16-bit SID freq word), ARG1 = duration (frames)
0008B9r 1               ; =====================================================================
0008B9r 1               ext_tone:
0008B9r 1                     ; Set SID master volume to max
0008B9r 1  A9 0F              LDA   #$0F
0008BBr 1  8D 18 D4           STA   SID_BASE + $18         ; $D418 filter/volume, bits 0-3 = volume
0008BEr 1                     ; Set frequency
0008BEr 1  A5 84              LDA   EXT_ARG0_LO
0008C0r 1  8D 00 D4           STA   SID_BASE + $00         ; freq lo
0008C3r 1  A5 83              LDA   EXT_ARG0_HI
0008C5r 1  8D 01 D4           STA   SID_BASE + $01         ; freq hi
0008C8r 1                     ; Set ADSR: attack=0, decay=9, sustain=$A, release=0
0008C8r 1  A9 09              LDA   #$09
0008CAr 1  8D 05 D4           STA   SID_BASE + $05         ; attack/decay
0008CDr 1  A9 A0              LDA   #$A0
0008CFr 1  8D 06 D4           STA   SID_BASE + $06         ; sustain/release
0008D2r 1                     ; Gate on with sawtooth waveform
0008D2r 1  A9 21              LDA   #$21                   ; sawtooth ($20) + gate ($01)
0008D4r 1  8D 04 D4           STA   SID_BASE + $04         ; control register
0008D7r 1                     ; Wait duration frames
0008D7r 1  A5 88              LDA   EXT_ARG1_LO
0008D9r 1  20 rr rr           JSR   wait_frames
0008DCr 1                     ; Gate off
0008DCr 1  A9 20              LDA   #$20                   ; sawtooth, no gate
0008DEr 1  8D 04 D4           STA   SID_BASE + $04
0008E1r 1  60                 RTS
0008E2r 1               
0008E2r 1               ; =====================================================================
0008E2r 1               ; ext_noise — NOISE dur: noise burst on SID voice 0
0008E2r 1               ;   ARG0 = duration (frames)
0008E2r 1               ; =====================================================================
0008E2r 1               ext_noise:
0008E2r 1                     ; Set SID master volume to max
0008E2r 1  A9 0F              LDA   #$0F
0008E4r 1  8D 18 D4           STA   SID_BASE + $18
0008E7r 1                     ; Set a mid-range frequency for noise
0008E7r 1  A9 00              LDA   #$00
0008E9r 1  8D 00 D4           STA   SID_BASE + $00
0008ECr 1  A9 20              LDA   #$20
0008EEr 1  8D 01 D4           STA   SID_BASE + $01
0008F1r 1                     ; ADSR: fast attack, medium sustain
0008F1r 1  A9 09              LDA   #$09
0008F3r 1  8D 05 D4           STA   SID_BASE + $05
0008F6r 1  A9 A0              LDA   #$A0
0008F8r 1  8D 06 D4           STA   SID_BASE + $06
0008FBr 1                     ; Gate on with noise waveform
0008FBr 1  A9 81              LDA   #$81                   ; noise ($80) + gate ($01)
0008FDr 1  8D 04 D4           STA   SID_BASE + $04
000900r 1                     ; Wait duration frames
000900r 1  A5 84              LDA   EXT_ARG0_LO
000902r 1  20 rr rr           JSR   wait_frames
000905r 1                     ; Gate off
000905r 1  A9 80              LDA   #$80                   ; noise, no gate
000907r 1  8D 04 D4           STA   SID_BASE + $04
00090Ar 1  60                 RTS
00090Br 1               
00090Br 1               ; =====================================================================
00090Br 1               ; ext_volume — VOLUME vol: set SID master volume (0-15)
00090Br 1               ;   ARG0 = volume
00090Br 1               ; =====================================================================
00090Br 1               ext_volume:
00090Br 1  A5 84              LDA   EXT_ARG0_LO
00090Dr 1  29 0F              AND   #$0F                   ; clamp to 0-15
00090Fr 1  8D 18 D4           STA   SID_BASE + $18
000912r 1  60                 RTS
000913r 1               
000913r 1               ; =====================================================================
000913r 1               ; ext_wait — WAIT n: wait N video frames
000913r 1               ;   ARG0 = count
000913r 1               ; =====================================================================
000913r 1               ext_wait:
000913r 1  A5 84              LDA   EXT_ARG0_LO
000915r 1  20 rr rr           JSR   wait_frames
000918r 1  60                 RTS
000919r 1               
000919r 1               ; =====================================================================
000919r 1               ; ext_waitvbl — WAITVBL: wait for next vertical blank (1 frame)
000919r 1               ; =====================================================================
000919r 1               ext_waitvbl:
000919r 1  AD 08 A0           LDA   VGC_FRAME
00091Cr 1  CD 08 A0     @w:   CMP   VGC_FRAME
00091Fr 1  F0 FB              BEQ   @w
000921r 1  60                 RTS
000922r 1               
000922r 1               ; =====================================================================
000922r 1               ; ext_timer — TIMER: return current frame counter (8-bit)
000922r 1               ; =====================================================================
000922r 1               ext_timer:
000922r 1  AD 08 A0           LDA   VGC_FRAME
000925r 1  85 90              STA   EXT_RESULT_LO
000927r 1  64 8F              STZ   EXT_RESULT_HI
000929r 1  64 91              STZ   EXT_RESULT_FRAC
00092Br 1  64 8E              STZ   EXT_RESULT_TYPE
00092Dr 1  60                 RTS
00092Er 1               
00092Er 1               ; =====================================================================
00092Er 1               ; wait_frames — wait A video frames. Reused by TONE, NOISE, WAIT.
00092Er 1               ; =====================================================================
00092Er 1               wait_frames:
00092Er 1  AA                 TAX
00092Fr 1  F0 0E              BEQ   @done
000931r 1  AD 08 A0           LDA   VGC_FRAME
000934r 1               @wait:
000934r 1  CD 08 A0           CMP   VGC_FRAME
000937r 1  F0 FB              BEQ   @wait
000939r 1  AD 08 A0           LDA   VGC_FRAME
00093Cr 1  CA                 DEX
00093Dr 1  D0 F5              BNE   @wait
00093Fr 1               @done:
00093Fr 1  60                 RTS
000940r 1               
000940r 1               ; =====================================================================
000940r 1               ; RODATA segment — turtle sprite shape data
000940r 1               ; =====================================================================
000940r 1                     .segment "RODATA"
000000r 1               
000000r 1               ; 16x16 turtle arrow shape pointing UP (north), matching the NDK turtle demo.
000000r 1               turtle_shape_data:
000000r 1  00 00 00 00  .repeat 16, yy
000004r 1  00 00 00 00  
000008r 1  00 00 00 00  
000100r 1                 .repeat 16, xx
000100r 1                   .if yy < 1
000100r 1                     .byte 0
000100r 1                   .elseif yy > 14
000100r 1                     .byte 0
000100r 1                   .elseif yy = 14
000100r 1                     .if xx >= 1 && xx <= 5
000100r 1                       .byte COL_RED
000100r 1                     .elseif xx >= 10 && xx <= 14
000100r 1                       .byte COL_GREEN
000100r 1                     .elseif xx >= 1 && xx <= 14
000100r 1                       .byte COL_WHITE
000100r 1                     .else
000100r 1                       .byte 0
000100r 1                     .endif
000100r 1                   .elseif xx = (8 - ((((yy - 1) * 7) + 6) / 13))
000100r 1                     .if yy >= 9
000100r 1                       .byte COL_RED
000100r 1                     .else
000100r 1                       .byte COL_WHITE
000100r 1                     .endif
000100r 1                   .elseif xx = (8 + ((((yy - 1) * 6) + 6) / 13))
000100r 1                     .if yy >= 9
000100r 1                       .byte COL_GREEN
000100r 1                     .else
000100r 1                       .byte COL_WHITE
000100r 1                     .endif
000100r 1                   .else
000100r 1                     .byte 0
000100r 1                   .endif
000100r 1                 .endrepeat
000100r 1               .endrepeat
000100r 1               
000100r 1                     .include "vgc.s"
000100r 2               ; Shared Nova VGC helper routines.
000100r 2               ;
000100r 2               ; BASIC should parse language syntax and load VGC registers; assembly callers
000100r 2               ; can use the same routines directly after setting VGC_P* arguments.
000100r 2               
000100r 2               .include "vgc.inc"
000100r 3               ; Shared Nova VGC helper declarations.
000100r 3               ;
000100r 3               ; The command helpers use the VGC hardware parameter registers directly:
000100r 3               ; callers load VGC_P0..VGC_P14 as needed, then call a vgc_* routine.
000100r 3               ; Routines return through the hardware status model; command completion can be
000100r 3               ; checked with vgc_wait_cmd when the caller needs a synchronous operation.
000100r 3               
000100r 3               .ifndef VGC_INC_INCLUDED
000100r 3               VGC_INC_INCLUDED = 1
000100r 3               
000100r 3               .include "nova.inc"
000100r 3               
000100r 3               VGC_RESULT_OK    = $00
000100r 3               VGC_RESULT_ERROR = $01
000100r 3               
000100r 3               .endif
000100r 3               
000100r 2               
000100r 2               .ifndef VGC_IMPLEMENTATION_INCLUDED
000100r 2               VGC_IMPLEMENTATION_INCLUDED = 1
000100r 2               
000100r 2                     .segment "CODE"
000940r 2               
000940r 2                     .export vgc_cmd
000940r 2                     .export vgc_wait_cmd
000940r 2               .ifndef VGC_NO_EXEC
000940r 2                     .export vgc_exec
000940r 2               .endif
000940r 2                     .export vgc_vsync
000940r 2                     .export vgc_cls
000940r 2                     .export vgc_set_fg
000940r 2                     .export vgc_set_bg
000940r 2                     .export vgc_set_border
000940r 2                     .export vgc_display_on
000940r 2                     .export vgc_display_off
000940r 2                     .export vgc_irq_install
000940r 2                     .export vgc_irq_enable
000940r 2                     .export vgc_irq_disable
000940r 2                     .export vgc_irq_ack
000940r 2                     .export vgc_locate
000940r 2                     .export vgc_set_mode
000940r 2                     .export vgc_set_font
000940r 2                     .export vgc_mem_read
000940r 2                     .export vgc_mem_write
000940r 2                     .export vgc_reverse_default
000940r 2                     .export vgc_reverse_explicit
000940r 2                     .export vgc_reverse_off
000940r 2                     .export vgc_flash_on
000940r 2                     .export vgc_flash_off
000940r 2               .ifndef VGC_NO_PRIMITIVES
000940r 2                     .export vgc_gcls
000940r 2                     .export vgc_gcolor
000940r 2                     .export vgc_plot
000940r 2                     .export vgc_unplot
000940r 2                     .export vgc_line
000940r 2                     .export vgc_circle
000940r 2                     .export vgc_gtext
000940r 2                     .export vgc_rect
000940r 2                     .export vgc_fill
000940r 2                     .export vgc_paint
000940r 2               .endif
000940r 2               
000940r 2               ; Input: A = VGC command. Does not wait for completion.
000940r 2               ; @label VGC.COMMAND
000940r 2               ; @kind routine
000940r 2               ; @symbol vgc_cmd
000940r 2               ; @summary Issue a raw VGC command without waiting for completion.
000940r 2               ; @in A: VGC command byte.
000940r 2               vgc_cmd:
000940r 2  8D 10 A0           STA   VGC_CMD
000943r 2  60                 RTS
000944r 2               
000944r 2               ; Wait until the command busy bit clears.
000944r 2               ; @label VGC.WAIT_COMMAND
000944r 2               ; @kind routine
000944r 2               ; @symbol vgc_wait_cmd
000944r 2               ; @summary Wait for the active VGC command to complete.
000944r 2               vgc_wait_cmd:
000944r 2               @wait:
000944r 2  AD 10 A0           LDA   VGC_CMD
000947r 2  29 01              AND   #$01
000949r 2  D0 F9              BNE   @wait
00094Br 2  60                 RTS
00094Cr 2               
00094Cr 2               ; Input: A = VGC command. Issue and wait for completion.
00094Cr 2               .ifndef VGC_NO_EXEC
00094Cr 2               ; @label VGC.EXEC
00094Cr 2               ; @kind routine
00094Cr 2               ; @symbol vgc_exec
00094Cr 2               ; @summary Issue a raw VGC command and wait for completion.
00094Cr 2               ; @in A: VGC command byte.
00094Cr 2               vgc_exec:
00094Cr 2  20 rr rr           JSR   vgc_cmd
00094Fr 2  4C rr rr           JMP   vgc_wait_cmd
000952r 2               .endif
000952r 2               
000952r 2               ; Wait for the next frame counter tick.
000952r 2               ; @label VGC.VSYNC
000952r 2               ; @kind routine
000952r 2               ; @symbol vgc_vsync
000952r 2               ; @summary Wait until the VGC frame counter advances.
000952r 2               ; @out A: Last observed frame counter value.
000952r 2               vgc_vsync:
000952r 2  AD 08 A0           LDA   VGC_FRAME
000955r 2               @wait:
000955r 2  CD 08 A0           CMP   VGC_FRAME
000958r 2  F0 FB              BEQ   @wait
00095Ar 2  60                 RTS
00095Br 2               
00095Br 2               ; @label VGC.CLS
00095Br 2               ; @kind routine
00095Br 2               ; @symbol vgc_cls
00095Br 2               ; @summary Clear the text screen through the VGC character output register and wait for completion.
00095Br 2               vgc_cls:
00095Br 2               .ifdef VGC_CLS_EXT
00095Br 2                     LDA   #EXT_CMD_CLS
00095Br 2                     JMP   EXT_vec
00095Br 2               .else
00095Br 2  A9 0C              LDA   #$0C
00095Dr 2  8D 0E A0           STA   VGC_CHAROUT
000960r 2  4C rr rr           JMP   vgc_wait_cmd
000963r 2               .endif
000963r 2               
000963r 2               ; @label VGC.SET_FG
000963r 2               ; @kind routine
000963r 2               ; @symbol vgc_set_fg
000963r 2               ; @summary Set the current text foreground colour.
000963r 2               ; @in X: Foreground colour byte.
000963r 2               vgc_set_fg:
000963r 2  8E 02 A0           STX   VGC_FGCOL
000966r 2  60                 RTS
000967r 2               
000967r 2               ; @label VGC.SET_BG
000967r 2               ; @kind routine
000967r 2               ; @symbol vgc_set_bg
000967r 2               ; @summary Set the current text background colour.
000967r 2               ; @in X: Background colour byte.
000967r 2               vgc_set_bg:
000967r 2  8E 01 A0           STX   VGC_BGCOL
00096Ar 2  60                 RTS
00096Br 2               
00096Br 2               ; @label VGC.SET_BORDER
00096Br 2               ; @kind routine
00096Br 2               ; @symbol vgc_set_border
00096Br 2               ; @summary Set the VGC border colour.
00096Br 2               ; @in X: Border colour byte.
00096Br 2               vgc_set_border:
00096Br 2  8E 0D A0           STX   VGC_BORDER
00096Er 2  60                 RTS
00096Fr 2               
00096Fr 2               ; @label VGC.DISPLAY_ON
00096Fr 2               ; @kind routine
00096Fr 2               ; @symbol vgc_display_on
00096Fr 2               ; @summary Restore full VGC output brightness.
00096Fr 2               vgc_display_on:
00096Fr 2  A9 0F              LDA   #$0F
000971r 2  8D E5 A0           STA   VGC_DIMMER
000974r 2  60                 RTS
000975r 2               
000975r 2               ; @label VGC.DISPLAY_OFF
000975r 2               ; @kind routine
000975r 2               ; @symbol vgc_display_off
000975r 2               ; @summary Blank VGC output while keeping video timing active.
000975r 2               vgc_display_off:
000975r 2  A9 00              LDA   #$00
000977r 2  8D E5 A0           STA   VGC_DIMMER
00097Ar 2  60                 RTS
00097Br 2               
00097Br 2               ; @label VGC.IRQ_INSTALL
00097Br 2               ; @kind routine
00097Br 2               ; @symbol vgc_irq_install
00097Br 2               ; @summary Install the CPU IRQ vector used when enabled VGC IRQ sources fire.
00097Br 2               ; @in A: Handler address high byte.
00097Br 2               ; @in Y: Handler address low byte.
00097Br 2               vgc_irq_install:
00097Br 2  08                 PHP
00097Cr 2  78                 SEI
00097Dr 2  8C FE FF           STY   CPU_IRQ_VECTOR
000980r 2  8D FF FF           STA   CPU_IRQ_VECTOR+1
000983r 2  28                 PLP
000984r 2  60                 RTS
000985r 2               
000985r 2               ; @label VGC.IRQ_ENABLE
000985r 2               ; @kind routine
000985r 2               ; @symbol vgc_irq_enable
000985r 2               ; @summary Enable one or more VGC IRQ source bits and enable maskable CPU IRQs.
000985r 2               ; @in A: VGC IRQ source mask.
000985r 2               vgc_irq_enable:
000985r 2  0D F0 A0           ORA   VGC_IRQ_ENABLE
000988r 2  8D F0 A0           STA   VGC_IRQ_ENABLE
00098Br 2  58                 CLI
00098Cr 2  60                 RTS
00098Dr 2               
00098Dr 2               ; @label VGC.IRQ_DISABLE
00098Dr 2               ; @kind routine
00098Dr 2               ; @symbol vgc_irq_disable
00098Dr 2               ; @summary Disable one or more VGC IRQ source bits.
00098Dr 2               ; @in A: VGC IRQ source mask.
00098Dr 2               vgc_irq_disable:
00098Dr 2  49 FF              EOR   #$FF
00098Fr 2  2D F0 A0           AND   VGC_IRQ_ENABLE
000992r 2  8D F0 A0           STA   VGC_IRQ_ENABLE
000995r 2  60                 RTS
000996r 2               
000996r 2               ; @label VGC.IRQ_ACK
000996r 2               ; @kind routine
000996r 2               ; @symbol vgc_irq_ack
000996r 2               ; @summary Acknowledge pending VGC IRQ source bits.
000996r 2               ; @in A: VGC IRQ source mask.
000996r 2               vgc_irq_ack:
000996r 2  8D F1 A0           STA   VGC_IRQ_STATUS
000999r 2  60                 RTS
00099Ar 2               
00099Ar 2               ; @label VGC.LOCATE
00099Ar 2               ; @kind routine
00099Ar 2               ; @symbol vgc_locate
00099Ar 2               ; @summary Set the text cursor position from VGC.P0/VGC.P1.
00099Ar 2               ; @in VGC_P0: Cursor X column.
00099Ar 2               ; @in VGC_P1: Cursor Y row.
00099Ar 2               vgc_locate:
00099Ar 2  AD 11 A0           LDA   VGC_P0
00099Dr 2  8D 03 A0           STA   VGC_CURSX
0009A0r 2  AD 12 A0           LDA   VGC_P1
0009A3r 2  8D 04 A0           STA   VGC_CURSY
0009A6r 2  60                 RTS
0009A7r 2               
0009A7r 2               ; @label VGC.SET_MODE
0009A7r 2               ; @kind routine
0009A7r 2               ; @symbol vgc_set_mode
0009A7r 2               ; @summary Set the active VGC graphics/text mode.
0009A7r 2               ; @in X: Mode byte.
0009A7r 2               vgc_set_mode:
0009A7r 2  8E 00 A0           STX   VGC_MODE
0009AAr 2  60                 RTS
0009ABr 2               
0009ABr 2               ; @label VGC.SET_FONT
0009ABr 2               ; @kind routine
0009ABr 2               ; @symbol vgc_set_font
0009ABr 2               ; @summary Select the active text font slot.
0009ABr 2               ; @in X: Font slot, 0..7.
0009ABr 2               vgc_set_font:
0009ABr 2  8E 07 A0           STX   VGC_FONT
0009AEr 2  60                 RTS
0009AFr 2               
0009AFr 2               ; @label VGC.MEM_READ
0009AFr 2               ; @kind routine
0009AFr 2               ; @symbol vgc_mem_read
0009AFr 2               ; @summary Read one byte from VGC memory using VGC.P0..VGC.P4.
0009AFr 2               ; @requires VGC_P0 VGC_P1 VGC_P2 VGC_P4
0009AFr 2               ; @out VGC_P3: Read byte.
0009AFr 2               vgc_mem_read:
0009AFr 2  A9 19              LDA   #VCMD_MEMREAD
0009B1r 2  2C                 .byte $2C
0009B2r 2               
0009B2r 2               ; @label VGC.MEM_WRITE
0009B2r 2               ; @kind routine
0009B2r 2               ; @symbol vgc_mem_write
0009B2r 2               ; @summary Write one byte to VGC memory using VGC.P0..VGC.P4.
0009B2r 2               ; @requires VGC_P0 VGC_P1 VGC_P2 VGC_P3 VGC_P4
0009B2r 2               vgc_mem_write:
0009B2r 2  A9 1A              LDA   #VCMD_MEMWRITE
0009B4r 2  8D 10 A0           STA   VGC_CMD
0009B7r 2  4C rr rr           JMP   vgc_wait_cmd
0009BAr 2               
0009BAr 2               ; Enable reverse text by swapping the current foreground/background colours.
0009BAr 2               ; @label VGC.REVERSE
0009BAr 2               ; @kind routine
0009BAr 2               ; @symbol vgc_reverse_default
0009BAr 2               ; @summary Enable reverse text using the current foreground/background colours.
0009BAr 2               vgc_reverse_default:
0009BAr 2  AD E6 A0           LDA   VGC_TXTFLAGS
0009BDr 2  29 FC              AND   #$FC
0009BFr 2  09 01              ORA   #VTXT_REV
0009C1r 2  8D E6 A0           STA   VGC_TXTFLAGS
0009C4r 2  60                 RTS
0009C5r 2               
0009C5r 2               ; Input: A = packed reverse attribute, low nibble fg and high nibble bg.
0009C5r 2               ; @label VGC.REVERSE_EXPLICIT
0009C5r 2               ; @kind routine
0009C5r 2               ; @symbol vgc_reverse_explicit
0009C5r 2               ; @summary Enable reverse text with explicit packed foreground/background colours.
0009C5r 2               ; @in A: Packed reverse attribute, low nibble foreground and high nibble background.
0009C5r 2               vgc_reverse_explicit:
0009C5r 2  8D E7 A0           STA   VGC_TXTREVATTR
0009C8r 2  AD E6 A0           LDA   VGC_TXTFLAGS
0009CBr 2  29 FC              AND   #$FC
0009CDr 2  09 03              ORA   #(VTXT_REV | VTXT_REVEX)
0009CFr 2  8D E6 A0           STA   VGC_TXTFLAGS
0009D2r 2  60                 RTS
0009D3r 2               
0009D3r 2               ; @label VGC.REVERSE_OFF
0009D3r 2               ; @kind routine
0009D3r 2               ; @symbol vgc_reverse_off
0009D3r 2               ; @summary Disable reverse text.
0009D3r 2               vgc_reverse_off:
0009D3r 2  AD E6 A0           LDA   VGC_TXTFLAGS
0009D6r 2  29 FC              AND   #$FC
0009D8r 2  8D E6 A0           STA   VGC_TXTFLAGS
0009DBr 2  60                 RTS
0009DCr 2               
0009DCr 2               ; @label VGC.FLASH_ON
0009DCr 2               ; @kind routine
0009DCr 2               ; @symbol vgc_flash_on
0009DCr 2               ; @summary Enable flashing text.
0009DCr 2               vgc_flash_on:
0009DCr 2  AD E6 A0           LDA   VGC_TXTFLAGS
0009DFr 2  09 04              ORA   #VTXT_FLASH
0009E1r 2  8D E6 A0           STA   VGC_TXTFLAGS
0009E4r 2  60                 RTS
0009E5r 2               
0009E5r 2               ; @label VGC.FLASH_OFF
0009E5r 2               ; @kind routine
0009E5r 2               ; @symbol vgc_flash_off
0009E5r 2               ; @summary Disable flashing text.
0009E5r 2               vgc_flash_off:
0009E5r 2  AD E6 A0           LDA   VGC_TXTFLAGS
0009E8r 2  29 FB              AND   #$FB
0009EAr 2  8D E6 A0           STA   VGC_TXTFLAGS
0009EDr 2  60                 RTS
0009EEr 2               
0009EEr 2               .ifndef VGC_NO_PRIMITIVES
0009EEr 2               ; @label VGC.GCLS
0009EEr 2               ; @kind routine
0009EEr 2               ; @symbol vgc_gcls
0009EEr 2               ; @summary Issue the VGC graphics clear command.
0009EEr 2               vgc_gcls:
0009EEr 2  A9 07              LDA   #VCMD_GCLS
0009F0r 2  4C rr rr           JMP   vgc_cmd
0009F3r 2               
0009F3r 2               ; @label VGC.GCOLOR
0009F3r 2               ; @kind routine
0009F3r 2               ; @symbol vgc_gcolor
0009F3r 2               ; @summary Issue the VGC graphics colour command using VGC.P0.
0009F3r 2               ; @requires VGC_P0
0009F3r 2               vgc_gcolor:
0009F3r 2  A9 08              LDA   #VCMD_GCOLOR
0009F5r 2  4C rr rr           JMP   vgc_cmd
0009F8r 2               
0009F8r 2               ; @label VGC.PLOT
0009F8r 2               ; @kind routine
0009F8r 2               ; @symbol vgc_plot
0009F8r 2               ; @summary Issue the VGC plot command using VGC.P0..VGC.P3.
0009F8r 2               ; @requires VGC_P0 VGC_P1 VGC_P2 VGC_P3
0009F8r 2               vgc_plot:
0009F8r 2  A9 01              LDA   #VCMD_PLOT
0009FAr 2  4C rr rr           JMP   vgc_cmd
0009FDr 2               
0009FDr 2               ; @label VGC.UNPLOT
0009FDr 2               ; @kind routine
0009FDr 2               ; @symbol vgc_unplot
0009FDr 2               ; @summary Issue the VGC unplot command using VGC.P0..VGC.P3.
0009FDr 2               ; @requires VGC_P0 VGC_P1 VGC_P2 VGC_P3
0009FDr 2               vgc_unplot:
0009FDr 2  A9 02              LDA   #VCMD_UNPLOT
0009FFr 2  4C rr rr           JMP   vgc_cmd
000A02r 2               
000A02r 2               ; @label VGC.LINE
000A02r 2               ; @kind routine
000A02r 2               ; @symbol vgc_line
000A02r 2               ; @summary Issue the VGC line command using VGC.P0..VGC.P7.
000A02r 2               ; @requires VGC_P0 VGC_P1 VGC_P2 VGC_P3 VGC_P4 VGC_P5 VGC_P6 VGC_P7
000A02r 2               vgc_line:
000A02r 2  A9 03              LDA   #VCMD_LINE
000A04r 2  4C rr rr           JMP   vgc_cmd
000A07r 2               
000A07r 2               ; @label VGC.CIRCLE
000A07r 2               ; @kind routine
000A07r 2               ; @symbol vgc_circle
000A07r 2               ; @summary Issue the VGC circle/ellipse command using VGC.P0..VGC.P7.
000A07r 2               ; @requires VGC_P0 VGC_P1 VGC_P2 VGC_P3 VGC_P4 VGC_P5 VGC_P6 VGC_P7
000A07r 2               vgc_circle:
000A07r 2  A9 04              LDA   #VCMD_CIRCLE
000A09r 2  4C rr rr           JMP   vgc_cmd
000A0Cr 2               
000A0Cr 2               ; @label VGC.GTEXT
000A0Cr 2               ; @kind routine
000A0Cr 2               ; @symbol vgc_gtext
000A0Cr 2               ; @summary Issue the VGC graphics text command using VGC.P0..VGC.P5 and FIO.NAME.
000A0Cr 2               ; @requires VGC_P0 VGC_P1 VGC_P2 VGC_P3 VGC_P4 VGC_P5 FIO_NAME FIO_NAMELEN
000A0Cr 2               vgc_gtext:
000A0Cr 2  A9 0A              LDA   #VCMD_GTEXT
000A0Er 2  4C rr rr           JMP   vgc_cmd
000A11r 2               
000A11r 2               ; @label VGC.RECT
000A11r 2               ; @kind routine
000A11r 2               ; @symbol vgc_rect
000A11r 2               ; @summary Issue the VGC rectangle command using VGC.P0..VGC.P7.
000A11r 2               ; @requires VGC_P0 VGC_P1 VGC_P2 VGC_P3 VGC_P4 VGC_P5 VGC_P6 VGC_P7
000A11r 2               vgc_rect:
000A11r 2  A9 05              LDA   #VCMD_RECT
000A13r 2  4C rr rr           JMP   vgc_cmd
000A16r 2               
000A16r 2               ; @label VGC.FILL
000A16r 2               ; @kind routine
000A16r 2               ; @symbol vgc_fill
000A16r 2               ; @summary Issue the VGC filled rectangle command using VGC.P0..VGC.P7.
000A16r 2               ; @requires VGC_P0 VGC_P1 VGC_P2 VGC_P3 VGC_P4 VGC_P5 VGC_P6 VGC_P7
000A16r 2               vgc_fill:
000A16r 2  A9 06              LDA   #VCMD_FILL
000A18r 2  4C rr rr           JMP   vgc_cmd
000A1Br 2               
000A1Br 2               ; @label VGC.PAINT
000A1Br 2               ; @kind routine
000A1Br 2               ; @symbol vgc_paint
000A1Br 2               ; @summary Issue the VGC paint command using VGC.P0..VGC.P3.
000A1Br 2               ; @requires VGC_P0 VGC_P1 VGC_P2 VGC_P3
000A1Br 2               vgc_paint:
000A1Br 2  A9 09              LDA   #VCMD_PAINT
000A1Dr 2  4C rr rr           JMP   vgc_cmd
000A20r 2               .endif
000A20r 2               
000A20r 2               .endif
000A20r 2               
000A20r 1                     .include "copper.s"
000A20r 2               ; Shared Nova copper helper routines.
000A20r 2               ;
000A20r 2               ; Assembly ABI:
000A20r 2               ;   copper_add expects VGC_P0/P1=x, VGC_P2=y, VGC_P3/P4=register/index,
000A20r 2               ;   VGC_P5=value. COPPER_REG_* constants cover common VGC register indices.
000A20r 2               
000A20r 2               .include "copper.inc"
000A20r 3               ; Shared Nova copper helper declarations.
000A20r 3               
000A20r 3               .ifndef COPPER_INC_INCLUDED
000A20r 3               COPPER_INC_INCLUDED = 1
000A20r 3               
000A20r 3               .include "vgc.inc"
000A20r 3               
000A20r 3               COPPER_RESULT_OK    = $00
000A20r 3               COPPER_RESULT_ERROR = $01
000A20r 3               
000A20r 3               COPPER_REG_MODE     = $00
000A20r 3               COPPER_REG_BGCOL    = $01
000A20r 3               COPPER_REG_SCROLLX  = $05
000A20r 3               COPPER_REG_SCROLLY  = $06
000A20r 3               
000A20r 3               .endif
000A20r 3               
000A20r 2               
000A20r 2               .ifndef COPPER_IMPLEMENTATION_INCLUDED
000A20r 2               COPPER_IMPLEMENTATION_INCLUDED = 1
000A20r 2               
000A20r 2                     .segment "CODE"
000A20r 2               
000A20r 2                     .export copper_command
000A20r 2                     .export copper_clear
000A20r 2                     .export copper_on
000A20r 2                     .export copper_off
000A20r 2                     .export copper_list
000A20r 2                     .export copper_list_end
000A20r 2                     .export copper_use
000A20r 2                     .export copper_add
000A20r 2                     .export copper_set_reg_index
000A20r 2                     .export copper_set_sprite_reg
000A20r 2               
000A20r 2               ; Input: A = copper VGC command. Does not wait for completion.
000A20r 2               ; @label COPPER.COMMAND
000A20r 2               ; @kind routine
000A20r 2               ; @symbol copper_command
000A20r 2               ; @summary Issue a raw copper VGC command.
000A20r 2               ; @in A: Copper VGC command byte.
000A20r 2               copper_command:
000A20r 2  8D 10 A0           STA   VGC_CMD
000A23r 2  A9 00              LDA   #COPPER_RESULT_OK
000A25r 2  60                 RTS
000A26r 2               
000A26r 2               ; @label COPPER.CLEAR
000A26r 2               ; @kind routine
000A26r 2               ; @symbol copper_clear
000A26r 2               ; @summary Clear the active copper list.
000A26r 2               copper_clear:
000A26r 2  A9 1C              LDA   #VCMD_COPPERCLR
000A28r 2  4C rr rr           JMP   copper_command
000A2Br 2               
000A2Br 2               ; @label COPPER.ON
000A2Br 2               ; @kind routine
000A2Br 2               ; @symbol copper_on
000A2Br 2               ; @summary Enable copper execution.
000A2Br 2               copper_on:
000A2Br 2  A9 1D              LDA   #VCMD_COPPERENA
000A2Dr 2  4C rr rr           JMP   copper_command
000A30r 2               
000A30r 2               ; @label COPPER.OFF
000A30r 2               ; @kind routine
000A30r 2               ; @symbol copper_off
000A30r 2               ; @summary Disable copper execution.
000A30r 2               copper_off:
000A30r 2  A9 1E              LDA   #VCMD_COPPERDIS
000A32r 2  4C rr rr           JMP   copper_command
000A35r 2               
000A35r 2               ; @label COPPER.LIST
000A35r 2               ; @kind routine
000A35r 2               ; @symbol copper_list
000A35r 2               ; @summary Select a copper list using VGC.P0.
000A35r 2               ; @requires VGC_P0
000A35r 2               copper_list:
000A35r 2  A9 20              LDA   #VCMD_COPPERLIST
000A37r 2  4C rr rr           JMP   copper_command
000A3Ar 2               
000A3Ar 2               ; @label COPPER.LIST_END
000A3Ar 2               ; @kind routine
000A3Ar 2               ; @symbol copper_list_end
000A3Ar 2               ; @summary Finish the current copper list.
000A3Ar 2               copper_list_end:
000A3Ar 2  A9 22              LDA   #VCMD_COPPEREND
000A3Cr 2  4C rr rr           JMP   copper_command
000A3Fr 2               
000A3Fr 2               ; @label COPPER.USE
000A3Fr 2               ; @kind routine
000A3Fr 2               ; @symbol copper_use
000A3Fr 2               ; @summary Activate a copper list using VGC.P0.
000A3Fr 2               ; @requires VGC_P0
000A3Fr 2               copper_use:
000A3Fr 2  A9 21              LDA   #VCMD_COPPERUSE
000A41r 2  4C rr rr           JMP   copper_command
000A44r 2               
000A44r 2               ; @label COPPER.ADD
000A44r 2               ; @kind routine
000A44r 2               ; @symbol copper_add
000A44r 2               ; @summary Add a copper operation using VGC.P0..VGC.P5.
000A44r 2               ; @requires VGC_P0 VGC_P1 VGC_P2 VGC_P3 VGC_P4 VGC_P5
000A44r 2               copper_add:
000A44r 2  A9 1B              LDA   #VCMD_COPPERADD
000A46r 2  4C rr rr           JMP   copper_command
000A49r 2               
000A49r 2               ; Input: A = direct VGC register index. Output: VGC_P3/P4 updated.
000A49r 2               ; @label COPPER.SET_REG_INDEX
000A49r 2               ; @kind routine
000A49r 2               ; @symbol copper_set_reg_index
000A49r 2               ; @summary Set VGC.P3/P4 to a direct VGC register index.
000A49r 2               ; @in A: VGC register index.
000A49r 2               copper_set_reg_index:
000A49r 2  8D 14 A0           STA   VGC_P3
000A4Cr 2  9C 15 A0           STZ   VGC_P4
000A4Fr 2  60                 RTS
000A50r 2               
000A50r 2               ; Input: X = sprite index, A = VGC_SPR_*_OFF field.
000A50r 2               ; Output: VGC_P3/P4 = absolute sprite register address.
000A50r 2               ; Clobbers: A, NVR7L.
000A50r 2               ; @label COPPER.SET_SPRITE_REG
000A50r 2               ; @kind routine
000A50r 2               ; @symbol copper_set_sprite_reg
000A50r 2               ; @summary Set VGC.P3/P4 to a sprite attribute register address.
000A50r 2               ; @in X: Sprite index.
000A50r 2               ; @in A: Sprite field offset.
000A50r 2               copper_set_sprite_reg:
000A50r 2  85 2E              STA   NVR7L
000A52r 2  8A                 TXA
000A53r 2  0A                 ASL
000A54r 2  0A                 ASL
000A55r 2  0A                 ASL
000A56r 2  18                 CLC
000A57r 2  65 2E              ADC   NVR7L
000A59r 2  18                 CLC
000A5Ar 2  69 40              ADC   #<VGC_SPR_BASE
000A5Cr 2  8D 14 A0           STA   VGC_P3
000A5Fr 2  A9 A0              LDA   #>VGC_SPR_BASE
000A61r 2  69 00              ADC   #$00
000A63r 2  8D 15 A0           STA   VGC_P4
000A66r 2  60                 RTS
000A67r 2               
000A67r 2               .endif
000A67r 2               
000A67r 1                     .include "copper_split.s"
000A67r 2               ; Shared Nova copper split helper routines.
000A67r 2               
000A67r 2               .include "copper_split.inc"
000A67r 3               ; Shared Nova copper split helper declarations.
000A67r 3               
000A67r 3               .ifndef COPPER_SPLIT_INC_INCLUDED
000A67r 3               COPPER_SPLIT_INC_INCLUDED = 1
000A67r 3               
000A67r 3               .include "copper.inc"
000A67r 3               .include "vgc.inc"
000A67r 3               
000A67r 3               COPPER_SPLIT_RESULT_OK    = COPPER_RESULT_OK
000A67r 3               COPPER_SPLIT_RESULT_ERROR = COPPER_RESULT_ERROR
000A67r 3               
000A67r 3               ; @label COPPER.SPLIT_MODE
000A67r 3               ; @kind routine
000A67r 3               ; @symbol copper_split_mode
000A67r 3               ; @summary Configure one copper list to switch VGC mode at a scanline.
000A67r 3               ; @requires VGC_P0 VGC_P1 VGC_P2 VGC_P3
000A67r 3               ; @in VGC_P0: Copper list index.
000A67r 3               ; @in VGC_P1: Split scanline Y.
000A67r 3               ; @in VGC_P2: Mode from scanline 0 up to split Y-1.
000A67r 3               ; @in VGC_P3: Mode from split Y onward.
000A67r 3               .global copper_split_mode
000A67r 3               
000A67r 3               .endif
000A67r 3               
000A67r 2               .include "vgc.s"
000A67r 3               ; Shared Nova VGC helper routines.
000A67r 3               ;
000A67r 3               ; BASIC should parse language syntax and load VGC registers; assembly callers
000A67r 3               ; can use the same routines directly after setting VGC_P* arguments.
000A67r 3               
000A67r 3               .include "vgc.inc"
000A67r 4               ; Shared Nova VGC helper declarations.
000A67r 4               ;
000A67r 4               ; The command helpers use the VGC hardware parameter registers directly:
000A67r 4               ; callers load VGC_P0..VGC_P14 as needed, then call a vgc_* routine.
000A67r 4               ; Routines return through the hardware status model; command completion can be
000A67r 4               ; checked with vgc_wait_cmd when the caller needs a synchronous operation.
000A67r 4               
000A67r 4               .ifndef VGC_INC_INCLUDED
000A67r 4               VGC_INC_INCLUDED = 1
000A67r 4               
000A67r 4               .include "nova.inc"
000A67r 4               
000A67r 4               VGC_RESULT_OK    = $00
000A67r 4               VGC_RESULT_ERROR = $01
000A67r 4               
000A67r 4               .endif
000A67r 4               
000A67r 3               
000A67r 3               .ifndef VGC_IMPLEMENTATION_INCLUDED
000A67r 3               VGC_IMPLEMENTATION_INCLUDED = 1
000A67r 3               
000A67r 3                     .segment "CODE"
000A67r 3               
000A67r 3                     .export vgc_cmd
000A67r 3                     .export vgc_wait_cmd
000A67r 3               .ifndef VGC_NO_EXEC
000A67r 3                     .export vgc_exec
000A67r 3               .endif
000A67r 3                     .export vgc_vsync
000A67r 3                     .export vgc_cls
000A67r 3                     .export vgc_set_fg
000A67r 3                     .export vgc_set_bg
000A67r 3                     .export vgc_set_border
000A67r 3                     .export vgc_display_on
000A67r 3                     .export vgc_display_off
000A67r 3                     .export vgc_irq_install
000A67r 3                     .export vgc_irq_enable
000A67r 3                     .export vgc_irq_disable
000A67r 3                     .export vgc_irq_ack
000A67r 3                     .export vgc_locate
000A67r 3                     .export vgc_set_mode
000A67r 3                     .export vgc_set_font
000A67r 3                     .export vgc_mem_read
000A67r 3                     .export vgc_mem_write
000A67r 3                     .export vgc_reverse_default
000A67r 3                     .export vgc_reverse_explicit
000A67r 3                     .export vgc_reverse_off
000A67r 3                     .export vgc_flash_on
000A67r 3                     .export vgc_flash_off
000A67r 3               .ifndef VGC_NO_PRIMITIVES
000A67r 3                     .export vgc_gcls
000A67r 3                     .export vgc_gcolor
000A67r 3                     .export vgc_plot
000A67r 3                     .export vgc_unplot
000A67r 3                     .export vgc_line
000A67r 3                     .export vgc_circle
000A67r 3                     .export vgc_gtext
000A67r 3                     .export vgc_rect
000A67r 3                     .export vgc_fill
000A67r 3                     .export vgc_paint
000A67r 3               .endif
000A67r 3               
000A67r 3               ; Input: A = VGC command. Does not wait for completion.
000A67r 3               ; @label VGC.COMMAND
000A67r 3               ; @kind routine
000A67r 3               ; @symbol vgc_cmd
000A67r 3               ; @summary Issue a raw VGC command without waiting for completion.
000A67r 3               ; @in A: VGC command byte.
000A67r 3               vgc_cmd:
000A67r 3                     STA   VGC_CMD
000A67r 3                     RTS
000A67r 3               
000A67r 3               ; Wait until the command busy bit clears.
000A67r 3               ; @label VGC.WAIT_COMMAND
000A67r 3               ; @kind routine
000A67r 3               ; @symbol vgc_wait_cmd
000A67r 3               ; @summary Wait for the active VGC command to complete.
000A67r 3               vgc_wait_cmd:
000A67r 3               @wait:
000A67r 3                     LDA   VGC_CMD
000A67r 3                     AND   #$01
000A67r 3                     BNE   @wait
000A67r 3                     RTS
000A67r 3               
000A67r 3               ; Input: A = VGC command. Issue and wait for completion.
000A67r 3               .ifndef VGC_NO_EXEC
000A67r 3               ; @label VGC.EXEC
000A67r 3               ; @kind routine
000A67r 3               ; @symbol vgc_exec
000A67r 3               ; @summary Issue a raw VGC command and wait for completion.
000A67r 3               ; @in A: VGC command byte.
000A67r 3               vgc_exec:
000A67r 3                     JSR   vgc_cmd
000A67r 3                     JMP   vgc_wait_cmd
000A67r 3               .endif
000A67r 3               
000A67r 3               ; Wait for the next frame counter tick.
000A67r 3               ; @label VGC.VSYNC
000A67r 3               ; @kind routine
000A67r 3               ; @symbol vgc_vsync
000A67r 3               ; @summary Wait until the VGC frame counter advances.
000A67r 3               ; @out A: Last observed frame counter value.
000A67r 3               vgc_vsync:
000A67r 3                     LDA   VGC_FRAME
000A67r 3               @wait:
000A67r 3                     CMP   VGC_FRAME
000A67r 3                     BEQ   @wait
000A67r 3                     RTS
000A67r 3               
000A67r 3               ; @label VGC.CLS
000A67r 3               ; @kind routine
000A67r 3               ; @symbol vgc_cls
000A67r 3               ; @summary Clear the text screen through the VGC character output register and wait for completion.
000A67r 3               vgc_cls:
000A67r 3               .ifdef VGC_CLS_EXT
000A67r 3                     LDA   #EXT_CMD_CLS
000A67r 3                     JMP   EXT_vec
000A67r 3               .else
000A67r 3                     LDA   #$0C
000A67r 3                     STA   VGC_CHAROUT
000A67r 3                     JMP   vgc_wait_cmd
000A67r 3               .endif
000A67r 3               
000A67r 3               ; @label VGC.SET_FG
000A67r 3               ; @kind routine
000A67r 3               ; @symbol vgc_set_fg
000A67r 3               ; @summary Set the current text foreground colour.
000A67r 3               ; @in X: Foreground colour byte.
000A67r 3               vgc_set_fg:
000A67r 3                     STX   VGC_FGCOL
000A67r 3                     RTS
000A67r 3               
000A67r 3               ; @label VGC.SET_BG
000A67r 3               ; @kind routine
000A67r 3               ; @symbol vgc_set_bg
000A67r 3               ; @summary Set the current text background colour.
000A67r 3               ; @in X: Background colour byte.
000A67r 3               vgc_set_bg:
000A67r 3                     STX   VGC_BGCOL
000A67r 3                     RTS
000A67r 3               
000A67r 3               ; @label VGC.SET_BORDER
000A67r 3               ; @kind routine
000A67r 3               ; @symbol vgc_set_border
000A67r 3               ; @summary Set the VGC border colour.
000A67r 3               ; @in X: Border colour byte.
000A67r 3               vgc_set_border:
000A67r 3                     STX   VGC_BORDER
000A67r 3                     RTS
000A67r 3               
000A67r 3               ; @label VGC.DISPLAY_ON
000A67r 3               ; @kind routine
000A67r 3               ; @symbol vgc_display_on
000A67r 3               ; @summary Restore full VGC output brightness.
000A67r 3               vgc_display_on:
000A67r 3                     LDA   #$0F
000A67r 3                     STA   VGC_DIMMER
000A67r 3                     RTS
000A67r 3               
000A67r 3               ; @label VGC.DISPLAY_OFF
000A67r 3               ; @kind routine
000A67r 3               ; @symbol vgc_display_off
000A67r 3               ; @summary Blank VGC output while keeping video timing active.
000A67r 3               vgc_display_off:
000A67r 3                     LDA   #$00
000A67r 3                     STA   VGC_DIMMER
000A67r 3                     RTS
000A67r 3               
000A67r 3               ; @label VGC.IRQ_INSTALL
000A67r 3               ; @kind routine
000A67r 3               ; @symbol vgc_irq_install
000A67r 3               ; @summary Install the CPU IRQ vector used when enabled VGC IRQ sources fire.
000A67r 3               ; @in A: Handler address high byte.
000A67r 3               ; @in Y: Handler address low byte.
000A67r 3               vgc_irq_install:
000A67r 3                     PHP
000A67r 3                     SEI
000A67r 3                     STY   CPU_IRQ_VECTOR
000A67r 3                     STA   CPU_IRQ_VECTOR+1
000A67r 3                     PLP
000A67r 3                     RTS
000A67r 3               
000A67r 3               ; @label VGC.IRQ_ENABLE
000A67r 3               ; @kind routine
000A67r 3               ; @symbol vgc_irq_enable
000A67r 3               ; @summary Enable one or more VGC IRQ source bits and enable maskable CPU IRQs.
000A67r 3               ; @in A: VGC IRQ source mask.
000A67r 3               vgc_irq_enable:
000A67r 3                     ORA   VGC_IRQ_ENABLE
000A67r 3                     STA   VGC_IRQ_ENABLE
000A67r 3                     CLI
000A67r 3                     RTS
000A67r 3               
000A67r 3               ; @label VGC.IRQ_DISABLE
000A67r 3               ; @kind routine
000A67r 3               ; @symbol vgc_irq_disable
000A67r 3               ; @summary Disable one or more VGC IRQ source bits.
000A67r 3               ; @in A: VGC IRQ source mask.
000A67r 3               vgc_irq_disable:
000A67r 3                     EOR   #$FF
000A67r 3                     AND   VGC_IRQ_ENABLE
000A67r 3                     STA   VGC_IRQ_ENABLE
000A67r 3                     RTS
000A67r 3               
000A67r 3               ; @label VGC.IRQ_ACK
000A67r 3               ; @kind routine
000A67r 3               ; @symbol vgc_irq_ack
000A67r 3               ; @summary Acknowledge pending VGC IRQ source bits.
000A67r 3               ; @in A: VGC IRQ source mask.
000A67r 3               vgc_irq_ack:
000A67r 3                     STA   VGC_IRQ_STATUS
000A67r 3                     RTS
000A67r 3               
000A67r 3               ; @label VGC.LOCATE
000A67r 3               ; @kind routine
000A67r 3               ; @symbol vgc_locate
000A67r 3               ; @summary Set the text cursor position from VGC.P0/VGC.P1.
000A67r 3               ; @in VGC_P0: Cursor X column.
000A67r 3               ; @in VGC_P1: Cursor Y row.
000A67r 3               vgc_locate:
000A67r 3                     LDA   VGC_P0
000A67r 3                     STA   VGC_CURSX
000A67r 3                     LDA   VGC_P1
000A67r 3                     STA   VGC_CURSY
000A67r 3                     RTS
000A67r 3               
000A67r 3               ; @label VGC.SET_MODE
000A67r 3               ; @kind routine
000A67r 3               ; @symbol vgc_set_mode
000A67r 3               ; @summary Set the active VGC graphics/text mode.
000A67r 3               ; @in X: Mode byte.
000A67r 3               vgc_set_mode:
000A67r 3                     STX   VGC_MODE
000A67r 3                     RTS
000A67r 3               
000A67r 3               ; @label VGC.SET_FONT
000A67r 3               ; @kind routine
000A67r 3               ; @symbol vgc_set_font
000A67r 3               ; @summary Select the active text font slot.
000A67r 3               ; @in X: Font slot, 0..7.
000A67r 3               vgc_set_font:
000A67r 3                     STX   VGC_FONT
000A67r 3                     RTS
000A67r 3               
000A67r 3               ; @label VGC.MEM_READ
000A67r 3               ; @kind routine
000A67r 3               ; @symbol vgc_mem_read
000A67r 3               ; @summary Read one byte from VGC memory using VGC.P0..VGC.P4.
000A67r 3               ; @requires VGC_P0 VGC_P1 VGC_P2 VGC_P4
000A67r 3               ; @out VGC_P3: Read byte.
000A67r 3               vgc_mem_read:
000A67r 3                     LDA   #VCMD_MEMREAD
000A67r 3                     .byte $2C
000A67r 3               
000A67r 3               ; @label VGC.MEM_WRITE
000A67r 3               ; @kind routine
000A67r 3               ; @symbol vgc_mem_write
000A67r 3               ; @summary Write one byte to VGC memory using VGC.P0..VGC.P4.
000A67r 3               ; @requires VGC_P0 VGC_P1 VGC_P2 VGC_P3 VGC_P4
000A67r 3               vgc_mem_write:
000A67r 3                     LDA   #VCMD_MEMWRITE
000A67r 3                     STA   VGC_CMD
000A67r 3                     JMP   vgc_wait_cmd
000A67r 3               
000A67r 3               ; Enable reverse text by swapping the current foreground/background colours.
000A67r 3               ; @label VGC.REVERSE
000A67r 3               ; @kind routine
000A67r 3               ; @symbol vgc_reverse_default
000A67r 3               ; @summary Enable reverse text using the current foreground/background colours.
000A67r 3               vgc_reverse_default:
000A67r 3                     LDA   VGC_TXTFLAGS
000A67r 3                     AND   #$FC
000A67r 3                     ORA   #VTXT_REV
000A67r 3                     STA   VGC_TXTFLAGS
000A67r 3                     RTS
000A67r 3               
000A67r 3               ; Input: A = packed reverse attribute, low nibble fg and high nibble bg.
000A67r 3               ; @label VGC.REVERSE_EXPLICIT
000A67r 3               ; @kind routine
000A67r 3               ; @symbol vgc_reverse_explicit
000A67r 3               ; @summary Enable reverse text with explicit packed foreground/background colours.
000A67r 3               ; @in A: Packed reverse attribute, low nibble foreground and high nibble background.
000A67r 3               vgc_reverse_explicit:
000A67r 3                     STA   VGC_TXTREVATTR
000A67r 3                     LDA   VGC_TXTFLAGS
000A67r 3                     AND   #$FC
000A67r 3                     ORA   #(VTXT_REV | VTXT_REVEX)
000A67r 3                     STA   VGC_TXTFLAGS
000A67r 3                     RTS
000A67r 3               
000A67r 3               ; @label VGC.REVERSE_OFF
000A67r 3               ; @kind routine
000A67r 3               ; @symbol vgc_reverse_off
000A67r 3               ; @summary Disable reverse text.
000A67r 3               vgc_reverse_off:
000A67r 3                     LDA   VGC_TXTFLAGS
000A67r 3                     AND   #$FC
000A67r 3                     STA   VGC_TXTFLAGS
000A67r 3                     RTS
000A67r 3               
000A67r 3               ; @label VGC.FLASH_ON
000A67r 3               ; @kind routine
000A67r 3               ; @symbol vgc_flash_on
000A67r 3               ; @summary Enable flashing text.
000A67r 3               vgc_flash_on:
000A67r 3                     LDA   VGC_TXTFLAGS
000A67r 3                     ORA   #VTXT_FLASH
000A67r 3                     STA   VGC_TXTFLAGS
000A67r 3                     RTS
000A67r 3               
000A67r 3               ; @label VGC.FLASH_OFF
000A67r 3               ; @kind routine
000A67r 3               ; @symbol vgc_flash_off
000A67r 3               ; @summary Disable flashing text.
000A67r 3               vgc_flash_off:
000A67r 3                     LDA   VGC_TXTFLAGS
000A67r 3                     AND   #$FB
000A67r 3                     STA   VGC_TXTFLAGS
000A67r 3                     RTS
000A67r 3               
000A67r 3               .ifndef VGC_NO_PRIMITIVES
000A67r 3               ; @label VGC.GCLS
000A67r 3               ; @kind routine
000A67r 3               ; @symbol vgc_gcls
000A67r 3               ; @summary Issue the VGC graphics clear command.
000A67r 3               vgc_gcls:
000A67r 3                     LDA   #VCMD_GCLS
000A67r 3                     JMP   vgc_cmd
000A67r 3               
000A67r 3               ; @label VGC.GCOLOR
000A67r 3               ; @kind routine
000A67r 3               ; @symbol vgc_gcolor
000A67r 3               ; @summary Issue the VGC graphics colour command using VGC.P0.
000A67r 3               ; @requires VGC_P0
000A67r 3               vgc_gcolor:
000A67r 3                     LDA   #VCMD_GCOLOR
000A67r 3                     JMP   vgc_cmd
000A67r 3               
000A67r 3               ; @label VGC.PLOT
000A67r 3               ; @kind routine
000A67r 3               ; @symbol vgc_plot
000A67r 3               ; @summary Issue the VGC plot command using VGC.P0..VGC.P3.
000A67r 3               ; @requires VGC_P0 VGC_P1 VGC_P2 VGC_P3
000A67r 3               vgc_plot:
000A67r 3                     LDA   #VCMD_PLOT
000A67r 3                     JMP   vgc_cmd
000A67r 3               
000A67r 3               ; @label VGC.UNPLOT
000A67r 3               ; @kind routine
000A67r 3               ; @symbol vgc_unplot
000A67r 3               ; @summary Issue the VGC unplot command using VGC.P0..VGC.P3.
000A67r 3               ; @requires VGC_P0 VGC_P1 VGC_P2 VGC_P3
000A67r 3               vgc_unplot:
000A67r 3                     LDA   #VCMD_UNPLOT
000A67r 3                     JMP   vgc_cmd
000A67r 3               
000A67r 3               ; @label VGC.LINE
000A67r 3               ; @kind routine
000A67r 3               ; @symbol vgc_line
000A67r 3               ; @summary Issue the VGC line command using VGC.P0..VGC.P7.
000A67r 3               ; @requires VGC_P0 VGC_P1 VGC_P2 VGC_P3 VGC_P4 VGC_P5 VGC_P6 VGC_P7
000A67r 3               vgc_line:
000A67r 3                     LDA   #VCMD_LINE
000A67r 3                     JMP   vgc_cmd
000A67r 3               
000A67r 3               ; @label VGC.CIRCLE
000A67r 3               ; @kind routine
000A67r 3               ; @symbol vgc_circle
000A67r 3               ; @summary Issue the VGC circle/ellipse command using VGC.P0..VGC.P7.
000A67r 3               ; @requires VGC_P0 VGC_P1 VGC_P2 VGC_P3 VGC_P4 VGC_P5 VGC_P6 VGC_P7
000A67r 3               vgc_circle:
000A67r 3                     LDA   #VCMD_CIRCLE
000A67r 3                     JMP   vgc_cmd
000A67r 3               
000A67r 3               ; @label VGC.GTEXT
000A67r 3               ; @kind routine
000A67r 3               ; @symbol vgc_gtext
000A67r 3               ; @summary Issue the VGC graphics text command using VGC.P0..VGC.P5 and FIO.NAME.
000A67r 3               ; @requires VGC_P0 VGC_P1 VGC_P2 VGC_P3 VGC_P4 VGC_P5 FIO_NAME FIO_NAMELEN
000A67r 3               vgc_gtext:
000A67r 3                     LDA   #VCMD_GTEXT
000A67r 3                     JMP   vgc_cmd
000A67r 3               
000A67r 3               ; @label VGC.RECT
000A67r 3               ; @kind routine
000A67r 3               ; @symbol vgc_rect
000A67r 3               ; @summary Issue the VGC rectangle command using VGC.P0..VGC.P7.
000A67r 3               ; @requires VGC_P0 VGC_P1 VGC_P2 VGC_P3 VGC_P4 VGC_P5 VGC_P6 VGC_P7
000A67r 3               vgc_rect:
000A67r 3                     LDA   #VCMD_RECT
000A67r 3                     JMP   vgc_cmd
000A67r 3               
000A67r 3               ; @label VGC.FILL
000A67r 3               ; @kind routine
000A67r 3               ; @symbol vgc_fill
000A67r 3               ; @summary Issue the VGC filled rectangle command using VGC.P0..VGC.P7.
000A67r 3               ; @requires VGC_P0 VGC_P1 VGC_P2 VGC_P3 VGC_P4 VGC_P5 VGC_P6 VGC_P7
000A67r 3               vgc_fill:
000A67r 3                     LDA   #VCMD_FILL
000A67r 3                     JMP   vgc_cmd
000A67r 3               
000A67r 3               ; @label VGC.PAINT
000A67r 3               ; @kind routine
000A67r 3               ; @symbol vgc_paint
000A67r 3               ; @summary Issue the VGC paint command using VGC.P0..VGC.P3.
000A67r 3               ; @requires VGC_P0 VGC_P1 VGC_P2 VGC_P3
000A67r 3               vgc_paint:
000A67r 3                     LDA   #VCMD_PAINT
000A67r 3                     JMP   vgc_cmd
000A67r 3               .endif
000A67r 3               
000A67r 3               .endif
000A67r 3               
000A67r 2               .include "copper.s"
000A67r 3               ; Shared Nova copper helper routines.
000A67r 3               ;
000A67r 3               ; Assembly ABI:
000A67r 3               ;   copper_add expects VGC_P0/P1=x, VGC_P2=y, VGC_P3/P4=register/index,
000A67r 3               ;   VGC_P5=value. COPPER_REG_* constants cover common VGC register indices.
000A67r 3               
000A67r 3               .include "copper.inc"
000A67r 4               ; Shared Nova copper helper declarations.
000A67r 4               
000A67r 4               .ifndef COPPER_INC_INCLUDED
000A67r 4               COPPER_INC_INCLUDED = 1
000A67r 4               
000A67r 4               .include "vgc.inc"
000A67r 4               
000A67r 4               COPPER_RESULT_OK    = $00
000A67r 4               COPPER_RESULT_ERROR = $01
000A67r 4               
000A67r 4               COPPER_REG_MODE     = $00
000A67r 4               COPPER_REG_BGCOL    = $01
000A67r 4               COPPER_REG_SCROLLX  = $05
000A67r 4               COPPER_REG_SCROLLY  = $06
000A67r 4               
000A67r 4               .endif
000A67r 4               
000A67r 3               
000A67r 3               .ifndef COPPER_IMPLEMENTATION_INCLUDED
000A67r 3               COPPER_IMPLEMENTATION_INCLUDED = 1
000A67r 3               
000A67r 3                     .segment "CODE"
000A67r 3               
000A67r 3                     .export copper_command
000A67r 3                     .export copper_clear
000A67r 3                     .export copper_on
000A67r 3                     .export copper_off
000A67r 3                     .export copper_list
000A67r 3                     .export copper_list_end
000A67r 3                     .export copper_use
000A67r 3                     .export copper_add
000A67r 3                     .export copper_set_reg_index
000A67r 3                     .export copper_set_sprite_reg
000A67r 3               
000A67r 3               ; Input: A = copper VGC command. Does not wait for completion.
000A67r 3               ; @label COPPER.COMMAND
000A67r 3               ; @kind routine
000A67r 3               ; @symbol copper_command
000A67r 3               ; @summary Issue a raw copper VGC command.
000A67r 3               ; @in A: Copper VGC command byte.
000A67r 3               copper_command:
000A67r 3                     STA   VGC_CMD
000A67r 3                     LDA   #COPPER_RESULT_OK
000A67r 3                     RTS
000A67r 3               
000A67r 3               ; @label COPPER.CLEAR
000A67r 3               ; @kind routine
000A67r 3               ; @symbol copper_clear
000A67r 3               ; @summary Clear the active copper list.
000A67r 3               copper_clear:
000A67r 3                     LDA   #VCMD_COPPERCLR
000A67r 3                     JMP   copper_command
000A67r 3               
000A67r 3               ; @label COPPER.ON
000A67r 3               ; @kind routine
000A67r 3               ; @symbol copper_on
000A67r 3               ; @summary Enable copper execution.
000A67r 3               copper_on:
000A67r 3                     LDA   #VCMD_COPPERENA
000A67r 3                     JMP   copper_command
000A67r 3               
000A67r 3               ; @label COPPER.OFF
000A67r 3               ; @kind routine
000A67r 3               ; @symbol copper_off
000A67r 3               ; @summary Disable copper execution.
000A67r 3               copper_off:
000A67r 3                     LDA   #VCMD_COPPERDIS
000A67r 3                     JMP   copper_command
000A67r 3               
000A67r 3               ; @label COPPER.LIST
000A67r 3               ; @kind routine
000A67r 3               ; @symbol copper_list
000A67r 3               ; @summary Select a copper list using VGC.P0.
000A67r 3               ; @requires VGC_P0
000A67r 3               copper_list:
000A67r 3                     LDA   #VCMD_COPPERLIST
000A67r 3                     JMP   copper_command
000A67r 3               
000A67r 3               ; @label COPPER.LIST_END
000A67r 3               ; @kind routine
000A67r 3               ; @symbol copper_list_end
000A67r 3               ; @summary Finish the current copper list.
000A67r 3               copper_list_end:
000A67r 3                     LDA   #VCMD_COPPEREND
000A67r 3                     JMP   copper_command
000A67r 3               
000A67r 3               ; @label COPPER.USE
000A67r 3               ; @kind routine
000A67r 3               ; @symbol copper_use
000A67r 3               ; @summary Activate a copper list using VGC.P0.
000A67r 3               ; @requires VGC_P0
000A67r 3               copper_use:
000A67r 3                     LDA   #VCMD_COPPERUSE
000A67r 3                     JMP   copper_command
000A67r 3               
000A67r 3               ; @label COPPER.ADD
000A67r 3               ; @kind routine
000A67r 3               ; @symbol copper_add
000A67r 3               ; @summary Add a copper operation using VGC.P0..VGC.P5.
000A67r 3               ; @requires VGC_P0 VGC_P1 VGC_P2 VGC_P3 VGC_P4 VGC_P5
000A67r 3               copper_add:
000A67r 3                     LDA   #VCMD_COPPERADD
000A67r 3                     JMP   copper_command
000A67r 3               
000A67r 3               ; Input: A = direct VGC register index. Output: VGC_P3/P4 updated.
000A67r 3               ; @label COPPER.SET_REG_INDEX
000A67r 3               ; @kind routine
000A67r 3               ; @symbol copper_set_reg_index
000A67r 3               ; @summary Set VGC.P3/P4 to a direct VGC register index.
000A67r 3               ; @in A: VGC register index.
000A67r 3               copper_set_reg_index:
000A67r 3                     STA   VGC_P3
000A67r 3                     STZ   VGC_P4
000A67r 3                     RTS
000A67r 3               
000A67r 3               ; Input: X = sprite index, A = VGC_SPR_*_OFF field.
000A67r 3               ; Output: VGC_P3/P4 = absolute sprite register address.
000A67r 3               ; Clobbers: A, NVR7L.
000A67r 3               ; @label COPPER.SET_SPRITE_REG
000A67r 3               ; @kind routine
000A67r 3               ; @symbol copper_set_sprite_reg
000A67r 3               ; @summary Set VGC.P3/P4 to a sprite attribute register address.
000A67r 3               ; @in X: Sprite index.
000A67r 3               ; @in A: Sprite field offset.
000A67r 3               copper_set_sprite_reg:
000A67r 3                     STA   NVR7L
000A67r 3                     TXA
000A67r 3                     ASL
000A67r 3                     ASL
000A67r 3                     ASL
000A67r 3                     CLC
000A67r 3                     ADC   NVR7L
000A67r 3                     CLC
000A67r 3                     ADC   #<VGC_SPR_BASE
000A67r 3                     STA   VGC_P3
000A67r 3                     LDA   #>VGC_SPR_BASE
000A67r 3                     ADC   #$00
000A67r 3                     STA   VGC_P4
000A67r 3                     RTS
000A67r 3               
000A67r 3               .endif
000A67r 3               
000A67r 2               
000A67r 2               .ifndef COPPER_SPLIT_IMPLEMENTATION_INCLUDED
000A67r 2               COPPER_SPLIT_IMPLEMENTATION_INCLUDED = 1
000A67r 2               
000A67r 2                     .segment "CODE"
000A67r 2               
000A67r 2                     .export copper_split_mode
000A67r 2               
000A67r 2               ; Configure one copper list with two VGC_MODE rules:
000A67r 2               ;   line 0       -> VGC_P2 mode
000A67r 2               ;   VGC_P1 line -> VGC_P3 mode
000A67r 2               ; Clobbers A and NVR4L..NVR5H.
000A67r 2               copper_split_mode:
000A67r 2  AD 11 A0           LDA   VGC_P0
000A6Ar 2  85 28              STA   NVR4L
000A6Cr 2  AD 12 A0           LDA   VGC_P1
000A6Fr 2  85 29              STA   NVR4H
000A71r 2  AD 13 A0           LDA   VGC_P2
000A74r 2  85 2A              STA   NVR5L
000A76r 2  AD 14 A0           LDA   VGC_P3
000A79r 2  85 2B              STA   NVR5H
000A7Br 2               
000A7Br 2  20 rr rr           JSR   vgc_wait_cmd
000A7Er 2  20 rr rr           JSR   copper_off
000A81r 2               
000A81r 2  20 rr rr           JSR   vgc_wait_cmd
000A84r 2  A5 28              LDA   NVR4L
000A86r 2  8D 11 A0           STA   VGC_P0
000A89r 2  20 rr rr           JSR   copper_list
000A8Cr 2               
000A8Cr 2  20 rr rr           JSR   vgc_wait_cmd
000A8Fr 2  20 rr rr           JSR   copper_clear
000A92r 2               
000A92r 2  9C 11 A0           STZ   VGC_P0
000A95r 2  9C 12 A0           STZ   VGC_P1
000A98r 2  9C 13 A0           STZ   VGC_P2
000A9Br 2  A9 00              LDA   #COPPER_REG_MODE
000A9Dr 2  20 rr rr           JSR   copper_set_reg_index
000AA0r 2  A5 2A              LDA   NVR5L
000AA2r 2  8D 16 A0           STA   VGC_P5
000AA5r 2  20 rr rr           JSR   vgc_wait_cmd
000AA8r 2  20 rr rr           JSR   copper_add
000AABr 2               
000AABr 2  9C 11 A0           STZ   VGC_P0
000AAEr 2  9C 12 A0           STZ   VGC_P1
000AB1r 2  A5 29              LDA   NVR4H
000AB3r 2  8D 13 A0           STA   VGC_P2
000AB6r 2  A9 00              LDA   #COPPER_REG_MODE
000AB8r 2  20 rr rr           JSR   copper_set_reg_index
000ABBr 2  A5 2B              LDA   NVR5H
000ABDr 2  8D 16 A0           STA   VGC_P5
000AC0r 2  20 rr rr           JSR   vgc_wait_cmd
000AC3r 2  20 rr rr           JSR   copper_add
000AC6r 2               
000AC6r 2  20 rr rr           JSR   vgc_wait_cmd
000AC9r 2  A5 28              LDA   NVR4L
000ACBr 2  8D 11 A0           STA   VGC_P0
000ACEr 2  20 rr rr           JSR   copper_use
000AD1r 2               
000AD1r 2  20 rr rr           JSR   vgc_wait_cmd
000AD4r 2  20 rr rr           JSR   copper_on
000AD7r 2  A9 00              LDA   #COPPER_SPLIT_RESULT_OK
000AD9r 2  60                 RTS
000ADAr 2               
000ADAr 2               .endif
000ADAr 2               
000ADAr 1                     .include "vsprite.s"
000ADAr 2               ; Shared Nova virtual-sprite helper routines.
000ADAr 2               ;
000ADAr 2               ; The helpers intentionally expose a small blitter-shaped ABI. Runtimes can use
000ADAr 2               ; them for games, cursors, software sprites, board pieces, and any other
000ADAr 2               ; rectangular graphic that should not consume scarce hardware sprite slots.
000ADAr 2               ;
000ADAr 2               ; Moving virtual sprites should use the saved-background helpers instead of
000ADAr 2               ; redrawing their whole scene every frame. Save the graphics-plane rectangle
000ADAr 2               ; under the object, draw the object, restore the saved rectangle before moving,
000ADAr 2               ; then repeat at the new position.
000ADAr 2               
000ADAr 2               .include "vsprite.inc"
000ADAr 3               ; Shared Nova virtual-sprite helper declarations.
000ADAr 3               ;
000ADAr 3               ; A virtual sprite is a caller-owned rectangular pixel stamp copied by the
000ADAr 3               ; blitter into a VGC memory space. Unlike hardware sprites, the count is limited
000ADAr 3               ; by memory and redraw cost rather than VGC sprite registers.
000ADAr 3               ;
000ADAr 3               ; Transparency is split into two explicit layers:
000ADAr 3               ; - VSPRITE_COLORKEY controls which source byte VSPRITE.BLIT skips.
000ADAr 3               ; - VGC_GFXTRANS controls which color in the VGC graphics plane is transparent
000ADAr 3               ;   during final display composition.
000ADAr 3               ;
000ADAr 3               ; The default for both is 0. If a runtime needs visible black graphics-plane
000ADAr 3               ; pixels, choose another unused color as the transparent color, store it in
000ADAr 3               ; VGC_GFXTRANS, write that value into transparent source pixels, and set
000ADAr 3               ; VSPRITE_COLORKEY to the same value before a color-keyed blit.
000ADAr 3               ;
000ADAr 3               ; For moving objects, use the graphics-plane saved-background helpers in the
000ADAr 3               ; same style as an Amiga BOB:
000ADAr 3               ; 1. Set VSPRITE.X/Y, VSPRITE.WIDTH/HEIGHT, and VSPRITE.BG* to caller-owned RAM.
000ADAr 3               ; 2. Call VSPRITE.GFX_SAVE_BG before drawing the object.
000ADAr 3               ; 3. Draw with VSPRITE.GFX_BLIT.
000ADAr 3               ; 4. Before the next frame, call VSPRITE.GFX_RESTORE_BG at the saved X/Y, move
000ADAr 3               ;    the object, save the new background, and draw again.
000ADAr 3               ; Static objects that were not first drawn with a saved background must be
000ADAr 3               ; erased by the caller before entering this loop.
000ADAr 3               ;
000ADAr 3               ; For multiple moving virtual sprites, use the scene helpers instead of calling
000ADAr 3               ; the single-sprite save/restore loop for each object. A scene descriptor list
000ADAr 3               ; restores every old background first, lets the caller update positions, saves
000ADAr 3               ; every new background from the clean playfield, then draws the list in order.
000ADAr 3               ; List order is z-order: later descriptors draw in front of earlier ones.
000ADAr 3               ;
000ADAr 3               ; For scenes where multiple virtual sprites overlap or cross paths, use
000ADAr 3               ; VSPRITE.SCENE_COMMIT_ATOMIC. The caller supplies a dirty graphics rectangle
000ADAr 3               ; and a work buffer. The helper composes the clean old backgrounds and new
000ADAr 3               ; sprites into that offscreen buffer, then copies the completed rectangle to
000ADAr 3               ; the graphics plane as one visible blit. For a truly atomic visual update, the
000ADAr 3               ; final dirty rectangle must be small enough to fit in one vblank window.
000ADAr 3               ;
000ADAr 3               ; For in-place rotated virtual sprites on the transparent graphics plane, use
000ADAr 3               ; VSPRITE.GFX_ROTATE_BLIT. It rotates into VSPRITE.ROT* offscreen, then copies
000ADAr 3               ; the full rotated rectangle to graphics memory in one blit so old pixels are
000ADAr 3               ; cleared without a separate visible erase.
000ADAr 3               
000ADAr 3               .ifndef VSPRITE_INC_INCLUDED
000ADAr 3               VSPRITE_INC_INCLUDED = 1
000ADAr 3               
000ADAr 3               .include "blitter.inc"
000ADAr 3               .include "nova.inc"
000ADAr 3               
000ADAr 3               VSPRITE_RESULT_OK        = BLITTER_RESULT_OK
000ADAr 3               VSPRITE_RESULT_ERROR     = BLITTER_RESULT_ERROR
000ADAr 3               
000ADAr 3               ; @label VSPRITE.FLAG_COLORKEY
000ADAr 3               ; @kind const
000ADAr 3               ; @symbol VSPRITE_FLAG_COLORKEY
000ADAr 3               ; @summary Enable source color-key transparency for VSPRITE.BLIT and VSPRITE.GFX_BLIT.
000ADAr 3               VSPRITE_FLAG_COLORKEY    = $01
000ADAr 3               
000ADAr 3               ; @label VSPRITE.DESC_FLAG_COLORKEY
000ADAr 3               ; @kind const
000ADAr 3               ; @symbol VSPRITE_DESC_FLAG_COLORKEY
000ADAr 3               ; @summary Descriptor flag enabling source color-key transparency.
000ADAr 3               VSPRITE_DESC_FLAG_COLORKEY = VSPRITE_FLAG_COLORKEY
000ADAr 3               
000ADAr 3               ; @label VSPRITE.DESC_SAVED
000ADAr 3               ; @kind const
000ADAr 3               ; @symbol VSPRITE_DESC_SAVED
000ADAr 3               ; @summary Internal descriptor flag set when old X/Y has a saved background to restore.
000ADAr 3               VSPRITE_DESC_SAVED       = $40
000ADAr 3               
000ADAr 3               ; @label VSPRITE.DESC_VISIBLE
000ADAr 3               ; @kind const
000ADAr 3               ; @symbol VSPRITE_DESC_VISIBLE
000ADAr 3               ; @summary Descriptor flag enabling scene save/draw for this virtual sprite.
000ADAr 3               VSPRITE_DESC_VISIBLE     = $80
000ADAr 3               
000ADAr 3               VSPRITE_GFX_STRIDE       = 320
000ADAr 3               
000ADAr 3               ; Scene descriptor layout. Descriptors are caller-owned RAM because scene
000ADAr 3               ; helpers update OLD_* and SAVED as part of the frame protocol.
000ADAr 3               VSPRITE_DESC_FLAGS       = $00
000ADAr 3               VSPRITE_DESC_XL          = $01
000ADAr 3               VSPRITE_DESC_XH          = $02
000ADAr 3               VSPRITE_DESC_Y           = $03
000ADAr 3               VSPRITE_DESC_OLD_XL      = $04
000ADAr 3               VSPRITE_DESC_OLD_XH      = $05
000ADAr 3               VSPRITE_DESC_OLD_Y       = $06
000ADAr 3               VSPRITE_DESC_WIDTHL      = $07
000ADAr 3               VSPRITE_DESC_WIDTHH      = $08
000ADAr 3               VSPRITE_DESC_HEIGHTL     = $09
000ADAr 3               VSPRITE_DESC_HEIGHTH     = $0A
000ADAr 3               VSPRITE_DESC_SRCSPACE    = $0B
000ADAr 3               VSPRITE_DESC_SRCADDRL    = $0C
000ADAr 3               VSPRITE_DESC_SRCADDRM    = $0D
000ADAr 3               VSPRITE_DESC_SRCADDRH    = $0E
000ADAr 3               VSPRITE_DESC_SRCSTRL     = $0F
000ADAr 3               VSPRITE_DESC_SRCSTRH     = $10
000ADAr 3               VSPRITE_DESC_BGSPACE     = $11
000ADAr 3               VSPRITE_DESC_BGADDRL     = $12
000ADAr 3               VSPRITE_DESC_BGADDRM     = $13
000ADAr 3               VSPRITE_DESC_BGADDRH     = $14
000ADAr 3               VSPRITE_DESC_BGSTRL      = $15
000ADAr 3               VSPRITE_DESC_BGSTRH      = $16
000ADAr 3               VSPRITE_DESC_COLORKEY    = $17
000ADAr 3               VSPRITE_DESC_SIZE        = $18
000ADAr 3               
000ADAr 3               ; Assembly-facing state ABI. Callers set these before invoking the helpers.
000ADAr 3               ; @label VSPRITE.SRCSPACE
000ADAr 3               ; @kind u8
000ADAr 3               ; @symbol VSPRITE_SRCSPACE
000ADAr 3               ; @summary Blitter memory space for the virtual-sprite source rectangle.
000ADAr 3               .global VSPRITE_SRCSPACE
000ADAr 3               ; @label VSPRITE.DSTSPACE
000ADAr 3               ; @kind u8
000ADAr 3               ; @symbol VSPRITE_DSTSPACE
000ADAr 3               ; @summary Blitter memory space for the virtual-sprite destination rectangle.
000ADAr 3               .global VSPRITE_DSTSPACE
000ADAr 3               ; @label VSPRITE.SRCADDRL
000ADAr 3               ; @kind u8
000ADAr 3               ; @symbol VSPRITE_SRCADDRL
000ADAr 3               ; @summary Low byte of the virtual-sprite source address.
000ADAr 3               .global VSPRITE_SRCADDRL
000ADAr 3               ; @label VSPRITE.SRCADDRM
000ADAr 3               ; @kind u8
000ADAr 3               ; @symbol VSPRITE_SRCADDRM
000ADAr 3               ; @summary Middle byte of the virtual-sprite source address.
000ADAr 3               .global VSPRITE_SRCADDRM
000ADAr 3               ; @label VSPRITE.SRCADDRH
000ADAr 3               ; @kind u8
000ADAr 3               ; @symbol VSPRITE_SRCADDRH
000ADAr 3               ; @summary High byte of the virtual-sprite source address.
000ADAr 3               .global VSPRITE_SRCADDRH
000ADAr 3               ; @label VSPRITE.DSTADDRL
000ADAr 3               ; @kind u8
000ADAr 3               ; @symbol VSPRITE_DSTADDRL
000ADAr 3               ; @summary Low byte of the virtual-sprite destination address. VSPRITE.GFX_* routines compute this from VSPRITE.X/Y.
000ADAr 3               .global VSPRITE_DSTADDRL
000ADAr 3               ; @label VSPRITE.DSTADDRM
000ADAr 3               ; @kind u8
000ADAr 3               ; @symbol VSPRITE_DSTADDRM
000ADAr 3               ; @summary Middle byte of the virtual-sprite destination address. VSPRITE.GFX_* routines compute this from VSPRITE.X/Y.
000ADAr 3               .global VSPRITE_DSTADDRM
000ADAr 3               ; @label VSPRITE.DSTADDRH
000ADAr 3               ; @kind u8
000ADAr 3               ; @symbol VSPRITE_DSTADDRH
000ADAr 3               ; @summary High byte of the virtual-sprite destination address. VSPRITE.GFX_* routines compute this from VSPRITE.X/Y.
000ADAr 3               .global VSPRITE_DSTADDRH
000ADAr 3               ; @label VSPRITE.WIDTHL
000ADAr 3               ; @kind u8
000ADAr 3               ; @symbol VSPRITE_WIDTHL
000ADAr 3               ; @summary Low byte of the rectangle width in pixels/bytes.
000ADAr 3               .global VSPRITE_WIDTHL
000ADAr 3               ; @label VSPRITE.WIDTHH
000ADAr 3               ; @kind u8
000ADAr 3               ; @symbol VSPRITE_WIDTHH
000ADAr 3               ; @summary High byte of the rectangle width in pixels/bytes.
000ADAr 3               .global VSPRITE_WIDTHH
000ADAr 3               ; @label VSPRITE.HEIGHTL
000ADAr 3               ; @kind u8
000ADAr 3               ; @symbol VSPRITE_HEIGHTL
000ADAr 3               ; @summary Low byte of the rectangle height in rows.
000ADAr 3               .global VSPRITE_HEIGHTL
000ADAr 3               ; @label VSPRITE.HEIGHTH
000ADAr 3               ; @kind u8
000ADAr 3               ; @symbol VSPRITE_HEIGHTH
000ADAr 3               ; @summary High byte of the rectangle height in rows.
000ADAr 3               .global VSPRITE_HEIGHTH
000ADAr 3               ; @label VSPRITE.SRCSTRL
000ADAr 3               ; @kind u8
000ADAr 3               ; @symbol VSPRITE_SRCSTRL
000ADAr 3               ; @summary Low byte of the source row stride.
000ADAr 3               .global VSPRITE_SRCSTRL
000ADAr 3               ; @label VSPRITE.SRCSTRH
000ADAr 3               ; @kind u8
000ADAr 3               ; @symbol VSPRITE_SRCSTRH
000ADAr 3               ; @summary High byte of the source row stride.
000ADAr 3               .global VSPRITE_SRCSTRH
000ADAr 3               ; @label VSPRITE.DSTSTRL
000ADAr 3               ; @kind u8
000ADAr 3               ; @symbol VSPRITE_DSTSTRL
000ADAr 3               ; @summary Low byte of the destination row stride.
000ADAr 3               .global VSPRITE_DSTSTRL
000ADAr 3               ; @label VSPRITE.DSTSTRH
000ADAr 3               ; @kind u8
000ADAr 3               ; @symbol VSPRITE_DSTSTRH
000ADAr 3               ; @summary High byte of the destination row stride.
000ADAr 3               .global VSPRITE_DSTSTRH
000ADAr 3               ; @label VSPRITE.BGSPACE
000ADAr 3               ; @kind u8
000ADAr 3               ; @symbol VSPRITE_BGSPACE
000ADAr 3               ; @summary Blitter memory space for the saved-background buffer. Use BLT_SPACE_CPU for normal RAM buffers.
000ADAr 3               .global VSPRITE_BGSPACE
000ADAr 3               ; @label VSPRITE.BGADDRL
000ADAr 3               ; @kind u8
000ADAr 3               ; @symbol VSPRITE_BGADDRL
000ADAr 3               ; @summary Low byte of the caller-owned saved-background buffer address.
000ADAr 3               .global VSPRITE_BGADDRL
000ADAr 3               ; @label VSPRITE.BGADDRM
000ADAr 3               ; @kind u8
000ADAr 3               ; @symbol VSPRITE_BGADDRM
000ADAr 3               ; @summary Middle byte of the caller-owned saved-background buffer address.
000ADAr 3               .global VSPRITE_BGADDRM
000ADAr 3               ; @label VSPRITE.BGADDRH
000ADAr 3               ; @kind u8
000ADAr 3               ; @symbol VSPRITE_BGADDRH
000ADAr 3               ; @summary High byte of the caller-owned saved-background buffer address. Use 0 for CPU RAM.
000ADAr 3               .global VSPRITE_BGADDRH
000ADAr 3               ; @label VSPRITE.BGSTRL
000ADAr 3               ; @kind u8
000ADAr 3               ; @symbol VSPRITE_BGSTRL
000ADAr 3               ; @summary Low byte of the saved-background buffer row stride.
000ADAr 3               .global VSPRITE_BGSTRL
000ADAr 3               ; @label VSPRITE.BGSTRH
000ADAr 3               ; @kind u8
000ADAr 3               ; @symbol VSPRITE_BGSTRH
000ADAr 3               ; @summary High byte of the saved-background buffer row stride.
000ADAr 3               .global VSPRITE_BGSTRH
000ADAr 3               ; @label VSPRITE.COLORKEY
000ADAr 3               ; @kind u8
000ADAr 3               ; @symbol VSPRITE_COLORKEY
000ADAr 3               ; @summary Source byte skipped by color-keyed blits. VSPRITE.ROTATE also uses this value to fill output pixels outside the rotated source bounds.
000ADAr 3               .global VSPRITE_COLORKEY
000ADAr 3               ; @label VSPRITE.ORIGSPACE
000ADAr 3               ; @kind u8
000ADAr 3               ; @symbol VSPRITE_ORIGSPACE
000ADAr 3               ; @summary Blitter memory space for the immutable source shape used by VSPRITE.ROTATE.
000ADAr 3               .global VSPRITE_ORIGSPACE
000ADAr 3               ; @label VSPRITE.ORIGADDRL
000ADAr 3               ; @kind u8
000ADAr 3               ; @symbol VSPRITE_ORIGADDRL
000ADAr 3               ; @summary Low byte of the immutable source shape address used by VSPRITE.ROTATE.
000ADAr 3               .global VSPRITE_ORIGADDRL
000ADAr 3               ; @label VSPRITE.ORIGADDRM
000ADAr 3               ; @kind u8
000ADAr 3               ; @symbol VSPRITE_ORIGADDRM
000ADAr 3               ; @summary Middle byte of the immutable source shape address used by VSPRITE.ROTATE.
000ADAr 3               .global VSPRITE_ORIGADDRM
000ADAr 3               ; @label VSPRITE.ORIGADDRH
000ADAr 3               ; @kind u8
000ADAr 3               ; @symbol VSPRITE_ORIGADDRH
000ADAr 3               ; @summary High byte of the immutable source shape address used by VSPRITE.ROTATE. Use 0 for CPU RAM.
000ADAr 3               .global VSPRITE_ORIGADDRH
000ADAr 3               ; @label VSPRITE.ORIGSTRL
000ADAr 3               ; @kind u8
000ADAr 3               ; @symbol VSPRITE_ORIGSTRL
000ADAr 3               ; @summary Low byte of the immutable source shape row stride used by VSPRITE.ROTATE.
000ADAr 3               .global VSPRITE_ORIGSTRL
000ADAr 3               ; @label VSPRITE.ORIGSTRH
000ADAr 3               ; @kind u8
000ADAr 3               ; @symbol VSPRITE_ORIGSTRH
000ADAr 3               ; @summary High byte of the immutable source shape row stride used by VSPRITE.ROTATE.
000ADAr 3               .global VSPRITE_ORIGSTRH
000ADAr 3               ; @label VSPRITE.ROTSPACE
000ADAr 3               ; @kind u8
000ADAr 3               ; @symbol VSPRITE_ROTSPACE
000ADAr 3               ; @summary Blitter memory space for the caller-owned rotated output buffer used by VSPRITE.ROTATE.
000ADAr 3               .global VSPRITE_ROTSPACE
000ADAr 3               ; @label VSPRITE.ROTADDRL
000ADAr 3               ; @kind u8
000ADAr 3               ; @symbol VSPRITE_ROTADDRL
000ADAr 3               ; @summary Low byte of the caller-owned rotated output buffer address.
000ADAr 3               .global VSPRITE_ROTADDRL
000ADAr 3               ; @label VSPRITE.ROTADDRM
000ADAr 3               ; @kind u8
000ADAr 3               ; @symbol VSPRITE_ROTADDRM
000ADAr 3               ; @summary Middle byte of the caller-owned rotated output buffer address.
000ADAr 3               .global VSPRITE_ROTADDRM
000ADAr 3               ; @label VSPRITE.ROTADDRH
000ADAr 3               ; @kind u8
000ADAr 3               ; @symbol VSPRITE_ROTADDRH
000ADAr 3               ; @summary High byte of the caller-owned rotated output buffer address. Use 0 for CPU RAM.
000ADAr 3               .global VSPRITE_ROTADDRH
000ADAr 3               ; @label VSPRITE.ROTSTRL
000ADAr 3               ; @kind u8
000ADAr 3               ; @symbol VSPRITE_ROTSTRL
000ADAr 3               ; @summary Low byte of the caller-owned rotated output buffer row stride.
000ADAr 3               .global VSPRITE_ROTSTRL
000ADAr 3               ; @label VSPRITE.ROTSTRH
000ADAr 3               ; @kind u8
000ADAr 3               ; @symbol VSPRITE_ROTSTRH
000ADAr 3               ; @summary High byte of the caller-owned rotated output buffer row stride.
000ADAr 3               .global VSPRITE_ROTSTRH
000ADAr 3               ; @label VSPRITE.ROTANGLE
000ADAr 3               ; @kind u8
000ADAr 3               ; @symbol VSPRITE_ROTANGLE
000ADAr 3               ; @summary Hardware rotation angle, where 256 steps is one full turn.
000ADAr 3               .global VSPRITE_ROTANGLE
000ADAr 3               ; @label VSPRITE.FILLVALUE
000ADAr 3               ; @kind u8
000ADAr 3               ; @symbol VSPRITE_FILLVALUE
000ADAr 3               ; @summary Byte value used by VSPRITE.FILL and VSPRITE.GFX_FILL.
000ADAr 3               .global VSPRITE_FILLVALUE
000ADAr 3               ; @label VSPRITE.FLAGS
000ADAr 3               ; @kind u8
000ADAr 3               ; @symbol VSPRITE_FLAGS
000ADAr 3               ; @summary Bitfield controlling virtual-sprite blits. Set VSPRITE.FLAG_COLORKEY to enable source transparency.
000ADAr 3               .global VSPRITE_FLAGS
000ADAr 3               ; @label VSPRITE.XL
000ADAr 3               ; @kind u8
000ADAr 3               ; @symbol VSPRITE_XL
000ADAr 3               ; @summary Low byte of the graphics-plane X coordinate used by VSPRITE.GFX_* helpers.
000ADAr 3               .global VSPRITE_XL
000ADAr 3               ; @label VSPRITE.XH
000ADAr 3               ; @kind u8
000ADAr 3               ; @symbol VSPRITE_XH
000ADAr 3               ; @summary High byte of the graphics-plane X coordinate used by VSPRITE.GFX_* helpers.
000ADAr 3               .global VSPRITE_XH
000ADAr 3               ; @label VSPRITE.Y
000ADAr 3               ; @kind u8
000ADAr 3               ; @symbol VSPRITE_Y
000ADAr 3               ; @summary Graphics-plane Y coordinate used by VSPRITE.GFX_* helpers.
000ADAr 3               .global VSPRITE_Y
000ADAr 3               
000ADAr 3               ; @label VSPRITE.SCENE_ADDRL
000ADAr 3               ; @kind u8
000ADAr 3               ; @symbol VSPRITE_SCENE_ADDRL
000ADAr 3               ; @summary Low byte of the caller-owned scene descriptor table.
000ADAr 3               .global VSPRITE_SCENE_ADDRL
000ADAr 3               ; @label VSPRITE.SCENE_ADDRH
000ADAr 3               ; @kind u8
000ADAr 3               ; @symbol VSPRITE_SCENE_ADDRH
000ADAr 3               ; @summary High byte of the caller-owned scene descriptor table.
000ADAr 3               .global VSPRITE_SCENE_ADDRH
000ADAr 3               ; @label VSPRITE.SCENE_COUNT
000ADAr 3               ; @kind u8
000ADAr 3               ; @symbol VSPRITE_SCENE_COUNT
000ADAr 3               ; @summary Number of descriptors in the scene table.
000ADAr 3               .global VSPRITE_SCENE_COUNT
000ADAr 3               
000ADAr 3               ; @label VSPRITE.SCENE_XL
000ADAr 3               ; @kind u8
000ADAr 3               ; @symbol VSPRITE_SCENE_XL
000ADAr 3               ; @summary Low byte of the graphics-plane dirty rectangle X coordinate for atomic scene commits.
000ADAr 3               .global VSPRITE_SCENE_XL
000ADAr 3               ; @label VSPRITE.SCENE_XH
000ADAr 3               ; @kind u8
000ADAr 3               ; @symbol VSPRITE_SCENE_XH
000ADAr 3               ; @summary High byte of the graphics-plane dirty rectangle X coordinate for atomic scene commits.
000ADAr 3               .global VSPRITE_SCENE_XH
000ADAr 3               ; @label VSPRITE.SCENE_Y
000ADAr 3               ; @kind u8
000ADAr 3               ; @symbol VSPRITE_SCENE_Y
000ADAr 3               ; @summary Graphics-plane dirty rectangle Y coordinate for atomic scene commits.
000ADAr 3               .global VSPRITE_SCENE_Y
000ADAr 3               ; @label VSPRITE.SCENE_WIDTHL
000ADAr 3               ; @kind u8
000ADAr 3               ; @symbol VSPRITE_SCENE_WIDTHL
000ADAr 3               ; @summary Low byte of the dirty rectangle width for atomic scene commits.
000ADAr 3               .global VSPRITE_SCENE_WIDTHL
000ADAr 3               ; @label VSPRITE.SCENE_WIDTHH
000ADAr 3               ; @kind u8
000ADAr 3               ; @symbol VSPRITE_SCENE_WIDTHH
000ADAr 3               ; @summary High byte of the dirty rectangle width for atomic scene commits.
000ADAr 3               .global VSPRITE_SCENE_WIDTHH
000ADAr 3               ; @label VSPRITE.SCENE_HEIGHTL
000ADAr 3               ; @kind u8
000ADAr 3               ; @symbol VSPRITE_SCENE_HEIGHTL
000ADAr 3               ; @summary Low byte of the dirty rectangle height for atomic scene commits.
000ADAr 3               .global VSPRITE_SCENE_HEIGHTL
000ADAr 3               ; @label VSPRITE.SCENE_HEIGHTH
000ADAr 3               ; @kind u8
000ADAr 3               ; @symbol VSPRITE_SCENE_HEIGHTH
000ADAr 3               ; @summary High byte of the dirty rectangle height for atomic scene commits.
000ADAr 3               .global VSPRITE_SCENE_HEIGHTH
000ADAr 3               ; @label VSPRITE.SCENE_WORKSPACE
000ADAr 3               ; @kind u8
000ADAr 3               ; @symbol VSPRITE_SCENE_WORKSPACE
000ADAr 3               ; @summary Blitter memory space for the atomic scene work buffer.
000ADAr 3               .global VSPRITE_SCENE_WORKSPACE
000ADAr 3               ; @label VSPRITE.SCENE_WORKADDRL
000ADAr 3               ; @kind u8
000ADAr 3               ; @symbol VSPRITE_SCENE_WORKADDRL
000ADAr 3               ; @summary Low byte of the atomic scene work buffer address.
000ADAr 3               .global VSPRITE_SCENE_WORKADDRL
000ADAr 3               ; @label VSPRITE.SCENE_WORKADDRM
000ADAr 3               ; @kind u8
000ADAr 3               ; @symbol VSPRITE_SCENE_WORKADDRM
000ADAr 3               ; @summary Middle byte of the atomic scene work buffer address.
000ADAr 3               .global VSPRITE_SCENE_WORKADDRM
000ADAr 3               ; @label VSPRITE.SCENE_WORKADDRH
000ADAr 3               ; @kind u8
000ADAr 3               ; @symbol VSPRITE_SCENE_WORKADDRH
000ADAr 3               ; @summary High byte of the atomic scene work buffer address.
000ADAr 3               .global VSPRITE_SCENE_WORKADDRH
000ADAr 3               ; @label VSPRITE.SCENE_WORKSTRL
000ADAr 3               ; @kind u8
000ADAr 3               ; @symbol VSPRITE_SCENE_WORKSTRL
000ADAr 3               ; @summary Low byte of the atomic scene work buffer row stride.
000ADAr 3               .global VSPRITE_SCENE_WORKSTRL
000ADAr 3               ; @label VSPRITE.SCENE_WORKSTRH
000ADAr 3               ; @kind u8
000ADAr 3               ; @symbol VSPRITE_SCENE_WORKSTRH
000ADAr 3               ; @summary High byte of the atomic scene work buffer row stride.
000ADAr 3               .global VSPRITE_SCENE_WORKSTRH
000ADAr 3               
000ADAr 3               ; Public helper routines.
000ADAr 3               .global vsprite_blit
000ADAr 3               .global vsprite_blit_start
000ADAr 3               .global vsprite_fill
000ADAr 3               .global vsprite_gfx_addr
000ADAr 3               .global vsprite_gfx_blit
000ADAr 3               .global vsprite_gfx_blit_start
000ADAr 3               .global vsprite_gfx_rotate_blit
000ADAr 3               .global vsprite_gfx_rotate_blit_keyed
000ADAr 3               .global vsprite_gfx_rotate_blit_nowait
000ADAr 3               .global vsprite_gfx_fill
000ADAr 3               .global vsprite_gfx_save_bg
000ADAr 3               .global vsprite_gfx_restore_bg
000ADAr 3               .global vsprite_rotate
000ADAr 3               .global vsprite_use_original
000ADAr 3               .global vsprite_use_rotated
000ADAr 3               .global vsprite_scene_begin
000ADAr 3               .global vsprite_scene_commit
000ADAr 3               .global vsprite_scene_commit_atomic
000ADAr 3               .global vsprite_scene_draw
000ADAr 3               
000ADAr 3               .endif
000ADAr 3               
000ADAr 2               .include "blitter.s"
000ADAr 3               ; Shared Nova blitter helper routines.
000ADAr 3               ;
000ADAr 3               ; Callers load the BLT hardware registers, then call blitter_start_copy or
000ADAr 3               ; blitter_start_fill. Routines return A=0 on success and A=1 on error; detailed
000ADAr 3               ; errors remain in BLT_ERRCODE_REG.
000ADAr 3               
000ADAr 3               .include "blitter.inc"
000ADAr 4               ; Shared Nova blitter helper declarations.
000ADAr 4               
000ADAr 4               .ifndef BLITTER_INC_INCLUDED
000ADAr 4               BLITTER_INC_INCLUDED = 1
000ADAr 4               
000ADAr 4               .include "nova.inc"
000ADAr 4               
000ADAr 4               BLITTER_RESULT_OK    = $00
000ADAr 4               BLITTER_RESULT_ERROR = $01
000ADAr 4               
000ADAr 4               .endif
000ADAr 4               
000ADAr 3               
000ADAr 3               .ifndef BLITTER_IMPLEMENTATION_INCLUDED
000ADAr 3               BLITTER_IMPLEMENTATION_INCLUDED = 1
000ADAr 3               
000ADAr 3                     .segment "CODE"
000ADAr 3               
000ADAr 3                     .export blitter_copy
000ADAr 3                     .export blitter_fill
000ADAr 3                     .export blitter_start_copy
000ADAr 3                     .export blitter_start_fill
000ADAr 3                     .export blitter_wait
000ADAr 3               
000ADAr 3               ; @label BLITTER.COPY
000ADAr 3               ; @kind routine
000ADAr 3               ; @symbol blitter_copy
000ADAr 3               ; @summary Start a rectangular blitter copy using the BLT controller registers.
000ADAr 3               ; @requires BLT_SRCSPACE BLT_DSTSPACE BLT_SRCL BLT_SRCM BLT_SRCH BLT_DSTL BLT_DSTM BLT_DSTH BLT_WIDTHL BLT_WIDTHH BLT_HEIGHTL BLT_HEIGHTH BLT_SRCSTRL BLT_SRCSTRH BLT_DSTSTRL BLT_DSTSTRH
000ADAr 3               ; @out A: 0 on success, 1 on error.
000ADAr 3               blitter_copy:
000ADAr 3  4C rr rr           JMP   blitter_start_copy
000ADDr 3               
000ADDr 3               ; @label BLITTER.FILL
000ADDr 3               ; @kind routine
000ADDr 3               ; @symbol blitter_fill
000ADDr 3               ; @summary Start a rectangular blitter fill using destination, size, stride, and fill registers.
000ADDr 3               ; @requires BLT_DSTSPACE BLT_DSTL BLT_DSTM BLT_DSTH BLT_WIDTHL BLT_WIDTHH BLT_HEIGHTL BLT_HEIGHTH BLT_DSTSTRL BLT_DSTSTRH BLT_FILLVALUE
000ADDr 3               ; @out A: 0 on success, 1 on error.
000ADDr 3               blitter_fill:
000ADDr 3  9C 86 BA           STZ   BLT_SRCSPACE
000AE0r 3  9C 88 BA           STZ   BLT_SRCL
000AE3r 3  9C 89 BA           STZ   BLT_SRCM
000AE6r 3  9C 8A BA           STZ   BLT_SRCH
000AE9r 3  9C 92 BA           STZ   BLT_SRCSTRL
000AECr 3  9C 93 BA           STZ   BLT_SRCSTRH
000AEFr 3  9C 98 BA           STZ   BLT_CKEY
000AF2r 3  4C rr rr           JMP   blitter_start_fill
000AF5r 3               
000AF5r 3               ; @label BLITTER.START_COPY
000AF5r 3               ; @kind routine
000AF5r 3               ; @symbol blitter_start_copy
000AF5r 3               ; @summary Low-level blitter copy start. Call BLITTER.COPY for the public wrapper.
000AF5r 3               ; @out A: 0 on success, 1 on error.
000AF5r 3               blitter_start_copy:
000AF5r 3  9C 96 BA           STZ   BLT_MODE_REG
000AF8r 3  9C 98 BA           STZ   BLT_CKEY
000AFBr 3  A9 01              LDA   #BLT_CMD_START
000AFDr 3  8D 83 BA           STA   BLT_CMD_REG
000B00r 3  4C rr rr           JMP   blitter_wait
000B03r 3               
000B03r 3               ; @label BLITTER.START_FILL
000B03r 3               ; @kind routine
000B03r 3               ; @symbol blitter_start_fill
000B03r 3               ; @summary Low-level blitter fill start. Call BLITTER.FILL for the public wrapper.
000B03r 3               ; @out A: 0 on success, 1 on error.
000B03r 3               blitter_start_fill:
000B03r 3  A9 01              LDA   #BLT_MODE_FILL
000B05r 3  8D 96 BA           STA   BLT_MODE_REG
000B08r 3  A9 01              LDA   #BLT_CMD_START
000B0Ar 3  8D 83 BA           STA   BLT_CMD_REG
000B0Dr 3  4C rr rr           JMP   blitter_wait
000B10r 3               
000B10r 3               ; @label BLITTER.WAIT
000B10r 3               ; @kind routine
000B10r 3               ; @symbol blitter_wait
000B10r 3               ; @summary Wait for the blitter controller to leave BUSY and return shared status.
000B10r 3               ; @out A: 0 on success, 1 on error.
000B10r 3               blitter_wait:
000B10r 3               @loop:
000B10r 3  AD 84 BA           LDA   BLT_STATUS_REG
000B13r 3  C9 01              CMP   #BLT_STATUS_BUSY
000B15r 3  F0 F9              BEQ   @loop
000B17r 3  C9 02              CMP   #BLT_STATUS_OK
000B19r 3  F0 03              BEQ   @ok
000B1Br 3  A9 01              LDA   #BLITTER_RESULT_ERROR
000B1Dr 3  60                 RTS
000B1Er 3               @ok:
000B1Er 3  A9 00              LDA   #BLITTER_RESULT_OK
000B20r 3  60                 RTS
000B21r 3               
000B21r 3               .endif
000B21r 3               
000B21r 2               
000B21r 2               .ifndef VSPRITE_IMPLEMENTATION_INCLUDED
000B21r 2               VSPRITE_IMPLEMENTATION_INCLUDED = 1
000B21r 2               
000B21r 2                     .segment "BSS"
000311r 2               
000311r 2  xx           VSPRITE_SRCSPACE:       .res 1
000312r 2  xx           VSPRITE_DSTSPACE:       .res 1
000313r 2  xx           VSPRITE_SRCADDRL:       .res 1
000314r 2  xx           VSPRITE_SRCADDRM:       .res 1
000315r 2  xx           VSPRITE_SRCADDRH:       .res 1
000316r 2  xx           VSPRITE_DSTADDRL:       .res 1
000317r 2  xx           VSPRITE_DSTADDRM:       .res 1
000318r 2  xx           VSPRITE_DSTADDRH:       .res 1
000319r 2  xx           VSPRITE_WIDTHL:         .res 1
00031Ar 2  xx           VSPRITE_WIDTHH:         .res 1
00031Br 2  xx           VSPRITE_HEIGHTL:        .res 1
00031Cr 2  xx           VSPRITE_HEIGHTH:        .res 1
00031Dr 2  xx           VSPRITE_SRCSTRL:        .res 1
00031Er 2  xx           VSPRITE_SRCSTRH:        .res 1
00031Fr 2  xx           VSPRITE_DSTSTRL:        .res 1
000320r 2  xx           VSPRITE_DSTSTRH:        .res 1
000321r 2  xx           VSPRITE_BGSPACE:        .res 1
000322r 2  xx           VSPRITE_BGADDRL:        .res 1
000323r 2  xx           VSPRITE_BGADDRM:        .res 1
000324r 2  xx           VSPRITE_BGADDRH:        .res 1
000325r 2  xx           VSPRITE_BGSTRL:         .res 1
000326r 2  xx           VSPRITE_BGSTRH:         .res 1
000327r 2  xx           VSPRITE_COLORKEY:       .res 1
000328r 2  xx           VSPRITE_ORIGSPACE:      .res 1
000329r 2  xx           VSPRITE_ORIGADDRL:      .res 1
00032Ar 2  xx           VSPRITE_ORIGADDRM:      .res 1
00032Br 2  xx           VSPRITE_ORIGADDRH:      .res 1
00032Cr 2  xx           VSPRITE_ORIGSTRL:       .res 1
00032Dr 2  xx           VSPRITE_ORIGSTRH:       .res 1
00032Er 2  xx           VSPRITE_ROTSPACE:       .res 1
00032Fr 2  xx           VSPRITE_ROTADDRL:       .res 1
000330r 2  xx           VSPRITE_ROTADDRM:       .res 1
000331r 2  xx           VSPRITE_ROTADDRH:       .res 1
000332r 2  xx           VSPRITE_ROTSTRL:        .res 1
000333r 2  xx           VSPRITE_ROTSTRH:        .res 1
000334r 2  xx           VSPRITE_ROTANGLE:       .res 1
000335r 2  xx           VSPRITE_FILLVALUE:      .res 1
000336r 2  xx           VSPRITE_FLAGS:          .res 1
000337r 2  xx           VSPRITE_XL:             .res 1
000338r 2  xx           VSPRITE_XH:             .res 1
000339r 2  xx           VSPRITE_Y:              .res 1
00033Ar 2  xx           VSPRITE_SCENE_ADDRL:    .res 1
00033Br 2  xx           VSPRITE_SCENE_ADDRH:    .res 1
00033Cr 2  xx           VSPRITE_SCENE_COUNT:    .res 1
00033Dr 2  xx           VSPRITE_SCENE_REMAIN:   .res 1
00033Er 2  xx           VSPRITE_SCENE_XL:       .res 1
00033Fr 2  xx           VSPRITE_SCENE_XH:       .res 1
000340r 2  xx           VSPRITE_SCENE_Y:        .res 1
000341r 2  xx           VSPRITE_SCENE_WIDTHL:   .res 1
000342r 2  xx           VSPRITE_SCENE_WIDTHH:   .res 1
000343r 2  xx           VSPRITE_SCENE_HEIGHTL:  .res 1
000344r 2  xx           VSPRITE_SCENE_HEIGHTH:  .res 1
000345r 2  xx           VSPRITE_SCENE_WORKSPACE:.res 1
000346r 2  xx           VSPRITE_SCENE_WORKADDRL:.res 1
000347r 2  xx           VSPRITE_SCENE_WORKADDRM:.res 1
000348r 2  xx           VSPRITE_SCENE_WORKADDRH:.res 1
000349r 2  xx           VSPRITE_SCENE_WORKSTRL: .res 1
00034Ar 2  xx           VSPRITE_SCENE_WORKSTRH: .res 1
00034Br 2  xx           VSPRITE_SCENE_OFFL:     .res 1
00034Cr 2  xx           VSPRITE_SCENE_OFFH:     .res 1
00034Dr 2               
00034Dr 2                     .segment "ZEROPAGE"
000000r 2               
000000r 2  xx           VSPRITE_TMP:            .res 1
000001r 2  xx xx        VSPRITE_DESC_PTR:       .res 2
000003r 2               
000003r 2                     .segment "CODE"
000B21r 2               
000B21r 2                     .export vsprite_blit
000B21r 2                     .export vsprite_blit_start
000B21r 2                     .export vsprite_fill
000B21r 2                     .export vsprite_gfx_addr
000B21r 2                     .export vsprite_gfx_blit
000B21r 2                     .export vsprite_gfx_blit_start
000B21r 2                     .export vsprite_gfx_rotate_blit
000B21r 2                     .export vsprite_gfx_rotate_blit_keyed
000B21r 2                     .export vsprite_gfx_rotate_blit_nowait
000B21r 2                     .export vsprite_gfx_fill
000B21r 2                     .export vsprite_gfx_save_bg
000B21r 2                     .export vsprite_gfx_restore_bg
000B21r 2                     .export vsprite_rotate
000B21r 2                     .export vsprite_use_original
000B21r 2                     .export vsprite_use_rotated
000B21r 2                     .export vsprite_scene_begin
000B21r 2                     .export vsprite_scene_commit
000B21r 2                     .export vsprite_scene_commit_atomic
000B21r 2                     .export vsprite_scene_draw
000B21r 2               
000B21r 2               ; @label VSPRITE.BLIT
000B21r 2               ; @kind routine
000B21r 2               ; @symbol vsprite_blit
000B21r 2               ; @summary Copy the configured virtual sprite rectangle with the blitter.
000B21r 2               ; @requires VSPRITE_SRCSPACE VSPRITE_DSTSPACE VSPRITE_SRCADDR* VSPRITE_DSTADDR* VSPRITE_WIDTH* VSPRITE_HEIGHT* VSPRITE_SRCSTR* VSPRITE_DSTSTR*
000B21r 2               ; @in VSPRITE_FLAGS: Set bit 0 to enable color-key transparency.
000B21r 2               ; @in VSPRITE_COLORKEY: Source byte skipped when color-key mode is enabled.
000B21r 2               ; @in VGC_GFXTRANS: Graphics-plane color treated as transparent by display composition; set this to a non-black color when blitting visible palette-0 black pixels.
000B21r 2               ; @out A: 0 on success, 1 on error.
000B21r 2               vsprite_blit:
000B21r 2  20 rr rr           JSR   vsprite_blit_start
000B24r 2  C9 00              CMP   #VSPRITE_RESULT_OK
000B26r 2  D0 03              BNE   @done
000B28r 2  4C rr rr           JMP   blitter_wait
000B2Br 2               @done:
000B2Br 2  60                 RTS
000B2Cr 2               
000B2Cr 2               ; @label VSPRITE.BLIT_START
000B2Cr 2               ; @kind routine
000B2Cr 2               ; @symbol vsprite_blit_start
000B2Cr 2               ; @summary Start the configured virtual sprite blit without waiting for completion.
000B2Cr 2               ; @requires VSPRITE_SRCSPACE VSPRITE_DSTSPACE VSPRITE_SRCADDR* VSPRITE_DSTADDR* VSPRITE_WIDTH* VSPRITE_HEIGHT* VSPRITE_SRCSTR* VSPRITE_DSTSTR*
000B2Cr 2               ; @in VSPRITE_FLAGS: Set bit 0 to enable color-key transparency.
000B2Cr 2               ; @in VSPRITE_COLORKEY: Source byte skipped when color-key mode is enabled.
000B2Cr 2               ; @out A: 0 after the blit command is issued.
000B2Cr 2               vsprite_blit_start:
000B2Cr 2  AD rr rr           LDA   VSPRITE_SRCSPACE
000B2Fr 2  8D 86 BA           STA   BLT_SRCSPACE
000B32r 2  AD rr rr           LDA   VSPRITE_DSTSPACE
000B35r 2  8D 87 BA           STA   BLT_DSTSPACE
000B38r 2  AD rr rr           LDA   VSPRITE_SRCADDRL
000B3Br 2  8D 88 BA           STA   BLT_SRCL
000B3Er 2  AD rr rr           LDA   VSPRITE_SRCADDRM
000B41r 2  8D 89 BA           STA   BLT_SRCM
000B44r 2  AD rr rr           LDA   VSPRITE_SRCADDRH
000B47r 2  8D 8A BA           STA   BLT_SRCH
000B4Ar 2  AD rr rr           LDA   VSPRITE_DSTADDRL
000B4Dr 2  8D 8B BA           STA   BLT_DSTL
000B50r 2  AD rr rr           LDA   VSPRITE_DSTADDRM
000B53r 2  8D 8C BA           STA   BLT_DSTM
000B56r 2  AD rr rr           LDA   VSPRITE_DSTADDRH
000B59r 2  8D 8D BA           STA   BLT_DSTH
000B5Cr 2  AD rr rr           LDA   VSPRITE_WIDTHL
000B5Fr 2  8D 8E BA           STA   BLT_WIDTHL
000B62r 2  AD rr rr           LDA   VSPRITE_WIDTHH
000B65r 2  8D 8F BA           STA   BLT_WIDTHH
000B68r 2  AD rr rr           LDA   VSPRITE_HEIGHTL
000B6Br 2  8D 90 BA           STA   BLT_HEIGHTL
000B6Er 2  AD rr rr           LDA   VSPRITE_HEIGHTH
000B71r 2  8D 91 BA           STA   BLT_HEIGHTH
000B74r 2  AD rr rr           LDA   VSPRITE_SRCSTRL
000B77r 2  8D 92 BA           STA   BLT_SRCSTRL
000B7Ar 2  AD rr rr           LDA   VSPRITE_SRCSTRH
000B7Dr 2  8D 93 BA           STA   BLT_SRCSTRH
000B80r 2  AD rr rr           LDA   VSPRITE_DSTSTRL
000B83r 2  8D 94 BA           STA   BLT_DSTSTRL
000B86r 2  AD rr rr           LDA   VSPRITE_DSTSTRH
000B89r 2  8D 95 BA           STA   BLT_DSTSTRH
000B8Cr 2  AD rr rr           LDA   VSPRITE_COLORKEY
000B8Fr 2  8D 98 BA           STA   BLT_CKEY
000B92r 2  AD rr rr           LDA   VSPRITE_FLAGS
000B95r 2  29 01              AND   #VSPRITE_FLAG_COLORKEY
000B97r 2  F0 04              BEQ   @no_key
000B99r 2  A9 02              LDA   #BLT_MODE_COLORKEY
000B9Br 2  80 02              BRA   @mode
000B9Dr 2               @no_key:
000B9Dr 2  A9 00              LDA   #$00
000B9Fr 2               @mode:
000B9Fr 2  8D 96 BA           STA   BLT_MODE_REG
000BA2r 2  A9 01              LDA   #BLT_CMD_START
000BA4r 2  8D 83 BA           STA   BLT_CMD_REG
000BA7r 2  A9 00              LDA   #VSPRITE_RESULT_OK
000BA9r 2  60                 RTS
000BAAr 2               
000BAAr 2               ; @label VSPRITE.FILL
000BAAr 2               ; @kind routine
000BAAr 2               ; @symbol vsprite_fill
000BAAr 2               ; @summary Fill the configured destination rectangle with VSPRITE.FILLVALUE.
000BAAr 2               ; @requires VSPRITE_DSTSPACE VSPRITE_DSTADDR* VSPRITE_WIDTH* VSPRITE_HEIGHT* VSPRITE_DSTSTR*
000BAAr 2               ; @out A: 0 on success, 1 on error.
000BAAr 2               vsprite_fill:
000BAAr 2  AD rr rr           LDA   VSPRITE_DSTSPACE
000BADr 2  8D 87 BA           STA   BLT_DSTSPACE
000BB0r 2  AD rr rr           LDA   VSPRITE_DSTADDRL
000BB3r 2  8D 8B BA           STA   BLT_DSTL
000BB6r 2  AD rr rr           LDA   VSPRITE_DSTADDRM
000BB9r 2  8D 8C BA           STA   BLT_DSTM
000BBCr 2  AD rr rr           LDA   VSPRITE_DSTADDRH
000BBFr 2  8D 8D BA           STA   BLT_DSTH
000BC2r 2  AD rr rr           LDA   VSPRITE_WIDTHL
000BC5r 2  8D 8E BA           STA   BLT_WIDTHL
000BC8r 2  AD rr rr           LDA   VSPRITE_WIDTHH
000BCBr 2  8D 8F BA           STA   BLT_WIDTHH
000BCEr 2  AD rr rr           LDA   VSPRITE_HEIGHTL
000BD1r 2  8D 90 BA           STA   BLT_HEIGHTL
000BD4r 2  AD rr rr           LDA   VSPRITE_HEIGHTH
000BD7r 2  8D 91 BA           STA   BLT_HEIGHTH
000BDAr 2  AD rr rr           LDA   VSPRITE_DSTSTRL
000BDDr 2  8D 94 BA           STA   BLT_DSTSTRL
000BE0r 2  AD rr rr           LDA   VSPRITE_DSTSTRH
000BE3r 2  8D 95 BA           STA   BLT_DSTSTRH
000BE6r 2  AD rr rr           LDA   VSPRITE_FILLVALUE
000BE9r 2  8D 97 BA           STA   BLT_FILLVALUE
000BECr 2  4C rr rr           JMP   blitter_fill
000BEFr 2               
000BEFr 2               ; @label VSPRITE.USE_ORIGINAL
000BEFr 2               ; @kind routine
000BEFr 2               ; @symbol vsprite_use_original
000BEFr 2               ; @summary Point VSPRITE.SRC* at the configured immutable source shape.
000BEFr 2               ; @requires VSPRITE_ORIGSPACE VSPRITE_ORIGADDR* VSPRITE_ORIGSTR*
000BEFr 2               ; @out A: 0.
000BEFr 2               vsprite_use_original:
000BEFr 2  AD rr rr           LDA   VSPRITE_ORIGSPACE
000BF2r 2  8D rr rr           STA   VSPRITE_SRCSPACE
000BF5r 2  AD rr rr           LDA   VSPRITE_ORIGADDRL
000BF8r 2  8D rr rr           STA   VSPRITE_SRCADDRL
000BFBr 2  AD rr rr           LDA   VSPRITE_ORIGADDRM
000BFEr 2  8D rr rr           STA   VSPRITE_SRCADDRM
000C01r 2  AD rr rr           LDA   VSPRITE_ORIGADDRH
000C04r 2  8D rr rr           STA   VSPRITE_SRCADDRH
000C07r 2  AD rr rr           LDA   VSPRITE_ORIGSTRL
000C0Ar 2  8D rr rr           STA   VSPRITE_SRCSTRL
000C0Dr 2  AD rr rr           LDA   VSPRITE_ORIGSTRH
000C10r 2  8D rr rr           STA   VSPRITE_SRCSTRH
000C13r 2  A9 00              LDA   #VSPRITE_RESULT_OK
000C15r 2  60                 RTS
000C16r 2               
000C16r 2               ; @label VSPRITE.USE_ROTATED
000C16r 2               ; @kind routine
000C16r 2               ; @symbol vsprite_use_rotated
000C16r 2               ; @summary Point VSPRITE.SRC* at the configured rotated output buffer.
000C16r 2               ; @requires VSPRITE_ROTSPACE VSPRITE_ROTADDR* VSPRITE_ROTSTR*
000C16r 2               ; @out A: 0.
000C16r 2               vsprite_use_rotated:
000C16r 2  AD rr rr           LDA   VSPRITE_ROTSPACE
000C19r 2  8D rr rr           STA   VSPRITE_SRCSPACE
000C1Cr 2  AD rr rr           LDA   VSPRITE_ROTADDRL
000C1Fr 2  8D rr rr           STA   VSPRITE_SRCADDRL
000C22r 2  AD rr rr           LDA   VSPRITE_ROTADDRM
000C25r 2  8D rr rr           STA   VSPRITE_SRCADDRM
000C28r 2  AD rr rr           LDA   VSPRITE_ROTADDRH
000C2Br 2  8D rr rr           STA   VSPRITE_SRCADDRH
000C2Er 2  AD rr rr           LDA   VSPRITE_ROTSTRL
000C31r 2  8D rr rr           STA   VSPRITE_SRCSTRL
000C34r 2  AD rr rr           LDA   VSPRITE_ROTSTRH
000C37r 2  8D rr rr           STA   VSPRITE_SRCSTRH
000C3Ar 2  A9 00              LDA   #VSPRITE_RESULT_OK
000C3Cr 2  60                 RTS
000C3Dr 2               
000C3Dr 2               ; @label VSPRITE.ROTATE
000C3Dr 2               ; @kind routine
000C3Dr 2               ; @symbol vsprite_rotate
000C3Dr 2               ; @summary Rotate the configured square virtual sprite from immutable source into the caller-owned rotated buffer.
000C3Dr 2               ; @requires VSPRITE_ORIGSPACE VSPRITE_ORIGADDR* VSPRITE_ORIGSTR* VSPRITE_ROTSPACE VSPRITE_ROTADDR* VSPRITE_ROTSTR* VSPRITE_WIDTH* VSPRITE_HEIGHT* VSPRITE_ROTANGLE
000C3Dr 2               ; @in VSPRITE_COLORKEY: Fill value for rotated output pixels outside the source bounds.
000C3Dr 2               ; @desc On success, VSPRITE.SRC* is automatically repointed at VSPRITE.ROT* so VSPRITE.GFX_BLIT draws the rotated copy. Hardware requires WIDTH == HEIGHT and both dimensions <= 256.
000C3Dr 2               ; @out A: 0 on success, 1 on error.
000C3Dr 2               vsprite_rotate:
000C3Dr 2  AD rr rr           LDA   VSPRITE_ORIGSPACE
000C40r 2  8D 86 BA           STA   BLT_SRCSPACE
000C43r 2  AD rr rr           LDA   VSPRITE_ROTSPACE
000C46r 2  8D 87 BA           STA   BLT_DSTSPACE
000C49r 2  AD rr rr           LDA   VSPRITE_ORIGADDRL
000C4Cr 2  8D 88 BA           STA   BLT_SRCL
000C4Fr 2  AD rr rr           LDA   VSPRITE_ORIGADDRM
000C52r 2  8D 89 BA           STA   BLT_SRCM
000C55r 2  AD rr rr           LDA   VSPRITE_ORIGADDRH
000C58r 2  8D 8A BA           STA   BLT_SRCH
000C5Br 2  AD rr rr           LDA   VSPRITE_ROTADDRL
000C5Er 2  8D 8B BA           STA   BLT_DSTL
000C61r 2  AD rr rr           LDA   VSPRITE_ROTADDRM
000C64r 2  8D 8C BA           STA   BLT_DSTM
000C67r 2  AD rr rr           LDA   VSPRITE_ROTADDRH
000C6Ar 2  8D 8D BA           STA   BLT_DSTH
000C6Dr 2  AD rr rr           LDA   VSPRITE_WIDTHL
000C70r 2  8D 8E BA           STA   BLT_WIDTHL
000C73r 2  AD rr rr           LDA   VSPRITE_WIDTHH
000C76r 2  8D 8F BA           STA   BLT_WIDTHH
000C79r 2  AD rr rr           LDA   VSPRITE_HEIGHTL
000C7Cr 2  8D 90 BA           STA   BLT_HEIGHTL
000C7Fr 2  AD rr rr           LDA   VSPRITE_HEIGHTH
000C82r 2  8D 91 BA           STA   BLT_HEIGHTH
000C85r 2  AD rr rr           LDA   VSPRITE_ORIGSTRL
000C88r 2  8D 92 BA           STA   BLT_SRCSTRL
000C8Br 2  AD rr rr           LDA   VSPRITE_ORIGSTRH
000C8Er 2  8D 93 BA           STA   BLT_SRCSTRH
000C91r 2  AD rr rr           LDA   VSPRITE_ROTSTRL
000C94r 2  8D 94 BA           STA   BLT_DSTSTRL
000C97r 2  AD rr rr           LDA   VSPRITE_ROTSTRH
000C9Ar 2  8D 95 BA           STA   BLT_DSTSTRH
000C9Dr 2  AD rr rr           LDA   VSPRITE_COLORKEY
000CA0r 2  8D 98 BA           STA   BLT_CKEY
000CA3r 2  AD rr rr           LDA   VSPRITE_ROTANGLE
000CA6r 2  8D A2 BA           STA   BLT_ROTANGLE
000CA9r 2  A9 04              LDA   #BLT_MODE_ROTATE
000CABr 2  8D 96 BA           STA   BLT_MODE_REG
000CAEr 2  A9 01              LDA   #BLT_CMD_START
000CB0r 2  8D 83 BA           STA   BLT_CMD_REG
000CB3r 2  20 rr rr           JSR   blitter_wait
000CB6r 2  C9 00              CMP   #VSPRITE_RESULT_OK
000CB8r 2  D0 03              BNE   @done
000CBAr 2  20 rr rr           JSR   vsprite_use_rotated
000CBDr 2               @done:
000CBDr 2  60                 RTS
000CBEr 2               
000CBEr 2               ; @label VSPRITE.GFX_ADDR
000CBEr 2               ; @kind routine
000CBEr 2               ; @symbol vsprite_gfx_addr
000CBEr 2               ; @summary Convert VSPRITE.X/Y to a linear VGC graphics-plane destination address.
000CBEr 2               ; @requires VSPRITE_XL VSPRITE_XH VSPRITE_Y
000CBEr 2               ; @out VSPRITE_DSTADDR*: y * 320 + x.
000CBEr 2               vsprite_gfx_addr:
000CBEr 2  9C rr rr           STZ   VSPRITE_DSTADDRL
000CC1r 2  AD rr rr           LDA   VSPRITE_Y
000CC4r 2  8D rr rr           STA   VSPRITE_DSTADDRM        ; y * 256
000CC7r 2  9C rr rr           STZ   VSPRITE_DSTADDRH
000CCAr 2               
000CCAr 2  AD rr rr           LDA   VSPRITE_Y               ; add y * 64
000CCDr 2  4A                 LSR
000CCEr 2  4A                 LSR
000CCFr 2  85 rr              STA   VSPRITE_TMP
000CD1r 2  AD rr rr           LDA   VSPRITE_Y
000CD4r 2  0A                 ASL
000CD5r 2  0A                 ASL
000CD6r 2  0A                 ASL
000CD7r 2  0A                 ASL
000CD8r 2  0A                 ASL
000CD9r 2  0A                 ASL
000CDAr 2  18                 CLC
000CDBr 2  6D rr rr           ADC   VSPRITE_DSTADDRL
000CDEr 2  8D rr rr           STA   VSPRITE_DSTADDRL
000CE1r 2  AD rr rr           LDA   VSPRITE_DSTADDRM
000CE4r 2  65 rr              ADC   VSPRITE_TMP
000CE6r 2  8D rr rr           STA   VSPRITE_DSTADDRM
000CE9r 2  90 03              BCC   @add_x
000CEBr 2  EE rr rr           INC   VSPRITE_DSTADDRH
000CEEr 2               
000CEEr 2               @add_x:
000CEEr 2  AD rr rr           LDA   VSPRITE_DSTADDRL
000CF1r 2  18                 CLC
000CF2r 2  6D rr rr           ADC   VSPRITE_XL
000CF5r 2  8D rr rr           STA   VSPRITE_DSTADDRL
000CF8r 2  AD rr rr           LDA   VSPRITE_DSTADDRM
000CFBr 2  6D rr rr           ADC   VSPRITE_XH
000CFEr 2  8D rr rr           STA   VSPRITE_DSTADDRM
000D01r 2  90 03              BCC   @done
000D03r 2  EE rr rr           INC   VSPRITE_DSTADDRH
000D06r 2               @done:
000D06r 2  60                 RTS
000D07r 2               
000D07r 2               ; @label VSPRITE.GFX_BLIT
000D07r 2               ; @kind routine
000D07r 2               ; @symbol vsprite_gfx_blit
000D07r 2               ; @summary Copy the configured virtual sprite to the VGC graphics plane at X/Y.
000D07r 2               ; @requires VSPRITE_XL VSPRITE_XH VSPRITE_Y VSPRITE_SRCSPACE VSPRITE_SRCADDR* VSPRITE_WIDTH* VSPRITE_HEIGHT* VSPRITE_SRCSTR*
000D07r 2               ; @in VSPRITE_COLORKEY: Source transparent color when VSPRITE_FLAG_COLORKEY is set; normally match this to VGC_GFXTRANS for graphics-plane virtual sprites.
000D07r 2               ; @out A: 0 on success, 1 on error.
000D07r 2               vsprite_gfx_blit:
000D07r 2  20 rr rr           JSR   vsprite_gfx_addr
000D0Ar 2  A9 03              LDA   #BLT_SPACE_VGC_GFX
000D0Cr 2  8D rr rr           STA   VSPRITE_DSTSPACE
000D0Fr 2  A9 40              LDA   #<VSPRITE_GFX_STRIDE
000D11r 2  8D rr rr           STA   VSPRITE_DSTSTRL
000D14r 2  A9 01              LDA   #>VSPRITE_GFX_STRIDE
000D16r 2  8D rr rr           STA   VSPRITE_DSTSTRH
000D19r 2  4C rr rr           JMP   vsprite_blit
000D1Cr 2               
000D1Cr 2               ; @label VSPRITE.GFX_BLIT_START
000D1Cr 2               ; @kind routine
000D1Cr 2               ; @symbol vsprite_gfx_blit_start
000D1Cr 2               ; @summary Start copying the configured virtual sprite to the VGC graphics plane at X/Y without waiting for completion.
000D1Cr 2               ; @requires VSPRITE_XL VSPRITE_XH VSPRITE_Y VSPRITE_SRCSPACE VSPRITE_SRCADDR* VSPRITE_WIDTH* VSPRITE_HEIGHT* VSPRITE_SRCSTR*
000D1Cr 2               ; @out A: 0 after the blit command is issued.
000D1Cr 2               vsprite_gfx_blit_start:
000D1Cr 2  20 rr rr           JSR   vsprite_gfx_addr
000D1Fr 2  A9 03              LDA   #BLT_SPACE_VGC_GFX
000D21r 2  8D rr rr           STA   VSPRITE_DSTSPACE
000D24r 2  A9 40              LDA   #<VSPRITE_GFX_STRIDE
000D26r 2  8D rr rr           STA   VSPRITE_DSTSTRL
000D29r 2  A9 01              LDA   #>VSPRITE_GFX_STRIDE
000D2Br 2  8D rr rr           STA   VSPRITE_DSTSTRH
000D2Er 2  4C rr rr           JMP   vsprite_blit_start
000D31r 2               
000D31r 2               ; @label VSPRITE.GFX_ROTATE_BLIT
000D31r 2               ; @kind routine
000D31r 2               ; @symbol vsprite_gfx_rotate_blit
000D31r 2               ; @summary Rotate the configured virtual sprite offscreen, wait for the next frame, then copy the full rotated bounds to the graphics plane at X/Y.
000D31r 2               ; @requires VSPRITE_XL VSPRITE_XH VSPRITE_Y VSPRITE_ORIGSPACE VSPRITE_ORIGADDR* VSPRITE_ORIGSTR* VSPRITE_ROTSPACE VSPRITE_ROTADDR* VSPRITE_ROTSTR* VSPRITE_WIDTH* VSPRITE_HEIGHT* VSPRITE_ROTANGLE
000D31r 2               ; @in VSPRITE_COLORKEY: Fill value for rotated output pixels outside the source bounds; normally match this to VGC_GFXTRANS.
000D31r 2               ; @desc The final graphics blit is intentionally non-color-keyed so transparent pixels from the rotated buffer clear the previous frame in the same visible copy.
000D31r 2               ; @out A: 0 on success, 1 on error.
000D31r 2               vsprite_gfx_rotate_blit:
000D31r 2  20 rr rr           JSR   vsprite_rotate
000D34r 2  C9 00              CMP   #VSPRITE_RESULT_OK
000D36r 2  D0 06              BNE   @done
000D38r 2  20 rr rr           JSR   vsprite_wait_frame
000D3Br 2  4C rr rr           JMP   vsprite_gfx_blit_rotated
000D3Er 2               @done:
000D3Er 2  60                 RTS
000D3Fr 2               
000D3Fr 2               ; @label VSPRITE.GFX_ROTATE_BLIT_KEYED
000D3Fr 2               ; @kind routine
000D3Fr 2               ; @symbol vsprite_gfx_rotate_blit_keyed
000D3Fr 2               ; @summary Rotate the configured virtual sprite, wait for the next frame, then blit it with the caller's VSPRITE.FLAGS.
000D3Fr 2               ; @requires VSPRITE.X/Y VSPRITE.ORIG* VSPRITE.ROT* VSPRITE.WIDTH/HEIGHT VSPRITE.ROTANGLE
000D3Fr 2               ; @in VSPRITE_FLAGS: Set VSPRITE_FLAG_COLORKEY to preserve existing graphics-plane pixels where the rotated sprite is transparent.
000D3Fr 2               ; @out A: 0 on success, 1 on error.
000D3Fr 2               vsprite_gfx_rotate_blit_keyed:
000D3Fr 2  20 rr rr           JSR   vsprite_rotate
000D42r 2  C9 00              CMP   #VSPRITE_RESULT_OK
000D44r 2  D0 06              BNE   @done
000D46r 2  20 rr rr           JSR   vsprite_wait_frame
000D49r 2  4C rr rr           JMP   vsprite_gfx_blit
000D4Cr 2               @done:
000D4Cr 2  60                 RTS
000D4Dr 2               
000D4Dr 2               ; @label VSPRITE.GFX_ROTATE_BLIT_NOWAIT
000D4Dr 2               ; @kind routine
000D4Dr 2               ; @symbol vsprite_gfx_rotate_blit_nowait
000D4Dr 2               ; @summary Rotate the configured virtual sprite offscreen, then start copying the full rotated bounds to graphics memory without waiting for VGC.FRAME or final blit completion.
000D4Dr 2               ; @requires VSPRITE_XL VSPRITE_XH VSPRITE_Y VSPRITE_ORIGSPACE VSPRITE_ORIGADDR* VSPRITE_ORIGSTR* VSPRITE_ROTSPACE VSPRITE_ROTADDR* VSPRITE_ROTSTR* VSPRITE_WIDTH* VSPRITE_HEIGHT* VSPRITE_ROTANGLE
000D4Dr 2               ; @in VSPRITE_COLORKEY: Fill value for rotated output pixels outside the source bounds; normally match this to VGC_GFXTRANS.
000D4Dr 2               ; @desc Use this in command/REPL paths or runtimes that already own frame pacing.
000D4Dr 2               ; @out A: 0 on success, 1 on error.
000D4Dr 2               vsprite_gfx_rotate_blit_nowait:
000D4Dr 2  20 rr rr           JSR   vsprite_rotate
000D50r 2  C9 00              CMP   #VSPRITE_RESULT_OK
000D52r 2  D0 25              BNE   vsprite_gfx_rotate_done
000D54r 2  AD rr rr           LDA   VSPRITE_FLAGS
000D57r 2  48                 PHA
000D58r 2  9C rr rr           STZ   VSPRITE_FLAGS
000D5Br 2  20 rr rr           JSR   vsprite_gfx_blit_start
000D5Er 2  85 rr              STA   VSPRITE_TMP
000D60r 2  68                 PLA
000D61r 2  8D rr rr           STA   VSPRITE_FLAGS
000D64r 2  A5 rr              LDA   VSPRITE_TMP
000D66r 2  60                 RTS
000D67r 2               
000D67r 2               vsprite_gfx_blit_rotated:
000D67r 2  AD rr rr           LDA   VSPRITE_FLAGS
000D6Ar 2  48                 PHA
000D6Br 2  9C rr rr           STZ   VSPRITE_FLAGS
000D6Er 2  20 rr rr           JSR   vsprite_gfx_blit
000D71r 2  85 rr              STA   VSPRITE_TMP
000D73r 2  68                 PLA
000D74r 2  8D rr rr           STA   VSPRITE_FLAGS
000D77r 2  A5 rr              LDA   VSPRITE_TMP
000D79r 2               vsprite_gfx_rotate_done:
000D79r 2  60                 RTS
000D7Ar 2               
000D7Ar 2               vsprite_wait_frame:
000D7Ar 2  AD 08 A0           LDA   VGC_FRAME
000D7Dr 2               @wait:
000D7Dr 2  CD 08 A0           CMP   VGC_FRAME
000D80r 2  F0 FB              BEQ   @wait
000D82r 2  60                 RTS
000D83r 2               
000D83r 2               ; @label VSPRITE.GFX_FILL
000D83r 2               ; @kind routine
000D83r 2               ; @symbol vsprite_gfx_fill
000D83r 2               ; @summary Fill a graphics-plane rectangle at VSPRITE.X/Y.
000D83r 2               ; @requires VSPRITE_XL VSPRITE_XH VSPRITE_Y VSPRITE_WIDTH* VSPRITE_HEIGHT* VSPRITE_FILLVALUE
000D83r 2               ; @out A: 0 on success, 1 on error.
000D83r 2               vsprite_gfx_fill:
000D83r 2  20 rr rr           JSR   vsprite_gfx_addr
000D86r 2  A9 03              LDA   #BLT_SPACE_VGC_GFX
000D88r 2  8D rr rr           STA   VSPRITE_DSTSPACE
000D8Br 2  A9 40              LDA   #<VSPRITE_GFX_STRIDE
000D8Dr 2  8D rr rr           STA   VSPRITE_DSTSTRL
000D90r 2  A9 01              LDA   #>VSPRITE_GFX_STRIDE
000D92r 2  8D rr rr           STA   VSPRITE_DSTSTRH
000D95r 2  4C rr rr           JMP   vsprite_fill
000D98r 2               
000D98r 2               ; @label VSPRITE.GFX_SAVE_BG
000D98r 2               ; @kind routine
000D98r 2               ; @symbol vsprite_gfx_save_bg
000D98r 2               ; @summary Save a graphics-plane rectangle under VSPRITE.X/Y into the caller-owned VSPRITE.BG* buffer.
000D98r 2               ; @requires VSPRITE_XL VSPRITE_XH VSPRITE_Y VSPRITE_WIDTH* VSPRITE_HEIGHT* VSPRITE_BGSPACE VSPRITE_BGADDR* VSPRITE_BGSTR*
000D98r 2               ; @out A: 0 on success, 1 on error.
000D98r 2               vsprite_gfx_save_bg:
000D98r 2  20 rr rr           JSR   vsprite_gfx_addr
000D9Br 2  A9 03              LDA   #BLT_SPACE_VGC_GFX
000D9Dr 2  8D 86 BA           STA   BLT_SRCSPACE
000DA0r 2  AD rr rr           LDA   VSPRITE_BGSPACE
000DA3r 2  8D 87 BA           STA   BLT_DSTSPACE
000DA6r 2  AD rr rr           LDA   VSPRITE_DSTADDRL
000DA9r 2  8D 88 BA           STA   BLT_SRCL
000DACr 2  AD rr rr           LDA   VSPRITE_DSTADDRM
000DAFr 2  8D 89 BA           STA   BLT_SRCM
000DB2r 2  AD rr rr           LDA   VSPRITE_DSTADDRH
000DB5r 2  8D 8A BA           STA   BLT_SRCH
000DB8r 2  AD rr rr           LDA   VSPRITE_BGADDRL
000DBBr 2  8D 8B BA           STA   BLT_DSTL
000DBEr 2  AD rr rr           LDA   VSPRITE_BGADDRM
000DC1r 2  8D 8C BA           STA   BLT_DSTM
000DC4r 2  AD rr rr           LDA   VSPRITE_BGADDRH
000DC7r 2  8D 8D BA           STA   BLT_DSTH
000DCAr 2  AD rr rr           LDA   VSPRITE_WIDTHL
000DCDr 2  8D 8E BA           STA   BLT_WIDTHL
000DD0r 2  AD rr rr           LDA   VSPRITE_WIDTHH
000DD3r 2  8D 8F BA           STA   BLT_WIDTHH
000DD6r 2  AD rr rr           LDA   VSPRITE_HEIGHTL
000DD9r 2  8D 90 BA           STA   BLT_HEIGHTL
000DDCr 2  AD rr rr           LDA   VSPRITE_HEIGHTH
000DDFr 2  8D 91 BA           STA   BLT_HEIGHTH
000DE2r 2  A9 40              LDA   #<VSPRITE_GFX_STRIDE
000DE4r 2  8D 92 BA           STA   BLT_SRCSTRL
000DE7r 2  A9 01              LDA   #>VSPRITE_GFX_STRIDE
000DE9r 2  8D 93 BA           STA   BLT_SRCSTRH
000DECr 2  AD rr rr           LDA   VSPRITE_BGSTRL
000DEFr 2  8D 94 BA           STA   BLT_DSTSTRL
000DF2r 2  AD rr rr           LDA   VSPRITE_BGSTRH
000DF5r 2  8D 95 BA           STA   BLT_DSTSTRH
000DF8r 2  4C rr rr           JMP   blitter_start_copy
000DFBr 2               
000DFBr 2               ; @label VSPRITE.GFX_RESTORE_BG
000DFBr 2               ; @kind routine
000DFBr 2               ; @symbol vsprite_gfx_restore_bg
000DFBr 2               ; @summary Restore a caller-owned VSPRITE.BG* buffer into the graphics plane at VSPRITE.X/Y.
000DFBr 2               ; @requires VSPRITE_XL VSPRITE_XH VSPRITE_Y VSPRITE_WIDTH* VSPRITE_HEIGHT* VSPRITE_BGSPACE VSPRITE_BGADDR* VSPRITE_BGSTR*
000DFBr 2               ; @out A: 0 on success, 1 on error.
000DFBr 2               vsprite_gfx_restore_bg:
000DFBr 2  20 rr rr           JSR   vsprite_gfx_addr
000DFEr 2  AD rr rr           LDA   VSPRITE_BGSPACE
000E01r 2  8D 86 BA           STA   BLT_SRCSPACE
000E04r 2  A9 03              LDA   #BLT_SPACE_VGC_GFX
000E06r 2  8D 87 BA           STA   BLT_DSTSPACE
000E09r 2  AD rr rr           LDA   VSPRITE_BGADDRL
000E0Cr 2  8D 88 BA           STA   BLT_SRCL
000E0Fr 2  AD rr rr           LDA   VSPRITE_BGADDRM
000E12r 2  8D 89 BA           STA   BLT_SRCM
000E15r 2  AD rr rr           LDA   VSPRITE_BGADDRH
000E18r 2  8D 8A BA           STA   BLT_SRCH
000E1Br 2  AD rr rr           LDA   VSPRITE_DSTADDRL
000E1Er 2  8D 8B BA           STA   BLT_DSTL
000E21r 2  AD rr rr           LDA   VSPRITE_DSTADDRM
000E24r 2  8D 8C BA           STA   BLT_DSTM
000E27r 2  AD rr rr           LDA   VSPRITE_DSTADDRH
000E2Ar 2  8D 8D BA           STA   BLT_DSTH
000E2Dr 2  AD rr rr           LDA   VSPRITE_WIDTHL
000E30r 2  8D 8E BA           STA   BLT_WIDTHL
000E33r 2  AD rr rr           LDA   VSPRITE_WIDTHH
000E36r 2  8D 8F BA           STA   BLT_WIDTHH
000E39r 2  AD rr rr           LDA   VSPRITE_HEIGHTL
000E3Cr 2  8D 90 BA           STA   BLT_HEIGHTL
000E3Fr 2  AD rr rr           LDA   VSPRITE_HEIGHTH
000E42r 2  8D 91 BA           STA   BLT_HEIGHTH
000E45r 2  AD rr rr           LDA   VSPRITE_BGSTRL
000E48r 2  8D 92 BA           STA   BLT_SRCSTRL
000E4Br 2  AD rr rr           LDA   VSPRITE_BGSTRH
000E4Er 2  8D 93 BA           STA   BLT_SRCSTRH
000E51r 2  A9 40              LDA   #<VSPRITE_GFX_STRIDE
000E53r 2  8D 94 BA           STA   BLT_DSTSTRL
000E56r 2  A9 01              LDA   #>VSPRITE_GFX_STRIDE
000E58r 2  8D 95 BA           STA   BLT_DSTSTRH
000E5Br 2  4C rr rr           JMP   blitter_start_copy
000E5Er 2               
000E5Er 2               ; @label VSPRITE.SCENE_BEGIN
000E5Er 2               ; @kind routine
000E5Er 2               ; @symbol vsprite_scene_begin
000E5Er 2               ; @summary Restore all saved old backgrounds in the configured scene descriptor list.
000E5Er 2               ; @requires VSPRITE_SCENE_ADDRL VSPRITE_SCENE_ADDRH VSPRITE_SCENE_COUNT
000E5Er 2               ; @desc Call this once per animation frame before updating descriptor X/Y values. Descriptors with VSPRITE.DESC_SAVED are restored and have that internal flag cleared.
000E5Er 2               vsprite_scene_begin:
000E5Er 2  20 rr rr           JSR   vsprite_scene_rewind
000E61r 2               @loop:
000E61r 2  AD rr rr           LDA   VSPRITE_SCENE_REMAIN
000E64r 2  F0 1B              BEQ   @done
000E66r 2  A0 00              LDY   #VSPRITE_DESC_FLAGS
000E68r 2  B1 rr              LDA   (VSPRITE_DESC_PTR),Y
000E6Ar 2  29 40              AND   #VSPRITE_DESC_SAVED
000E6Cr 2  F0 0E              BEQ   @next
000E6Er 2  20 rr rr           JSR   vsprite_scene_load_old
000E71r 2  20 rr rr           JSR   vsprite_gfx_restore_bg
000E74r 2  A0 00              LDY   #VSPRITE_DESC_FLAGS
000E76r 2  B1 rr              LDA   (VSPRITE_DESC_PTR),Y
000E78r 2  29 BF              AND   #$BF
000E7Ar 2  91 rr              STA   (VSPRITE_DESC_PTR),Y
000E7Cr 2               @next:
000E7Cr 2  20 rr rr           JSR   vsprite_scene_next
000E7Fr 2  80 E0              BRA   @loop
000E81r 2               @done:
000E81r 2  60                 RTS
000E82r 2               
000E82r 2               ; @label VSPRITE.SCENE_COMMIT
000E82r 2               ; @kind routine
000E82r 2               ; @symbol vsprite_scene_commit
000E82r 2               ; @summary Save all current backgrounds, then draw all visible descriptors in list order.
000E82r 2               ; @requires VSPRITE_SCENE_ADDRL VSPRITE_SCENE_ADDRH VSPRITE_SCENE_COUNT
000E82r 2               ; @desc List order is z-order: later descriptors draw in front of earlier descriptors.
000E82r 2               vsprite_scene_commit:
000E82r 2  20 rr rr           JSR   vsprite_scene_save
000E85r 2                     ; fall through
000E85r 2               
000E85r 2               ; @label VSPRITE.SCENE_DRAW
000E85r 2               ; @kind routine
000E85r 2               ; @symbol vsprite_scene_draw
000E85r 2               ; @summary Draw all visible descriptors in list order without saving backgrounds.
000E85r 2               ; @requires VSPRITE_SCENE_ADDRL VSPRITE_SCENE_ADDRH VSPRITE_SCENE_COUNT
000E85r 2               vsprite_scene_draw:
000E85r 2  20 rr rr           JSR   vsprite_scene_rewind
000E88r 2               @loop:
000E88r 2  AD rr rr           LDA   VSPRITE_SCENE_REMAIN
000E8Br 2  F0 13              BEQ   @done
000E8Dr 2  A0 00              LDY   #VSPRITE_DESC_FLAGS
000E8Fr 2  B1 rr              LDA   (VSPRITE_DESC_PTR),Y
000E91r 2  29 80              AND   #VSPRITE_DESC_VISIBLE
000E93r 2  F0 06              BEQ   @next
000E95r 2  20 rr rr           JSR   vsprite_scene_load_current
000E98r 2  20 rr rr           JSR   vsprite_gfx_blit
000E9Br 2               @next:
000E9Br 2  20 rr rr           JSR   vsprite_scene_next
000E9Er 2  80 E8              BRA   @loop
000EA0r 2               @done:
000EA0r 2  60                 RTS
000EA1r 2               
000EA1r 2               ; @label VSPRITE.SCENE_COMMIT_ATOMIC
000EA1r 2               ; @kind routine
000EA1r 2               ; @symbol vsprite_scene_commit_atomic
000EA1r 2               ; @summary Compose a scene into a caller-owned work buffer, then commit the completed dirty rectangle to graphics memory.
000EA1r 2               ; @requires VSPRITE_SCENE_ADDRL VSPRITE_SCENE_ADDRH VSPRITE_SCENE_COUNT VSPRITE_SCENE_X* VSPRITE_SCENE_Y VSPRITE_SCENE_WIDTH* VSPRITE_SCENE_HEIGHT* VSPRITE_SCENE_WORK*
000EA1r 2               ; @desc The final visible commit is one graphics-plane blit. It is visually atomic only when the dirty rectangle fits in one vblank-safe write window.
000EA1r 2               vsprite_scene_commit_atomic:
000EA1r 2  20 rr rr           JSR   vsprite_scene_gfx_to_work
000EA4r 2  20 rr rr           JSR   vsprite_scene_restore_old_to_work
000EA7r 2  20 rr rr           JSR   vsprite_scene_save_current_from_work
000EAAr 2  20 rr rr           JSR   vsprite_scene_draw_current_to_work
000EADr 2  4C rr rr           JMP   vsprite_scene_work_to_gfx
000EB0r 2               
000EB0r 2               vsprite_scene_gfx_to_work:
000EB0r 2  AD rr rr           LDA   VSPRITE_SCENE_XL
000EB3r 2  8D rr rr           STA   VSPRITE_XL
000EB6r 2  AD rr rr           LDA   VSPRITE_SCENE_XH
000EB9r 2  8D rr rr           STA   VSPRITE_XH
000EBCr 2  AD rr rr           LDA   VSPRITE_SCENE_Y
000EBFr 2  8D rr rr           STA   VSPRITE_Y
000EC2r 2  20 rr rr           JSR   vsprite_gfx_addr
000EC5r 2  A9 03              LDA   #BLT_SPACE_VGC_GFX
000EC7r 2  8D 86 BA           STA   BLT_SRCSPACE
000ECAr 2  AD rr rr           LDA   VSPRITE_SCENE_WORKSPACE
000ECDr 2  8D 87 BA           STA   BLT_DSTSPACE
000ED0r 2  AD rr rr           LDA   VSPRITE_DSTADDRL
000ED3r 2  8D 88 BA           STA   BLT_SRCL
000ED6r 2  AD rr rr           LDA   VSPRITE_DSTADDRM
000ED9r 2  8D 89 BA           STA   BLT_SRCM
000EDCr 2  AD rr rr           LDA   VSPRITE_DSTADDRH
000EDFr 2  8D 8A BA           STA   BLT_SRCH
000EE2r 2  AD rr rr           LDA   VSPRITE_SCENE_WORKADDRL
000EE5r 2  8D 8B BA           STA   BLT_DSTL
000EE8r 2  AD rr rr           LDA   VSPRITE_SCENE_WORKADDRM
000EEBr 2  8D 8C BA           STA   BLT_DSTM
000EEEr 2  AD rr rr           LDA   VSPRITE_SCENE_WORKADDRH
000EF1r 2  8D 8D BA           STA   BLT_DSTH
000EF4r 2  20 rr rr           JSR   vsprite_scene_load_dirty_size
000EF7r 2  A9 40              LDA   #<VSPRITE_GFX_STRIDE
000EF9r 2  8D 92 BA           STA   BLT_SRCSTRL
000EFCr 2  A9 01              LDA   #>VSPRITE_GFX_STRIDE
000EFEr 2  8D 93 BA           STA   BLT_SRCSTRH
000F01r 2  AD rr rr           LDA   VSPRITE_SCENE_WORKSTRL
000F04r 2  8D 94 BA           STA   BLT_DSTSTRL
000F07r 2  AD rr rr           LDA   VSPRITE_SCENE_WORKSTRH
000F0Ar 2  8D 95 BA           STA   BLT_DSTSTRH
000F0Dr 2  4C rr rr           JMP   blitter_start_copy
000F10r 2               
000F10r 2               vsprite_scene_work_to_gfx:
000F10r 2  AD rr rr           LDA   VSPRITE_SCENE_XL
000F13r 2  8D rr rr           STA   VSPRITE_XL
000F16r 2  AD rr rr           LDA   VSPRITE_SCENE_XH
000F19r 2  8D rr rr           STA   VSPRITE_XH
000F1Cr 2  AD rr rr           LDA   VSPRITE_SCENE_Y
000F1Fr 2  8D rr rr           STA   VSPRITE_Y
000F22r 2  20 rr rr           JSR   vsprite_gfx_addr
000F25r 2  AD rr rr           LDA   VSPRITE_SCENE_WORKSPACE
000F28r 2  8D 86 BA           STA   BLT_SRCSPACE
000F2Br 2  A9 03              LDA   #BLT_SPACE_VGC_GFX
000F2Dr 2  8D 87 BA           STA   BLT_DSTSPACE
000F30r 2  AD rr rr           LDA   VSPRITE_SCENE_WORKADDRL
000F33r 2  8D 88 BA           STA   BLT_SRCL
000F36r 2  AD rr rr           LDA   VSPRITE_SCENE_WORKADDRM
000F39r 2  8D 89 BA           STA   BLT_SRCM
000F3Cr 2  AD rr rr           LDA   VSPRITE_SCENE_WORKADDRH
000F3Fr 2  8D 8A BA           STA   BLT_SRCH
000F42r 2  AD rr rr           LDA   VSPRITE_DSTADDRL
000F45r 2  8D 8B BA           STA   BLT_DSTL
000F48r 2  AD rr rr           LDA   VSPRITE_DSTADDRM
000F4Br 2  8D 8C BA           STA   BLT_DSTM
000F4Er 2  AD rr rr           LDA   VSPRITE_DSTADDRH
000F51r 2  8D 8D BA           STA   BLT_DSTH
000F54r 2  20 rr rr           JSR   vsprite_scene_load_dirty_size
000F57r 2  AD rr rr           LDA   VSPRITE_SCENE_WORKSTRL
000F5Ar 2  8D 92 BA           STA   BLT_SRCSTRL
000F5Dr 2  AD rr rr           LDA   VSPRITE_SCENE_WORKSTRH
000F60r 2  8D 93 BA           STA   BLT_SRCSTRH
000F63r 2  A9 40              LDA   #<VSPRITE_GFX_STRIDE
000F65r 2  8D 94 BA           STA   BLT_DSTSTRL
000F68r 2  A9 01              LDA   #>VSPRITE_GFX_STRIDE
000F6Ar 2  8D 95 BA           STA   BLT_DSTSTRH
000F6Dr 2  4C rr rr           JMP   blitter_start_copy
000F70r 2               
000F70r 2               vsprite_scene_load_dirty_size:
000F70r 2  AD rr rr           LDA   VSPRITE_SCENE_WIDTHL
000F73r 2  8D 8E BA           STA   BLT_WIDTHL
000F76r 2  AD rr rr           LDA   VSPRITE_SCENE_WIDTHH
000F79r 2  8D 8F BA           STA   BLT_WIDTHH
000F7Cr 2  AD rr rr           LDA   VSPRITE_SCENE_HEIGHTL
000F7Fr 2  8D 90 BA           STA   BLT_HEIGHTL
000F82r 2  AD rr rr           LDA   VSPRITE_SCENE_HEIGHTH
000F85r 2  8D 91 BA           STA   BLT_HEIGHTH
000F88r 2  60                 RTS
000F89r 2               
000F89r 2               vsprite_scene_restore_old_to_work:
000F89r 2  20 rr rr           JSR   vsprite_scene_rewind
000F8Cr 2               @loop:
000F8Cr 2  AD rr rr           LDA   VSPRITE_SCENE_REMAIN
000F8Fr 2  F0 61              BEQ   @done
000F91r 2  A0 00              LDY   #VSPRITE_DESC_FLAGS
000F93r 2  B1 rr              LDA   (VSPRITE_DESC_PTR),Y
000F95r 2  29 40              AND   #VSPRITE_DESC_SAVED
000F97r 2  F0 54              BEQ   @next
000F99r 2  20 rr rr           JSR   vsprite_scene_load_old
000F9Cr 2  20 rr rr           JSR   vsprite_scene_calc_work_addr
000F9Fr 2  AD rr rr           LDA   VSPRITE_BGSPACE
000FA2r 2  8D 86 BA           STA   BLT_SRCSPACE
000FA5r 2  AD rr rr           LDA   VSPRITE_SCENE_WORKSPACE
000FA8r 2  8D 87 BA           STA   BLT_DSTSPACE
000FABr 2  AD rr rr           LDA   VSPRITE_BGADDRL
000FAEr 2  8D 88 BA           STA   BLT_SRCL
000FB1r 2  AD rr rr           LDA   VSPRITE_BGADDRM
000FB4r 2  8D 89 BA           STA   BLT_SRCM
000FB7r 2  AD rr rr           LDA   VSPRITE_BGADDRH
000FBAr 2  8D 8A BA           STA   BLT_SRCH
000FBDr 2  AD rr rr           LDA   VSPRITE_DSTADDRL
000FC0r 2  8D 8B BA           STA   BLT_DSTL
000FC3r 2  AD rr rr           LDA   VSPRITE_DSTADDRM
000FC6r 2  8D 8C BA           STA   BLT_DSTM
000FC9r 2  AD rr rr           LDA   VSPRITE_DSTADDRH
000FCCr 2  8D 8D BA           STA   BLT_DSTH
000FCFr 2  20 rr rr           JSR   vsprite_scene_load_sprite_size
000FD2r 2  AD rr rr           LDA   VSPRITE_BGSTRL
000FD5r 2  8D 92 BA           STA   BLT_SRCSTRL
000FD8r 2  AD rr rr           LDA   VSPRITE_BGSTRH
000FDBr 2  8D 93 BA           STA   BLT_SRCSTRH
000FDEr 2  AD rr rr           LDA   VSPRITE_SCENE_WORKSTRL
000FE1r 2  8D 94 BA           STA   BLT_DSTSTRL
000FE4r 2  AD rr rr           LDA   VSPRITE_SCENE_WORKSTRH
000FE7r 2  8D 95 BA           STA   BLT_DSTSTRH
000FEAr 2  20 rr rr           JSR   blitter_start_copy
000FEDr 2               @next:
000FEDr 2  20 rr rr           JSR   vsprite_scene_next
000FF0r 2  80 9A              BRA   @loop
000FF2r 2               @done:
000FF2r 2  60                 RTS
000FF3r 2               
000FF3r 2               vsprite_scene_save_current_from_work:
000FF3r 2  20 rr rr           JSR   vsprite_scene_rewind
000FF6r 2               @loop:
000FF6r 2  AD rr rr           LDA   VSPRITE_SCENE_REMAIN
000FF9r 2  F0 6C              BEQ   @done
000FFBr 2  A0 00              LDY   #VSPRITE_DESC_FLAGS
000FFDr 2  B1 rr              LDA   (VSPRITE_DESC_PTR),Y
000FFFr 2  29 80              AND   #VSPRITE_DESC_VISIBLE
001001r 2  F0 5F              BEQ   @next
001003r 2  20 rr rr           JSR   vsprite_scene_load_current
001006r 2  20 rr rr           JSR   vsprite_scene_calc_work_addr
001009r 2  AD rr rr           LDA   VSPRITE_SCENE_WORKSPACE
00100Cr 2  8D 86 BA           STA   BLT_SRCSPACE
00100Fr 2  AD rr rr           LDA   VSPRITE_BGSPACE
001012r 2  8D 87 BA           STA   BLT_DSTSPACE
001015r 2  AD rr rr           LDA   VSPRITE_DSTADDRL
001018r 2  8D 88 BA           STA   BLT_SRCL
00101Br 2  AD rr rr           LDA   VSPRITE_DSTADDRM
00101Er 2  8D 89 BA           STA   BLT_SRCM
001021r 2  AD rr rr           LDA   VSPRITE_DSTADDRH
001024r 2  8D 8A BA           STA   BLT_SRCH
001027r 2  AD rr rr           LDA   VSPRITE_BGADDRL
00102Ar 2  8D 8B BA           STA   BLT_DSTL
00102Dr 2  AD rr rr           LDA   VSPRITE_BGADDRM
001030r 2  8D 8C BA           STA   BLT_DSTM
001033r 2  AD rr rr           LDA   VSPRITE_BGADDRH
001036r 2  8D 8D BA           STA   BLT_DSTH
001039r 2  20 rr rr           JSR   vsprite_scene_load_sprite_size
00103Cr 2  AD rr rr           LDA   VSPRITE_SCENE_WORKSTRL
00103Fr 2  8D 92 BA           STA   BLT_SRCSTRL
001042r 2  AD rr rr           LDA   VSPRITE_SCENE_WORKSTRH
001045r 2  8D 93 BA           STA   BLT_SRCSTRH
001048r 2  AD rr rr           LDA   VSPRITE_BGSTRL
00104Br 2  8D 94 BA           STA   BLT_DSTSTRL
00104Er 2  AD rr rr           LDA   VSPRITE_BGSTRH
001051r 2  8D 95 BA           STA   BLT_DSTSTRH
001054r 2  20 rr rr           JSR   blitter_start_copy
001057r 2  20 rr rr           JSR   vsprite_scene_store_old
00105Ar 2  A0 00              LDY   #VSPRITE_DESC_FLAGS
00105Cr 2  B1 rr              LDA   (VSPRITE_DESC_PTR),Y
00105Er 2  09 40              ORA   #VSPRITE_DESC_SAVED
001060r 2  91 rr              STA   (VSPRITE_DESC_PTR),Y
001062r 2               @next:
001062r 2  20 rr rr           JSR   vsprite_scene_next
001065r 2  80 8F              BRA   @loop
001067r 2               @done:
001067r 2  60                 RTS
001068r 2               
001068r 2               vsprite_scene_draw_current_to_work:
001068r 2  20 rr rr           JSR   vsprite_scene_rewind
00106Br 2               @loop:
00106Br 2  AD rr rr           LDA   VSPRITE_SCENE_REMAIN
00106Er 2  F0 28              BEQ   @done
001070r 2  A0 00              LDY   #VSPRITE_DESC_FLAGS
001072r 2  B1 rr              LDA   (VSPRITE_DESC_PTR),Y
001074r 2  29 80              AND   #VSPRITE_DESC_VISIBLE
001076r 2  F0 1B              BEQ   @next
001078r 2  20 rr rr           JSR   vsprite_scene_load_current
00107Br 2  20 rr rr           JSR   vsprite_scene_calc_work_addr
00107Er 2  AD rr rr           LDA   VSPRITE_SCENE_WORKSPACE
001081r 2  8D rr rr           STA   VSPRITE_DSTSPACE
001084r 2  AD rr rr           LDA   VSPRITE_SCENE_WORKSTRL
001087r 2  8D rr rr           STA   VSPRITE_DSTSTRL
00108Ar 2  AD rr rr           LDA   VSPRITE_SCENE_WORKSTRH
00108Dr 2  8D rr rr           STA   VSPRITE_DSTSTRH
001090r 2  20 rr rr           JSR   vsprite_blit
001093r 2               @next:
001093r 2  20 rr rr           JSR   vsprite_scene_next
001096r 2  80 D3              BRA   @loop
001098r 2               @done:
001098r 2  60                 RTS
001099r 2               
001099r 2               vsprite_scene_load_sprite_size:
001099r 2  AD rr rr           LDA   VSPRITE_WIDTHL
00109Cr 2  8D 8E BA           STA   BLT_WIDTHL
00109Fr 2  AD rr rr           LDA   VSPRITE_WIDTHH
0010A2r 2  8D 8F BA           STA   BLT_WIDTHH
0010A5r 2  AD rr rr           LDA   VSPRITE_HEIGHTL
0010A8r 2  8D 90 BA           STA   BLT_HEIGHTL
0010ABr 2  AD rr rr           LDA   VSPRITE_HEIGHTH
0010AEr 2  8D 91 BA           STA   BLT_HEIGHTH
0010B1r 2  60                 RTS
0010B2r 2               
0010B2r 2               vsprite_scene_calc_work_addr:
0010B2r 2  AD rr rr           LDA   VSPRITE_SCENE_WORKADDRL
0010B5r 2  8D rr rr           STA   VSPRITE_DSTADDRL
0010B8r 2  AD rr rr           LDA   VSPRITE_SCENE_WORKADDRM
0010BBr 2  8D rr rr           STA   VSPRITE_DSTADDRM
0010BEr 2  AD rr rr           LDA   VSPRITE_SCENE_WORKADDRH
0010C1r 2  8D rr rr           STA   VSPRITE_DSTADDRH
0010C4r 2               
0010C4r 2  AD rr rr           LDA   VSPRITE_Y
0010C7r 2  38                 SEC
0010C8r 2  ED rr rr           SBC   VSPRITE_SCENE_Y
0010CBr 2  AA                 TAX
0010CCr 2  F0 1B              BEQ   @add_x
0010CEr 2               @row_loop:
0010CEr 2  AD rr rr           LDA   VSPRITE_DSTADDRL
0010D1r 2  18                 CLC
0010D2r 2  6D rr rr           ADC   VSPRITE_SCENE_WORKSTRL
0010D5r 2  8D rr rr           STA   VSPRITE_DSTADDRL
0010D8r 2  AD rr rr           LDA   VSPRITE_DSTADDRM
0010DBr 2  6D rr rr           ADC   VSPRITE_SCENE_WORKSTRH
0010DEr 2  8D rr rr           STA   VSPRITE_DSTADDRM
0010E1r 2  90 03              BCC   @row_no_carry
0010E3r 2  EE rr rr           INC   VSPRITE_DSTADDRH
0010E6r 2               @row_no_carry:
0010E6r 2  CA                 DEX
0010E7r 2  D0 E5              BNE   @row_loop
0010E9r 2               
0010E9r 2               @add_x:
0010E9r 2  AD rr rr           LDA   VSPRITE_XL
0010ECr 2  38                 SEC
0010EDr 2  ED rr rr           SBC   VSPRITE_SCENE_XL
0010F0r 2  8D rr rr           STA   VSPRITE_SCENE_OFFL
0010F3r 2  AD rr rr           LDA   VSPRITE_XH
0010F6r 2  ED rr rr           SBC   VSPRITE_SCENE_XH
0010F9r 2  8D rr rr           STA   VSPRITE_SCENE_OFFH
0010FCr 2  AD rr rr           LDA   VSPRITE_DSTADDRL
0010FFr 2  18                 CLC
001100r 2  6D rr rr           ADC   VSPRITE_SCENE_OFFL
001103r 2  8D rr rr           STA   VSPRITE_DSTADDRL
001106r 2  AD rr rr           LDA   VSPRITE_DSTADDRM
001109r 2  6D rr rr           ADC   VSPRITE_SCENE_OFFH
00110Cr 2  8D rr rr           STA   VSPRITE_DSTADDRM
00110Fr 2  90 03              BCC   @done
001111r 2  EE rr rr           INC   VSPRITE_DSTADDRH
001114r 2               @done:
001114r 2  60                 RTS
001115r 2               
001115r 2               vsprite_scene_save:
001115r 2  20 rr rr           JSR   vsprite_scene_rewind
001118r 2               @loop:
001118r 2  AD rr rr           LDA   VSPRITE_SCENE_REMAIN
00111Br 2  F0 1E              BEQ   @done
00111Dr 2  A0 00              LDY   #VSPRITE_DESC_FLAGS
00111Fr 2  B1 rr              LDA   (VSPRITE_DESC_PTR),Y
001121r 2  29 80              AND   #VSPRITE_DESC_VISIBLE
001123r 2  F0 11              BEQ   @next
001125r 2  20 rr rr           JSR   vsprite_scene_load_current
001128r 2  20 rr rr           JSR   vsprite_gfx_save_bg
00112Br 2  20 rr rr           JSR   vsprite_scene_store_old
00112Er 2  A0 00              LDY   #VSPRITE_DESC_FLAGS
001130r 2  B1 rr              LDA   (VSPRITE_DESC_PTR),Y
001132r 2  09 40              ORA   #VSPRITE_DESC_SAVED
001134r 2  91 rr              STA   (VSPRITE_DESC_PTR),Y
001136r 2               @next:
001136r 2  20 rr rr           JSR   vsprite_scene_next
001139r 2  80 DD              BRA   @loop
00113Br 2               @done:
00113Br 2  60                 RTS
00113Cr 2               
00113Cr 2               vsprite_scene_rewind:
00113Cr 2  AD rr rr           LDA   VSPRITE_SCENE_ADDRL
00113Fr 2  85 rr              STA   VSPRITE_DESC_PTR
001141r 2  AD rr rr           LDA   VSPRITE_SCENE_ADDRH
001144r 2  85 rr              STA   VSPRITE_DESC_PTR + 1
001146r 2  AD rr rr           LDA   VSPRITE_SCENE_COUNT
001149r 2  8D rr rr           STA   VSPRITE_SCENE_REMAIN
00114Cr 2  60                 RTS
00114Dr 2               
00114Dr 2               vsprite_scene_next:
00114Dr 2  A5 rr              LDA   VSPRITE_DESC_PTR
00114Fr 2  18                 CLC
001150r 2  69 18              ADC   #VSPRITE_DESC_SIZE
001152r 2  85 rr              STA   VSPRITE_DESC_PTR
001154r 2  90 02              BCC   @same_page
001156r 2  E6 rr              INC   VSPRITE_DESC_PTR + 1
001158r 2               @same_page:
001158r 2  CE rr rr           DEC   VSPRITE_SCENE_REMAIN
00115Br 2  60                 RTS
00115Cr 2               
00115Cr 2               vsprite_scene_load_common:
00115Cr 2  A0 07              LDY   #VSPRITE_DESC_WIDTHL
00115Er 2  B1 rr              LDA   (VSPRITE_DESC_PTR),Y
001160r 2  8D rr rr           STA   VSPRITE_WIDTHL
001163r 2  A0 08              LDY   #VSPRITE_DESC_WIDTHH
001165r 2  B1 rr              LDA   (VSPRITE_DESC_PTR),Y
001167r 2  8D rr rr           STA   VSPRITE_WIDTHH
00116Ar 2  A0 09              LDY   #VSPRITE_DESC_HEIGHTL
00116Cr 2  B1 rr              LDA   (VSPRITE_DESC_PTR),Y
00116Er 2  8D rr rr           STA   VSPRITE_HEIGHTL
001171r 2  A0 0A              LDY   #VSPRITE_DESC_HEIGHTH
001173r 2  B1 rr              LDA   (VSPRITE_DESC_PTR),Y
001175r 2  8D rr rr           STA   VSPRITE_HEIGHTH
001178r 2  A0 11              LDY   #VSPRITE_DESC_BGSPACE
00117Ar 2  B1 rr              LDA   (VSPRITE_DESC_PTR),Y
00117Cr 2  8D rr rr           STA   VSPRITE_BGSPACE
00117Fr 2  A0 12              LDY   #VSPRITE_DESC_BGADDRL
001181r 2  B1 rr              LDA   (VSPRITE_DESC_PTR),Y
001183r 2  8D rr rr           STA   VSPRITE_BGADDRL
001186r 2  A0 13              LDY   #VSPRITE_DESC_BGADDRM
001188r 2  B1 rr              LDA   (VSPRITE_DESC_PTR),Y
00118Ar 2  8D rr rr           STA   VSPRITE_BGADDRM
00118Dr 2  A0 14              LDY   #VSPRITE_DESC_BGADDRH
00118Fr 2  B1 rr              LDA   (VSPRITE_DESC_PTR),Y
001191r 2  8D rr rr           STA   VSPRITE_BGADDRH
001194r 2  A0 15              LDY   #VSPRITE_DESC_BGSTRL
001196r 2  B1 rr              LDA   (VSPRITE_DESC_PTR),Y
001198r 2  8D rr rr           STA   VSPRITE_BGSTRL
00119Br 2  A0 16              LDY   #VSPRITE_DESC_BGSTRH
00119Dr 2  B1 rr              LDA   (VSPRITE_DESC_PTR),Y
00119Fr 2  8D rr rr           STA   VSPRITE_BGSTRH
0011A2r 2  60                 RTS
0011A3r 2               
0011A3r 2               vsprite_scene_load_current:
0011A3r 2  20 rr rr           JSR   vsprite_scene_load_common
0011A6r 2  A0 01              LDY   #VSPRITE_DESC_XL
0011A8r 2  B1 rr              LDA   (VSPRITE_DESC_PTR),Y
0011AAr 2  8D rr rr           STA   VSPRITE_XL
0011ADr 2  A0 02              LDY   #VSPRITE_DESC_XH
0011AFr 2  B1 rr              LDA   (VSPRITE_DESC_PTR),Y
0011B1r 2  8D rr rr           STA   VSPRITE_XH
0011B4r 2  A0 03              LDY   #VSPRITE_DESC_Y
0011B6r 2  B1 rr              LDA   (VSPRITE_DESC_PTR),Y
0011B8r 2  8D rr rr           STA   VSPRITE_Y
0011BBr 2  A0 0B              LDY   #VSPRITE_DESC_SRCSPACE
0011BDr 2  B1 rr              LDA   (VSPRITE_DESC_PTR),Y
0011BFr 2  8D rr rr           STA   VSPRITE_SRCSPACE
0011C2r 2  A0 0C              LDY   #VSPRITE_DESC_SRCADDRL
0011C4r 2  B1 rr              LDA   (VSPRITE_DESC_PTR),Y
0011C6r 2  8D rr rr           STA   VSPRITE_SRCADDRL
0011C9r 2  A0 0D              LDY   #VSPRITE_DESC_SRCADDRM
0011CBr 2  B1 rr              LDA   (VSPRITE_DESC_PTR),Y
0011CDr 2  8D rr rr           STA   VSPRITE_SRCADDRM
0011D0r 2  A0 0E              LDY   #VSPRITE_DESC_SRCADDRH
0011D2r 2  B1 rr              LDA   (VSPRITE_DESC_PTR),Y
0011D4r 2  8D rr rr           STA   VSPRITE_SRCADDRH
0011D7r 2  A0 0F              LDY   #VSPRITE_DESC_SRCSTRL
0011D9r 2  B1 rr              LDA   (VSPRITE_DESC_PTR),Y
0011DBr 2  8D rr rr           STA   VSPRITE_SRCSTRL
0011DEr 2  A0 10              LDY   #VSPRITE_DESC_SRCSTRH
0011E0r 2  B1 rr              LDA   (VSPRITE_DESC_PTR),Y
0011E2r 2  8D rr rr           STA   VSPRITE_SRCSTRH
0011E5r 2  A0 17              LDY   #VSPRITE_DESC_COLORKEY
0011E7r 2  B1 rr              LDA   (VSPRITE_DESC_PTR),Y
0011E9r 2  8D rr rr           STA   VSPRITE_COLORKEY
0011ECr 2  A0 00              LDY   #VSPRITE_DESC_FLAGS
0011EEr 2  B1 rr              LDA   (VSPRITE_DESC_PTR),Y
0011F0r 2  29 01              AND   #VSPRITE_DESC_FLAG_COLORKEY
0011F2r 2  8D rr rr           STA   VSPRITE_FLAGS
0011F5r 2  60                 RTS
0011F6r 2               
0011F6r 2               vsprite_scene_load_old:
0011F6r 2  20 rr rr           JSR   vsprite_scene_load_common
0011F9r 2  A0 04              LDY   #VSPRITE_DESC_OLD_XL
0011FBr 2  B1 rr              LDA   (VSPRITE_DESC_PTR),Y
0011FDr 2  8D rr rr           STA   VSPRITE_XL
001200r 2  A0 05              LDY   #VSPRITE_DESC_OLD_XH
001202r 2  B1 rr              LDA   (VSPRITE_DESC_PTR),Y
001204r 2  8D rr rr           STA   VSPRITE_XH
001207r 2  A0 06              LDY   #VSPRITE_DESC_OLD_Y
001209r 2  B1 rr              LDA   (VSPRITE_DESC_PTR),Y
00120Br 2  8D rr rr           STA   VSPRITE_Y
00120Er 2  60                 RTS
00120Fr 2               
00120Fr 2               vsprite_scene_store_old:
00120Fr 2  A0 01              LDY   #VSPRITE_DESC_XL
001211r 2  B1 rr              LDA   (VSPRITE_DESC_PTR),Y
001213r 2  A0 04              LDY   #VSPRITE_DESC_OLD_XL
001215r 2  91 rr              STA   (VSPRITE_DESC_PTR),Y
001217r 2  A0 02              LDY   #VSPRITE_DESC_XH
001219r 2  B1 rr              LDA   (VSPRITE_DESC_PTR),Y
00121Br 2  A0 05              LDY   #VSPRITE_DESC_OLD_XH
00121Dr 2  91 rr              STA   (VSPRITE_DESC_PTR),Y
00121Fr 2  A0 03              LDY   #VSPRITE_DESC_Y
001221r 2  B1 rr              LDA   (VSPRITE_DESC_PTR),Y
001223r 2  A0 06              LDY   #VSPRITE_DESC_OLD_Y
001225r 2  91 rr              STA   (VSPRITE_DESC_PTR),Y
001227r 2  60                 RTS
001228r 2               
001228r 2               .endif
001228r 2               
001228r 1               
