ca65 V2.19 - Git 2c4d4d331
Main file   : novalogo.s
Current file: novalogo.s

000000r 1               ; NovaLogo v1.0 — Logo interpreter for the Nova 6502 platform
000000r 1               ; Task 1.4: line input buffer with backspace handling
000000r 1               
000000r 1                     .include "nova.inc"
000000r 2               ; Shared Nova hardware constants for BASIC, assembly, and runtime libraries.
000000r 2               ;
000000r 2               ; This include is deliberately guarded per symbol so it can coexist with older
000000r 2               ; source files that still define a subset of these names locally.
000000r 2               
000000r 2               .ifndef NOVA_INC_INCLUDED
000000r 2               NOVA_INC_INCLUDED = 1
000000r 2               
000000r 2               ; Nova pseudo-register mailbox. These bytes are available to callers and
000000r 2               ; runtime helpers as ephemeral argument/scratch storage only. A routine may
000000r 2               ; clobber them unless its documentation explicitly says otherwise; persistent
000000r 2               ; library state must be allocated in a linker segment such as BSS/ZEROPAGE.
000000r 2               .ifndef NVR0L
000000r 2               NVR0L             = $20
000000r 2               .endif
000000r 2               .ifndef NVR0H
000000r 2               NVR0H             = $21
000000r 2               .endif
000000r 2               .ifndef NVR1L
000000r 2               NVR1L             = $22
000000r 2               .endif
000000r 2               .ifndef NVR1H
000000r 2               NVR1H             = $23
000000r 2               .endif
000000r 2               .ifndef NVR2L
000000r 2               NVR2L             = $24
000000r 2               .endif
000000r 2               .ifndef NVR2H
000000r 2               NVR2H             = $25
000000r 2               .endif
000000r 2               .ifndef NVR3L
000000r 2               NVR3L             = $26
000000r 2               .endif
000000r 2               .ifndef NVR3H
000000r 2               NVR3H             = $27
000000r 2               .endif
000000r 2               .ifndef NVR4L
000000r 2               NVR4L             = $28
000000r 2               .endif
000000r 2               .ifndef NVR4H
000000r 2               NVR4H             = $29
000000r 2               .endif
000000r 2               .ifndef NVR5L
000000r 2               NVR5L             = $2A
000000r 2               .endif
000000r 2               .ifndef NVR5H
000000r 2               NVR5H             = $2B
000000r 2               .endif
000000r 2               .ifndef NVR6L
000000r 2               NVR6L             = $2C
000000r 2               .endif
000000r 2               .ifndef NVR6H
000000r 2               NVR6H             = $2D
000000r 2               .endif
000000r 2               .ifndef NVR7L
000000r 2               NVR7L             = $2E
000000r 2               .endif
000000r 2               .ifndef NVR7H
000000r 2               NVR7H             = $2F
000000r 2               .endif
000000r 2               
000000r 2               ; BASIC SYS register bridge. SYS addr[,A[,X[,Y]]] loads A/X/Y from these
000000r 2               ; bytes before jumping and stores A/X/Y back here when the routine returns.
000000r 2               ; @label SYS.REGA
000000r 2               ; @kind u8
000000r 2               ; @symbol SYS_REGA
000000r 2               ; @summary Returned A register from the most recent SYS call.
000000r 2               .ifndef SYS_REGA
000000r 2               SYS_REGA          = $E7
000000r 2               .endif
000000r 2               ; @label SYS.REGX
000000r 2               ; @kind u8
000000r 2               ; @symbol SYS_REGX
000000r 2               ; @summary Returned X register from the most recent SYS call.
000000r 2               .ifndef SYS_REGX
000000r 2               SYS_REGX          = $E8
000000r 2               .endif
000000r 2               ; @label SYS.REGY
000000r 2               ; @kind u8
000000r 2               ; @symbol SYS_REGY
000000r 2               ; @summary Returned Y register from the most recent SYS call.
000000r 2               .ifndef SYS_REGY
000000r 2               SYS_REGY          = $E9
000000r 2               .endif
000000r 2               
000000r 2               ; Extension ROM argument mailbox used by small BASIC stubs that parse
000000r 2               ; BASIC-owned data before calling an extension handler.
000000r 2               .ifndef EXT_ARG_LEN
000000r 2               EXT_ARG_LEN       = $EA
000000r 2               .endif
000000r 2               .ifndef EXT_ARG_PTRL
000000r 2               EXT_ARG_PTRL      = $EB
000000r 2               .endif
000000r 2               .ifndef EXT_ARG_PTRH
000000r 2               EXT_ARG_PTRH      = $EC
000000r 2               .endif
000000r 2               
000000r 2               .ifndef NOVA_SCREEN_COLS
000000r 2               NOVA_SCREEN_COLS  = 80
000000r 2               .endif
000000r 2               .ifndef NOVA_SCREEN_ROWS
000000r 2               NOVA_SCREEN_ROWS  = 50
000000r 2               .endif
000000r 2               .ifndef NOVA_SCREEN_SIZE
000000r 2               NOVA_SCREEN_SIZE  = NOVA_SCREEN_COLS * NOVA_SCREEN_ROWS
000000r 2               .endif
000000r 2               
000000r 2               ; ---------------------------------------------------------------------
000000r 2               ; 6502 hardware vectors.
000000r 2               ; ---------------------------------------------------------------------
000000r 2               .ifndef CPU_NMI_VECTOR
000000r 2               CPU_NMI_VECTOR    = $FFFA
000000r 2               .endif
000000r 2               .ifndef CPU_RESET_VECTOR
000000r 2               CPU_RESET_VECTOR  = $FFFC
000000r 2               .endif
000000r 2               .ifndef CPU_IRQ_VECTOR
000000r 2               CPU_IRQ_VECTOR    = $FFFE
000000r 2               .endif
000000r 2               
000000r 2               ; ---------------------------------------------------------------------
000000r 2               ; VGC core and text/VRAM port registers.
000000r 2               ; ---------------------------------------------------------------------
000000r 2               .ifndef VGC_MODE
000000r 2               VGC_MODE          = $A000
000000r 2               .endif
000000r 2               .ifndef VGC_BGCOL
000000r 2               VGC_BGCOL         = $A001
000000r 2               .endif
000000r 2               .ifndef VGC_FGCOL
000000r 2               VGC_FGCOL         = $A002
000000r 2               .endif
000000r 2               .ifndef VGC_CURSX
000000r 2               VGC_CURSX         = $A003
000000r 2               .endif
000000r 2               .ifndef VGC_CURSY
000000r 2               VGC_CURSY         = $A004
000000r 2               .endif
000000r 2               .ifndef VGC_SCROLLX
000000r 2               VGC_SCROLLX       = $A005
000000r 2               .endif
000000r 2               .ifndef VGC_SCROLLY
000000r 2               VGC_SCROLLY       = $A006
000000r 2               .endif
000000r 2               .ifndef VGC_FONT
000000r 2               VGC_FONT          = $A007
000000r 2               .endif
000000r 2               .ifndef VGC_FRAME
000000r 2               VGC_FRAME         = $A008
000000r 2               .endif
000000r 2               .ifndef VGC_STATUS
000000r 2               VGC_STATUS        = $A008
000000r 2               .endif
000000r 2               .ifndef VGC_SPRCOUNT
000000r 2               VGC_SPRCOUNT      = $A009
000000r 2               .endif
000000r 2               .ifndef VGC_CURSEN
000000r 2               VGC_CURSEN        = $A00A
000000r 2               .endif
000000r 2               .ifndef VGC_COLLST
000000r 2               VGC_COLLST        = $A00B
000000r 2               .endif
000000r 2               .ifndef VGC_COLLBG
000000r 2               VGC_COLLBG        = $A00C
000000r 2               .endif
000000r 2               .ifndef VGC_COLLST_HI
000000r 2               VGC_COLLST_HI     = $A0EB
000000r 2               .endif
000000r 2               .ifndef VGC_COLLBG_HI
000000r 2               VGC_COLLBG_HI     = $A0EC
000000r 2               .endif
000000r 2               .ifndef VGC_BORDER
000000r 2               VGC_BORDER        = $A00D
000000r 2               .endif
000000r 2               .ifndef VGC_CHAROUT
000000r 2               VGC_CHAROUT       = $A00E
000000r 2               .endif
000000r 2               .ifndef VGC_CHARIN
000000r 2               VGC_CHARIN        = $A00F
000000r 2               .endif
000000r 2               
000000r 2               .ifndef VGC_CMD
000000r 2               VGC_CMD           = $A010
000000r 2               .endif
000000r 2               .ifndef VGC_P0
000000r 2               VGC_P0            = $A011
000000r 2               .endif
000000r 2               .ifndef VGC_P1
000000r 2               VGC_P1            = $A012
000000r 2               .endif
000000r 2               .ifndef VGC_P2
000000r 2               VGC_P2            = $A013
000000r 2               .endif
000000r 2               .ifndef VGC_P3
000000r 2               VGC_P3            = $A014
000000r 2               .endif
000000r 2               .ifndef VGC_P4
000000r 2               VGC_P4            = $A015
000000r 2               .endif
000000r 2               .ifndef VGC_P5
000000r 2               VGC_P5            = $A016
000000r 2               .endif
000000r 2               .ifndef VGC_P6
000000r 2               VGC_P6            = $A017
000000r 2               .endif
000000r 2               .ifndef VGC_P7
000000r 2               VGC_P7            = $A018
000000r 2               .endif
000000r 2               .ifndef VGC_P8
000000r 2               VGC_P8            = $A019
000000r 2               .endif
000000r 2               .ifndef VGC_P9
000000r 2               VGC_P9            = $A01A
000000r 2               .endif
000000r 2               .ifndef VGC_P10
000000r 2               VGC_P10           = $A01B
000000r 2               .endif
000000r 2               .ifndef VGC_P11
000000r 2               VGC_P11           = $A01C
000000r 2               .endif
000000r 2               .ifndef VGC_P12
000000r 2               VGC_P12           = $A01D
000000r 2               .endif
000000r 2               .ifndef VGC_P13
000000r 2               VGC_P13           = $A01E
000000r 2               .endif
000000r 2               .ifndef VGC_P14
000000r 2               VGC_P14           = $A01F
000000r 2               .endif
000000r 2               
000000r 2               .ifndef REG_HELP
000000r 2               REG_HELP          = $A020
000000r 2               .endif
000000r 2               .ifndef HELP_BUF
000000r 2               HELP_BUF          = $A021
000000r 2               .endif
000000r 2               .ifndef REG_ROMSWAP
000000r 2               REG_ROMSWAP       = $A03F
000000r 2               .endif
000000r 2               .ifndef ROMSWAP_NCC
000000r 2               ROMSWAP_NCC       = $01
000000r 2               .endif
000000r 2               .ifndef ROMSWAP_BASIC
000000r 2               ROMSWAP_BASIC     = $02
000000r 2               .endif
000000r 2               .ifndef ROMSWAP_PRIMARY
000000r 2               ; @label ROMSWAP.PRIMARY
000000r 2               ; @kind const
000000r 2               ; @symbol ROMSWAP_PRIMARY
000000r 2               ; @summary Select the primary runtime ROM bank at $C000. At cold boot this is NovaBASIC; a RAM launcher may replace it with another runtime first.
000000r 2               ROMSWAP_PRIMARY   = ROMSWAP_BASIC
000000r 2               .endif
000000r 2               .ifndef ROMSWAP_NCCEDIT
000000r 2               ROMSWAP_NCCEDIT   = $03
000000r 2               .endif
000000r 2               .ifndef ROMSWAP_EXTENSION
000000r 2               ROMSWAP_EXTENSION = $04
000000r 2               .endif
000000r 2               .ifndef ROMSWAP_LOGO
000000r 2               ROMSWAP_LOGO      = $05
000000r 2               .endif
000000r 2               
000000r 2               .ifndef VGC_SPR_BASE
000000r 2               VGC_SPR_BASE      = $A040
000000r 2               .endif
000000r 2               .ifndef VGC_SPR_STRIDE
000000r 2               VGC_SPR_STRIDE    = $08
000000r 2               .endif
000000r 2               .ifndef VGC_MAX_SPRITES
000000r 2               VGC_MAX_SPRITES   = $10
000000r 2               .endif
000000r 2               .ifndef VGC_SPR_XL_OFF
000000r 2               VGC_SPR_XL_OFF    = $00
000000r 2               .endif
000000r 2               .ifndef VGC_SPR_XH_OFF
000000r 2               VGC_SPR_XH_OFF    = $01
000000r 2               .endif
000000r 2               .ifndef VGC_SPR_YL_OFF
000000r 2               VGC_SPR_YL_OFF    = $02
000000r 2               .endif
000000r 2               .ifndef VGC_SPR_YH_OFF
000000r 2               VGC_SPR_YH_OFF    = $03
000000r 2               .endif
000000r 2               .ifndef VGC_SPR_SHAPE_OFF
000000r 2               VGC_SPR_SHAPE_OFF = $04
000000r 2               .endif
000000r 2               .ifndef VGC_SPR_FLAGS_OFF
000000r 2               VGC_SPR_FLAGS_OFF = $05
000000r 2               .endif
000000r 2               .ifndef VGC_SPR_PRI_OFF
000000r 2               VGC_SPR_PRI_OFF   = $06
000000r 2               .endif
000000r 2               .ifndef VGC_SPR_TRANS_OFF
000000r 2               VGC_SPR_TRANS_OFF = $07
000000r 2               .endif
000000r 2               .ifndef VGC_SPR_XL
000000r 2               VGC_SPR_XL        = VGC_SPR_BASE + VGC_SPR_XL_OFF
000000r 2               .endif
000000r 2               .ifndef VGC_SPR_XH
000000r 2               VGC_SPR_XH        = VGC_SPR_BASE + VGC_SPR_XH_OFF
000000r 2               .endif
000000r 2               .ifndef VGC_SPR_YL
000000r 2               VGC_SPR_YL        = VGC_SPR_BASE + VGC_SPR_YL_OFF
000000r 2               .endif
000000r 2               .ifndef VGC_SPR_YH
000000r 2               VGC_SPR_YH        = VGC_SPR_BASE + VGC_SPR_YH_OFF
000000r 2               .endif
000000r 2               .ifndef VGC_SPR_SHAPE
000000r 2               VGC_SPR_SHAPE     = VGC_SPR_BASE + VGC_SPR_SHAPE_OFF
000000r 2               .endif
000000r 2               .ifndef VGC_SPR_FLAGS
000000r 2               VGC_SPR_FLAGS     = VGC_SPR_BASE + VGC_SPR_FLAGS_OFF
000000r 2               .endif
000000r 2               .ifndef VGC_SPR_PRI
000000r 2               VGC_SPR_PRI       = VGC_SPR_BASE + VGC_SPR_PRI_OFF
000000r 2               .endif
000000r 2               .ifndef VGC_SPR_TRANS
000000r 2               VGC_SPR_TRANS     = VGC_SPR_BASE + VGC_SPR_TRANS_OFF
000000r 2               .endif
000000r 2               .ifndef VGC_SPR_FLAG_XFLIP
000000r 2               VGC_SPR_FLAG_XFLIP = $01
000000r 2               .endif
000000r 2               .ifndef VGC_SPR_FLAG_YFLIP
000000r 2               VGC_SPR_FLAG_YFLIP = $02
000000r 2               .endif
000000r 2               .ifndef VGC_SPR_FLAG_FLIPMASK
000000r 2               VGC_SPR_FLAG_FLIPMASK = $03
000000r 2               .endif
000000r 2               .ifndef VGC_SPR_FLAG_ENABLE
000000r 2               VGC_SPR_FLAG_ENABLE = $80
000000r 2               .endif
000000r 2               .ifndef VGC_SPR_PRI_BEHIND
000000r 2               VGC_SPR_PRI_BEHIND = $00
000000r 2               .endif
000000r 2               .ifndef VGC_SPR_PRI_BETWEEN
000000r 2               VGC_SPR_PRI_BETWEEN = $01
000000r 2               .endif
000000r 2               .ifndef VGC_SPR_PRI_FRONT
000000r 2               VGC_SPR_PRI_FRONT = $02
000000r 2               .endif
000000r 2               
000000r 2               .ifndef VGC_VRAM_PLANE
000000r 2               VGC_VRAM_PLANE    = $A0E0
000000r 2               .endif
000000r 2               .ifndef VGC_VRAM_ADDRL
000000r 2               VGC_VRAM_ADDRL    = $A0E1
000000r 2               .endif
000000r 2               .ifndef VGC_VRAM_ADDRH
000000r 2               VGC_VRAM_ADDRH    = $A0E2
000000r 2               .endif
000000r 2               .ifndef VGC_VRAM_DATA
000000r 2               VGC_VRAM_DATA     = $A0E3
000000r 2               .endif
000000r 2               .ifndef VGC_VRAM_CTRL
000000r 2               VGC_VRAM_CTRL     = $A0E4
000000r 2               .endif
000000r 2               .ifndef VGC_DIMMER
000000r 2               VGC_DIMMER        = $A0E5
000000r 2               .endif
000000r 2               .ifndef VGC_TXTFLAGS
000000r 2               VGC_TXTFLAGS      = $A0E6
000000r 2               .endif
000000r 2               .ifndef VGC_TXTREVATTR
000000r 2               VGC_TXTREVATTR    = $A0E7
000000r 2               .endif
000000r 2               ; @label VGC.GFXTRANS
000000r 2               ; @kind const
000000r 2               ; @symbol VGC_GFXTRANS
000000r 2               ; @summary Graphics-plane transparent color register. Defaults to 0; set to another palette index when graphics code needs visible palette-0 black pixels.
000000r 2               .ifndef VGC_GFXTRANS
000000r 2               VGC_GFXTRANS      = $A0E8
000000r 2               .endif
000000r 2               .ifndef VGC_PALETTE
000000r 2               VGC_PALETTE       = $A0E9
000000r 2               .endif
000000r 2               .ifndef VGC_SCROLLCTL
000000r 2               VGC_SCROLLCTL     = $A0EA
000000r 2               .endif
000000r 2               .ifndef VGC_SCROLLCTL_XHI
000000r 2               VGC_SCROLLCTL_XHI = $01
000000r 2               .endif
000000r 2               .ifndef VGC_SCROLLCTL_GFX
000000r 2               VGC_SCROLLCTL_GFX = $02
000000r 2               .endif
000000r 2               .ifndef VGC_SCROLLCTL_TEXT
000000r 2               VGC_SCROLLCTL_TEXT = $04
000000r 2               .endif
000000r 2               
000000r 2               .ifndef VGC_VPLANE
000000r 2               VGC_VPLANE        = VGC_VRAM_PLANE
000000r 2               .endif
000000r 2               .ifndef VGC_VADDRL
000000r 2               VGC_VADDRL        = VGC_VRAM_ADDRL
000000r 2               .endif
000000r 2               .ifndef VGC_VADDRH
000000r 2               VGC_VADDRH        = VGC_VRAM_ADDRH
000000r 2               .endif
000000r 2               .ifndef VGC_VDATA
000000r 2               VGC_VDATA         = VGC_VRAM_DATA
000000r 2               .endif
000000r 2               .ifndef VGC_VCTRL
000000r 2               VGC_VCTRL         = VGC_VRAM_CTRL
000000r 2               .endif
000000r 2               
000000r 2               .ifndef VGC_PLANE_CHAR
000000r 2               VGC_PLANE_CHAR    = $01
000000r 2               .endif
000000r 2               .ifndef VGC_PLANE_COLOR
000000r 2               VGC_PLANE_COLOR   = $02
000000r 2               .endif
000000r 2               .ifndef VGC_PLANE_GFX
000000r 2               VGC_PLANE_GFX     = $03
000000r 2               .endif
000000r 2               .ifndef VGC_PLANE_SPRITE
000000r 2               VGC_PLANE_SPRITE  = $04
000000r 2               .endif
000000r 2               .ifndef VGC_PLANE_TEXTATTR
000000r 2               VGC_PLANE_TEXTATTR = $07
000000r 2               .endif
000000r 2               .ifndef VGC_VRAM_AUTOINC
000000r 2               VGC_VRAM_AUTOINC  = $01
000000r 2               .endif
000000r 2               
000000r 2               ; Screen-base register: first physical text row shown at the top of the display
000000r 2               ; (ring scroll, 0-49). Scroll = one write, zero plane copies.
000000r 2               .ifndef VGC_TEXT_TOPROW
000000r 2               VGC_TEXT_TOPROW   = $A0ED
000000r 2               .endif
000000r 2               
000000r 2               ; Direct screen window: $A200-$B19F maps 4000 cells of the plane named by the
000000r 2               ; plane-select register, so a program writes the screen with a plain STA.
000000r 2               .ifndef VGC_SCREENWIN
000000r 2               VGC_SCREENWIN     = $A200
000000r 2               .endif
000000r 2               .ifndef VGC_SCREENWIN_END
000000r 2               VGC_SCREENWIN_END = $B19F
000000r 2               .endif
000000r 2               .ifndef VGC_SCREENWIN_PLANE
000000r 2               VGC_SCREENWIN_PLANE = $B1A0
000000r 2               .endif
000000r 2               .ifndef VGC_SCREENWIN_CHAR
000000r 2               VGC_SCREENWIN_CHAR  = $00
000000r 2               .endif
000000r 2               .ifndef VGC_SCREENWIN_COLOR
000000r 2               VGC_SCREENWIN_COLOR = $01
000000r 2               .endif
000000r 2               .ifndef VGC_SCREENWIN_ATTR
000000r 2               VGC_SCREENWIN_ATTR  = $02
000000r 2               .endif
000000r 2               
000000r 2               .ifndef VTXT_REV
000000r 2               VTXT_REV          = $01
000000r 2               .endif
000000r 2               .ifndef VTXT_REVEX
000000r 2               VTXT_REVEX        = $02
000000r 2               .endif
000000r 2               .ifndef VTXT_FLASH
000000r 2               VTXT_FLASH        = $04
000000r 2               .endif
000000r 2               .ifndef VTXT_ATTR_FLASH
000000r 2               VTXT_ATTR_FLASH   = $01
000000r 2               .endif
000000r 2               
000000r 2               ; VGC IRQ and command constants.
000000r 2               .ifndef VGC_IRQ_ENABLE
000000r 2               VGC_IRQ_ENABLE    = $A0F0
000000r 2               .endif
000000r 2               .ifndef VGC_IRQ_STATUS
000000r 2               VGC_IRQ_STATUS    = $A0F1
000000r 2               .endif
000000r 2               .ifndef VGC_IRQ_FORCE
000000r 2               VGC_IRQ_FORCE     = $A0F2
000000r 2               .endif
000000r 2               .ifndef VGC_IRQ_VALID
000000r 2               VGC_IRQ_VALID     = $A0F3
000000r 2               .endif
000000r 2               .ifndef VGC_IRQ_VBLANK
000000r 2               VGC_IRQ_VBLANK    = $01
000000r 2               .endif
000000r 2               .ifndef VGC_IRQ_COPPER0
000000r 2               VGC_IRQ_COPPER0   = $02
000000r 2               .endif
000000r 2               .ifndef VGC_IRQ_SPRCOLL
000000r 2               VGC_IRQ_SPRCOLL   = $20
000000r 2               .endif
000000r 2               .ifndef VGC_IRQ_SPRBG
000000r 2               VGC_IRQ_SPRBG     = $40
000000r 2               .endif
000000r 2               
000000r 2               .ifndef VCMD_PLOT
000000r 2               VCMD_PLOT         = $01
000000r 2               .endif
000000r 2               .ifndef VCMD_UNPLOT
000000r 2               VCMD_UNPLOT       = $02
000000r 2               .endif
000000r 2               .ifndef VCMD_LINE
000000r 2               VCMD_LINE         = $03
000000r 2               .endif
000000r 2               .ifndef VCMD_CIRCLE
000000r 2               VCMD_CIRCLE       = $04
000000r 2               .endif
000000r 2               .ifndef VCMD_RECT
000000r 2               VCMD_RECT         = $05
000000r 2               .endif
000000r 2               .ifndef VCMD_FILL
000000r 2               VCMD_FILL         = $06
000000r 2               .endif
000000r 2               .ifndef VCMD_GCLS
000000r 2               VCMD_GCLS         = $07
000000r 2               .endif
000000r 2               .ifndef VCMD_GCOLOR
000000r 2               VCMD_GCOLOR       = $08
000000r 2               .endif
000000r 2               .ifndef VCMD_PAINT
000000r 2               VCMD_PAINT        = $09
000000r 2               .endif
000000r 2               .ifndef VCMD_GTEXT
000000r 2               VCMD_GTEXT        = $0A
000000r 2               .endif
000000r 2               .ifndef VCMD_SPRDEF
000000r 2               VCMD_SPRDEF       = $10
000000r 2               .endif
000000r 2               .ifndef VCMD_SPRROW
000000r 2               VCMD_SPRROW       = $11
000000r 2               .endif
000000r 2               .ifndef VCMD_SPRCLR
000000r 2               VCMD_SPRCLR       = $12
000000r 2               .endif
000000r 2               .ifndef VCMD_SPRCOPY
000000r 2               VCMD_SPRCOPY      = $13
000000r 2               .endif
000000r 2               .ifndef VCMD_SPRPOS
000000r 2               VCMD_SPRPOS       = $14
000000r 2               .endif
000000r 2               .ifndef VCMD_SPRENA
000000r 2               VCMD_SPRENA       = $15
000000r 2               .endif
000000r 2               .ifndef VCMD_SPRDIS
000000r 2               VCMD_SPRDIS       = $16
000000r 2               .endif
000000r 2               .ifndef VCMD_SPRFLIP
000000r 2               VCMD_SPRFLIP      = $17
000000r 2               .endif
000000r 2               .ifndef VCMD_SPRPRI
000000r 2               VCMD_SPRPRI       = $18
000000r 2               .endif
000000r 2               .ifndef VCMD_MEMREAD
000000r 2               VCMD_MEMREAD      = $19
000000r 2               .endif
000000r 2               .ifndef VCMD_MEMWRITE
000000r 2               VCMD_MEMWRITE     = $1A
000000r 2               .endif
000000r 2               .ifndef VCMD_COPPERADD
000000r 2               VCMD_COPPERADD    = $1B
000000r 2               .endif
000000r 2               .ifndef VCMD_COPPERCLR
000000r 2               VCMD_COPPERCLR    = $1C
000000r 2               .endif
000000r 2               .ifndef VCMD_COPPERENA
000000r 2               VCMD_COPPERENA    = $1D
000000r 2               .endif
000000r 2               .ifndef VCMD_COPPERDIS
000000r 2               VCMD_COPPERDIS    = $1E
000000r 2               .endif
000000r 2               .ifndef VCMD_SYSRESET
000000r 2               VCMD_SYSRESET     = $1F
000000r 2               .endif
000000r 2               .ifndef VCMD_COPPERLIST
000000r 2               VCMD_COPPERLIST   = $20
000000r 2               .endif
000000r 2               .ifndef VCMD_COPPERUSE
000000r 2               VCMD_COPPERUSE    = $21
000000r 2               .endif
000000r 2               .ifndef VCMD_COPPEREND
000000r 2               VCMD_COPPEREND    = $22
000000r 2               .endif
000000r 2               
000000r 2               ; ---------------------------------------------------------------------
000000r 2               ; NIC network interface controller.
000000r 2               ; ---------------------------------------------------------------------
000000r 2               .ifndef NIC_CMD
000000r 2               NIC_CMD           = $A100
000000r 2               .endif
000000r 2               .ifndef NIC_STATUS
000000r 2               NIC_STATUS        = $A101
000000r 2               .endif
000000r 2               .ifndef NIC_SLOT
000000r 2               NIC_SLOT          = $A102
000000r 2               .endif
000000r 2               .ifndef NIC_IRQCTRL
000000r 2               NIC_IRQCTRL       = $A103
000000r 2               .endif
000000r 2               .ifndef NIC_IRQSTATUS
000000r 2               NIC_IRQSTATUS     = $A104
000000r 2               .endif
000000r 2               .ifndef NIC_CMDSEQ
000000r 2               NIC_CMDSEQ        = $A105
000000r 2               .endif
000000r 2               .ifndef NIC_CMDSHADOW
000000r 2               NIC_CMDSHADOW     = $A106
000000r 2               .endif
000000r 2               .ifndef NIC_HOSTCTRL
000000r 2               NIC_HOSTCTRL      = $A107
000000r 2               .endif
000000r 2               .ifndef NIC_RPORTL
000000r 2               NIC_RPORTL        = $A108
000000r 2               .endif
000000r 2               .ifndef NIC_RPORTH
000000r 2               NIC_RPORTH        = $A109
000000r 2               .endif
000000r 2               .ifndef NIC_LPORTL
000000r 2               NIC_LPORTL        = $A10A
000000r 2               .endif
000000r 2               .ifndef NIC_LPORTH
000000r 2               NIC_LPORTH        = $A10B
000000r 2               .endif
000000r 2               .ifndef NIC_DMAL
000000r 2               NIC_DMAL          = $A110
000000r 2               .endif
000000r 2               .ifndef NIC_DMAH
000000r 2               NIC_DMAH          = $A111
000000r 2               .endif
000000r 2               .ifndef NIC_DMALEN
000000r 2               NIC_DMALEN        = $A112
000000r 2               .endif
000000r 2               .ifndef NIC_MSGLEN
000000r 2               NIC_MSGLEN        = $A113
000000r 2               .endif
000000r 2               .ifndef NIC_DMASTATUS
000000r 2               NIC_DMASTATUS     = $A114
000000r 2               .endif
000000r 2               .ifndef NIC_DMAERR
000000r 2               NIC_DMAERR        = $A115
000000r 2               .endif
000000r 2               .ifndef NIC_SLOTST0
000000r 2               NIC_SLOTST0       = $A118
000000r 2               .endif
000000r 2               .ifndef NIC_SLOTST1
000000r 2               NIC_SLOTST1       = $A119
000000r 2               .endif
000000r 2               .ifndef NIC_SLOTST2
000000r 2               NIC_SLOTST2       = $A11A
000000r 2               .endif
000000r 2               .ifndef NIC_SLOTST3
000000r 2               NIC_SLOTST3       = $A11B
000000r 2               .endif
000000r 2               .ifndef NIC_NAMEBUF
000000r 2               NIC_NAMEBUF       = $A120
000000r 2               .endif
000000r 2               .ifndef NIC_NAMEEND
000000r 2               NIC_NAMEEND       = $A13F
000000r 2               .endif
000000r 2               
000000r 2               .ifndef NIC_CMD_CONNECT
000000r 2               NIC_CMD_CONNECT   = $01
000000r 2               .endif
000000r 2               .ifndef NIC_CMD_DISCONNECT
000000r 2               NIC_CMD_DISCONNECT = $02
000000r 2               .endif
000000r 2               .ifndef NIC_CMD_SEND
000000r 2               NIC_CMD_SEND      = $03
000000r 2               .endif
000000r 2               .ifndef NIC_CMD_RECV
000000r 2               NIC_CMD_RECV      = $04
000000r 2               .endif
000000r 2               .ifndef NIC_CMD_LISTEN
000000r 2               NIC_CMD_LISTEN    = $05
000000r 2               .endif
000000r 2               .ifndef NIC_CMD_ACCEPT
000000r 2               NIC_CMD_ACCEPT    = $06
000000r 2               .endif
000000r 2               .ifndef NIC_ST_CONNECTED
000000r 2               NIC_ST_CONNECTED  = $01
000000r 2               .endif
000000r 2               .ifndef NIC_ST_DATAREADY
000000r 2               NIC_ST_DATAREADY  = $02
000000r 2               .endif
000000r 2               .ifndef NIC_ST_SENDREADY
000000r 2               NIC_ST_SENDREADY  = $04
000000r 2               .endif
000000r 2               .ifndef NIC_ST_ERROR
000000r 2               NIC_ST_ERROR      = $08
000000r 2               .endif
000000r 2               .ifndef NIC_ST_REMOTE_CLOSED
000000r 2               NIC_ST_REMOTE_CLOSED = $10
000000r 2               .endif
000000r 2               .ifndef NIC_STATUS_READY
000000r 2               NIC_STATUS_READY  = $01
000000r 2               .endif
000000r 2               .ifndef NIC_STATUS_ANYDATA
000000r 2               NIC_STATUS_ANYDATA = $02
000000r 2               .endif
000000r 2               .ifndef NIC_STATUS_ANYERROR
000000r 2               NIC_STATUS_ANYERROR = $80
000000r 2               .endif
000000r 2               .ifndef NIC_HOSTCTRL_RX_START
000000r 2               NIC_HOSTCTRL_RX_START = $01
000000r 2               .endif
000000r 2               .ifndef NIC_DMAST_TX_READY
000000r 2               NIC_DMAST_TX_READY = $01
000000r 2               .endif
000000r 2               .ifndef NIC_DMAST_RX_DONE
000000r 2               NIC_DMAST_RX_DONE = $02
000000r 2               .endif
000000r 2               .ifndef NIC_DMAST_ERROR
000000r 2               NIC_DMAST_ERROR  = $40
000000r 2               .endif
000000r 2               .ifndef NIC_DMAST_BUSY
000000r 2               NIC_DMAST_BUSY   = $80
000000r 2               .endif
000000r 2               .ifndef NIC_DMAERR_NONE
000000r 2               NIC_DMAERR_NONE  = $00
000000r 2               .endif
000000r 2               .ifndef NIC_DMAERR_RANGE
000000r 2               NIC_DMAERR_RANGE = $01
000000r 2               .endif
000000r 2               .ifndef NIC_DMAERR_BUSY
000000r 2               NIC_DMAERR_BUSY  = $02
000000r 2               .endif
000000r 2               .ifndef NIC_MAX_SLOTS
000000r 2               NIC_MAX_SLOTS     = $04
000000r 2               .endif
000000r 2               .ifndef NIC_MAX_MSGSIZE
000000r 2               NIC_MAX_MSGSIZE   = $0100
000000r 2               .endif
000000r 2               .ifndef NIC_MAX_QUEUE
000000r 2               NIC_MAX_QUEUE     = $10
000000r 2               .endif
000000r 2               
000000r 2               ; ---------------------------------------------------------------------
000000r 2               ; File I/O coprocessor registers and command/status constants.
000000r 2               ; ---------------------------------------------------------------------
000000r 2               .ifndef FIO_CMD
000000r 2               FIO_CMD           = $B9A0
000000r 2               .endif
000000r 2               .ifndef FIO_STATUS
000000r 2               FIO_STATUS        = $B9A1
000000r 2               .endif
000000r 2               .ifndef FIO_ERRCODE
000000r 2               FIO_ERRCODE       = $B9A2
000000r 2               .endif
000000r 2               ; @label FIO.NAMELEN
000000r 2               ; @kind u8
000000r 2               ; @symbol FIO_NAMELEN
000000r 2               ; @summary Length of the filename in FIO.NAME, 1..63 bytes.
000000r 2               .ifndef FIO_NAMELEN
000000r 2               FIO_NAMELEN       = $B9A3
000000r 2               .endif
000000r 2               .ifndef FIO_SRCL
000000r 2               FIO_SRCL          = $B9A4
000000r 2               .endif
000000r 2               .ifndef FIO_SRCH
000000r 2               FIO_SRCH          = $B9A5
000000r 2               .endif
000000r 2               .ifndef FIO_ENDL
000000r 2               FIO_ENDL          = $B9A6
000000r 2               .endif
000000r 2               .ifndef FIO_ENDH
000000r 2               FIO_ENDH          = $B9A7
000000r 2               .endif
000000r 2               .ifndef FIO_SIZEL
000000r 2               FIO_SIZEL         = $B9A8
000000r 2               .endif
000000r 2               .ifndef FIO_SIZEH
000000r 2               FIO_SIZEH         = $B9A9
000000r 2               .endif
000000r 2               .ifndef FIO_GSPACE
000000r 2               FIO_GSPACE        = $B9AA
000000r 2               .endif
000000r 2               .ifndef FIO_SIZE2
000000r 2               FIO_SIZE2         = $B9AA
000000r 2               .endif
000000r 2               .ifndef FIO_GADDRL
000000r 2               FIO_GADDRL        = $B9AB
000000r 2               .endif
000000r 2               .ifndef FIO_GADDRH
000000r 2               FIO_GADDRH        = $B9AC
000000r 2               .endif
000000r 2               .ifndef FIO_GLENL
000000r 2               FIO_GLENL         = $B9AD
000000r 2               .endif
000000r 2               .ifndef FIO_GLENH
000000r 2               FIO_GLENH         = $B9AE
000000r 2               .endif
000000r 2               .ifndef FIO_DIRTYPE
000000r 2               FIO_DIRTYPE       = $B9AF
000000r 2               .endif
000000r 2               ; @label FIO.NAME
000000r 2               ; @kind buffer
000000r 2               ; @symbol FIO_NAME
000000r 2               ; @summary Filename buffer used by file-backed runtime routines.
000000r 2               .ifndef FIO_NAME
000000r 2               FIO_NAME          = $B9B0
000000r 2               .endif
000000r 2               .ifndef FIO_NAMEEND
000000r 2               FIO_NAMEEND       = $B9EF
000000r 2               .endif
000000r 2               .ifndef META_BASE
000000r 2               META_BASE         = $BAB0
000000r 2               .endif
000000r 2               .ifndef MATH_BASE
000000r 2               MATH_BASE         = $BB20
000000r 2               .endif
000000r 2               .ifndef MATH_END
000000r 2               MATH_END          = $BB4F
000000r 2               .endif
000000r 2               .ifndef MATH_MUL16_A_LO
000000r 2               MATH_MUL16_A_LO   = $BB20
000000r 2               .endif
000000r 2               .ifndef MATH_MUL16_A_HI
000000r 2               MATH_MUL16_A_HI   = $BB21
000000r 2               .endif
000000r 2               .ifndef MATH_MUL16_B_LO
000000r 2               MATH_MUL16_B_LO   = $BB22
000000r 2               .endif
000000r 2               .ifndef MATH_MUL16_B_HI
000000r 2               MATH_MUL16_B_HI   = $BB23
000000r 2               .endif
000000r 2               .ifndef MATH_MULFX_A_LO
000000r 2               MATH_MULFX_A_LO   = $BB24
000000r 2               .endif
000000r 2               .ifndef MATH_MULFX_A_HI
000000r 2               MATH_MULFX_A_HI   = $BB25
000000r 2               .endif
000000r 2               .ifndef MATH_MULFX_B_LO
000000r 2               MATH_MULFX_B_LO   = $BB26
000000r 2               .endif
000000r 2               .ifndef MATH_MULFX_B_HI
000000r 2               MATH_MULFX_B_HI   = $BB27
000000r 2               .endif
000000r 2               .ifndef MATH_DIV_N_LO
000000r 2               MATH_DIV_N_LO     = $BB28
000000r 2               .endif
000000r 2               .ifndef MATH_DIV_N_1
000000r 2               MATH_DIV_N_1      = $BB29
000000r 2               .endif
000000r 2               .ifndef MATH_DIV_N_2
000000r 2               MATH_DIV_N_2      = $BB2A
000000r 2               .endif
000000r 2               .ifndef MATH_DIV_N_HI
000000r 2               MATH_DIV_N_HI     = $BB2B
000000r 2               .endif
000000r 2               .ifndef MATH_DIV_D_LO
000000r 2               MATH_DIV_D_LO     = $BB2C
000000r 2               .endif
000000r 2               .ifndef MATH_DIV_D_HI
000000r 2               MATH_DIV_D_HI     = $BB2D
000000r 2               .endif
000000r 2               .ifndef MATH_SINCOS_ANGLE
000000r 2               MATH_SINCOS_ANGLE = $BB2E
000000r 2               .endif
000000r 2               .ifndef MATH_ATAN_DY_LO
000000r 2               MATH_ATAN_DY_LO   = $BB2F
000000r 2               .endif
000000r 2               .ifndef MATH_ATAN_DY_HI
000000r 2               MATH_ATAN_DY_HI   = $BB30
000000r 2               .endif
000000r 2               .ifndef MATH_ATAN_DX_LO
000000r 2               MATH_ATAN_DX_LO   = $BB31
000000r 2               .endif
000000r 2               .ifndef MATH_ATAN_DX_HI
000000r 2               MATH_ATAN_DX_HI   = $BB32
000000r 2               .endif
000000r 2               .ifndef MATH_DIST_DX_LO
000000r 2               MATH_DIST_DX_LO   = $BB33
000000r 2               .endif
000000r 2               .ifndef MATH_DIST_DX_HI
000000r 2               MATH_DIST_DX_HI   = $BB34
000000r 2               .endif
000000r 2               .ifndef MATH_DIST_DY_LO
000000r 2               MATH_DIST_DY_LO   = $BB35
000000r 2               .endif
000000r 2               .ifndef MATH_DIST_DY_HI
000000r 2               MATH_DIST_DY_HI   = $BB36
000000r 2               .endif
000000r 2               .ifndef MATH_RNG
000000r 2               MATH_RNG          = $BB37
000000r 2               .endif
000000r 2               .ifndef MATH_RES0
000000r 2               MATH_RES0         = $BB38
000000r 2               .endif
000000r 2               .ifndef MATH_RES1
000000r 2               MATH_RES1         = $BB39
000000r 2               .endif
000000r 2               .ifndef MATH_RES2
000000r 2               MATH_RES2         = $BB3A
000000r 2               .endif
000000r 2               .ifndef MATH_RES3
000000r 2               MATH_RES3         = $BB3B
000000r 2               .endif
000000r 2               .ifndef MATH_CAPS0
000000r 2               MATH_CAPS0        = $BB3C
000000r 2               .endif
000000r 2               .ifndef MATH_CAPS1
000000r 2               MATH_CAPS1        = $BB3D
000000r 2               .endif
000000r 2               .ifndef MATH_STATUS
000000r 2               MATH_STATUS       = $BB3E
000000r 2               .endif
000000r 2               .ifndef MATH_VERSION
000000r 2               MATH_VERSION      = $BB3F
000000r 2               .endif
000000r 2               .ifndef MATH_VEC_AX_LO
000000r 2               MATH_VEC_AX_LO    = $BB40
000000r 2               .endif
000000r 2               .ifndef MATH_VEC_AX_HI
000000r 2               MATH_VEC_AX_HI    = $BB41
000000r 2               .endif
000000r 2               .ifndef MATH_VEC_AY_LO
000000r 2               MATH_VEC_AY_LO    = $BB42
000000r 2               .endif
000000r 2               .ifndef MATH_VEC_AY_HI
000000r 2               MATH_VEC_AY_HI    = $BB43
000000r 2               .endif
000000r 2               .ifndef MATH_VEC_BX_LO
000000r 2               MATH_VEC_BX_LO    = $BB44
000000r 2               .endif
000000r 2               .ifndef MATH_VEC_BX_HI
000000r 2               MATH_VEC_BX_HI    = $BB45
000000r 2               .endif
000000r 2               .ifndef MATH_VEC_BY_LO
000000r 2               MATH_VEC_BY_LO    = $BB46
000000r 2               .endif
000000r 2               .ifndef MATH_VEC_BY_HI
000000r 2               MATH_VEC_BY_HI    = $BB47
000000r 2               .endif
000000r 2               .ifndef MATH_VEC_S_LO
000000r 2               MATH_VEC_S_LO     = $BB48
000000r 2               .endif
000000r 2               .ifndef MATH_VEC_S_HI
000000r 2               MATH_VEC_S_HI     = $BB49
000000r 2               .endif
000000r 2               .ifndef MATH_VEC_OP
000000r 2               MATH_VEC_OP       = $BB4E
000000r 2               .endif
000000r 2               .ifndef MATH_VERSION_CURRENT
000000r 2               MATH_VERSION_CURRENT = $02
000000r 2               .endif
000000r 2               .ifndef MATH_CAP_MUL16
000000r 2               MATH_CAP_MUL16       = $01
000000r 2               .endif
000000r 2               .ifndef MATH_CAP_MULFX
000000r 2               MATH_CAP_MULFX       = $02
000000r 2               .endif
000000r 2               .ifndef MATH_CAP_SINCOS
000000r 2               MATH_CAP_SINCOS      = $04
000000r 2               .endif
000000r 2               .ifndef MATH_CAP_DIST_APPROX
000000r 2               MATH_CAP_DIST_APPROX = $08
000000r 2               .endif
000000r 2               .ifndef MATH_CAP_RNG
000000r 2               MATH_CAP_RNG         = $10
000000r 2               .endif
000000r 2               .ifndef MATH_CAP_DIV_S32_16
000000r 2               MATH_CAP_DIV_S32_16  = $20
000000r 2               .endif
000000r 2               .ifndef MATH_CAP_ATAN2
000000r 2               MATH_CAP_ATAN2       = $40
000000r 2               .endif
000000r 2               .ifndef MATH_CAP1_VEC_DOT_S16
000000r 2               MATH_CAP1_VEC_DOT_S16   = $01
000000r 2               .endif
000000r 2               .ifndef MATH_CAP1_VEC_DOT_FX
000000r 2               MATH_CAP1_VEC_DOT_FX    = $02
000000r 2               .endif
000000r 2               .ifndef MATH_CAP1_VEC_CROSS_S16
000000r 2               MATH_CAP1_VEC_CROSS_S16 = $04
000000r 2               .endif
000000r 2               .ifndef MATH_CAP1_VEC_LEN2
000000r 2               MATH_CAP1_VEC_LEN2      = $08
000000r 2               .endif
000000r 2               .ifndef MATH_CAP1_VEC_SCALE_FX
000000r 2               MATH_CAP1_VEC_SCALE_FX  = $10
000000r 2               .endif
000000r 2               .ifndef MATH_VEC_OP_DOT_S16
000000r 2               MATH_VEC_OP_DOT_S16     = $01
000000r 2               .endif
000000r 2               .ifndef MATH_VEC_OP_DOT_FX
000000r 2               MATH_VEC_OP_DOT_FX      = $02
000000r 2               .endif
000000r 2               .ifndef MATH_VEC_OP_CROSS_S16
000000r 2               MATH_VEC_OP_CROSS_S16   = $03
000000r 2               .endif
000000r 2               .ifndef MATH_VEC_OP_LEN2
000000r 2               MATH_VEC_OP_LEN2        = $04
000000r 2               .endif
000000r 2               .ifndef MATH_VEC_OP_SCALE_FX
000000r 2               MATH_VEC_OP_SCALE_FX    = $05
000000r 2               .endif
000000r 2               .ifndef MATH_STATUS_OK
000000r 2               MATH_STATUS_OK       = $00
000000r 2               .endif
000000r 2               .ifndef MATH_STATUS_DIV_ZERO
000000r 2               MATH_STATUS_DIV_ZERO = $01
000000r 2               .endif
000000r 2               .ifndef MATH_STATUS_OVERFLOW
000000r 2               MATH_STATUS_OVERFLOW = $02
000000r 2               .endif
000000r 2               .ifndef MATH_STATUS_UNIMPL
000000r 2               MATH_STATUS_UNIMPL   = $80
000000r 2               .endif
000000r 2               .ifndef AUTOBOOT_SKIP
000000r 2               AUTOBOOT_SKIP     = $B9F0
000000r 2               .endif
000000r 2               .ifndef AUTOBOOT_ACTIVE
000000r 2               AUTOBOOT_ACTIVE   = $B9F1
000000r 2               .endif
000000r 2               .ifndef TEXTWIN_LEFT
000000r 2               TEXTWIN_LEFT      = $B9F2
000000r 2               .endif
000000r 2               .ifndef TEXTWIN_TOP
000000r 2               TEXTWIN_TOP       = $B9F3
000000r 2               .endif
000000r 2               .ifndef TEXTWIN_WIDTH
000000r 2               TEXTWIN_WIDTH     = $B9F4
000000r 2               .endif
000000r 2               .ifndef TEXTWIN_HEIGHT
000000r 2               TEXTWIN_HEIGHT    = $B9F5
000000r 2               .endif
000000r 2               
000000r 2               .ifndef FIO_CMD_SAVE
000000r 2               FIO_CMD_SAVE      = $01
000000r 2               .endif
000000r 2               .ifndef FIO_CMD_LOAD
000000r 2               FIO_CMD_LOAD      = $02
000000r 2               .endif
000000r 2               .ifndef FIO_CMD_DIROPEN
000000r 2               FIO_CMD_DIROPEN   = $03
000000r 2               .endif
000000r 2               .ifndef FIO_CMD_DIRREAD
000000r 2               FIO_CMD_DIRREAD   = $04
000000r 2               .endif
000000r 2               .ifndef FIO_CMD_DELETE
000000r 2               FIO_CMD_DELETE    = $05
000000r 2               .endif
000000r 2               .ifndef FIO_CMD_GSAVE
000000r 2               FIO_CMD_GSAVE     = $06
000000r 2               .endif
000000r 2               .ifndef FIO_CMD_GLOAD
000000r 2               FIO_CMD_GLOAD     = $07
000000r 2               .endif
000000r 2               .ifndef FIO_CMD_SIDPLAY
000000r 2               FIO_CMD_SIDPLAY   = $08
000000r 2               .endif
000000r 2               .ifndef FIO_CMD_SIDSTOP
000000r 2               FIO_CMD_SIDSTOP   = $09
000000r 2               .endif
000000r 2               .ifndef FIO_CMD_INSTRUMENT
000000r 2               FIO_CMD_INSTRUMENT = $0A
000000r 2               .endif
000000r 2               .ifndef FIO_CMD_SOUND
000000r 2               FIO_CMD_SOUND     = $0B
000000r 2               .endif
000000r 2               .ifndef FIO_CMD_VOLUME
000000r 2               FIO_CMD_VOLUME    = $0C
000000r 2               .endif
000000r 2               .ifndef FIO_CMD_MSEQ
000000r 2               FIO_CMD_MSEQ      = $0D
000000r 2               .endif
000000r 2               .ifndef FIO_CMD_MPLAY
000000r 2               FIO_CMD_MPLAY     = $0E
000000r 2               .endif
000000r 2               .ifndef FIO_CMD_MSTOP
000000r 2               FIO_CMD_MSTOP     = $0F
000000r 2               .endif
000000r 2               .ifndef FIO_CMD_MTEMPO
000000r 2               FIO_CMD_MTEMPO    = $10
000000r 2               .endif
000000r 2               .ifndef FIO_CMD_MLOOP
000000r 2               FIO_CMD_MLOOP     = $11
000000r 2               .endif
000000r 2               .ifndef FIO_CMD_MPRI
000000r 2               FIO_CMD_MPRI      = $12
000000r 2               .endif
000000r 2               .ifndef FIO_CMD_MIDPLAY
000000r 2               FIO_CMD_MIDPLAY   = $13
000000r 2               .endif
000000r 2               .ifndef FIO_CMD_MIDSTOP
000000r 2               FIO_CMD_MIDSTOP   = $14
000000r 2               .endif
000000r 2               .ifndef FIO_CMD_SFLOAD
000000r 2               FIO_CMD_SFLOAD    = $15
000000r 2               .endif
000000r 2               .ifndef FIO_CMD_XLOAD
000000r 2               FIO_CMD_XLOAD     = $18
000000r 2               .endif
000000r 2               .ifndef FIO_CMD_XSAVE
000000r 2               FIO_CMD_XSAVE     = $19
000000r 2               .endif
000000r 2               .ifndef FIO_CMD_CD
000000r 2               FIO_CMD_CD        = $20
000000r 2               .endif
000000r 2               .ifndef FIO_CMD_MKDIR
000000r 2               FIO_CMD_MKDIR     = $21
000000r 2               .endif
000000r 2               .ifndef FIO_CMD_RMDIR
000000r 2               FIO_CMD_RMDIR     = $22
000000r 2               .endif
000000r 2               .ifndef FIO_CMD_FORMAT
000000r 2               FIO_CMD_FORMAT    = $23
000000r 2               .endif
000000r 2               .ifndef FIO_CMD_MOUNT
000000r 2               FIO_CMD_MOUNT     = $24
000000r 2               .endif
000000r 2               .ifndef FIO_CMD_UNMOUNT
000000r 2               FIO_CMD_UNMOUNT   = $25
000000r 2               .endif
000000r 2               .ifndef FIO_CMD_PWD
000000r 2               FIO_CMD_PWD       = $26
000000r 2               .endif
000000r 2               .ifndef FIO_CMD_CLEARERR
000000r 2               FIO_CMD_CLEARERR  = $27
000000r 2               .endif
000000r 2               .ifndef FIO_CMD_LOADRUNTIME
000000r 2               ; @label FIO.CMD_LOADRUNTIME
000000r 2               ; @kind const
000000r 2               ; @symbol FIO_CMD_LOADRUNTIME
000000r 2               ; @summary Host command that streams a 16K file into the primary runtime ROM bank. Callers must execute from RAM while issuing it.
000000r 2               FIO_CMD_LOADRUNTIME = $28
000000r 2               .endif
000000r 2               .ifndef FIO_CMD_XPAGE
000000r 2               ; @label FIO.CMD_XPAGE
000000r 2               ; @kind const
000000r 2               ; @symbol FIO_CMD_XPAGE
000000r 2               ; @summary Host command that streams a file slice into XRAM, CPU RAM, or VGC memory using FIO_DIRTYPE as the target selector.
000000r 2               FIO_CMD_XPAGE    = $29
000000r 2               .endif
000000r 2               .ifndef FIO_CMD_RNG
000000r 2               ; @label FIO.CMD_RNG
000000r 2               ; @kind const
000000r 2               ; @symbol FIO_CMD_RNG
000000r 2               ; @summary Host command that returns 32 bits from NovaHost's host-backed RNG provider.
000000r 2               FIO_CMD_RNG      = $2A
000000r 2               .endif
000000r 2               .ifndef FIO_CMD_NVGLOAD
000000r 2               ; @label FIO.CMD_NVGLOAD
000000r 2               ; @kind const
000000r 2               ; @symbol FIO_CMD_NVGLOAD
000000r 2               ; @summary Host command that decodes a Nova NVG1 file into the graphics bitmap plane.
000000r 2               FIO_CMD_NVGLOAD  = $2B
000000r 2               .endif
000000r 2               
000000r 2               ; Host RNG result byte aliases. FIO.CMD_RNG returns little-endian bytes here.
000000r 2               ; @label FIO.RNG0
000000r 2               ; @kind u8
000000r 2               ; @symbol FIO_RNG0
000000r 2               ; @summary Low byte returned by FIO.CMD_RNG.
000000r 2               .ifndef FIO_RNG0
000000r 2               FIO_RNG0         = FIO_SRCL
000000r 2               .endif
000000r 2               ; @label FIO.RNG1
000000r 2               ; @kind u8
000000r 2               ; @symbol FIO_RNG1
000000r 2               ; @summary Second byte returned by FIO.CMD_RNG.
000000r 2               .ifndef FIO_RNG1
000000r 2               FIO_RNG1         = FIO_SRCH
000000r 2               .endif
000000r 2               ; @label FIO.RNG2
000000r 2               ; @kind u8
000000r 2               ; @symbol FIO_RNG2
000000r 2               ; @summary Third byte returned by FIO.CMD_RNG.
000000r 2               .ifndef FIO_RNG2
000000r 2               FIO_RNG2         = FIO_ENDL
000000r 2               .endif
000000r 2               ; @label FIO.RNG3
000000r 2               ; @kind u8
000000r 2               ; @symbol FIO_RNG3
000000r 2               ; @summary High byte returned by FIO.CMD_RNG.
000000r 2               .ifndef FIO_RNG3
000000r 2               FIO_RNG3         = FIO_ENDH
000000r 2               .endif
000000r 2               
000000r 2               .ifndef FIO_OK
000000r 2               FIO_OK            = $02
000000r 2               .endif
000000r 2               .ifndef FIO_STATUS_IDLE
000000r 2               FIO_STATUS_IDLE   = $00
000000r 2               .endif
000000r 2               .ifndef FIO_STATUS_OK
000000r 2               FIO_STATUS_OK     = FIO_OK
000000r 2               .endif
000000r 2               .ifndef FIO_ERR
000000r 2               FIO_ERR           = $03
000000r 2               .endif
000000r 2               .ifndef FIO_STATUS_ERROR
000000r 2               FIO_STATUS_ERROR  = $03
000000r 2               .endif
000000r 2               .ifndef FIO_ERR_NONE
000000r 2               FIO_ERR_NONE      = $00
000000r 2               .endif
000000r 2               .ifndef FIO_ERR_NOTFOUND
000000r 2               FIO_ERR_NOTFOUND  = $01
000000r 2               .endif
000000r 2               .ifndef FIO_ERR_IO
000000r 2               FIO_ERR_IO        = $02
000000r 2               .endif
000000r 2               .ifndef FIO_ERR_EOD
000000r 2               FIO_ERR_EOD       = $03
000000r 2               .endif
000000r 2               .ifndef FIO_ERR_DISKFULL
000000r 2               FIO_ERR_DISKFULL  = $04
000000r 2               .endif
000000r 2               .ifndef FIO_ERR_NOTMOUNTED
000000r 2               FIO_ERR_NOTMOUNTED = $05
000000r 2               .endif
000000r 2               .ifndef FIO_TYPE_SID
000000r 2               FIO_TYPE_SID      = $01
000000r 2               .endif
000000r 2               .ifndef FIO_TYPE_BIN
000000r 2               FIO_TYPE_BIN      = $02
000000r 2               .endif
000000r 2               .ifndef FIO_TYPE_MID
000000r 2               FIO_TYPE_MID      = $03
000000r 2               .endif
000000r 2               .ifndef FIO_TYPE_DIR
000000r 2               FIO_TYPE_DIR      = $05
000000r 2               .endif
000000r 2               
000000r 2               ; Extension ROM command IDs used by the BASIC-to-extension trampoline.
000000r 2               .ifndef EXT_CMD_RESERVED0
000000r 2               EXT_CMD_RESERVED0 = $00
000000r 2               .endif
000000r 2               .ifndef EXT_CMD_SFLOAD
000000r 2               EXT_CMD_SFLOAD    = $01
000000r 2               .endif
000000r 2               .ifndef EXT_CMD_DIR
000000r 2               EXT_CMD_DIR       = $02
000000r 2               .endif
000000r 2               .ifndef EXT_CMD_PWD
000000r 2               EXT_CMD_PWD       = $03
000000r 2               .endif
000000r 2               .ifndef EXT_CMD_XMEM
000000r 2               EXT_CMD_XMEM      = $04
000000r 2               .endif
000000r 2               .ifndef EXT_CMD_XDIR
000000r 2               EXT_CMD_XDIR      = $05
000000r 2               .endif
000000r 2               ; $06-$07 reserved
000000r 2               .ifndef EXT_CMD_HELP
000000r 2               EXT_CMD_HELP      = $08
000000r 2               .endif
000000r 2               .ifndef EXT_CMD_DMAFILL
000000r 2               EXT_CMD_DMAFILL   = $09
000000r 2               .endif
000000r 2               .ifndef EXT_CMD_BLTFILL
000000r 2               EXT_CMD_BLTFILL   = $0A
000000r 2               .endif
000000r 2               .ifndef EXT_CMD_XMCCMD
000000r 2               EXT_CMD_XMCCMD    = $0B
000000r 2               .endif
000000r 2               .ifndef EXT_CMD_COPPER
000000r 2               EXT_CMD_COPPER    = $0C
000000r 2               .endif
000000r 2               .ifndef EXT_CMD_XLOAD
000000r 2               EXT_CMD_XLOAD     = $0D
000000r 2               .endif
000000r 2               .ifndef EXT_CMD_XSAVE
000000r 2               EXT_CMD_XSAVE     = $0E
000000r 2               .endif
000000r 2               .ifndef EXT_CMD_DMACOPY
000000r 2               EXT_CMD_DMACOPY   = $0F
000000r 2               .endif
000000r 2               .ifndef EXT_CMD_BLITCOPY
000000r 2               EXT_CMD_BLITCOPY  = $10
000000r 2               .endif
000000r 2               .ifndef EXT_CMD_MMUL16L
000000r 2               EXT_CMD_MMUL16L   = $11
000000r 2               .endif
000000r 2               .ifndef EXT_CMD_MMUL16H
000000r 2               EXT_CMD_MMUL16H   = $12
000000r 2               .endif
000000r 2               .ifndef EXT_CMD_MDOTS16L
000000r 2               EXT_CMD_MDOTS16L  = $13
000000r 2               .endif
000000r 2               .ifndef EXT_CMD_MDOTS16H
000000r 2               EXT_CMD_MDOTS16H  = $14
000000r 2               .endif
000000r 2               .ifndef EXT_CMD_MCROSSL
000000r 2               EXT_CMD_MCROSSL   = $15
000000r 2               .endif
000000r 2               .ifndef EXT_CMD_MCROSSH
000000r 2               EXT_CMD_MCROSSH   = $16
000000r 2               .endif
000000r 2               .ifndef EXT_CMD_MMULFX
000000r 2               EXT_CMD_MMULFX    = $17
000000r 2               .endif
000000r 2               .ifndef EXT_CMD_MDIST
000000r 2               EXT_CMD_MDIST     = $18
000000r 2               .endif
000000r 2               .ifndef EXT_CMD_MSIN
000000r 2               EXT_CMD_MSIN      = $19
000000r 2               .endif
000000r 2               .ifndef EXT_CMD_MCOS
000000r 2               EXT_CMD_MCOS      = $1A
000000r 2               .endif
000000r 2               .ifndef EXT_CMD_MRND
000000r 2               EXT_CMD_MRND      = $1B
000000r 2               .endif
000000r 2               .ifndef EXT_CMD_MDIV
000000r 2               EXT_CMD_MDIV      = $1C
000000r 2               .endif
000000r 2               .ifndef EXT_CMD_MREM
000000r 2               EXT_CMD_MREM      = $1D
000000r 2               .endif
000000r 2               .ifndef EXT_CMD_MATAN2
000000r 2               EXT_CMD_MATAN2    = $1E
000000r 2               .endif
000000r 2               .ifndef EXT_CMD_MDOTFX
000000r 2               EXT_CMD_MDOTFX    = $1F
000000r 2               .endif
000000r 2               .ifndef EXT_CMD_MLEN2
000000r 2               EXT_CMD_MLEN2     = $20
000000r 2               .endif
000000r 2               .ifndef EXT_CMD_MSCALX
000000r 2               EXT_CMD_MSCALX    = $21
000000r 2               .endif
000000r 2               .ifndef EXT_CMD_MSCALY
000000r 2               EXT_CMD_MSCALY    = $22
000000r 2               .endif
000000r 2               .ifndef EXT_CMD_ADDR
000000r 2               EXT_CMD_ADDR      = $23
000000r 2               .endif
000000r 2               .ifndef EXT_CMD_XBANK
000000r 2               EXT_CMD_XBANK     = $24
000000r 2               .endif
000000r 2               .ifndef EXT_CMD_XPOKE
000000r 2               EXT_CMD_XPOKE     = $25
000000r 2               .endif
000000r 2               .ifndef EXT_CMD_XFREE
000000r 2               EXT_CMD_XFREE     = $26
000000r 2               .endif
000000r 2               .ifndef EXT_CMD_XRESET
000000r 2               EXT_CMD_XRESET    = $27
000000r 2               .endif
000000r 2               .ifndef EXT_CMD_XALLOC
000000r 2               EXT_CMD_XALLOC    = $28
000000r 2               .endif
000000r 2               .ifndef EXT_CMD_XMAP
000000r 2               EXT_CMD_XMAP      = $29
000000r 2               .endif
000000r 2               .ifndef EXT_CMD_XUNMAP
000000r 2               EXT_CMD_XUNMAP    = $2A
000000r 2               .endif
000000r 2               .ifndef EXT_CMD_XPEEK
000000r 2               EXT_CMD_XPEEK     = $2B
000000r 2               .endif
000000r 2               .ifndef EXT_CMD_PLAYING
000000r 2               EXT_CMD_PLAYING   = $2C
000000r 2               .endif
000000r 2               .ifndef EXT_CMD_MNOTE
000000r 2               EXT_CMD_MNOTE     = $2D
000000r 2               .endif
000000r 2               .ifndef EXT_CMD_NSTATUS
000000r 2               EXT_CMD_NSTATUS   = $2E
000000r 2               .endif
000000r 2               .ifndef EXT_CMD_NREADY
000000r 2               EXT_CMD_NREADY    = $2F
000000r 2               .endif
000000r 2               .ifndef EXT_CMD_DMASTATUS
000000r 2               EXT_CMD_DMASTATUS = $30
000000r 2               .endif
000000r 2               .ifndef EXT_CMD_DMAERR
000000r 2               EXT_CMD_DMAERR    = $31
000000r 2               .endif
000000r 2               .ifndef EXT_CMD_DMACOUNT
000000r 2               EXT_CMD_DMACOUNT  = $32
000000r 2               .endif
000000r 2               .ifndef EXT_CMD_BLITSTATUS
000000r 2               EXT_CMD_BLITSTATUS = $33
000000r 2               .endif
000000r 2               .ifndef EXT_CMD_BLITERR
000000r 2               EXT_CMD_BLITERR   = $34
000000r 2               .endif
000000r 2               .ifndef EXT_CMD_BLITCOUNT
000000r 2               EXT_CMD_BLITCOUNT = $35
000000r 2               .endif
000000r 2               .ifndef EXT_CMD_SPRCOLL
000000r 2               EXT_CMD_SPRCOLL   = $36
000000r 2               .endif
000000r 2               .ifndef EXT_CMD_SPRBG
000000r 2               EXT_CMD_SPRBG     = $37
000000r 2               .endif
000000r 2               .ifndef EXT_CMD_VPEEK
000000r 2               EXT_CMD_VPEEK     = $38
000000r 2               .endif
000000r 2               .ifndef EXT_CMD_BITSET
000000r 2               EXT_CMD_BITSET    = $39
000000r 2               .endif
000000r 2               .ifndef EXT_CMD_BITCLR
000000r 2               EXT_CMD_BITCLR    = $3A
000000r 2               .endif
000000r 2               .ifndef EXT_CMD_BITTGL
000000r 2               EXT_CMD_BITTGL    = $3B
000000r 2               .endif
000000r 2               .ifndef EXT_CMD_REVERSE
000000r 2               EXT_CMD_REVERSE   = $3C
000000r 2               .endif
000000r 2               .ifndef EXT_CMD_REVERSEOFF
000000r 2               EXT_CMD_REVERSEOFF = $3D
000000r 2               .endif
000000r 2               .ifndef EXT_CMD_FLASH
000000r 2               EXT_CMD_FLASH     = $3E
000000r 2               .endif
000000r 2               .ifndef EXT_CMD_FLASHOFF
000000r 2               EXT_CMD_FLASHOFF  = $3F
000000r 2               .endif
000000r 2               .ifndef EXT_CMD_VPOKE
000000r 2               EXT_CMD_VPOKE     = $40
000000r 2               .endif
000000r 2               .ifndef EXT_CMD_FIOCLR
000000r 2               EXT_CMD_FIOCLR    = $41
000000r 2               .endif
000000r 2               .ifndef EXT_CMD_CLS
000000r 2               EXT_CMD_CLS       = $42
000000r 2               .endif
000000r 2               
000000r 2               ; Hosted music/SFX status registers.
000000r 2               .ifndef MUSIC_STATUS
000000r 2               MUSIC_STATUS      = $BA50
000000r 2               .endif
000000r 2               .ifndef MUSIC_STATUS_SFX
000000r 2               MUSIC_STATUS_SFX  = $01
000000r 2               .endif
000000r 2               .ifndef MUSIC_STATUS_MUSIC
000000r 2               MUSIC_STATUS_MUSIC = $02
000000r 2               .endif
000000r 2               .ifndef MUSIC_STATUS_SID
000000r 2               MUSIC_STATUS_SID  = $04
000000r 2               .endif
000000r 2               .ifndef MUSIC_STATUS_WTS
000000r 2               MUSIC_STATUS_WTS  = $08
000000r 2               .endif
000000r 2               .ifndef MUSIC_STATUS_LOADING
000000r 2               MUSIC_STATUS_LOADING = $10
000000r 2               .endif
000000r 2               .ifndef MUSIC_NOTE1
000000r 2               MUSIC_NOTE1       = $BA51
000000r 2               .endif
000000r 2               .ifndef MUSIC_NOTE2
000000r 2               MUSIC_NOTE2       = $BA52
000000r 2               .endif
000000r 2               .ifndef MUSIC_NOTE3
000000r 2               MUSIC_NOTE3       = $BA53
000000r 2               .endif
000000r 2               .ifndef MUSIC_NOTE4
000000r 2               MUSIC_NOTE4       = $BA54
000000r 2               .endif
000000r 2               .ifndef MUSIC_NOTE5
000000r 2               MUSIC_NOTE5       = $BA55
000000r 2               .endif
000000r 2               .ifndef MUSIC_NOTE6
000000r 2               MUSIC_NOTE6       = $BA56
000000r 2               .endif
000000r 2               .ifndef MUSIC_NOTE7
000000r 2               MUSIC_NOTE7       = $BA57
000000r 2               .endif
000000r 2               .ifndef MUSIC_NOTE8
000000r 2               MUSIC_NOTE8       = $BA58
000000r 2               .endif
000000r 2               .ifndef MUSIC_NOTE9
000000r 2               MUSIC_NOTE9       = $BA59
000000r 2               .endif
000000r 2               .ifndef MUSIC_NOTE10
000000r 2               MUSIC_NOTE10      = $BA5A
000000r 2               .endif
000000r 2               .ifndef MUSIC_NOTE11
000000r 2               MUSIC_NOTE11      = $BA5B
000000r 2               .endif
000000r 2               .ifndef MUSIC_NOTE12
000000r 2               MUSIC_NOTE12      = $BA5C
000000r 2               .endif
000000r 2               .ifndef MUSIC_NOTE13
000000r 2               MUSIC_NOTE13      = $BA5D
000000r 2               .endif
000000r 2               .ifndef MUSIC_NOTE14
000000r 2               MUSIC_NOTE14      = $BA5E
000000r 2               .endif
000000r 2               .ifndef MUSIC_ELAPSEDL
000000r 2               MUSIC_ELAPSEDL    = $BA5F
000000r 2               .endif
000000r 2               .ifndef MUSIC_ELAPSEDH
000000r 2               MUSIC_ELAPSEDH    = $BA60
000000r 2               .endif
000000r 2               .ifndef MUSIC_TOTALL
000000r 2               MUSIC_TOTALL      = $BA61
000000r 2               .endif
000000r 2               .ifndef MUSIC_TOTALH
000000r 2               MUSIC_TOTALH      = $BA62
000000r 2               .endif
000000r 2               
000000r 2               ; SID register windows. CPU reads in this range still fetch ROM bytes on Nova;
000000r 2               ; these names are for writes and emulator/host-side register shadow APIs.
000000r 2               .ifndef SID_BASE
000000r 2               SID_BASE          = $D400
000000r 2               .endif
000000r 2               .ifndef SID_END
000000r 2               SID_END           = $D41F
000000r 2               .endif
000000r 2               .ifndef SID2_BASE
000000r 2               SID2_BASE         = $D420
000000r 2               .endif
000000r 2               .ifndef SID2_END
000000r 2               SID2_END          = $D43F
000000r 2               .endif
000000r 2               .ifndef SID2_MIRROR_BASE
000000r 2               SID2_MIRROR_BASE  = $D500
000000r 2               .endif
000000r 2               .ifndef SID2_MIRROR_END
000000r 2               SID2_MIRROR_END   = $D51F
000000r 2               .endif
000000r 2               
000000r 2               ; Wavetable synthesizer registers.
000000r 2               .ifndef WTS_BASE
000000r 2               WTS_BASE          = $A140
000000r 2               .endif
000000r 2               .ifndef WTS_VOICE_BASE
000000r 2               WTS_VOICE_BASE    = $A140
000000r 2               .endif
000000r 2               .ifndef WTS_VOICE_STRIDE
000000r 2               WTS_VOICE_STRIDE  = $08
000000r 2               .endif
000000r 2               .ifndef WTS_VOICE_END
000000r 2               WTS_VOICE_END     = $A17F
000000r 2               .endif
000000r 2               .ifndef WTS_VOICE_NOTE
000000r 2               WTS_VOICE_NOTE    = $00
000000r 2               .endif
000000r 2               .ifndef WTS_VOICE_VELOCITY
000000r 2               WTS_VOICE_VELOCITY = $01
000000r 2               .endif
000000r 2               .ifndef WTS_VOICE_INSTRUMENT
000000r 2               WTS_VOICE_INSTRUMENT = $02
000000r 2               .endif
000000r 2               .ifndef WTS_VOICE_VOLUME
000000r 2               WTS_VOICE_VOLUME  = $03
000000r 2               .endif
000000r 2               .ifndef WTS_VOICE_PANNING
000000r 2               WTS_VOICE_PANNING = $04
000000r 2               .endif
000000r 2               .ifndef WTS_VOICE_PITCH_BEND_LO
000000r 2               WTS_VOICE_PITCH_BEND_LO = $05
000000r 2               .endif
000000r 2               .ifndef WTS_VOICE_PITCH_BEND_HI
000000r 2               WTS_VOICE_PITCH_BEND_HI = $06
000000r 2               .endif
000000r 2               .ifndef WTS_VOICE_STATUS
000000r 2               WTS_VOICE_STATUS  = $07
000000r 2               .endif
000000r 2               .ifndef WTS_GLOBAL_BASE
000000r 2               WTS_GLOBAL_BASE   = $A180
000000r 2               .endif
000000r 2               .ifndef WTS_REVERB_LEVEL
000000r 2               WTS_REVERB_LEVEL  = $A180
000000r 2               .endif
000000r 2               .ifndef WTS_CHORUS_LEVEL
000000r 2               WTS_CHORUS_LEVEL  = $A181
000000r 2               .endif
000000r 2               .ifndef WTS_MASTER_VOLUME
000000r 2               WTS_MASTER_VOLUME = $A182
000000r 2               .endif
000000r 2               .ifndef WTS_SOUNDFONT_STATUS
000000r 2               WTS_SOUNDFONT_STATUS = $A183
000000r 2               .endif
000000r 2               .ifndef WTS_INSTRUMENT_COUNT
000000r 2               WTS_INSTRUMENT_COUNT = $A184
000000r 2               .endif
000000r 2               .ifndef WTS_COMMAND
000000r 2               WTS_COMMAND       = $A185
000000r 2               .endif
000000r 2               .ifndef WTS_COMMAND_ARG
000000r 2               WTS_COMMAND_ARG   = $A186
000000r 2               .endif
000000r 2               .ifndef WTS_ACTIVE_VOICES
000000r 2               WTS_ACTIVE_VOICES = $A187
000000r 2               .endif
000000r 2               .ifndef WTS_ENUM_BASE
000000r 2               WTS_ENUM_BASE     = $A1A0
000000r 2               .endif
000000r 2               .ifndef WTS_ENUM_INDEX
000000r 2               WTS_ENUM_INDEX    = $A1A0
000000r 2               .endif
000000r 2               .ifndef WTS_ENUM_BANK
000000r 2               WTS_ENUM_BANK     = $A1A1
000000r 2               .endif
000000r 2               .ifndef WTS_ENUM_PROGRAM
000000r 2               WTS_ENUM_PROGRAM  = $A1A2
000000r 2               .endif
000000r 2               .ifndef WTS_ENUM_NAME
000000r 2               WTS_ENUM_NAME     = $A1A3
000000r 2               .endif
000000r 2               .ifndef WTS_ENUM_END
000000r 2               WTS_ENUM_END      = $A1DF
000000r 2               .endif
000000r 2               .ifndef WTS_EVENT_STATUS
000000r 2               WTS_EVENT_STATUS  = $A1E0
000000r 2               .endif
000000r 2               .ifndef WTS_EVENT_COUNT_L
000000r 2               WTS_EVENT_COUNT_L = $A1E1
000000r 2               .endif
000000r 2               .ifndef WTS_EVENT_COUNT_H
000000r 2               WTS_EVENT_COUNT_H = $A1E2
000000r 2               .endif
000000r 2               .ifndef WTS_EVENT_FREE_L
000000r 2               WTS_EVENT_FREE_L  = $A1E3
000000r 2               .endif
000000r 2               .ifndef WTS_EVENT_FREE_H
000000r 2               WTS_EVENT_FREE_H  = $A1E4
000000r 2               .endif
000000r 2               .ifndef WTS_EVENT_FRAME0
000000r 2               WTS_EVENT_FRAME0  = $A1E5
000000r 2               .endif
000000r 2               .ifndef WTS_EVENT_FRAME1
000000r 2               WTS_EVENT_FRAME1  = $A1E6
000000r 2               .endif
000000r 2               .ifndef WTS_EVENT_FRAME2
000000r 2               WTS_EVENT_FRAME2  = $A1E7
000000r 2               .endif
000000r 2               .ifndef WTS_EVENT_FRAME3
000000r 2               WTS_EVENT_FRAME3  = $A1E8
000000r 2               .endif
000000r 2               .ifndef WTS_END
000000r 2               WTS_END           = $A1FF
000000r 2               .endif
000000r 2               .ifndef WTS_CMD_ALL_NOTES_OFF
000000r 2               WTS_CMD_ALL_NOTES_OFF = $01
000000r 2               .endif
000000r 2               .ifndef WTS_CMD_RESET_EFFECTS
000000r 2               WTS_CMD_RESET_EFFECTS = $02
000000r 2               .endif
000000r 2               .ifndef WTS_CMD_EVENT_RESET
000000r 2               WTS_CMD_EVENT_RESET = $03
000000r 2               .endif
000000r 2               .ifndef WTS_CMD_EVENT_START
000000r 2               WTS_CMD_EVENT_START = $04
000000r 2               .endif
000000r 2               .ifndef WTS_CMD_EVENT_STOP
000000r 2               WTS_CMD_EVENT_STOP = $05
000000r 2               .endif
000000r 2               
000000r 2               ; ---------------------------------------------------------------------
000000r 2               ; Expansion Memory Controller.
000000r 2               ; ---------------------------------------------------------------------
000000r 2               .ifndef XMC_CMD
000000r 2               XMC_CMD           = $BA00
000000r 2               .endif
000000r 2               .ifndef XMC_STATUS
000000r 2               XMC_STATUS        = $BA01
000000r 2               .endif
000000r 2               .ifndef XMC_ERRCODE
000000r 2               XMC_ERRCODE       = $BA02
000000r 2               .endif
000000r 2               .ifndef XMC_CFG
000000r 2               XMC_CFG           = $BA03
000000r 2               .endif
000000r 2               .ifndef XMC_XAL
000000r 2               XMC_XAL           = $BA04
000000r 2               .endif
000000r 2               .ifndef XMC_XAM
000000r 2               XMC_XAM           = $BA05
000000r 2               .endif
000000r 2               .ifndef XMC_XAH
000000r 2               XMC_XAH           = $BA06
000000r 2               .endif
000000r 2               .ifndef XMC_RAML
000000r 2               XMC_RAML          = $BA07
000000r 2               .endif
000000r 2               .ifndef XMC_RAMH
000000r 2               XMC_RAMH          = $BA08
000000r 2               .endif
000000r 2               .ifndef XMC_LENL
000000r 2               XMC_LENL          = $BA09
000000r 2               .endif
000000r 2               .ifndef XMC_LENH
000000r 2               XMC_LENH          = $BA0A
000000r 2               .endif
000000r 2               .ifndef XMC_DATA
000000r 2               XMC_DATA          = $BA0B
000000r 2               .endif
000000r 2               .ifndef XMC_BANK
000000r 2               XMC_BANK          = $BA0C
000000r 2               .endif
000000r 2               .ifndef XMC_BANKS
000000r 2               XMC_BANKS         = $BA0D
000000r 2               .endif
000000r 2               .ifndef XMC_USEDL
000000r 2               XMC_USEDL         = $BA0E
000000r 2               .endif
000000r 2               .ifndef XMC_USEDH
000000r 2               XMC_USEDH         = $BA0F
000000r 2               .endif
000000r 2               .ifndef XMC_FREEL
000000r 2               XMC_FREEL         = $BA10
000000r 2               .endif
000000r 2               .ifndef XMC_FREEH
000000r 2               XMC_FREEH         = $BA11
000000r 2               .endif
000000r 2               .ifndef XMC_NAMELEN
000000r 2               XMC_NAMELEN       = $BA12
000000r 2               .endif
000000r 2               .ifndef XMC_HANDLE
000000r 2               XMC_HANDLE        = $BA13
000000r 2               .endif
000000r 2               .ifndef XMC_DIRCOUNTL
000000r 2               XMC_DIRCOUNTL     = $BA14
000000r 2               .endif
000000r 2               .ifndef XMC_DIRCOUNTH
000000r 2               XMC_DIRCOUNTH     = $BA15
000000r 2               .endif
000000r 2               .ifndef XMC_WINCTL
000000r 2               XMC_WINCTL        = $BA16
000000r 2               .endif
000000r 2               .ifndef XMC_W0AL
000000r 2               XMC_W0AL          = $BA18
000000r 2               .endif
000000r 2               .ifndef XMC_W0AM
000000r 2               XMC_W0AM          = $BA19
000000r 2               .endif
000000r 2               .ifndef XMC_W0AH
000000r 2               XMC_W0AH          = $BA1A
000000r 2               .endif
000000r 2               .ifndef XMC_W1AL
000000r 2               XMC_W1AL          = $BA1B
000000r 2               .endif
000000r 2               .ifndef XMC_W1AM
000000r 2               XMC_W1AM          = $BA1C
000000r 2               .endif
000000r 2               .ifndef XMC_W1AH
000000r 2               XMC_W1AH          = $BA1D
000000r 2               .endif
000000r 2               .ifndef XMC_W2AL
000000r 2               XMC_W2AL          = $BA1E
000000r 2               .endif
000000r 2               .ifndef XMC_W2AM
000000r 2               XMC_W2AM          = $BA1F
000000r 2               .endif
000000r 2               .ifndef XMC_W2AH
000000r 2               XMC_W2AH          = $BA20
000000r 2               .endif
000000r 2               .ifndef XMC_W3AL
000000r 2               XMC_W3AL          = $BA21
000000r 2               .endif
000000r 2               .ifndef XMC_W3AM
000000r 2               XMC_W3AM          = $BA22
000000r 2               .endif
000000r 2               .ifndef XMC_W3AH
000000r 2               XMC_W3AH          = $BA23
000000r 2               .endif
000000r 2               .ifndef XMC_NAME
000000r 2               XMC_NAME          = $BA24
000000r 2               .endif
000000r 2               .ifndef XMC_NAME_MAX
000000r 2               XMC_NAME_MAX      = 28
000000r 2               .endif
000000r 2               
000000r 2               .ifndef WIN3_LO
000000r 2               WIN3_LO           = XMC_W3AL
000000r 2               .endif
000000r 2               .ifndef WIN3_MI
000000r 2               WIN3_MI           = XMC_W3AM
000000r 2               .endif
000000r 2               .ifndef WIN3_HI
000000r 2               WIN3_HI           = XMC_W3AH
000000r 2               .endif
000000r 2               .ifndef WIN3_BASE
000000r 2               WIN3_BASE         = $BF00
000000r 2               .endif
000000r 2               
000000r 2               .ifndef XMC_CMD_GET
000000r 2               XMC_CMD_GET       = $01
000000r 2               .endif
000000r 2               .ifndef XMC_CMD_PUT
000000r 2               XMC_CMD_PUT       = $02
000000r 2               .endif
000000r 2               .ifndef XMC_CMD_STASH
000000r 2               XMC_CMD_STASH     = $03
000000r 2               .endif
000000r 2               .ifndef XMC_CMD_FETCH
000000r 2               XMC_CMD_FETCH     = $04
000000r 2               .endif
000000r 2               .ifndef XMC_CMD_FILL
000000r 2               XMC_CMD_FILL      = $05
000000r 2               .endif
000000r 2               .ifndef XMC_CMD_STATS
000000r 2               XMC_CMD_STATS     = $07
000000r 2               .endif
000000r 2               .ifndef XMC_CMD_RSTUS
000000r 2               XMC_CMD_RSTUS     = $08
000000r 2               .endif
000000r 2               .ifndef XMC_CMD_REL
000000r 2               XMC_CMD_REL       = $09
000000r 2               .endif
000000r 2               .ifndef XMC_CMD_ALLOC
000000r 2               XMC_CMD_ALLOC     = $0A
000000r 2               .endif
000000r 2               .ifndef XMC_CMD_NSTSH
000000r 2               XMC_CMD_NSTSH     = $0B
000000r 2               .endif
000000r 2               .ifndef XMC_CMD_NFETC
000000r 2               XMC_CMD_NFETC     = $0C
000000r 2               .endif
000000r 2               .ifndef XMC_CMD_NDEL
000000r 2               XMC_CMD_NDEL      = $0D
000000r 2               .endif
000000r 2               .ifndef XMC_CMD_NDIRO
000000r 2               XMC_CMD_NDIRO     = $0E
000000r 2               .endif
000000r 2               .ifndef XMC_CMD_NDIRR
000000r 2               XMC_CMD_NDIRR     = $0F
000000r 2               .endif
000000r 2               
000000r 2               .ifndef XMC_OK
000000r 2               XMC_OK            = $02
000000r 2               .endif
000000r 2               .ifndef XMC_STATUS_ERROR
000000r 2               XMC_STATUS_ERROR  = $03
000000r 2               .endif
000000r 2               .ifndef XMC_ERR_RANGE
000000r 2               XMC_ERR_RANGE     = $01
000000r 2               .endif
000000r 2               .ifndef XMC_ERR_BADARGS
000000r 2               XMC_ERR_BADARGS   = $02
000000r 2               .endif
000000r 2               .ifndef XMC_ERR_NF
000000r 2               XMC_ERR_NF        = $03
000000r 2               .endif
000000r 2               .ifndef XMC_ERR_NOTFOUND
000000r 2               XMC_ERR_NOTFOUND  = $03
000000r 2               .endif
000000r 2               .ifndef XMC_ERR_NOSPACE
000000r 2               XMC_ERR_NOSPACE   = $04
000000r 2               .endif
000000r 2               .ifndef XMC_ERR_NAME
000000r 2               XMC_ERR_NAME      = $05
000000r 2               .endif
000000r 2               .ifndef XMC_ERR_EOD
000000r 2               XMC_ERR_EOD       = $06
000000r 2               .endif
000000r 2               
000000r 2               ; ---------------------------------------------------------------------
000000r 2               ; Unified DMA controller.
000000r 2               ; ---------------------------------------------------------------------
000000r 2               .ifndef DMA_CMD_REG
000000r 2               DMA_CMD_REG       = $BA63
000000r 2               .endif
000000r 2               .ifndef DMA_STATUS_REG
000000r 2               DMA_STATUS_REG    = $BA64
000000r 2               .endif
000000r 2               .ifndef DMA_ERRCODE_REG
000000r 2               DMA_ERRCODE_REG   = $BA65
000000r 2               .endif
000000r 2               .ifndef DMA_SRCSPACE
000000r 2               DMA_SRCSPACE      = $BA66
000000r 2               .endif
000000r 2               .ifndef DMA_DSTSPACE
000000r 2               DMA_DSTSPACE      = $BA67
000000r 2               .endif
000000r 2               .ifndef DMA_SRCL
000000r 2               DMA_SRCL          = $BA68
000000r 2               .endif
000000r 2               .ifndef DMA_SRCM
000000r 2               DMA_SRCM          = $BA69
000000r 2               .endif
000000r 2               .ifndef DMA_SRCH
000000r 2               DMA_SRCH          = $BA6A
000000r 2               .endif
000000r 2               .ifndef DMA_DSTL
000000r 2               DMA_DSTL          = $BA6B
000000r 2               .endif
000000r 2               .ifndef DMA_DSTM
000000r 2               DMA_DSTM          = $BA6C
000000r 2               .endif
000000r 2               .ifndef DMA_DSTH
000000r 2               DMA_DSTH          = $BA6D
000000r 2               .endif
000000r 2               .ifndef DMA_LENL
000000r 2               DMA_LENL          = $BA6E
000000r 2               .endif
000000r 2               .ifndef DMA_LENM
000000r 2               DMA_LENM          = $BA6F
000000r 2               .endif
000000r 2               .ifndef DMA_LENH
000000r 2               DMA_LENH          = $BA70
000000r 2               .endif
000000r 2               .ifndef DMA_MODE_REG
000000r 2               DMA_MODE_REG      = $BA71
000000r 2               .endif
000000r 2               .ifndef DMA_FILLVALUE
000000r 2               DMA_FILLVALUE     = $BA72
000000r 2               .endif
000000r 2               .ifndef DMA_CNTL
000000r 2               DMA_CNTL          = $BA73
000000r 2               .endif
000000r 2               .ifndef DMA_CNTM
000000r 2               DMA_CNTM          = $BA74
000000r 2               .endif
000000r 2               .ifndef DMA_CNTH
000000r 2               DMA_CNTH          = $BA75
000000r 2               .endif
000000r 2               
000000r 2               .ifndef DMA_CMD
000000r 2               DMA_CMD           = DMA_CMD_REG
000000r 2               .endif
000000r 2               .ifndef DMA_STATUS
000000r 2               DMA_STATUS        = DMA_STATUS_REG
000000r 2               .endif
000000r 2               .ifndef DMA_ERRCODE
000000r 2               DMA_ERRCODE       = DMA_ERRCODE_REG
000000r 2               .endif
000000r 2               .ifndef DMA_MODE
000000r 2               DMA_MODE          = DMA_MODE_REG
000000r 2               .endif
000000r 2               .ifndef DMA_FILL
000000r 2               DMA_FILL          = DMA_FILLVALUE
000000r 2               .endif
000000r 2               
000000r 2               .ifndef DMA_CMD_START
000000r 2               DMA_CMD_START     = $01
000000r 2               .endif
000000r 2               .ifndef DMA_STATUS_IDLE
000000r 2               DMA_STATUS_IDLE   = $00
000000r 2               .endif
000000r 2               .ifndef DMA_STATUS_BUSY
000000r 2               DMA_STATUS_BUSY   = $01
000000r 2               .endif
000000r 2               .ifndef DMA_STATUS_OK
000000r 2               DMA_STATUS_OK     = $02
000000r 2               .endif
000000r 2               .ifndef DMA_STATUS_ERROR
000000r 2               DMA_STATUS_ERROR  = $03
000000r 2               .endif
000000r 2               .ifndef DMA_BUSY
000000r 2               DMA_BUSY          = DMA_STATUS_BUSY
000000r 2               .endif
000000r 2               .ifndef DMA_OK
000000r 2               DMA_OK            = DMA_STATUS_OK
000000r 2               .endif
000000r 2               .ifndef DMA_ERR_BADCMD
000000r 2               DMA_ERR_BADCMD    = $01
000000r 2               .endif
000000r 2               .ifndef DMA_ERR_BADSPACE
000000r 2               DMA_ERR_BADSPACE  = $02
000000r 2               .endif
000000r 2               .ifndef DMA_ERR_RANGE
000000r 2               DMA_ERR_RANGE     = $03
000000r 2               .endif
000000r 2               .ifndef DMA_ERR_BADARGS
000000r 2               DMA_ERR_BADARGS   = $04
000000r 2               .endif
000000r 2               .ifndef DMA_ERR_WRITEPROT
000000r 2               DMA_ERR_WRITEPROT = $05
000000r 2               .endif
000000r 2               .ifndef DMA_MODE_FILL
000000r 2               DMA_MODE_FILL     = $01
000000r 2               .endif
000000r 2               .ifndef DMA_SPACE_CPU
000000r 2               DMA_SPACE_CPU     = $00
000000r 2               .endif
000000r 2               .ifndef DMA_SPACE_VGC_CHAR
000000r 2               DMA_SPACE_VGC_CHAR = $01
000000r 2               .endif
000000r 2               .ifndef DMA_SPACE_VGC_COLOR
000000r 2               DMA_SPACE_VGC_COLOR = $02
000000r 2               .endif
000000r 2               .ifndef DMA_SPACE_VGC_GFX
000000r 2               DMA_SPACE_VGC_GFX = $03
000000r 2               .endif
000000r 2               .ifndef DMA_SPACE_VGC_SPRITE
000000r 2               DMA_SPACE_VGC_SPRITE = $04
000000r 2               .endif
000000r 2               .ifndef DMA_SPACE_XRAM
000000r 2               DMA_SPACE_XRAM    = $05
000000r 2               .endif
000000r 2               .ifndef DMA_SPACE_VGC_TEXTATTR
000000r 2               DMA_SPACE_VGC_TEXTATTR = $07
000000r 2               .endif
000000r 2               
000000r 2               ; ---------------------------------------------------------------------
000000r 2               ; Blitter controller.
000000r 2               ; ---------------------------------------------------------------------
000000r 2               .ifndef BLT_CMD_REG
000000r 2               BLT_CMD_REG       = $BA83
000000r 2               .endif
000000r 2               .ifndef BLT_STATUS_REG
000000r 2               BLT_STATUS_REG    = $BA84
000000r 2               .endif
000000r 2               .ifndef BLT_ERRCODE_REG
000000r 2               BLT_ERRCODE_REG   = $BA85
000000r 2               .endif
000000r 2               .ifndef BLT_SRCSPACE
000000r 2               BLT_SRCSPACE      = $BA86
000000r 2               .endif
000000r 2               .ifndef BLT_DSTSPACE
000000r 2               BLT_DSTSPACE      = $BA87
000000r 2               .endif
000000r 2               .ifndef BLT_SRCL
000000r 2               BLT_SRCL          = $BA88
000000r 2               .endif
000000r 2               .ifndef BLT_SRCM
000000r 2               BLT_SRCM          = $BA89
000000r 2               .endif
000000r 2               .ifndef BLT_SRCH
000000r 2               BLT_SRCH          = $BA8A
000000r 2               .endif
000000r 2               .ifndef BLT_DSTL
000000r 2               BLT_DSTL          = $BA8B
000000r 2               .endif
000000r 2               .ifndef BLT_DSTM
000000r 2               BLT_DSTM          = $BA8C
000000r 2               .endif
000000r 2               .ifndef BLT_DSTH
000000r 2               BLT_DSTH          = $BA8D
000000r 2               .endif
000000r 2               .ifndef BLT_WIDTHL
000000r 2               BLT_WIDTHL        = $BA8E
000000r 2               .endif
000000r 2               .ifndef BLT_WIDTHH
000000r 2               BLT_WIDTHH        = $BA8F
000000r 2               .endif
000000r 2               .ifndef BLT_HEIGHTL
000000r 2               BLT_HEIGHTL       = $BA90
000000r 2               .endif
000000r 2               .ifndef BLT_HEIGHTH
000000r 2               BLT_HEIGHTH       = $BA91
000000r 2               .endif
000000r 2               .ifndef BLT_SRCSTRL
000000r 2               BLT_SRCSTRL       = $BA92
000000r 2               .endif
000000r 2               .ifndef BLT_SRCSTRH
000000r 2               BLT_SRCSTRH       = $BA93
000000r 2               .endif
000000r 2               .ifndef BLT_DSTSTRL
000000r 2               BLT_DSTSTRL       = $BA94
000000r 2               .endif
000000r 2               .ifndef BLT_DSTSTRH
000000r 2               BLT_DSTSTRH       = $BA95
000000r 2               .endif
000000r 2               .ifndef BLT_DSTRH
000000r 2               BLT_DSTRH         = BLT_DSTSTRH
000000r 2               .endif
000000r 2               .ifndef BLT_MODE_REG
000000r 2               BLT_MODE_REG      = $BA96
000000r 2               .endif
000000r 2               .ifndef BLT_FILLVALUE
000000r 2               BLT_FILLVALUE     = $BA97
000000r 2               .endif
000000r 2               .ifndef BLT_FILLVAL
000000r 2               BLT_FILLVAL       = BLT_FILLVALUE
000000r 2               .endif
000000r 2               .ifndef BLT_CKEY
000000r 2               BLT_CKEY          = $BA98
000000r 2               .endif
000000r 2               .ifndef BLT_CNTL
000000r 2               BLT_CNTL          = $BA99
000000r 2               .endif
000000r 2               .ifndef BLT_CNTM
000000r 2               BLT_CNTM          = $BA9A
000000r 2               .endif
000000r 2               .ifndef BLT_CNTH
000000r 2               BLT_CNTH          = $BA9B
000000r 2               .endif
000000r 2               .ifndef BLT_ROTANGLE
000000r 2               BLT_ROTANGLE      = $BAA2
000000r 2               .endif
000000r 2               .ifndef BLT_ROT_ANGLE
000000r 2               BLT_ROT_ANGLE     = BLT_ROTANGLE
000000r 2               .endif
000000r 2               
000000r 2               .ifndef BLT_CMD
000000r 2               BLT_CMD           = BLT_CMD_REG
000000r 2               .endif
000000r 2               .ifndef BLT_STATUS
000000r 2               BLT_STATUS        = BLT_STATUS_REG
000000r 2               .endif
000000r 2               .ifndef BLT_ERRCODE
000000r 2               BLT_ERRCODE       = BLT_ERRCODE_REG
000000r 2               .endif
000000r 2               .ifndef BLT_MODE
000000r 2               BLT_MODE          = BLT_MODE_REG
000000r 2               .endif
000000r 2               .ifndef BLT_FILL
000000r 2               BLT_FILL          = BLT_FILLVALUE
000000r 2               .endif
000000r 2               
000000r 2               .ifndef BLT_CMD_START
000000r 2               BLT_CMD_START     = $01
000000r 2               .endif
000000r 2               .ifndef BLT_STATUS_IDLE
000000r 2               BLT_STATUS_IDLE   = $00
000000r 2               .endif
000000r 2               .ifndef BLT_STATUS_BUSY
000000r 2               BLT_STATUS_BUSY   = $01
000000r 2               .endif
000000r 2               .ifndef BLT_STATUS_OK
000000r 2               BLT_STATUS_OK     = $02
000000r 2               .endif
000000r 2               .ifndef BLT_STATUS_ERROR
000000r 2               BLT_STATUS_ERROR  = $03
000000r 2               .endif
000000r 2               .ifndef BLT_BUSY
000000r 2               BLT_BUSY          = BLT_STATUS_BUSY
000000r 2               .endif
000000r 2               .ifndef BLT_OK
000000r 2               BLT_OK            = BLT_STATUS_OK
000000r 2               .endif
000000r 2               .ifndef BLT_ERR_BADCMD
000000r 2               BLT_ERR_BADCMD    = $01
000000r 2               .endif
000000r 2               .ifndef BLT_ERR_BADSPACE
000000r 2               BLT_ERR_BADSPACE  = $02
000000r 2               .endif
000000r 2               .ifndef BLT_ERR_RANGE
000000r 2               BLT_ERR_RANGE     = $03
000000r 2               .endif
000000r 2               .ifndef BLT_ERR_BADARGS
000000r 2               BLT_ERR_BADARGS   = $04
000000r 2               .endif
000000r 2               .ifndef BLT_ERR_WRITEPROT
000000r 2               BLT_ERR_WRITEPROT = $05
000000r 2               .endif
000000r 2               .ifndef BLT_MODE_FILL
000000r 2               BLT_MODE_FILL     = $01
000000r 2               .endif
000000r 2               .ifndef BLT_MODE_COLORKEY
000000r 2               BLT_MODE_COLORKEY = $02
000000r 2               .endif
000000r 2               .ifndef BLT_MODE_ROTATE
000000r 2               BLT_MODE_ROTATE   = $04
000000r 2               .endif
000000r 2               .ifndef BLT_SPACE_CPU
000000r 2               BLT_SPACE_CPU     = DMA_SPACE_CPU
000000r 2               .endif
000000r 2               .ifndef BLT_SPACE_VGC_CHAR
000000r 2               BLT_SPACE_VGC_CHAR = DMA_SPACE_VGC_CHAR
000000r 2               .endif
000000r 2               .ifndef BLT_SPACE_VGC_COLOR
000000r 2               BLT_SPACE_VGC_COLOR = DMA_SPACE_VGC_COLOR
000000r 2               .endif
000000r 2               .ifndef BLT_SPACE_VGC_GFX
000000r 2               BLT_SPACE_VGC_GFX = DMA_SPACE_VGC_GFX
000000r 2               .endif
000000r 2               .ifndef BLT_SPACE_VGC_SPRITE
000000r 2               BLT_SPACE_VGC_SPRITE = DMA_SPACE_VGC_SPRITE
000000r 2               .endif
000000r 2               .ifndef BLT_SPACE_XRAM
000000r 2               BLT_SPACE_XRAM    = DMA_SPACE_XRAM
000000r 2               .endif
000000r 2               .ifndef BLT_SPACE_VGC_TEXTATTR
000000r 2               BLT_SPACE_VGC_TEXTATTR = DMA_SPACE_VGC_TEXTATTR
000000r 2               .endif
000000r 2               
000000r 2               ; ---------------------------------------------------------------------
000000r 2               ; Board input ABI. The current FPGA build maps these to ULX3S buttons and DIP
000000r 2               ; switches. Values are active-high logical state, debounced by hardware.
000000r 2               ; ---------------------------------------------------------------------
000000r 2               .ifndef BOARD_INPUT_BUTTONS
000000r 2               BOARD_INPUT_BUTTONS = $BA9C
000000r 2               .endif
000000r 2               .ifndef BOARD_INPUT_SWITCHES
000000r 2               BOARD_INPUT_SWITCHES = $BA9D
000000r 2               .endif
000000r 2               .ifndef BOARD_INPUT_IRQ_ENABLE
000000r 2               BOARD_INPUT_IRQ_ENABLE = $BA9E
000000r 2               .endif
000000r 2               .ifndef BOARD_INPUT_IRQ_STATUS
000000r 2               BOARD_INPUT_IRQ_STATUS = $BA9F
000000r 2               .endif
000000r 2               .ifndef BOARD_INPUT_BUTTON_CHANGES
000000r 2               BOARD_INPUT_BUTTON_CHANGES = $BAA0
000000r 2               .endif
000000r 2               .ifndef BOARD_INPUT_SWITCH_CHANGES
000000r 2               BOARD_INPUT_SWITCH_CHANGES = $BAA1
000000r 2               .endif
000000r 2               .ifndef BOARD_BTN_PWR
000000r 2               BOARD_BTN_PWR    = $01
000000r 2               .endif
000000r 2               .ifndef BOARD_BTN_FIRE1
000000r 2               BOARD_BTN_FIRE1  = $02
000000r 2               .endif
000000r 2               .ifndef BOARD_BTN_FIRE2
000000r 2               BOARD_BTN_FIRE2  = $04
000000r 2               .endif
000000r 2               .ifndef BOARD_BTN_UP
000000r 2               BOARD_BTN_UP     = $08
000000r 2               .endif
000000r 2               .ifndef BOARD_BTN_DOWN
000000r 2               BOARD_BTN_DOWN   = $10
000000r 2               .endif
000000r 2               .ifndef BOARD_BTN_LEFT
000000r 2               BOARD_BTN_LEFT   = $20
000000r 2               .endif
000000r 2               .ifndef BOARD_BTN_RIGHT
000000r 2               BOARD_BTN_RIGHT  = $40
000000r 2               .endif
000000r 2               .ifndef BOARD_BTN_MASK
000000r 2               BOARD_BTN_MASK   = $7F
000000r 2               .endif
000000r 2               .ifndef BOARD_SW1
000000r 2               BOARD_SW1        = $01
000000r 2               .endif
000000r 2               .ifndef BOARD_SW2
000000r 2               BOARD_SW2        = $02
000000r 2               .endif
000000r 2               .ifndef BOARD_SW3
000000r 2               BOARD_SW3        = $04
000000r 2               .endif
000000r 2               .ifndef BOARD_SW4
000000r 2               BOARD_SW4        = $08
000000r 2               .endif
000000r 2               .ifndef BOARD_SW_MASK
000000r 2               BOARD_SW_MASK    = $0F
000000r 2               .endif
000000r 2               .ifndef BOARD_INPUT_IRQ_BUTTONS
000000r 2               BOARD_INPUT_IRQ_BUTTONS = $01
000000r 2               .endif
000000r 2               .ifndef BOARD_INPUT_IRQ_SWITCHES
000000r 2               BOARD_INPUT_IRQ_SWITCHES = $02
000000r 2               .endif
000000r 2               .ifndef BOARD_INPUT_IRQ_MASK
000000r 2               BOARD_INPUT_IRQ_MASK = $03
000000r 2               .endif
000000r 2               
000000r 2               ; ---------------------------------------------------------------------
000000r 2               ; USB HID diagnostics. These registers are currently implemented by the
000000r 2               ; ULX3S US2 low/full-speed USB HID host and read as zero in software-only hosts.
000000r 2               ; ---------------------------------------------------------------------
000000r 2               .ifndef USB_HID_STATUS
000000r 2               USB_HID_STATUS = $BAA3
000000r 2               .endif
000000r 2               .ifndef USB_HID_DEVICE_TYPE
000000r 2               USB_HID_DEVICE_TYPE = $BAA4
000000r 2               .endif
000000r 2               .ifndef USB_HID_LAST_SCAN
000000r 2               USB_HID_LAST_SCAN = $BAA5
000000r 2               .endif
000000r 2               .ifndef USB_HID_LAST_ASCII
000000r 2               USB_HID_LAST_ASCII = $BAA6
000000r 2               .endif
000000r 2               .ifndef USB_HID_REPORT_COUNT
000000r 2               USB_HID_REPORT_COUNT = $BAA7
000000r 2               .endif
000000r 2               .ifndef USB_HID_KEY_COUNT
000000r 2               USB_HID_KEY_COUNT = $BAA8
000000r 2               .endif
000000r 2               .ifndef USB_HID_CORE_STATUS
000000r 2               USB_HID_CORE_STATUS = $BAA9
000000r 2               .endif
000000r 2               .ifndef USB_HID_VID_L
000000r 2               USB_HID_VID_L = $BAAA
000000r 2               .endif
000000r 2               .ifndef USB_HID_VID_H
000000r 2               USB_HID_VID_H = $BAAB
000000r 2               .endif
000000r 2               .ifndef USB_HID_PID_L
000000r 2               USB_HID_PID_L = $BAAC
000000r 2               .endif
000000r 2               .ifndef USB_HID_PID_H
000000r 2               USB_HID_PID_H = $BAAD
000000r 2               .endif
000000r 2               .ifndef USB_HID_INTERFACE_CLASS
000000r 2               USB_HID_INTERFACE_CLASS = $BAAE
000000r 2               .endif
000000r 2               .ifndef USB_HID_INTERFACE_PROTOCOL
000000r 2               USB_HID_INTERFACE_PROTOCOL = $BAAF
000000r 2               .endif
000000r 2               .ifndef USB_HID_ST_RESET_RELEASED
000000r 2               USB_HID_ST_RESET_RELEASED = $01
000000r 2               .endif
000000r 2               .ifndef USB_HID_ST_DM_HIGH
000000r 2               USB_HID_ST_DM_HIGH = $02
000000r 2               .endif
000000r 2               .ifndef USB_HID_ST_DP_HIGH
000000r 2               USB_HID_ST_DP_HIGH = $04
000000r 2               .endif
000000r 2               .ifndef USB_HID_ST_DEVICE_PRESENT
000000r 2               USB_HID_ST_DEVICE_PRESENT = $08
000000r 2               .endif
000000r 2               .ifndef USB_HID_ST_KEYBOARD_PRESENT
000000r 2               USB_HID_ST_KEYBOARD_PRESENT = $10
000000r 2               .endif
000000r 2               .ifndef USB_HID_ST_REPORT_SEEN
000000r 2               USB_HID_ST_REPORT_SEEN = $20
000000r 2               .endif
000000r 2               .ifndef USB_HID_ST_KEY_SEEN
000000r 2               USB_HID_ST_KEY_SEEN = $40
000000r 2               .endif
000000r 2               .ifndef USB_HID_ST_ERROR
000000r 2               USB_HID_ST_ERROR = $80
000000r 2               .endif
000000r 2               .ifndef USB_HID_CORE_BUSY
000000r 2               USB_HID_CORE_BUSY = $01
000000r 2               .endif
000000r 2               .ifndef USB_HID_CORE_ENDPOINT_MASK
000000r 2               USB_HID_CORE_ENDPOINT_MASK = $0E
000000r 2               .endif
000000r 2               .ifndef USB_HID_CORE_ENDPOINT_SHIFT
000000r 2               USB_HID_CORE_ENDPOINT_SHIFT = 1
000000r 2               .endif
000000r 2               .ifndef USB_HID_CORE_FULL_SPEED
000000r 2               USB_HID_CORE_FULL_SPEED = $10
000000r 2               .endif
000000r 2               .ifndef USB_HID_CORE_CONNECTED
000000r 2               USB_HID_CORE_CONNECTED = $20
000000r 2               .endif
000000r 2               .ifndef USB_HID_CORE_NAK
000000r 2               USB_HID_CORE_NAK = $40
000000r 2               .endif
000000r 2               .ifndef USB_HID_CORE_STALL
000000r 2               USB_HID_CORE_STALL = $80
000000r 2               .endif
000000r 2               
000000r 2               .endif
000000r 2               
000000r 1                     .include "ext_iface.inc"
000000r 2               ; ext_iface.inc — shared interface between NovaLogo base ROM and extension ROM
000000r 2               ;
000000r 2               ; These equates define the ZP mailbox used to pass arguments and results
000000r 2               ; between the base ROM and the extension ROM via the RAM trampoline.
000000r 2               ; Both ROMs include this file so addresses are always consistent.
000000r 2               ;
000000r 2               ; Addresses $80-$91 are outside the linker-managed ZEROPAGE segment
000000r 2               ; but inside true zero page RAM, accessible to both ROM banks.
000000r 2               
000000r 2               ; --- Command and argument count ---
000000r 2               EXT_CMD         = $80           ; command ID (set by base ROM before trampoline call)
000000r 2               EXT_ARGC        = $81           ; argument count
000000r 2               
000000r 2               ; --- Argument 0 ---
000000r 2               EXT_ARG0_TYPE   = $82           ; type: VAL_NUMBER=$00, VAL_WORD=$01, VAL_LIST=$02
000000r 2               EXT_ARG0_HI     = $83           ; value high byte
000000r 2               EXT_ARG0_LO     = $84           ; value low byte
000000r 2               EXT_ARG0_FRAC   = $85           ; fractional byte (16.8 fixed point)
000000r 2               
000000r 2               ; --- Argument 1 ---
000000r 2               EXT_ARG1_TYPE   = $86
000000r 2               EXT_ARG1_HI     = $87
000000r 2               EXT_ARG1_LO     = $88
000000r 2               EXT_ARG1_FRAC   = $89
000000r 2               
000000r 2               ; --- Argument 2 ---
000000r 2               EXT_ARG2_TYPE   = $8A
000000r 2               EXT_ARG2_HI     = $8B
000000r 2               EXT_ARG2_LO     = $8C
000000r 2               EXT_ARG2_FRAC   = $8D
000000r 2               
000000r 2               ; --- Result ---
000000r 2               EXT_RESULT_TYPE = $8E           ; return value type
000000r 2               EXT_RESULT_HI   = $8F           ; return value high byte
000000r 2               EXT_RESULT_LO   = $90           ; return value low byte
000000r 2               EXT_RESULT_FRAC = $91           ; return value fractional byte
000000r 2               
000000r 2               ; --- Command IDs ---
000000r 2               EXT_CMD_TEST    = $01           ; test command: returns arg0 + 1
000000r 2               EXT_CMD_FD      = $10           ; FD distance — move forward
000000r 2               EXT_CMD_BK      = $11           ; BK distance — move backward
000000r 2               EXT_CMD_RT      = $12           ; RT degrees — turn right
000000r 2               EXT_CMD_LT      = $13           ; LT degrees — turn left
000000r 2               EXT_CMD_CS      = $14           ; CS — clear screen, init turtle
000000r 2               EXT_CMD_PU      = $15           ; PU — pen up
000000r 2               EXT_CMD_PD      = $16           ; PD — pen down
000000r 2               EXT_CMD_ST      = $17           ; ST — show turtle
000000r 2               EXT_CMD_HT      = $18           ; HT — hide turtle
000000r 2               EXT_CMD_HOME    = $19           ; HOME — move to center, heading 0
000000r 2               EXT_CMD_TS      = $1A           ; TEXTSCREEN — full text mode
000000r 2               EXT_CMD_SS      = $1B           ; SPLITSCREEN — copper split
000000r 2               EXT_CMD_FS      = $1C           ; FULLSCREEN — full graphics mode
000000r 2               EXT_CMD_SETXY   = $1D           ; SETXY x y — move to position
000000r 2               EXT_CMD_SETX    = $1E           ; SETX x — set X only
000000r 2               EXT_CMD_SETY    = $1F           ; SETY y — set Y only
000000r 2               EXT_CMD_SETH    = $20           ; SETHEADING — set heading degrees
000000r 2               EXT_CMD_XCOR    = $21           ; XCOR — report turtle X
000000r 2               EXT_CMD_YCOR    = $22           ; YCOR — report turtle Y
000000r 2               EXT_CMD_HEADING = $23           ; HEADING — report heading degrees
000000r 2               EXT_CMD_PENDOWNP = $24          ; PENDOWN? — report pen state
000000r 2               EXT_CMD_SHOWNP  = $25           ; SHOWN? — report visibility
000000r 2               EXT_CMD_SETPC   = $26           ; SETPC color — set pen color
000000r 2               EXT_CMD_SETBG   = $27           ; SETBG color — set background color
000000r 2               EXT_CMD_TOWARDS = $28           ; TOWARDS x y — heading towards point
000000r 2               EXT_CMD_SETPOS  = $29           ; SETPOS [x y] — move to position from list
000000r 2               
000000r 2               ; --- VGC graphics commands ---
000000r 2               EXT_CMD_SETCOLOR = $30          ; SETCOLOR color — set VGC draw color
000000r 2               EXT_CMD_PLOT     = $31          ; PLOT x y — plot pixel
000000r 2               EXT_CMD_UNPLOT   = $32          ; UNPLOT x y — clear pixel
000000r 2               EXT_CMD_LINE     = $33          ; LINE x1 y1 x2 y2 — draw line
000000r 2               EXT_CMD_CIRCLE   = $34          ; CIRCLE x y r — draw circle
000000r 2               EXT_CMD_RECT     = $35          ; RECT x1 y1 x2 y2 — draw rectangle
000000r 2               EXT_CMD_FILLRECT = $36          ; FILL x1 y1 x2 y2 — filled rectangle
000000r 2               EXT_CMD_PAINT    = $37          ; PAINT x y — flood fill
000000r 2               
000000r 2               ; --- Sprite commands ---
000000r 2               EXT_CMD_SPRITE   = $40          ; SPRITE n x y — position and enable
000000r 2               EXT_CMD_SPRITEPOS = $41         ; SPRITEPOS n x y — reposition
000000r 2               EXT_CMD_SPRITEON = $42          ; SPRITEON n — enable sprite
000000r 2               EXT_CMD_SPRITEOFF = $43         ; SPRITEOFF n — disable sprite
000000r 2               EXT_CMD_SPRCOLLP = $44          ; SPRITECOLLISION? n — collision query
000000r 2               
000000r 2               ; --- Sound commands ---
000000r 2               EXT_CMD_TONE     = $45          ; TONE freq dur — play tone
000000r 2               EXT_CMD_NOISE    = $46          ; NOISE dur — noise burst
000000r 2               EXT_CMD_VOLUME   = $47          ; VOLUME vol — set SID master volume
000000r 2               
000000r 2               ; --- Timing commands ---
000000r 2               EXT_CMD_WAIT     = $48          ; WAIT n — wait N frames
000000r 2               EXT_CMD_WAITVBL  = $49          ; WAITVBL — wait for next VBL
000000r 2               EXT_CMD_TIMER    = $4A          ; TIMER — return frame counter
000000r 2               
000000r 2               ; --- Editor command ---
000000r 2               ; EXT_CMD_EDIT — open the shared EDITUI/EDITBUF editor on a RAM text buffer.
000000r 2               ;   In:  ARG0 = buffer ptr (lo/hi)   ARG1 = current length (lo/hi)
000000r 2               ;        ARG2 = capacity (lo/hi)     ARG3 = NUL-terminated title ptr (lo/hi)
000000r 2               ;        ARG2_FRAC:ARG3_FRAC = initial cursor byte offset (lo:hi) — the unused
000000r 2               ;        fractional bytes of the cap/title pointer args carry the cursor.
000000r 2               ;   Out: RESULT_LO = editbuf exit reason (EDITBUF_EXIT_*)
000000r 2               ;        RESULT_HI = nonzero if the user requested a save (Ctrl-S / "Save First")
000000r 2               ;        ARG1 (lo/hi) = final buffer length
000000r 2               EXT_CMD_EDIT     = $4B          ; EDIT — run the shared text editor
000000r 2               
000000r 2               ; --- Value types (match eval_type in eval.s) ---
000000r 2               .ifndef VAL_NUMBER
000000r 2               VAL_NUMBER      = $00
000000r 2               .endif
000000r 2               .ifndef VAL_WORD
000000r 2               VAL_WORD        = $01
000000r 2               .endif
000000r 2               .ifndef VAL_LIST
000000r 2               VAL_LIST        = $02
000000r 2               .endif
000000r 2               
000000r 2               ; --- Legacy turtle state ZP addresses ---
000000r 2               ; Extension ROMs that define NOVALOGO_TURTLE_STATE_EXTERNAL provide their own
000000r 2               ; persistent turtle storage and only use this file for the mailbox ABI.
000000r 2               .ifndef NOVALOGO_TURTLE_STATE_EXTERNAL
000000r 2               TURTLE_X_FRAC   = $92
000000r 2               TURTLE_X_LO     = $93
000000r 2               TURTLE_X_HI     = $94
000000r 2               TURTLE_Y_FRAC   = $95
000000r 2               TURTLE_Y_LO     = $96
000000r 2               TURTLE_Y_HI     = $97
000000r 2               TURTLE_HEADING_LO = $98
000000r 2               TURTLE_HEADING_HI = $99
000000r 2               TURTLE_PEN      = $9A
000000r 2               TURTLE_SHOWN    = $9B
000000r 2               TURTLE_COLOR    = $9C
000000r 2               TURTLE_SPRITE   = $9D
000000r 2               TURTLE_INITED   = $9E
000000r 2               .endif
000000r 2               
000000r 2               ; --- Argument 3 (for 4+ arg commands like LINE, RECT, FILL) ---
000000r 2               EXT_ARG3_TYPE   = $9F
000000r 2               EXT_ARG3_HI     = $A0
000000r 2               EXT_ARG3_LO     = $A1
000000r 2               EXT_ARG3_FRAC   = $A2
000000r 2               
000000r 2               ; --- Trampoline location in RAM ---
000000r 2               EXT_TRAMPOLINE  = $0270         ; RAM address where trampoline code is copied
000000r 2               EXT_TRAMP_SIZE  = 14            ; size of trampoline code in bytes
000000r 2               
000000r 1                     .include "heap.s"
000000r 2               ; heap.s — bump allocator with GC headers for NovaLogo
000000r 2               ; Heap range: $0400 to HEAP_END-1.
000000r 2               
000000r 2               HEAP_START = $0400
000000r 2               HEAP_END   = $9800          ; one past last usable byte. $9800-$9BFF = editor BSS
000000r 2                                           ; (extension), $9C00-$9F10 = pinned turtle work+state.
000000r 2               
000000r 2               ; =====================================================================
000000r 2               ; ZEROPAGE segment — heap and general-purpose pointer variables
000000r 2               ; =====================================================================
000000r 2                     .segment "ZEROPAGE"
000000r 2               
000000r 2  xx xx        heap_ptr:     .res 2          ; current heap allocation pointer
000002r 2  xx           ptr_lo:       .res 1          ; general-purpose pointer (low byte)
000003r 2  xx           ptr_hi:       .res 1          ; general-purpose pointer (high byte)
000004r 2               
000004r 2               ; =====================================================================
000004r 2               ; BSS segment — heap scratch
000004r 2               ; =====================================================================
000004r 2                     .segment "BSS"
000000r 2               
000000r 2  xx           ha_type:      .res 1          ; saved alloc type for heap_alloc
000001r 2  xx           ha_paysz:     .res 1          ; saved payload size for heap_alloc
000002r 2  xx           ha_gc_ran:    .res 1          ; flag: GC already attempted
000003r 2               
000003r 2               ; =====================================================================
000003r 2               ; CODE segment — heap routines
000003r 2               ; =====================================================================
000003r 2                     .segment "CODE"
000000r 2               
000000r 2               ; ---------------------------------------------------------------------
000000r 2               ; heap_init — reset heap to empty
000000r 2               ;   Clobbers: A
000000r 2               ; ---------------------------------------------------------------------
000000r 2               heap_init:
000000r 2  A9 00              LDA   #<HEAP_START
000002r 2  85 rr              STA   heap_ptr
000004r 2  A9 04              LDA   #>HEAP_START
000006r 2  85 rr              STA   heap_ptr+1
000008r 2  60                 RTS
000009r 2               
000009r 2               ; ---------------------------------------------------------------------
000009r 2               ; heap_alloc — allocate A bytes with a 2-byte GC header
000009r 2               ;   Input:  A = payload size (bytes the caller wants)
000009r 2               ;           X = allocation type (ATYPE_*)
000009r 2               ;   Output: ptr_lo/ptr_hi = pointer to payload (header is at -2)
000009r 2               ;           Carry clear = success, Carry set = out of memory
000009r 2               ;   Clobbers: A, X, Y
000009r 2               ;
000009r 2               ;   Header layout at (returned_ptr - 2):
000009r 2               ;     +0: alloc_tag  = type (bits 6-0), mark cleared (bit 7 = 0)
000009r 2               ;     +1: alloc_size = payload + 2
000009r 2               ; ---------------------------------------------------------------------
000009r 2               heap_alloc:
000009r 2  8D rr rr           STA   ha_paysz
00000Cr 2  8E rr rr           STX   ha_type
00000Fr 2  9C rr rr           STZ   ha_gc_ran
000012r 2               
000012r 2               @retry:
000012r 2                     ; total = payload + 2
000012r 2  AD rr rr           LDA   ha_paysz
000015r 2  18                 CLC
000016r 2  69 02              ADC   #GC_HDR_BYTES
000018r 2               
000018r 2                     ; Save current heap_ptr → ptr_lo/hi (allocation base)
000018r 2  A6 rr              LDX   heap_ptr
00001Ar 2  86 rr              STX   ptr_lo
00001Cr 2  A6 rr              LDX   heap_ptr+1
00001Er 2  86 rr              STX   ptr_hi
000020r 2               
000020r 2                     ; Advance heap_ptr by total
000020r 2  18                 CLC
000021r 2  65 rr              ADC   heap_ptr
000023r 2  85 rr              STA   heap_ptr
000025r 2  A9 00              LDA   #0
000027r 2  65 rr              ADC   heap_ptr+1
000029r 2  85 rr              STA   heap_ptr+1
00002Br 2               
00002Br 2                     ; Check against HEAP_END
00002Br 2  C9 98              CMP   #>HEAP_END
00002Dr 2  90 21              BCC   @ok
00002Fr 2  D0 08              BNE   @oom
000031r 2  A5 rr              LDA   heap_ptr
000033r 2  C9 00              CMP   #<HEAP_END
000035r 2  90 19              BCC   @ok
000037r 2  F0 17              BEQ   @ok
000039r 2               
000039r 2               @oom:
000039r 2                     ; Restore heap_ptr
000039r 2  A5 rr              LDA   ptr_lo
00003Br 2  85 rr              STA   heap_ptr
00003Dr 2  A5 rr              LDA   ptr_hi
00003Fr 2  85 rr              STA   heap_ptr+1
000041r 2               
000041r 2                     ; Already tried GC?
000041r 2  AD rr rr           LDA   ha_gc_ran
000044r 2  D0 08              BNE   @fail
000046r 2  EE rr rr           INC   ha_gc_ran
000049r 2               
000049r 2                     ; Run GC and retry
000049r 2  20 rr rr           JSR   gc_collect
00004Cr 2  80 C4              BRA   @retry
00004Er 2               
00004Er 2               @fail:
00004Er 2  38                 SEC
00004Fr 2  60                 RTS
000050r 2               
000050r 2               @ok:
000050r 2                     ; Write header at allocation base (ptr_lo/hi)
000050r 2  A0 00              LDY   #GC_HDR_TAG
000052r 2  AD rr rr           LDA   ha_type
000055r 2  91 rr              STA   (ptr_lo),Y
000057r 2               
000057r 2  A0 01              LDY   #GC_HDR_SIZE
000059r 2  AD rr rr           LDA   ha_paysz
00005Cr 2  18                 CLC
00005Dr 2  69 02              ADC   #GC_HDR_BYTES
00005Fr 2  91 rr              STA   (ptr_lo),Y
000061r 2               
000061r 2                     ; Advance ptr_lo/hi past header → payload pointer
000061r 2  18                 CLC
000062r 2  A5 rr              LDA   ptr_lo
000064r 2  69 02              ADC   #GC_HDR_BYTES
000066r 2  85 rr              STA   ptr_lo
000068r 2  A5 rr              LDA   ptr_hi
00006Ar 2  69 00              ADC   #0
00006Cr 2  85 rr              STA   ptr_hi
00006Er 2               
00006Er 2  18                 CLC
00006Fr 2  60                 RTS
000070r 2               
000070r 1                     .include "tokens.s"
000070r 2               ; tokens.s — token node format and constants for NovaLogo
000070r 2               
000070r 2               ; Token type constants
000070r 2               TOK_WORD     = $01            ; payload: length byte + chars
000070r 2               TOK_NUMBER   = $02            ; payload: 3 bytes (hi, lo, frac) — 16.8 fixed-point
000070r 2               TOK_LBRACKET = $03            ; no payload
000070r 2               TOK_RBRACKET = $04            ; no payload
000070r 2               TOK_VARREF   = $05            ; payload: length byte + chars (name after :)
000070r 2               TOK_QUOTE    = $06            ; payload: length byte + chars (word after ")
000070r 2               TOK_INFIX    = $07            ; payload: 1 byte (operator char)
000070r 2               TOK_LPAREN   = $08            ; no payload
000070r 2               TOK_RPAREN   = $09            ; no payload
000070r 2               
000070r 2               ; Token node layout:
000070r 2               ;   Offset 0: tag byte (TOK_* constant)
000070r 2               ;   Offset 1: next pointer low byte
000070r 2               ;   Offset 2: next pointer high byte ($00/$00 = end of list)
000070r 2               ;   Offset 3+: payload (varies by type)
000070r 2               ;
000070r 2               ; Total size: 3 + payload_size
000070r 2               ;   TOK_WORD/VARREF/QUOTE: 3 + 1 + len (length byte + chars)
000070r 2               ;   TOK_NUMBER: 3 + 3 = 6 bytes
000070r 2               ;   TOK_LBRACKET/RBRACKET/LPAREN/RPAREN: 3 bytes (no payload)
000070r 2               ;   TOK_INFIX: 3 + 1 = 4 bytes
000070r 2               
000070r 2               TOK_TAG      = 0              ; offset to tag byte
000070r 2               TOK_NEXT_LO  = 1              ; offset to next pointer low
000070r 2               TOK_NEXT_HI  = 2              ; offset to next pointer high
000070r 2               TOK_PAYLOAD  = 3              ; offset to start of payload
000070r 2               
000070r 1                     .include "tokenizer.s"
000070r 2               ; tokenizer.s — scan input_buf into a linked list of token nodes
000070r 2               
000070r 2               ; =====================================================================
000070r 2               ; ZEROPAGE segment — tokenizer variables
000070r 2               ; =====================================================================
000070r 2                     .segment "ZEROPAGE"
000004r 2               
000004r 2  xx           tok_head_lo:  .res 1          ; head of token list (first token)
000005r 2  xx           tok_head_hi:  .res 1
000006r 2  xx           tok_tail_lo:  .res 1          ; tail of token list (for appending)
000007r 2  xx           tok_tail_hi:  .res 1
000008r 2  xx           tok_src:      .res 1          ; current scan position in input_buf
000009r 2  xx           ptr2_lo:      .res 1          ; second general-purpose pointer (low byte)
00000Ar 2  xx           ptr2_hi:      .res 1          ; second general-purpose pointer (high byte)
00000Br 2  xx           tok_sign:     .res 1          ; sign flag for number parsing (0=pos, 1=neg)
00000Cr 2               
00000Cr 2               ; =====================================================================
00000Cr 2               ; BSS segment — scratch for number parsing
00000Cr 2               ; =====================================================================
00000Cr 2                     .segment "BSS"
000003r 2               
000003r 2  xx           num_val_lo:   .res 1          ; integer accumulator low
000004r 2  xx           num_val_hi:   .res 1          ; integer accumulator high
000005r 2  xx           num_tmp_lo:   .res 1          ; temp for multiply / frac result
000006r 2  xx           num_tmp_hi:   .res 1          ; temp for multiply / frac raw
000007r 2               
000007r 2               ; =====================================================================
000007r 2               ; CODE segment — tokenizer routines
000007r 2               ; =====================================================================
000007r 2                     .segment "CODE"
000070r 2               
000070r 2               ; ---------------------------------------------------------------------
000070r 2               ; tokenize_line — scan input_buf and build a linked list of tokens
000070r 2               ;   Input:  input_buf contains null-terminated text
000070r 2               ;   Output: tok_head_lo/hi = first token ($0000 if empty line)
000070r 2               ;   Clobbers: A, X, Y, ptr_lo/hi, ptr2_lo/hi
000070r 2               ; ---------------------------------------------------------------------
000070r 2               tokenize_line:
000070r 2  64 rr              STZ   tok_head_lo
000072r 2  64 rr              STZ   tok_head_hi
000074r 2  64 rr              STZ   tok_tail_lo
000076r 2  64 rr              STZ   tok_tail_hi
000078r 2  64 rr              STZ   tok_src
00007Ar 2                     ; fall through to scan loop
00007Ar 2               
00007Ar 2               ; Non-local entry for scan loop — reachable from all routines
00007Ar 2               tok_scan_next:
00007Ar 2                     ; --- skip whitespace ---
00007Ar 2  A6 rr              LDX   tok_src
00007Cr 2               @skip_ws:
00007Cr 2  BD rr rr           LDA   input_buf,X
00007Fr 2  C9 20              CMP   #$20                 ; space
000081r 2  F0 04              BEQ   @ws_next
000083r 2  C9 09              CMP   #$09                 ; tab
000085r 2  D0 03              BNE   @ws_done
000087r 2               @ws_next:
000087r 2  E8                 INX
000088r 2  80 F2              BRA   @skip_ws
00008Ar 2               @ws_done:
00008Ar 2  86 rr              STX   tok_src
00008Cr 2               
00008Cr 2                     ; --- check for end of input ---
00008Cr 2  C9 00              CMP   #0
00008Er 2  D0 01              BNE   @not_end
000090r 2  60                 RTS                        ; done — list complete
000091r 2               @not_end:
000091r 2               
000091r 2                     ; --- colon → TOK_VARREF ---
000091r 2  C9 3A              CMP   #':'
000093r 2  D0 05              BNE   @not_colon
000095r 2  E6 rr              INC   tok_src              ; skip ':'
000097r 2  4C rr rr           JMP   tok_scan_varref
00009Ar 2               @not_colon:
00009Ar 2               
00009Ar 2                     ; --- quote → TOK_QUOTE ---
00009Ar 2  C9 22              CMP   #'"'
00009Cr 2  D0 05              BNE   @not_quote
00009Er 2  E6 rr              INC   tok_src              ; skip '"'
0000A0r 2  4C rr rr           JMP   tok_scan_quote
0000A3r 2               @not_quote:
0000A3r 2               
0000A3r 2                     ; --- brackets ---
0000A3r 2  C9 5B              CMP   #'['
0000A5r 2  D0 05              BNE   @not_lb
0000A7r 2  A9 03              LDA   #TOK_LBRACKET
0000A9r 2  4C rr rr           JMP   tok_emit_simple
0000ACr 2               @not_lb:
0000ACr 2  C9 5D              CMP   #']'
0000AEr 2  D0 05              BNE   @not_rb
0000B0r 2  A9 04              LDA   #TOK_RBRACKET
0000B2r 2  4C rr rr           JMP   tok_emit_simple
0000B5r 2               @not_rb:
0000B5r 2               
0000B5r 2                     ; --- parens ---
0000B5r 2  C9 28              CMP   #'('
0000B7r 2  D0 05              BNE   @not_lp
0000B9r 2  A9 08              LDA   #TOK_LPAREN
0000BBr 2  4C rr rr           JMP   tok_emit_simple
0000BEr 2               @not_lp:
0000BEr 2  C9 29              CMP   #')'
0000C0r 2  D0 05              BNE   @not_rp
0000C2r 2  A9 09              LDA   #TOK_RPAREN
0000C4r 2  4C rr rr           JMP   tok_emit_simple
0000C7r 2               @not_rp:
0000C7r 2               
0000C7r 2                     ; --- infix operators (not minus) ---
0000C7r 2  C9 2B              CMP   #'+'
0000C9r 2  F0 16              BEQ   @is_infix
0000CBr 2  C9 2A              CMP   #'*'
0000CDr 2  F0 12              BEQ   @is_infix
0000CFr 2  C9 2F              CMP   #'/'
0000D1r 2  F0 0E              BEQ   @is_infix
0000D3r 2  C9 3C              CMP   #'<'
0000D5r 2  F0 0A              BEQ   @is_infix
0000D7r 2  C9 3E              CMP   #'>'
0000D9r 2  F0 06              BEQ   @is_infix
0000DBr 2  C9 3D              CMP   #'='
0000DDr 2  F0 02              BEQ   @is_infix
0000DFr 2  80 03              BRA   @not_infix
0000E1r 2               @is_infix:
0000E1r 2  4C rr rr           JMP   tok_emit_infix
0000E4r 2               @not_infix:
0000E4r 2               
0000E4r 2                     ; --- minus: could be infix or negative number ---
0000E4r 2  C9 2D              CMP   #'-'
0000E6r 2  D0 15              BNE   @not_minus
0000E8r 2                     ; peek at next character
0000E8r 2  A6 rr              LDX   tok_src
0000EAr 2  BD rr rr           LDA   input_buf+1,X
0000EDr 2  C9 30              CMP   #'0'
0000EFr 2  90 04              BCC   @minus_infix
0000F1r 2  C9 3A              CMP   #'9'+1
0000F3r 2  90 05              BCC   @minus_number
0000F5r 2               @minus_infix:
0000F5r 2  A9 2D              LDA   #'-'
0000F7r 2  4C rr rr           JMP   tok_emit_infix
0000FAr 2               @minus_number:
0000FAr 2  4C rr rr           JMP   tok_parse_number
0000FDr 2               @not_minus:
0000FDr 2               
0000FDr 2                     ; --- digit → TOK_NUMBER ---
0000FDr 2  C9 30              CMP   #'0'
0000FFr 2  90 04              BCC   @not_digit
000101r 2  C9 3A              CMP   #'9'+1
000103r 2  90 03              BCC   @is_digit
000105r 2               @not_digit:
000105r 2               
000105r 2                     ; --- default: TOK_WORD ---
000105r 2  4C rr rr           JMP   tok_scan_word
000108r 2               
000108r 2               @is_digit:
000108r 2  4C rr rr           JMP   tok_parse_number
00010Br 2               
00010Br 2               ; ---------------------------------------------------------------------
00010Br 2               ; tok_emit_simple — emit a 3-byte node (tag only, no payload)
00010Br 2               ;   Input: A = tag byte, tok_src points at the character
00010Br 2               ; ---------------------------------------------------------------------
00010Br 2               tok_emit_simple:
00010Br 2  48                 PHA                        ; save tag
00010Cr 2  A9 03              LDA   #3
00010Er 2  A2 01              LDX   #ATYPE_TOKEN
000110r 2  20 rr rr           JSR   heap_alloc
000113r 2  B0 13              BCS   @oom
000115r 2  68                 PLA
000116r 2  A0 00              LDY   #TOK_TAG
000118r 2  91 rr              STA   (ptr_lo),Y
00011Ar 2  A0 01              LDY   #TOK_NEXT_LO
00011Cr 2  A9 00              LDA   #0
00011Er 2  91 rr              STA   (ptr_lo),Y
000120r 2  C8                 INY
000121r 2  91 rr              STA   (ptr_lo),Y
000123r 2  E6 rr              INC   tok_src              ; advance past the character
000125r 2  4C rr rr           JMP   tok_append_node
000128r 2               @oom:
000128r 2  68                 PLA
000129r 2  60                 RTS
00012Ar 2               
00012Ar 2               ; ---------------------------------------------------------------------
00012Ar 2               ; tok_emit_infix — emit a 4-byte node (tag + operator char)
00012Ar 2               ;   Input: A = operator character, tok_src points at the operator
00012Ar 2               ; ---------------------------------------------------------------------
00012Ar 2               tok_emit_infix:
00012Ar 2  48                 PHA                        ; save operator char
00012Br 2  A9 04              LDA   #4
00012Dr 2  A2 01              LDX   #ATYPE_TOKEN
00012Fr 2  20 rr rr           JSR   heap_alloc
000132r 2  B0 19              BCS   @oom
000134r 2  A0 00              LDY   #TOK_TAG
000136r 2  A9 07              LDA   #TOK_INFIX
000138r 2  91 rr              STA   (ptr_lo),Y
00013Ar 2  A0 01              LDY   #TOK_NEXT_LO
00013Cr 2  A9 00              LDA   #0
00013Er 2  91 rr              STA   (ptr_lo),Y
000140r 2  C8                 INY
000141r 2  91 rr              STA   (ptr_lo),Y
000143r 2  A0 03              LDY   #TOK_PAYLOAD
000145r 2  68                 PLA
000146r 2  91 rr              STA   (ptr_lo),Y
000148r 2  E6 rr              INC   tok_src
00014Ar 2  4C rr rr           JMP   tok_append_node
00014Dr 2               @oom:
00014Dr 2  68                 PLA
00014Er 2  60                 RTS
00014Fr 2               
00014Fr 2               ; ---------------------------------------------------------------------
00014Fr 2               ; tok_scan_word — scan a word into TOK_WORD (uppercased)
00014Fr 2               ;   tok_src points at first character
00014Fr 2               ; ---------------------------------------------------------------------
00014Fr 2               tok_scan_word:
00014Fr 2  A6 rr              LDX   tok_src
000151r 2  A0 00              LDY   #0                   ; length counter
000153r 2               @count:
000153r 2  BD rr rr           LDA   input_buf,X
000156r 2  20 rr rr           JSR   is_word_char
000159r 2  90 04              BCC   @counted
00015Br 2  E8                 INX
00015Cr 2  C8                 INY
00015Dr 2  80 F4              BRA   @count
00015Fr 2               @counted:
00015Fr 2  98                 TYA
000160r 2  F0 53              BEQ   @empty
000162r 2  48                 PHA                        ; save length
000163r 2  18                 CLC
000164r 2  69 04              ADC   #4                   ; node = 3 header + 1 length + chars
000166r 2  A2 01              LDX   #ATYPE_TOKEN
000168r 2  20 rr rr           JSR   heap_alloc
00016Br 2  B0 47              BCS   @oom
00016Dr 2                     ; tag
00016Dr 2  A0 00              LDY   #TOK_TAG
00016Fr 2  A9 01              LDA   #TOK_WORD
000171r 2  91 rr              STA   (ptr_lo),Y
000173r 2                     ; next = null
000173r 2  A0 01              LDY   #TOK_NEXT_LO
000175r 2  A9 00              LDA   #0
000177r 2  91 rr              STA   (ptr_lo),Y
000179r 2  C8                 INY
00017Ar 2  91 rr              STA   (ptr_lo),Y
00017Cr 2                     ; length byte
00017Cr 2  68                 PLA
00017Dr 2  48                 PHA
00017Er 2  A0 03              LDY   #TOK_PAYLOAD
000180r 2  91 rr              STA   (ptr_lo),Y
000182r 2                     ; copy chars with uppercasing
000182r 2  68                 PLA
000183r 2  AA                 TAX                        ; X = remaining
000184r 2  A0 04              LDY   #TOK_PAYLOAD+1       ; Y = dest offset
000186r 2  9C rr rr           STZ   num_tmp_lo           ; source offset from tok_src
000189r 2               @copy:
000189r 2  DA                 PHX
00018Ar 2  AD rr rr           LDA   num_tmp_lo
00018Dr 2  18                 CLC
00018Er 2  65 rr              ADC   tok_src
000190r 2  AA                 TAX
000191r 2  BD rr rr           LDA   input_buf,X
000194r 2  C9 61              CMP   #'a'
000196r 2  90 07              BCC   @noup
000198r 2  C9 7B              CMP   #'z'+1
00019Ar 2  B0 03              BCS   @noup
00019Cr 2  38                 SEC
00019Dr 2  E9 20              SBC   #$20
00019Fr 2               @noup:
00019Fr 2  91 rr              STA   (ptr_lo),Y
0001A1r 2  C8                 INY
0001A2r 2  EE rr rr           INC   num_tmp_lo
0001A5r 2  FA                 PLX
0001A6r 2  CA                 DEX
0001A7r 2  D0 E0              BNE   @copy
0001A9r 2                     ; advance tok_src
0001A9r 2  AD rr rr           LDA   num_tmp_lo
0001ACr 2  18                 CLC
0001ADr 2  65 rr              ADC   tok_src
0001AFr 2  85 rr              STA   tok_src
0001B1r 2  4C rr rr           JMP   tok_append_node
0001B4r 2               @oom:
0001B4r 2  68                 PLA
0001B5r 2               @empty:
0001B5r 2  60                 RTS
0001B6r 2               
0001B6r 2               ; ---------------------------------------------------------------------
0001B6r 2               ; tok_scan_varref — scan TOK_VARREF after ':'
0001B6r 2               ;   tok_src points at first char after ':'
0001B6r 2               ; ---------------------------------------------------------------------
0001B6r 2               tok_scan_varref:
0001B6r 2  A6 rr              LDX   tok_src
0001B8r 2  A0 00              LDY   #0
0001BAr 2               @count:
0001BAr 2  BD rr rr           LDA   input_buf,X
0001BDr 2  20 rr rr           JSR   is_word_char
0001C0r 2  90 04              BCC   @counted
0001C2r 2  E8                 INX
0001C3r 2  C8                 INY
0001C4r 2  80 F4              BRA   @count
0001C6r 2               @counted:
0001C6r 2  98                 TYA
0001C7r 2  F0 53              BEQ   @empty
0001C9r 2  48                 PHA
0001CAr 2  18                 CLC
0001CBr 2  69 04              ADC   #4
0001CDr 2  A2 01              LDX   #ATYPE_TOKEN
0001CFr 2  20 rr rr           JSR   heap_alloc
0001D2r 2  B0 47              BCS   @oom
0001D4r 2  A0 00              LDY   #TOK_TAG
0001D6r 2  A9 05              LDA   #TOK_VARREF
0001D8r 2  91 rr              STA   (ptr_lo),Y
0001DAr 2  A0 01              LDY   #TOK_NEXT_LO
0001DCr 2  A9 00              LDA   #0
0001DEr 2  91 rr              STA   (ptr_lo),Y
0001E0r 2  C8                 INY
0001E1r 2  91 rr              STA   (ptr_lo),Y
0001E3r 2  68                 PLA
0001E4r 2  48                 PHA
0001E5r 2  A0 03              LDY   #TOK_PAYLOAD
0001E7r 2  91 rr              STA   (ptr_lo),Y
0001E9r 2  68                 PLA
0001EAr 2  AA                 TAX
0001EBr 2  A0 04              LDY   #TOK_PAYLOAD+1
0001EDr 2  9C rr rr           STZ   num_tmp_lo
0001F0r 2               @copy:
0001F0r 2  DA                 PHX
0001F1r 2  AD rr rr           LDA   num_tmp_lo
0001F4r 2  18                 CLC
0001F5r 2  65 rr              ADC   tok_src
0001F7r 2  AA                 TAX
0001F8r 2  BD rr rr           LDA   input_buf,X
0001FBr 2  C9 61              CMP   #'a'
0001FDr 2  90 07              BCC   @noup
0001FFr 2  C9 7B              CMP   #'z'+1
000201r 2  B0 03              BCS   @noup
000203r 2  38                 SEC
000204r 2  E9 20              SBC   #$20
000206r 2               @noup:
000206r 2  91 rr              STA   (ptr_lo),Y
000208r 2  C8                 INY
000209r 2  EE rr rr           INC   num_tmp_lo
00020Cr 2  FA                 PLX
00020Dr 2  CA                 DEX
00020Er 2  D0 E0              BNE   @copy
000210r 2  AD rr rr           LDA   num_tmp_lo
000213r 2  18                 CLC
000214r 2  65 rr              ADC   tok_src
000216r 2  85 rr              STA   tok_src
000218r 2  4C rr rr           JMP   tok_append_node
00021Br 2               @oom:
00021Br 2  68                 PLA
00021Cr 2               @empty:
00021Cr 2  60                 RTS
00021Dr 2               
00021Dr 2               ; ---------------------------------------------------------------------
00021Dr 2               ; tok_scan_quote — scan TOK_QUOTE after '"'
00021Dr 2               ;   tok_src points at first char after '"'
00021Dr 2               ; ---------------------------------------------------------------------
00021Dr 2               tok_scan_quote:
00021Dr 2  A6 rr              LDX   tok_src
00021Fr 2  A0 00              LDY   #0
000221r 2               @count:
000221r 2  BD rr rr           LDA   input_buf,X
000224r 2  20 rr rr           JSR   is_word_char
000227r 2  90 04              BCC   @counted
000229r 2  E8                 INX
00022Ar 2  C8                 INY
00022Br 2  80 F4              BRA   @count
00022Dr 2               @counted:
00022Dr 2  98                 TYA
00022Er 2  F0 48              BEQ   @empty
000230r 2  48                 PHA
000231r 2  18                 CLC
000232r 2  69 04              ADC   #4
000234r 2  A2 01              LDX   #ATYPE_TOKEN
000236r 2  20 rr rr           JSR   heap_alloc
000239r 2  B0 3C              BCS   @oom
00023Br 2  A0 00              LDY   #TOK_TAG
00023Dr 2  A9 06              LDA   #TOK_QUOTE
00023Fr 2  91 rr              STA   (ptr_lo),Y
000241r 2  A0 01              LDY   #TOK_NEXT_LO
000243r 2  A9 00              LDA   #0
000245r 2  91 rr              STA   (ptr_lo),Y
000247r 2  C8                 INY
000248r 2  91 rr              STA   (ptr_lo),Y
00024Ar 2  68                 PLA
00024Br 2  48                 PHA
00024Cr 2  A0 03              LDY   #TOK_PAYLOAD
00024Er 2  91 rr              STA   (ptr_lo),Y
000250r 2                     ; Copy characters — no uppercasing for quotes
000250r 2  68                 PLA
000251r 2  AA                 TAX
000252r 2  A0 04              LDY   #TOK_PAYLOAD+1
000254r 2  9C rr rr           STZ   num_tmp_lo
000257r 2               @copy:
000257r 2  DA                 PHX
000258r 2  AD rr rr           LDA   num_tmp_lo
00025Br 2  18                 CLC
00025Cr 2  65 rr              ADC   tok_src
00025Er 2  AA                 TAX
00025Fr 2  BD rr rr           LDA   input_buf,X
000262r 2  91 rr              STA   (ptr_lo),Y
000264r 2  C8                 INY
000265r 2  EE rr rr           INC   num_tmp_lo
000268r 2  FA                 PLX
000269r 2  CA                 DEX
00026Ar 2  D0 EB              BNE   @copy
00026Cr 2  AD rr rr           LDA   num_tmp_lo
00026Fr 2  18                 CLC
000270r 2  65 rr              ADC   tok_src
000272r 2  85 rr              STA   tok_src
000274r 2  4C rr rr           JMP   tok_append_node
000277r 2               @oom:
000277r 2  68                 PLA
000278r 2               @empty:
000278r 2  60                 RTS
000279r 2               
000279r 2               ; ---------------------------------------------------------------------
000279r 2               ; tok_parse_number — parse decimal integer[.fraction] into TOK_NUMBER
000279r 2               ;   tok_src points at first digit or '-'
000279r 2               ;   Payload: 3 bytes = int_hi, int_lo, frac (16.8 fixed-point)
000279r 2               ; ---------------------------------------------------------------------
000279r 2               tok_parse_number:
000279r 2  9C rr rr           STZ   num_val_lo
00027Cr 2  9C rr rr           STZ   num_val_hi
00027Fr 2  64 rr              STZ   tok_sign              ; 0 = positive
000281r 2  A6 rr              LDX   tok_src
000283r 2  BD rr rr           LDA   input_buf,X
000286r 2  C9 2D              CMP   #'-'
000288r 2  D0 06              BNE   @parse_int
00028Ar 2  A9 01              LDA   #1
00028Cr 2  85 rr              STA   tok_sign
00028Er 2  E6 rr              INC   tok_src
000290r 2               
000290r 2                     ; Parse integer digits
000290r 2               @parse_int:
000290r 2  A6 rr              LDX   tok_src
000292r 2  BD rr rr           LDA   input_buf,X
000295r 2  C9 30              CMP   #'0'
000297r 2  90 54              BCC   @int_done
000299r 2  C9 3A              CMP   #'9'+1
00029Br 2  B0 50              BCS   @int_done
00029Dr 2  38                 SEC
00029Er 2  E9 30              SBC   #'0'                 ; A = digit 0..9
0002A0r 2  48                 PHA                        ; save digit
0002A1r 2               
0002A1r 2                     ; Multiply num_val by 10: (val << 3) + (val << 1)
0002A1r 2                     ; Compute val << 1
0002A1r 2  AD rr rr           LDA   num_val_lo
0002A4r 2  0A                 ASL
0002A5r 2  8D rr rr           STA   num_tmp_lo
0002A8r 2  AD rr rr           LDA   num_val_hi
0002ABr 2  2A                 ROL
0002ACr 2  8D rr rr           STA   num_tmp_hi           ; tmp = val * 2
0002AFr 2               
0002AFr 2                     ; Compute val << 3 = (val * 2) << 2
0002AFr 2  0E rr rr           ASL   num_tmp_lo
0002B2r 2  2E rr rr           ROL   num_tmp_hi
0002B5r 2  0E rr rr           ASL   num_tmp_lo
0002B8r 2  2E rr rr           ROL   num_tmp_hi           ; tmp = val * 8
0002BBr 2               
0002BBr 2                     ; val*10 = val*8 + val*2. Recompute val*2 into num_val first, with a
0002BBr 2                     ; proper 16-bit shift (ASL low, ROL high) so the carry out of the low
0002BBr 2                     ; byte reaches the high byte — then add val*8. (The previous version
0002BBr 2                     ; fused the shift and add and CLC'd away that carry, dropping 256 from
0002BBr 2                     ; any value whose low byte had bit 7 set, e.g. 4242 -> 3986.)
0002BBr 2  AD rr rr           LDA   num_val_lo
0002BEr 2  0A                 ASL
0002BFr 2  8D rr rr           STA   num_val_lo
0002C2r 2  AD rr rr           LDA   num_val_hi
0002C5r 2  2A                 ROL
0002C6r 2  8D rr rr           STA   num_val_hi           ; num_val = val * 2
0002C9r 2               
0002C9r 2  18                 CLC
0002CAr 2  AD rr rr           LDA   num_val_lo
0002CDr 2  6D rr rr           ADC   num_tmp_lo
0002D0r 2  8D rr rr           STA   num_val_lo
0002D3r 2  AD rr rr           LDA   num_val_hi
0002D6r 2  6D rr rr           ADC   num_tmp_hi
0002D9r 2  8D rr rr           STA   num_val_hi           ; num_val = val*2 + val*8 = val*10
0002DCr 2               
0002DCr 2                     ; Add digit
0002DCr 2  68                 PLA
0002DDr 2  18                 CLC
0002DEr 2  6D rr rr           ADC   num_val_lo
0002E1r 2  8D rr rr           STA   num_val_lo
0002E4r 2  90 03              BCC   @no_carry
0002E6r 2  EE rr rr           INC   num_val_hi
0002E9r 2               @no_carry:
0002E9r 2  E6 rr              INC   tok_src
0002EBr 2  80 A3              BRA   @parse_int
0002EDr 2               
0002EDr 2               @int_done:
0002EDr 2                     ; Parse fractional part
0002EDr 2  9C rr rr           STZ   num_tmp_lo           ; frac result
0002F0r 2  A6 rr              LDX   tok_src
0002F2r 2  BD rr rr           LDA   input_buf,X
0002F5r 2  C9 2E              CMP   #'.'
0002F7r 2  D0 67              BNE   @apply_sign
0002F9r 2  E6 rr              INC   tok_src
0002FBr 2               
0002FBr 2                     ; Parse up to 2 fractional digits
0002FBr 2  9C rr rr           STZ   num_tmp_hi           ; frac_raw accumulator
0002FEr 2  A0 00              LDY   #0                   ; digit count
000300r 2               @frac_loop:
000300r 2  C0 02              CPY   #2
000302r 2  B0 2E              BCS   @frac_skip
000304r 2  A6 rr              LDX   tok_src
000306r 2  BD rr rr           LDA   input_buf,X
000309r 2  C9 30              CMP   #'0'
00030Br 2  90 36              BCC   @frac_conv
00030Dr 2  C9 3A              CMP   #'9'+1
00030Fr 2  B0 32              BCS   @frac_conv
000311r 2  38                 SEC
000312r 2  E9 30              SBC   #'0'
000314r 2  48                 PHA
000315r 2                     ; frac_raw = frac_raw * 10 + digit
000315r 2  AD rr rr           LDA   num_tmp_hi
000318r 2  0A                 ASL
000319r 2  8D rr rr           STA   num_tmp_lo           ; *2
00031Cr 2  0A                 ASL
00031Dr 2  0A                 ASL                        ; A = val*8
00031Er 2  18                 CLC
00031Fr 2  6D rr rr           ADC   num_tmp_lo           ; A = val*10
000322r 2  8D rr rr           STA   num_tmp_hi
000325r 2  68                 PLA
000326r 2  18                 CLC
000327r 2  6D rr rr           ADC   num_tmp_hi
00032Ar 2  8D rr rr           STA   num_tmp_hi
00032Dr 2  E6 rr              INC   tok_src
00032Fr 2  C8                 INY
000330r 2  80 CE              BRA   @frac_loop
000332r 2               
000332r 2               @frac_skip:
000332r 2                     ; skip remaining digits after '.'
000332r 2  A6 rr              LDX   tok_src
000334r 2  BD rr rr           LDA   input_buf,X
000337r 2  C9 30              CMP   #'0'
000339r 2  90 08              BCC   @frac_conv
00033Br 2  C9 3A              CMP   #'9'+1
00033Dr 2  B0 04              BCS   @frac_conv
00033Fr 2  E6 rr              INC   tok_src
000341r 2  80 EF              BRA   @frac_skip
000343r 2               
000343r 2               @frac_conv:
000343r 2                     ; If only 1 digit, multiply by 10
000343r 2  C0 01              CPY   #1
000345r 2  D0 10              BNE   @frac_2d
000347r 2  AD rr rr           LDA   num_tmp_hi
00034Ar 2  0A                 ASL
00034Br 2  8D rr rr           STA   num_tmp_lo
00034Er 2  0A                 ASL
00034Fr 2  0A                 ASL
000350r 2  18                 CLC
000351r 2  6D rr rr           ADC   num_tmp_lo
000354r 2  8D rr rr           STA   num_tmp_hi
000357r 2               @frac_2d:
000357r 2                     ; Convert centesimal (0..99) → 8-bit fraction
000357r 2  AD rr rr           LDA   num_tmp_hi
00035Ar 2  20 rr rr           JSR   frac_to_byte
00035Dr 2  8D rr rr           STA   num_tmp_lo
000360r 2               
000360r 2               @apply_sign:
000360r 2                     ; Apply sign (negate 16.8 via two's complement if negative)
000360r 2  A5 rr              LDA   tok_sign
000362r 2  F0 1F              BEQ   @emit_num
000364r 2                     ; Negate: complement and add 1 across all 3 bytes
000364r 2  AD rr rr           LDA   num_tmp_lo           ; frac
000367r 2  49 FF              EOR   #$FF
000369r 2  18                 CLC
00036Ar 2  69 01              ADC   #1
00036Cr 2  8D rr rr           STA   num_tmp_lo
00036Fr 2  AD rr rr           LDA   num_val_lo
000372r 2  49 FF              EOR   #$FF
000374r 2  69 00              ADC   #0
000376r 2  8D rr rr           STA   num_val_lo
000379r 2  AD rr rr           LDA   num_val_hi
00037Cr 2  49 FF              EOR   #$FF
00037Er 2  69 00              ADC   #0
000380r 2  8D rr rr           STA   num_val_hi
000383r 2               
000383r 2               @emit_num:
000383r 2                     ; Allocate 6-byte node
000383r 2  A9 06              LDA   #6
000385r 2  A2 01              LDX   #ATYPE_TOKEN
000387r 2  20 rr rr           JSR   heap_alloc
00038Ar 2  B0 25              BCS   @oom
00038Cr 2  A0 00              LDY   #TOK_TAG
00038Er 2  A9 02              LDA   #TOK_NUMBER
000390r 2  91 rr              STA   (ptr_lo),Y
000392r 2  A0 01              LDY   #TOK_NEXT_LO
000394r 2  A9 00              LDA   #0
000396r 2  91 rr              STA   (ptr_lo),Y
000398r 2  C8                 INY
000399r 2  91 rr              STA   (ptr_lo),Y
00039Br 2                     ; Payload: [hi, lo, frac]
00039Br 2  A0 03              LDY   #TOK_PAYLOAD
00039Dr 2  AD rr rr           LDA   num_val_hi
0003A0r 2  91 rr              STA   (ptr_lo),Y
0003A2r 2  C8                 INY
0003A3r 2  AD rr rr           LDA   num_val_lo
0003A6r 2  91 rr              STA   (ptr_lo),Y
0003A8r 2  C8                 INY
0003A9r 2  AD rr rr           LDA   num_tmp_lo
0003ACr 2  91 rr              STA   (ptr_lo),Y
0003AEr 2  4C rr rr           JMP   tok_append_node
0003B1r 2               @oom:
0003B1r 2  60                 RTS
0003B2r 2               
0003B2r 2               ; ---------------------------------------------------------------------
0003B2r 2               ; frac_to_byte — convert centesimal fraction (0..99) to 8-bit (0..252)
0003B2r 2               ;   Input: A = centesimal value (0..99)
0003B2r 2               ;   Output: A = 8-bit fractional byte
0003B2r 2               ;   Method: (A * 256) / 100 via 16÷8 long division
0003B2r 2               ;   Clobbers: X, Y
0003B2r 2               ; ---------------------------------------------------------------------
0003B2r 2               frac_to_byte:
0003B2r 2                     ; dividend = A:$00 (A*256), divisor = 100
0003B2r 2  8D rr rr           STA   num_tmp_hi
0003B5r 2  9C rr rr           STZ   num_tmp_lo
0003B8r 2  A2 00              LDX   #0                   ; remainder
0003BAr 2  A0 10              LDY   #16                  ; 16-bit division
0003BCr 2               @div:
0003BCr 2  0E rr rr           ASL   num_tmp_lo
0003BFr 2  2E rr rr           ROL   num_tmp_hi
0003C2r 2  8A                 TXA
0003C3r 2  2A                 ROL
0003C4r 2  AA                 TAX
0003C5r 2  E0 64              CPX   #100
0003C7r 2  90 08              BCC   @nosub
0003C9r 2  8A                 TXA
0003CAr 2  38                 SEC
0003CBr 2  E9 64              SBC   #100
0003CDr 2  AA                 TAX
0003CEr 2  EE rr rr           INC   num_tmp_lo
0003D1r 2               @nosub:
0003D1r 2  88                 DEY
0003D2r 2  D0 E8              BNE   @div
0003D4r 2  AD rr rr           LDA   num_tmp_lo           ; quotient low byte
0003D7r 2  60                 RTS
0003D8r 2               
0003D8r 2               ; ---------------------------------------------------------------------
0003D8r 2               ; tok_append_node — link ptr_lo/hi into the list, continue scanning
0003D8r 2               ; ---------------------------------------------------------------------
0003D8r 2               tok_append_node:
0003D8r 2  A5 rr              LDA   tok_head_lo
0003DAr 2  05 rr              ORA   tok_head_hi
0003DCr 2  D0 0F              BNE   @link
0003DEr 2                     ; Empty list: head = tail = new node
0003DEr 2  A5 rr              LDA   ptr_lo
0003E0r 2  85 rr              STA   tok_head_lo
0003E2r 2  85 rr              STA   tok_tail_lo
0003E4r 2  A5 rr              LDA   ptr_hi
0003E6r 2  85 rr              STA   tok_head_hi
0003E8r 2  85 rr              STA   tok_tail_hi
0003EAr 2  4C rr rr           JMP   tok_scan_next
0003EDr 2               @link:
0003EDr 2                     ; tail->next = new node
0003EDr 2  A5 rr              LDA   tok_tail_lo
0003EFr 2  85 rr              STA   ptr2_lo
0003F1r 2  A5 rr              LDA   tok_tail_hi
0003F3r 2  85 rr              STA   ptr2_hi
0003F5r 2  A0 01              LDY   #TOK_NEXT_LO
0003F7r 2  A5 rr              LDA   ptr_lo
0003F9r 2  91 rr              STA   (ptr2_lo),Y
0003FBr 2  C8                 INY
0003FCr 2  A5 rr              LDA   ptr_hi
0003FEr 2  91 rr              STA   (ptr2_lo),Y
000400r 2                     ; tail = new node
000400r 2  A5 rr              LDA   ptr_lo
000402r 2  85 rr              STA   tok_tail_lo
000404r 2  A5 rr              LDA   ptr_hi
000406r 2  85 rr              STA   tok_tail_hi
000408r 2  4C rr rr           JMP   tok_scan_next
00040Br 2               
00040Br 2               ; ---------------------------------------------------------------------
00040Br 2               ; is_word_char — test if A is a valid word character
00040Br 2               ;   Returns: carry set = word char, carry clear = delimiter
00040Br 2               ;   Preserves: X
00040Br 2               ; ---------------------------------------------------------------------
00040Br 2               is_word_char:
00040Br 2  C9 00              CMP   #0
00040Dr 2  F0 36              BEQ   @no
00040Fr 2  C9 20              CMP   #$20
000411r 2  F0 32              BEQ   @no
000413r 2  C9 09              CMP   #$09
000415r 2  F0 2E              BEQ   @no
000417r 2  C9 5B              CMP   #'['
000419r 2  F0 2A              BEQ   @no
00041Br 2  C9 5D              CMP   #']'
00041Dr 2  F0 26              BEQ   @no
00041Fr 2  C9 28              CMP   #'('
000421r 2  F0 22              BEQ   @no
000423r 2  C9 29              CMP   #')'
000425r 2  F0 1E              BEQ   @no
000427r 2  C9 2B              CMP   #'+'
000429r 2  F0 1A              BEQ   @no
00042Br 2  C9 2D              CMP   #'-'
00042Dr 2  F0 16              BEQ   @no
00042Fr 2  C9 2A              CMP   #'*'
000431r 2  F0 12              BEQ   @no
000433r 2  C9 2F              CMP   #'/'
000435r 2  F0 0E              BEQ   @no
000437r 2  C9 3C              CMP   #'<'
000439r 2  F0 0A              BEQ   @no
00043Br 2  C9 3E              CMP   #'>'
00043Dr 2  F0 06              BEQ   @no
00043Fr 2  C9 3D              CMP   #'='
000441r 2  F0 02              BEQ   @no
000443r 2  38                 SEC
000444r 2  60                 RTS
000445r 2               @no:
000445r 2  18                 CLC
000446r 2  60                 RTS
000447r 2               
000447r 2               ; =====================================================================
000447r 2               ; print_token_count — walk the token list, count, print "N TOKENS\n"
000447r 2               ; =====================================================================
000447r 2               print_token_count:
000447r 2  A2 00              LDX   #0
000449r 2  A5 rr              LDA   tok_head_lo
00044Br 2  85 rr              STA   ptr2_lo
00044Dr 2  A5 rr              LDA   tok_head_hi
00044Fr 2  85 rr              STA   ptr2_hi
000451r 2               @walk:
000451r 2  A5 rr              LDA   ptr2_lo
000453r 2  05 rr              ORA   ptr2_hi
000455r 2  F0 10              BEQ   @print
000457r 2  E8                 INX
000458r 2  A0 01              LDY   #TOK_NEXT_LO
00045Ar 2  B1 rr              LDA   (ptr2_lo),Y
00045Cr 2  48                 PHA
00045Dr 2  C8                 INY
00045Er 2  B1 rr              LDA   (ptr2_lo),Y
000460r 2  85 rr              STA   ptr2_hi
000462r 2  68                 PLA
000463r 2  85 rr              STA   ptr2_lo
000465r 2  80 EA              BRA   @walk
000467r 2               @print:
000467r 2  8A                 TXA
000468r 2  20 rr rr           JSR   print_byte_decimal
00046Br 2  A2 00              LDX   #0
00046Dr 2               @str:
00046Dr 2  BD rr rr           LDA   str_tokens,X
000470r 2  F0 06              BEQ   @nl
000472r 2  8D 0E A0           STA   VGC_CHAROUT
000475r 2  E8                 INX
000476r 2  D0 F5              BNE   @str
000478r 2               @nl:
000478r 2  A9 0D              LDA   #$0D
00047Ar 2  8D 0E A0           STA   VGC_CHAROUT
00047Dr 2  A9 0A              LDA   #$0A
00047Fr 2  8D 0E A0           STA   VGC_CHAROUT
000482r 2  60                 RTS
000483r 2               
000483r 2               ; ---------------------------------------------------------------------
000483r 2               ; print_byte_decimal — print A as 1-3 decimal digits (no leading zeros)
000483r 2               ;   Input: A = value 0..255
000483r 2               ; ---------------------------------------------------------------------
000483r 2               print_byte_decimal:
000483r 2  A2 00              LDX   #0                   ; suppress leading zeros
000485r 2  A0 00              LDY   #0
000487r 2               @hundreds:
000487r 2  C9 64              CMP   #100
000489r 2  90 06              BCC   @tens_setup
00048Br 2  38                 SEC
00048Cr 2  E9 64              SBC   #100
00048Er 2  C8                 INY
00048Fr 2  80 F6              BRA   @hundreds
000491r 2               @tens_setup:
000491r 2  48                 PHA
000492r 2  98                 TYA
000493r 2  F0 07              BEQ   @skip_h
000495r 2  09 30              ORA   #'0'
000497r 2  8D 0E A0           STA   VGC_CHAROUT
00049Ar 2  A2 01              LDX   #1
00049Cr 2               @skip_h:
00049Cr 2  68                 PLA
00049Dr 2  A0 00              LDY   #0
00049Fr 2               @tens:
00049Fr 2  C9 0A              CMP   #10
0004A1r 2  90 06              BCC   @ones
0004A3r 2  38                 SEC
0004A4r 2  E9 0A              SBC   #10
0004A6r 2  C8                 INY
0004A7r 2  80 F6              BRA   @tens
0004A9r 2               @ones:
0004A9r 2  48                 PHA
0004AAr 2  98                 TYA
0004ABr 2  D0 04              BNE   @print_t
0004ADr 2  E0 00              CPX   #0
0004AFr 2  F0 05              BEQ   @skip_t
0004B1r 2               @print_t:
0004B1r 2  09 30              ORA   #'0'
0004B3r 2  8D 0E A0           STA   VGC_CHAROUT
0004B6r 2               @skip_t:
0004B6r 2  68                 PLA
0004B7r 2  09 30              ORA   #'0'
0004B9r 2  8D 0E A0           STA   VGC_CHAROUT
0004BCr 2  60                 RTS
0004BDr 2               
0004BDr 2               ; =====================================================================
0004BDr 2               ; RODATA — tokenizer strings
0004BDr 2               ; =====================================================================
0004BDr 2                     .segment "RODATA"
000000r 2               
000000r 2               str_tokens:
000000r 2  20 54 4F 4B        .byte " TOKENS", 0
000004r 2  45 4E 53 00  
000008r 2               
000008r 1                     .include "eval.s"
000008r 2               ; eval.s — evaluator: walk token list and dispatch commands
000008r 2               
000008r 2               ; =====================================================================
000008r 2               ; ZEROPAGE segment — evaluator variables
000008r 2               ; =====================================================================
000008r 2                     .segment "ZEROPAGE"
00000Cr 2               
00000Cr 2  xx           eval_type:      .res 1    ; result type: $00=number, $01=word
00000Dr 2  xx           eval_val_hi:    .res 1    ; number high byte or word ptr high
00000Er 2  xx           eval_val_lo:    .res 1    ; number low byte or word ptr low
00000Fr 2  xx           eval_val_frac:  .res 1    ; number fractional byte
000010r 2  xx           eval_cur_lo:    .res 1    ; current token pointer (low)
000011r 2  xx           eval_cur_hi:    .res 1    ; current token pointer (high)
000012r 2  xx           eval_left_hi:   .res 1    ; saved left operand high byte
000013r 2  xx           eval_left_lo:   .res 1    ; saved left operand low byte
000014r 2  xx           eval_left_frac: .res 1    ; saved left operand fractional byte
000015r 2  xx           eval_op:        .res 1    ; infix operator character
000016r 2  xx           handler_lo:     .res 1    ; saved handler address for JMP
000017r 2  xx           handler_hi:     .res 1
000018r 2  xx           eval_in_body:   .res 1    ; $00 = normal eval_loop, $01 = in body
000019r 2  xx           proc_stopped:   .res 1    ; $00 = running, $01 = STOP, $02 = OUTPUT
00001Ar 2  xx           eval_reporter:  .res 1    ; $00 = normal, $01 = reporter mode (return from eval_continue)
00001Br 2               
00001Br 2               ; --- Catch frame for CATCH/THROW error handling ---
00001Br 2  xx           catch_active:   .res 1    ; $00 = no catch, $01 = catch active
00001Cr 2  xx           catch_tag_lo:   .res 1    ; pointer to tag word (length-prefixed)
00001Dr 2  xx           catch_tag_hi:   .res 1
00001Er 2  xx           catch_sp:       .res 1    ; saved 6502 stack pointer for unwinding
00001Fr 2  xx           catch_resume_lo: .res 1   ; eval_cur to resume at (past the body's ])
000020r 2  xx           catch_resume_hi: .res 1
000021r 2               
000021r 2               ; =====================================================================
000021r 2               ; BSS segment — scratch for number printing
000021r 2               ; =====================================================================
000021r 2                     .segment "BSS"
000007r 2               
000007r 2  xx xx xx xx  pn_buf:         .res 8    ; decimal digit buffer for print_number
00000Br 2  xx xx xx xx  
00000Fr 2               
00000Fr 2               ; =====================================================================
00000Fr 2               ; CODE segment — evaluator routines
00000Fr 2               ; =====================================================================
00000Fr 2                     .segment "CODE"
0004BDr 2               
0004BDr 2               ; ---------------------------------------------------------------------
0004BDr 2               ; eval_line — evaluate the token list built by tokenize_line
0004BDr 2               ;   Input:  tok_head_lo/hi = first token
0004BDr 2               ;   Output: commands executed, errors printed
0004BDr 2               ; ---------------------------------------------------------------------
0004BDr 2               eval_line:
0004BDr 2  64 rr              STZ   eval_in_body
0004BFr 2  64 rr              STZ   proc_stopped
0004C1r 2  64 rr              STZ   eval_reporter
0004C3r 2  A5 rr              LDA   tok_head_lo
0004C5r 2  85 rr              STA   eval_cur_lo
0004C7r 2  A5 rr              LDA   tok_head_hi
0004C9r 2  85 rr              STA   eval_cur_hi
0004CBr 2               
0004CBr 2               eval_loop:
0004CBr 2                     ; Check if STOP/OUTPUT was signaled — bail out
0004CBr 2  A5 rr              LDA   proc_stopped
0004CDr 2  D0 1B              BNE   @bail_out
0004CFr 2               
0004CFr 2                     ; Check for end of list
0004CFr 2  A5 rr              LDA   eval_cur_lo
0004D1r 2  05 rr              ORA   eval_cur_hi
0004D3r 2  F0 15              BEQ   @bail_out
0004D5r 2               
0004D5r 2                     ; Read tag of current token
0004D5r 2  A5 rr              LDA   eval_cur_lo
0004D7r 2  85 rr              STA   ptr_lo
0004D9r 2  A5 rr              LDA   eval_cur_hi
0004DBr 2  85 rr              STA   ptr_hi
0004DDr 2  A0 00              LDY   #TOK_TAG
0004DFr 2  B1 rr              LDA   (ptr_lo),Y
0004E1r 2               
0004E1r 2                     ; Dispatch based on tag
0004E1r 2  C9 01              CMP   #TOK_WORD
0004E3r 2  F0 06              BEQ   @do_command
0004E5r 2               
0004E5r 2                     ; Bare expression — skip it for now (could error)
0004E5r 2                     ; Advance to next token
0004E5r 2  20 rr rr           JSR   eval_advance
0004E8r 2  80 E1              BRA   eval_loop
0004EAr 2               
0004EAr 2               @bail_out:
0004EAr 2  60                 RTS
0004EBr 2               
0004EBr 2               @do_command:
0004EBr 2                     ; Look up the word in the builtin table
0004EBr 2  20 rr rr           JSR   lookup_builtin
0004EEr 2  B0 42              BCS   @unknown
0004F0r 2               
0004F0r 2                     ; Found: handler addr is in ptr2_lo/hi, arity in A
0004F0r 2                     ; Save handler address — eval_expr may clobber ptr2
0004F0r 2  A6 rr              LDX   ptr2_lo
0004F2r 2  86 rr              STX   handler_lo
0004F4r 2  A6 rr              LDX   ptr2_hi
0004F6r 2  86 rr              STX   handler_hi
0004F8r 2                     ; Save arity across eval_advance (which clobbers X)
0004F8r 2  AA                 TAX
0004F9r 2  DA                 PHX
0004FAr 2                     ; Advance past the command word token
0004FAr 2  20 rr rr           JSR   eval_advance
0004FDr 2  FA                 PLX
0004FEr 2               
0004FEr 2                     ; Evaluate arguments (X = arity count)
0004FEr 2  E0 00              CPX   #0
000500r 2  F0 16              BEQ   @call_handler
000502r 2                     ; Save handler address — eval_expr may invoke proc_invoke which
000502r 2                     ; clobbers handler_lo/hi via inner eval_loop dispatch
000502r 2  A5 rr              LDA   handler_hi
000504r 2  48                 PHA
000505r 2  A5 rr              LDA   handler_lo
000507r 2  48                 PHA
000508r 2               @eval_args:
000508r 2  DA                 PHX                   ; save remaining arg count
000509r 2  20 rr rr           JSR   eval_expr
00050Cr 2  B0 0D              BCS   @arg_error
00050Er 2  FA                 PLX
00050Fr 2  CA                 DEX
000510r 2  D0 F6              BNE   @eval_args
000512r 2                     ; Restore handler address
000512r 2  68                 PLA
000513r 2  85 rr              STA   handler_lo
000515r 2  68                 PLA
000516r 2  85 rr              STA   handler_hi
000518r 2               
000518r 2               @call_handler:
000518r 2                     ; Call the handler via indirect JMP
000518r 2  6C rr rr           JMP   (handler_lo)
00051Br 2                     ; handlers must JMP back to eval_loop via eval_continue
00051Br 2               
00051Br 2               @arg_error:
00051Br 2  FA                 PLX                   ; discard saved arity counter
00051Cr 2                     ; Discard saved handler address
00051Cr 2  68                 PLA
00051Dr 2  68                 PLA
00051Er 2                     ; Print error and abort line
00051Er 2  A2 00              LDX   #0
000520r 2               @ae_lp:
000520r 2  BD rr rr           LDA   str_notenough,X
000523r 2  F0 06              BEQ   @ae_done
000525r 2  8D 0E A0           STA   VGC_CHAROUT
000528r 2  E8                 INX
000529r 2  D0 F5              BNE   @ae_lp
00052Br 2               @ae_done:
00052Br 2  20 rr rr           JSR   eval_newline
00052Er 2  20 rr rr           JSR   try_throw_error
000531r 2  60                 RTS
000532r 2               
000532r 2               @unknown:
000532r 2                     ; Try user-defined procedures before erroring
000532r 2  20 rr rr           JSR   proc_lookup
000535r 2  B0 06              BCS   @try_ext_cmd
000537r 2                     ; Found a procedure — invoke it (proc_stopped restored internally)
000537r 2  20 rr rr           JSR   proc_invoke
00053Ar 2  4C rr rr           JMP   eval_loop
00053Dr 2               
00053Dr 2               @try_ext_cmd:
00053Dr 2                     ; Try extension command table before giving up
00053Dr 2  20 rr rr           JSR   lookup_ext_cmd
000540r 2  B0 35              BCS   @truly_unknown
000542r 2                     ; Found: A = arity, ext_cmd set.
000542r 2                     ; Advance past the command word token.
000542r 2  AA                 TAX                       ; X = arity
000543r 2  DA                 PHX
000544r 2  20 rr rr           JSR   eval_advance
000547r 2  FA                 PLX
000548r 2                     ; Evaluate arguments and copy to ext_arg slots
000548r 2  20 rr rr           JSR   ext_eval_args
00054Br 2  B0 16              BCS   @ext_arg_err
00054Dr 2                     ; Call extension via RAM trampoline
00054Dr 2  20 70 02           JSR   EXT_TRAMPOLINE
000550r 2                     ; Copy result back to eval_val
000550r 2  A5 8E              LDA   EXT_RESULT_TYPE
000552r 2  85 rr              STA   eval_type
000554r 2  A5 8F              LDA   EXT_RESULT_HI
000556r 2  85 rr              STA   eval_val_hi
000558r 2  A5 90              LDA   EXT_RESULT_LO
00055Ar 2  85 rr              STA   eval_val_lo
00055Cr 2  A5 91              LDA   EXT_RESULT_FRAC
00055Er 2  85 rr              STA   eval_val_frac
000560r 2  4C rr rr           JMP   eval_continue
000563r 2               
000563r 2               @ext_arg_err:
000563r 2  A2 00              LDX   #0
000565r 2               @eae_lp:
000565r 2  BD rr rr           LDA   str_notenough,X
000568r 2  F0 06              BEQ   @eae_done
00056Ar 2  8D 0E A0           STA   VGC_CHAROUT
00056Dr 2  E8                 INX
00056Er 2  D0 F5              BNE   @eae_lp
000570r 2               @eae_done:
000570r 2  20 rr rr           JSR   eval_newline
000573r 2  20 rr rr           JSR   try_throw_error
000576r 2  60                 RTS
000577r 2               
000577r 2               @truly_unknown:
000577r 2                     ; Print "I don't know how to " + the word
000577r 2  A2 00              LDX   #0
000579r 2               @unk_lp:
000579r 2  BD rr rr           LDA   str_idk,X
00057Cr 2  F0 06              BEQ   @unk_word
00057Er 2  8D 0E A0           STA   VGC_CHAROUT
000581r 2  E8                 INX
000582r 2  D0 F5              BNE   @unk_lp
000584r 2               @unk_word:
000584r 2                     ; Print the word from the token payload
000584r 2  A5 rr              LDA   eval_cur_lo
000586r 2  85 rr              STA   ptr_lo
000588r 2  A5 rr              LDA   eval_cur_hi
00058Ar 2  85 rr              STA   ptr_hi
00058Cr 2  A0 03              LDY   #TOK_PAYLOAD        ; length byte
00058Er 2  B1 rr              LDA   (ptr_lo),Y
000590r 2  AA                 TAX                       ; X = length
000591r 2  A0 04              LDY   #TOK_PAYLOAD+1      ; first char
000593r 2               @unk_ch:
000593r 2  B1 rr              LDA   (ptr_lo),Y
000595r 2  8D 0E A0           STA   VGC_CHAROUT
000598r 2  C8                 INY
000599r 2  CA                 DEX
00059Ar 2  D0 F7              BNE   @unk_ch
00059Cr 2  20 rr rr           JSR   eval_newline
00059Fr 2  20 rr rr           JSR   try_throw_error
0005A2r 2  60                 RTS
0005A3r 2               
0005A3r 2               @done:
0005A3r 2  60                 RTS
0005A4r 2               
0005A4r 2               ; ---------------------------------------------------------------------
0005A4r 2               ; eval_continue — handlers JMP here to resume the eval loop
0005A4r 2               ;   If eval_in_body != 0, resumes body execution instead
0005A4r 2               ; ---------------------------------------------------------------------
0005A4r 2               ; ---------------------------------------------------------------------
0005A4r 2               ; jmp_handler — trampoline for calling builtins from reporter position
0005A4r 2               ; ---------------------------------------------------------------------
0005A4r 2               jmp_handler:
0005A4r 2  6C rr rr           JMP   (handler_lo)
0005A7r 2               
0005A7r 2               eval_continue:
0005A7r 2                     ; If in reporter mode, return to eval_expr instead of looping
0005A7r 2  A5 rr              LDA   eval_reporter
0005A9r 2  D0 07              BNE   @reporter_return
0005ABr 2  A5 rr              LDA   eval_in_body
0005ADr 2  D0 07              BNE   eval_body
0005AFr 2  4C rr rr           JMP   eval_loop
0005B2r 2               
0005B2r 2               @reporter_return:
0005B2r 2  64 rr              STZ   eval_reporter
0005B4r 2  18                 CLC
0005B5r 2  60                 RTS
0005B6r 2               
0005B6r 2               ; ---------------------------------------------------------------------
0005B6r 2               ; eval_body — execute tokens within a body until TOK_RBRACKET at depth 0
0005B6r 2               ;   Entry: eval_cur is at the next token to execute inside the body
0005B6r 2               ;   Exit:  eval_cur points at the TOK_RBRACKET that ended the body
0005B6r 2               ;   eval_in_body must be $01 on entry
0005B6r 2               ; ---------------------------------------------------------------------
0005B6r 2               eval_body:
0005B6r 2                     ; Check if STOP/OUTPUT was signaled — bail out immediately
0005B6r 2  A5 rr              LDA   proc_stopped
0005B8r 2  D0 65              BNE   @done
0005BAr 2               
0005BAr 2                     ; Check for end of list (safety — malformed input)
0005BAr 2  A5 rr              LDA   eval_cur_lo
0005BCr 2  05 rr              ORA   eval_cur_hi
0005BEr 2  F0 5F              BEQ   @done
0005C0r 2               
0005C0r 2                     ; Read tag of current token
0005C0r 2  A5 rr              LDA   eval_cur_lo
0005C2r 2  85 rr              STA   ptr_lo
0005C4r 2  A5 rr              LDA   eval_cur_hi
0005C6r 2  85 rr              STA   ptr_hi
0005C8r 2  A0 00              LDY   #TOK_TAG
0005CAr 2  B1 rr              LDA   (ptr_lo),Y
0005CCr 2               
0005CCr 2                     ; Hit the closing bracket? We're done with this body pass.
0005CCr 2  C9 04              CMP   #TOK_RBRACKET
0005CEr 2  F0 4F              BEQ   @done
0005D0r 2               
0005D0r 2                     ; Dispatch command words (same as eval_loop)
0005D0r 2  C9 01              CMP   #TOK_WORD
0005D2r 2  F0 05              BEQ   @do_command
0005D4r 2               
0005D4r 2                     ; Skip non-word tokens (bare numbers, brackets inside expressions, etc.)
0005D4r 2  20 rr rr           JSR   eval_advance
0005D7r 2  80 DD              BRA   eval_body
0005D9r 2               
0005D9r 2               @do_command:
0005D9r 2                     ; Same dispatch as eval_loop — look up builtin, eval args, call handler
0005D9r 2  20 rr rr           JSR   lookup_builtin
0005DCr 2  B0 42              BCS   @unknown
0005DEr 2               
0005DEr 2  A6 rr              LDX   ptr2_lo
0005E0r 2  86 rr              STX   handler_lo
0005E2r 2  A6 rr              LDX   ptr2_hi
0005E4r 2  86 rr              STX   handler_hi
0005E6r 2  AA                 TAX
0005E7r 2  DA                 PHX
0005E8r 2  20 rr rr           JSR   eval_advance
0005EBr 2  FA                 PLX
0005ECr 2               
0005ECr 2  E0 00              CPX   #0
0005EEr 2  F0 16              BEQ   @call_handler
0005F0r 2                     ; Save handler address — eval_expr may invoke proc_invoke
0005F0r 2  A5 rr              LDA   handler_hi
0005F2r 2  48                 PHA
0005F3r 2  A5 rr              LDA   handler_lo
0005F5r 2  48                 PHA
0005F6r 2               @eval_args:
0005F6r 2  DA                 PHX
0005F7r 2  20 rr rr           JSR   eval_expr
0005FAr 2  B0 0D              BCS   @arg_error
0005FCr 2  FA                 PLX
0005FDr 2  CA                 DEX
0005FEr 2  D0 F6              BNE   @eval_args
000600r 2                     ; Restore handler address
000600r 2  68                 PLA
000601r 2  85 rr              STA   handler_lo
000603r 2  68                 PLA
000604r 2  85 rr              STA   handler_hi
000606r 2               
000606r 2               @call_handler:
000606r 2  6C rr rr           JMP   (handler_lo)
000609r 2                     ; handler JMPs to eval_continue, which routes back here
000609r 2               
000609r 2               @arg_error:
000609r 2  FA                 PLX
00060Ar 2  68                 PLA
00060Br 2  68                 PLA
00060Cr 2  A2 00              LDX   #0
00060Er 2               @ae_lp:
00060Er 2  BD rr rr           LDA   str_notenough,X
000611r 2  F0 06              BEQ   @ae_done
000613r 2  8D 0E A0           STA   VGC_CHAROUT
000616r 2  E8                 INX
000617r 2  D0 F5              BNE   @ae_lp
000619r 2               @ae_done:
000619r 2  20 rr rr           JSR   eval_newline
00061Cr 2  20 rr rr           JSR   try_throw_error
00061Fr 2                     ; fall through to @done — abort body on error
00061Fr 2               
00061Fr 2               @done:
00061Fr 2  60                 RTS
000620r 2               
000620r 2               @unknown:
000620r 2                     ; Try user-defined procedures before erroring (inside body)
000620r 2  20 rr rr           JSR   proc_lookup
000623r 2  B0 06              BCS   @try_ext_cmd
000625r 2  20 rr rr           JSR   proc_invoke
000628r 2  4C rr rr           JMP   eval_body
00062Br 2               
00062Br 2               @try_ext_cmd:
00062Br 2                     ; Try extension command table before giving up (inside body)
00062Br 2  20 rr rr           JSR   lookup_ext_cmd
00062Er 2  B0 35              BCS   @truly_unknown
000630r 2  AA                 TAX
000631r 2  DA                 PHX
000632r 2  20 rr rr           JSR   eval_advance
000635r 2  FA                 PLX
000636r 2  20 rr rr           JSR   ext_eval_args
000639r 2  B0 16              BCS   @body_ext_err
00063Br 2  20 70 02           JSR   EXT_TRAMPOLINE
00063Er 2  A5 8E              LDA   EXT_RESULT_TYPE
000640r 2  85 rr              STA   eval_type
000642r 2  A5 8F              LDA   EXT_RESULT_HI
000644r 2  85 rr              STA   eval_val_hi
000646r 2  A5 90              LDA   EXT_RESULT_LO
000648r 2  85 rr              STA   eval_val_lo
00064Ar 2  A5 91              LDA   EXT_RESULT_FRAC
00064Cr 2  85 rr              STA   eval_val_frac
00064Er 2  4C rr rr           JMP   eval_continue
000651r 2               
000651r 2               @body_ext_err:
000651r 2  A2 00              LDX   #0
000653r 2               @bee_lp:
000653r 2  BD rr rr           LDA   str_notenough,X
000656r 2  F0 06              BEQ   @bee_done
000658r 2  8D 0E A0           STA   VGC_CHAROUT
00065Br 2  E8                 INX
00065Cr 2  D0 F5              BNE   @bee_lp
00065Er 2               @bee_done:
00065Er 2  20 rr rr           JSR   eval_newline
000661r 2  20 rr rr           JSR   try_throw_error
000664r 2  60                 RTS
000665r 2               
000665r 2               @truly_unknown:
000665r 2                     ; Print "I don't know how to " + the word (inside body)
000665r 2  A2 00              LDX   #0
000667r 2               @unk_lp:
000667r 2  BD rr rr           LDA   str_idk,X
00066Ar 2  F0 06              BEQ   @unk_word
00066Cr 2  8D 0E A0           STA   VGC_CHAROUT
00066Fr 2  E8                 INX
000670r 2  D0 F5              BNE   @unk_lp
000672r 2               @unk_word:
000672r 2  A5 rr              LDA   eval_cur_lo
000674r 2  85 rr              STA   ptr_lo
000676r 2  A5 rr              LDA   eval_cur_hi
000678r 2  85 rr              STA   ptr_hi
00067Ar 2  A0 03              LDY   #TOK_PAYLOAD
00067Cr 2  B1 rr              LDA   (ptr_lo),Y
00067Er 2  AA                 TAX
00067Fr 2  A0 04              LDY   #TOK_PAYLOAD+1
000681r 2               @unk_ch:
000681r 2  B1 rr              LDA   (ptr_lo),Y
000683r 2  8D 0E A0           STA   VGC_CHAROUT
000686r 2  C8                 INY
000687r 2  CA                 DEX
000688r 2  D0 F7              BNE   @unk_ch
00068Ar 2  20 rr rr           JSR   eval_newline
00068Dr 2  20 rr rr           JSR   try_throw_error
000690r 2  60                 RTS
000691r 2               
000691r 2               ; ---------------------------------------------------------------------
000691r 2               ; eval_advance — advance eval_cur to the next token in the list
000691r 2               ;   Reads next pointer from current token, stores in eval_cur
000691r 2               ; ---------------------------------------------------------------------
000691r 2               eval_advance:
000691r 2  A5 rr              LDA   eval_cur_lo
000693r 2  85 rr              STA   ptr_lo
000695r 2  A5 rr              LDA   eval_cur_hi
000697r 2  85 rr              STA   ptr_hi
000699r 2  A0 01              LDY   #TOK_NEXT_LO
00069Br 2  B1 rr              LDA   (ptr_lo),Y
00069Dr 2  AA                 TAX
00069Er 2  C8                 INY
00069Fr 2  B1 rr              LDA   (ptr_lo),Y
0006A1r 2  85 rr              STA   eval_cur_hi
0006A3r 2  86 rr              STX   eval_cur_lo
0006A5r 2  60                 RTS
0006A6r 2               
0006A6r 2               ; ---------------------------------------------------------------------
0006A6r 2               ; eval_expr — evaluate one expression from the current token
0006A6r 2               ;   Output: eval_type, eval_val_hi/lo/frac set
0006A6r 2               ;           Carry clear = success, Carry set = error (no token)
0006A6r 2               ;   Advances eval_cur past the consumed token
0006A6r 2               ; ---------------------------------------------------------------------
0006A6r 2               eval_expr:
0006A6r 2                     ; Check for end of list
0006A6r 2  A5 rr              LDA   eval_cur_lo
0006A8r 2  05 rr              ORA   eval_cur_hi
0006AAr 2  D0 02              BNE   @have_token
0006ACr 2  38                 SEC                       ; no more tokens
0006ADr 2  60                 RTS
0006AEr 2               
0006AEr 2               @have_token:
0006AEr 2  A5 rr              LDA   eval_cur_lo
0006B0r 2  85 rr              STA   ptr_lo
0006B2r 2  A5 rr              LDA   eval_cur_hi
0006B4r 2  85 rr              STA   ptr_hi
0006B6r 2  A0 00              LDY   #TOK_TAG
0006B8r 2  B1 rr              LDA   (ptr_lo),Y
0006BAr 2               
0006BAr 2  C9 02              CMP   #TOK_NUMBER
0006BCr 2  D0 03              BNE   :+
0006BEr 2  4C rr rr           JMP   @number
0006C1r 2  C9 06        :     CMP   #TOK_QUOTE
0006C3r 2  D0 03              BNE   :+
0006C5r 2  4C rr rr           JMP   @quote
0006C8r 2  C9 05        :     CMP   #TOK_VARREF
0006CAr 2  D0 03              BNE   :+
0006CCr 2  4C rr rr           JMP   @varref
0006CFr 2  C9 01        :     CMP   #TOK_WORD
0006D1r 2  F0 06              BEQ   @word_expr
0006D3r 2  C9 03              CMP   #TOK_LBRACKET
0006D5r 2  F0 19              BEQ   @list_literal
0006D7r 2                     ; Anything else is an error
0006D7r 2  38                 SEC
0006D8r 2  60                 RTS
0006D9r 2               
0006D9r 2               @word_expr:
0006D9r 2                     ; Could be a reporter procedure (returns a value via OUTPUT)
0006D9r 2  20 rr rr           JSR   proc_lookup
0006DCr 2  B0 19              BCS   @word_not_proc        ; not a procedure — try builtins
0006DEr 2                     ; It's a procedure — invoke it
0006DEr 2  20 rr rr           JSR   proc_invoke
0006E1r 2                     ; X = exit status: $02 = OUTPUT (eval_val has value), else no value
0006E1r 2  E0 02              CPX   #$02
0006E3r 2  F0 08              BEQ   @word_has_val
0006E5r 2                     ; No OUTPUT — set result to 0
0006E5r 2  64 rr              STZ   eval_val_hi
0006E7r 2  64 rr              STZ   eval_val_lo
0006E9r 2  64 rr              STZ   eval_val_frac
0006EBr 2  64 rr              STZ   eval_type
0006EDr 2               @word_has_val:
0006EDr 2  4C rr rr           JMP   eval_check_infix      ; allow DOUBLE 5 + 3 etc.
0006F0r 2               
0006F0r 2               @list_literal:
0006F0r 2                     ; Advance past the [
0006F0r 2  20 rr rr           JSR   eval_advance
0006F3r 2                     ; Build list from tokens until ]
0006F3r 2  20 rr rr           JSR   eval_list
0006F6r 2                     ; eval_type = VAL_LIST, eval_val = head pointer
0006F6r 2                     ; Carry already set/clear from eval_list
0006F6r 2  60                 RTS
0006F7r 2               
0006F7r 2               @word_not_proc:
0006F7r 2                     ; Not a user proc — try built-in reporter
0006F7r 2  20 rr rr           JSR   lookup_builtin
0006FAr 2  B0 37              BCS   @word_unknown
0006FCr 2                     ; Found: ptr2_lo/hi = handler addr, A = arity
0006FCr 2                     ; Save handler address
0006FCr 2  A6 rr              LDX   ptr2_lo
0006FEr 2  86 rr              STX   handler_lo
000700r 2  A6 rr              LDX   ptr2_hi
000702r 2  86 rr              STX   handler_hi
000704r 2  AA                 TAX                       ; X = arity
000705r 2  DA                 PHX                       ; save arity across eval_advance
000706r 2                     ; Advance past the command word
000706r 2  20 rr rr           JSR   eval_advance
000709r 2  FA                 PLX                       ; restore arity
00070Ar 2                     ; Evaluate arguments (X = arity count)
00070Ar 2  E0 00              CPX   #0
00070Cr 2  F0 16              BEQ   @call_reporter
00070Er 2                     ; Save handler address — eval_expr may clobber it
00070Er 2  A5 rr              LDA   handler_hi
000710r 2  48                 PHA
000711r 2  A5 rr              LDA   handler_lo
000713r 2  48                 PHA
000714r 2               @rpt_eval_args:
000714r 2  DA                 PHX
000715r 2  20 rr rr           JSR   eval_expr
000718r 2  B0 14              BCS   @rpt_arg_error
00071Ar 2  FA                 PLX
00071Br 2  CA                 DEX
00071Cr 2  D0 F6              BNE   @rpt_eval_args
00071Er 2                     ; Restore handler address
00071Er 2  68                 PLA
00071Fr 2  85 rr              STA   handler_lo
000721r 2  68                 PLA
000722r 2  85 rr              STA   handler_hi
000724r 2               @call_reporter:
000724r 2                     ; Set reporter mode so eval_continue returns here instead of looping
000724r 2  A9 01              LDA   #$01
000726r 2  85 rr              STA   eval_reporter
000728r 2                     ; Call via JSR to trampoline — handler JMPs to eval_continue
000728r 2                     ; which sees eval_reporter and does CLC + RTS back here.
000728r 2  20 rr rr           JSR   jmp_handler
00072Br 2                     ; eval_val now set by the handler
00072Br 2  4C rr rr           JMP   eval_check_infix
00072Er 2               
00072Er 2               @rpt_arg_error:
00072Er 2  FA                 PLX                       ; discard saved arity counter
00072Fr 2  68                 PLA
000730r 2  68                 PLA                       ; discard saved handler address
000731r 2  38                 SEC
000732r 2  60                 RTS
000733r 2               
000733r 2               @word_unknown:
000733r 2                     ; Try extension command table as reporter
000733r 2  20 rr rr           JSR   lookup_ext_cmd
000736r 2  B0 22              BCS   @word_really_unknown
000738r 2                     ; Found: A = arity, EXT_CMD set
000738r 2  AA                 TAX
000739r 2  DA                 PHX
00073Ar 2  20 rr rr           JSR   eval_advance
00073Dr 2  FA                 PLX
00073Er 2  20 rr rr           JSR   ext_eval_args
000741r 2  B0 17              BCS   @word_really_unknown
000743r 2  20 70 02           JSR   EXT_TRAMPOLINE
000746r 2                     ; Copy result back to eval_val
000746r 2  A5 8E              LDA   EXT_RESULT_TYPE
000748r 2  85 rr              STA   eval_type
00074Ar 2  A5 8F              LDA   EXT_RESULT_HI
00074Cr 2  85 rr              STA   eval_val_hi
00074Er 2  A5 90              LDA   EXT_RESULT_LO
000750r 2  85 rr              STA   eval_val_lo
000752r 2  A5 91              LDA   EXT_RESULT_FRAC
000754r 2  85 rr              STA   eval_val_frac
000756r 2  18                 CLC
000757r 2  4C rr rr           JMP   eval_check_infix
00075Ar 2               
00075Ar 2               @word_really_unknown:
00075Ar 2  38                 SEC
00075Br 2  60                 RTS
00075Cr 2               
00075Cr 2               @number:
00075Cr 2                     ; Copy 3-byte payload to eval_val
00075Cr 2  A0 03              LDY   #TOK_PAYLOAD
00075Er 2  B1 rr              LDA   (ptr_lo),Y         ; int_hi
000760r 2  85 rr              STA   eval_val_hi
000762r 2  C8                 INY
000763r 2  B1 rr              LDA   (ptr_lo),Y         ; int_lo
000765r 2  85 rr              STA   eval_val_lo
000767r 2  C8                 INY
000768r 2  B1 rr              LDA   (ptr_lo),Y         ; frac
00076Ar 2  85 rr              STA   eval_val_frac
00076Cr 2  64 rr              STZ   eval_type           ; $00 = number
00076Er 2  20 rr rr           JSR   eval_advance
000771r 2  4C rr rr           JMP   eval_check_infix    ; check for infix operator
000774r 2               
000774r 2               @quote:
000774r 2                     ; Point eval_val at the payload (length byte + chars)
000774r 2                     ; Pointer = ptr_lo/hi + TOK_PAYLOAD
000774r 2  18                 CLC
000775r 2  A5 rr              LDA   ptr_lo
000777r 2  69 03              ADC   #TOK_PAYLOAD
000779r 2  85 rr              STA   eval_val_lo
00077Br 2  A5 rr              LDA   ptr_hi
00077Dr 2  69 00              ADC   #0
00077Fr 2  85 rr              STA   eval_val_hi
000781r 2  64 rr              STZ   eval_val_frac
000783r 2  A9 01              LDA   #$01
000785r 2  85 rr              STA   eval_type           ; $01 = word
000787r 2  20 rr rr           JSR   eval_advance
00078Ar 2  18                 CLC
00078Br 2  60                 RTS
00078Cr 2               
00078Cr 2               @varref:
00078Cr 2                     ; Variable reference — :NAME
00078Cr 2                     ; Payload is length-prefixed name at token + TOK_PAYLOAD
00078Cr 2  18                 CLC
00078Dr 2  A5 rr              LDA   ptr_lo
00078Fr 2  69 03              ADC   #TOK_PAYLOAD
000791r 2  85 rr              STA   ptr_lo
000793r 2  A5 rr              LDA   ptr_hi
000795r 2  69 00              ADC   #0
000797r 2  85 rr              STA   ptr_hi
000799r 2  20 rr rr           JSR   var_get
00079Cr 2  90 30              BCC   @var_ok
00079Er 2               
00079Er 2                     ; Not found — print "NAME has no value"
00079Er 2                     ; ptr_lo/hi was clobbered by var_get, reload from eval_cur
00079Er 2  A5 rr              LDA   eval_cur_lo
0007A0r 2  85 rr              STA   ptr_lo
0007A2r 2  A5 rr              LDA   eval_cur_hi
0007A4r 2  85 rr              STA   ptr_hi
0007A6r 2  A0 03              LDY   #TOK_PAYLOAD          ; length byte
0007A8r 2  B1 rr              LDA   (ptr_lo),Y
0007AAr 2  AA                 TAX                         ; X = name length
0007ABr 2  A0 04              LDY   #TOK_PAYLOAD+1
0007ADr 2               @vr_name:
0007ADr 2  B1 rr              LDA   (ptr_lo),Y
0007AFr 2  8D 0E A0           STA   VGC_CHAROUT
0007B2r 2  C8                 INY
0007B3r 2  CA                 DEX
0007B4r 2  D0 F7              BNE   @vr_name
0007B6r 2  A2 00              LDX   #0
0007B8r 2               @vr_msg:
0007B8r 2  BD rr rr           LDA   str_no_value,X
0007BBr 2  F0 06              BEQ   @vr_done
0007BDr 2  8D 0E A0           STA   VGC_CHAROUT
0007C0r 2  E8                 INX
0007C1r 2  D0 F5              BNE   @vr_msg
0007C3r 2               @vr_done:
0007C3r 2  20 rr rr           JSR   eval_newline
0007C6r 2  20 rr rr           JSR   try_throw_error
0007C9r 2  20 rr rr           JSR   eval_advance
0007CCr 2  38                 SEC
0007CDr 2  60                 RTS
0007CEr 2               
0007CEr 2               @var_ok:
0007CEr 2                     ; eval_type and eval_val already set by var_get
0007CEr 2  20 rr rr           JSR   eval_advance
0007D1r 2  4C rr rr           JMP   eval_check_infix      ; allow :X + 5 etc.
0007D4r 2               
0007D4r 2               ; ---------------------------------------------------------------------
0007D4r 2               ; eval_newline — print CR+LF
0007D4r 2               ; ---------------------------------------------------------------------
0007D4r 2               eval_newline:
0007D4r 2  A9 0D              LDA   #$0D
0007D6r 2  8D 0E A0           STA   VGC_CHAROUT
0007D9r 2  A9 0A              LDA   #$0A
0007DBr 2  8D 0E A0           STA   VGC_CHAROUT
0007DEr 2  60                 RTS
0007DFr 2               
0007DFr 2               ; ---------------------------------------------------------------------
0007DFr 2               ; eval_check_infix — if next token is TOK_INFIX, evaluate binary op
0007DFr 2               ;   Entry: eval_val holds the left operand (primary value)
0007DFr 2               ;   Exit:  eval_val holds the result, carry clear = success
0007DFr 2               ; ---------------------------------------------------------------------
0007DFr 2               eval_check_infix:
0007DFr 2                     ; Is there a next token?
0007DFr 2  A5 rr              LDA   eval_cur_lo
0007E1r 2  05 rr              ORA   eval_cur_hi
0007E3r 2  F0 75              BEQ   @no_infix
0007E5r 2               
0007E5r 2                     ; Peek at the next token's tag
0007E5r 2  A5 rr              LDA   eval_cur_lo
0007E7r 2  85 rr              STA   ptr_lo
0007E9r 2  A5 rr              LDA   eval_cur_hi
0007EBr 2  85 rr              STA   ptr_hi
0007EDr 2  A0 00              LDY   #TOK_TAG
0007EFr 2  B1 rr              LDA   (ptr_lo),Y
0007F1r 2  C9 07              CMP   #TOK_INFIX
0007F3r 2  D0 65              BNE   @no_infix
0007F5r 2               
0007F5r 2                     ; Save the left operand to ZP scratch
0007F5r 2  A5 rr              LDA   eval_val_hi
0007F7r 2  85 rr              STA   eval_left_hi
0007F9r 2  A5 rr              LDA   eval_val_lo
0007FBr 2  85 rr              STA   eval_left_lo
0007FDr 2  A5 rr              LDA   eval_val_frac
0007FFr 2  85 rr              STA   eval_left_frac
000801r 2               
000801r 2                     ; Read operator character from payload
000801r 2  A0 03              LDY   #TOK_PAYLOAD
000803r 2  B1 rr              LDA   (ptr_lo),Y
000805r 2  85 rr              STA   eval_op
000807r 2               
000807r 2                     ; Advance past the infix token
000807r 2  20 rr rr           JSR   eval_advance
00080Ar 2               
00080Ar 2                     ; Push left operand and operator onto hardware stack so recursive
00080Ar 2                     ; proc_invoke calls (which may evaluate their own infix expressions)
00080Ar 2                     ; cannot clobber them.
00080Ar 2  A5 rr              LDA   eval_left_hi
00080Cr 2  48                 PHA
00080Dr 2  A5 rr              LDA   eval_left_lo
00080Fr 2  48                 PHA
000810r 2  A5 rr              LDA   eval_left_frac
000812r 2  48                 PHA
000813r 2  A5 rr              LDA   eval_op
000815r 2  48                 PHA
000816r 2               
000816r 2                     ; Evaluate the right operand (recursive call)
000816r 2  20 rr rr           JSR   eval_expr
000819r 2  B0 41              BCS   @err_rhs_pop
00081Br 2               
00081Br 2                     ; Restore left operand and operator from stack
00081Br 2  68                 PLA
00081Cr 2  85 rr              STA   eval_op
00081Er 2  68                 PLA
00081Fr 2  85 rr              STA   eval_left_frac
000821r 2  68                 PLA
000822r 2  85 rr              STA   eval_left_lo
000824r 2  68                 PLA
000825r 2  85 rr              STA   eval_left_hi
000827r 2               
000827r 2                     ; Dispatch based on operator character
000827r 2  A5 rr              LDA   eval_op
000829r 2  C9 2B              CMP   #'+'
00082Br 2  F0 35              BEQ   @do_add
00082Dr 2  C9 2D              CMP   #'-'
00082Fr 2  F0 46              BEQ   @do_sub
000831r 2  C9 2A              CMP   #'*'
000833r 2  F0 57              BEQ   @do_mul
000835r 2  C9 2F              CMP   #'/'
000837r 2  F0 75              BEQ   @do_div
000839r 2  C9 3E              CMP   #'>'
00083Br 2  D0 03              BNE   :+
00083Dr 2  4C rr rr           JMP   @do_gt
000840r 2  C9 3C        :     CMP   #'<'
000842r 2  D0 03              BNE   :+
000844r 2  4C rr rr           JMP   @do_lt
000847r 2  C9 3D        :     CMP   #'='
000849r 2  D0 03              BNE   :+
00084Br 2  4C rr rr           JMP   @do_eq
00084Er 2               :
00084Er 2                     ; Unknown operator — return left value unchanged
00084Er 2  A5 rr              LDA   eval_left_hi
000850r 2  85 rr              STA   eval_val_hi
000852r 2  A5 rr              LDA   eval_left_lo
000854r 2  85 rr              STA   eval_val_lo
000856r 2  A5 rr              LDA   eval_left_frac
000858r 2  85 rr              STA   eval_val_frac
00085Ar 2               
00085Ar 2               @no_infix:
00085Ar 2  18                 CLC
00085Br 2  60                 RTS
00085Cr 2               
00085Cr 2               @err_rhs_pop:
00085Cr 2                     ; Discard saved left operand + operator (4 bytes)
00085Cr 2  68                 PLA
00085Dr 2  68                 PLA
00085Er 2  68                 PLA
00085Fr 2  68                 PLA
000860r 2               @err_rhs:
000860r 2  38                 SEC
000861r 2  60                 RTS
000862r 2               
000862r 2                     ; ----- Addition: left + right (24-bit: frac, lo, hi) -----
000862r 2               @do_add:
000862r 2  18                 CLC
000863r 2  A5 rr              LDA   eval_left_frac
000865r 2  65 rr              ADC   eval_val_frac
000867r 2  85 rr              STA   eval_val_frac
000869r 2  A5 rr              LDA   eval_left_lo
00086Br 2  65 rr              ADC   eval_val_lo
00086Dr 2  85 rr              STA   eval_val_lo
00086Fr 2  A5 rr              LDA   eval_left_hi
000871r 2  65 rr              ADC   eval_val_hi
000873r 2  85 rr              STA   eval_val_hi
000875r 2  18                 CLC
000876r 2  60                 RTS
000877r 2               
000877r 2                     ; ----- Subtraction: left - right (24-bit) -----
000877r 2               @do_sub:
000877r 2  38                 SEC
000878r 2  A5 rr              LDA   eval_left_frac
00087Ar 2  E5 rr              SBC   eval_val_frac
00087Cr 2  85 rr              STA   eval_val_frac
00087Er 2  A5 rr              LDA   eval_left_lo
000880r 2  E5 rr              SBC   eval_val_lo
000882r 2  85 rr              STA   eval_val_lo
000884r 2  A5 rr              LDA   eval_left_hi
000886r 2  E5 rr              SBC   eval_val_hi
000888r 2  85 rr              STA   eval_val_hi
00088Ar 2  18                 CLC
00088Br 2  60                 RTS
00088Cr 2               
00088Cr 2                     ; ----- Multiplication: left * right via coprocessor -----
00088Cr 2                     ; Integer-only for this pass (frac ignored)
00088Cr 2               @do_mul:
00088Cr 2  A5 rr              LDA   eval_left_lo
00088Er 2  8D 20 BB           STA   MATH_MUL16_A_LO
000891r 2  A5 rr              LDA   eval_left_hi
000893r 2  8D 21 BB           STA   MATH_MUL16_A_HI
000896r 2  A5 rr              LDA   eval_val_lo
000898r 2  8D 22 BB           STA   MATH_MUL16_B_LO
00089Br 2  A5 rr              LDA   eval_val_hi
00089Dr 2  8D 23 BB           STA   MATH_MUL16_B_HI     ; write triggers multiply
0008A0r 2  AD 38 BB           LDA   MATH_RES0
0008A3r 2  85 rr              STA   eval_val_lo
0008A5r 2  AD 39 BB           LDA   MATH_RES1
0008A8r 2  85 rr              STA   eval_val_hi
0008AAr 2  64 rr              STZ   eval_val_frac
0008ACr 2  18                 CLC
0008ADr 2  60                 RTS
0008AEr 2               
0008AEr 2                     ; ----- Division: left / right via coprocessor -----
0008AEr 2                     ; Signed 32÷16: dividend = sign-extended left integer, divisor = right integer
0008AEr 2               @do_div:
0008AEr 2                     ; Check for divide by zero
0008AEr 2  A5 rr              LDA   eval_val_lo
0008B0r 2  05 rr              ORA   eval_val_hi
0008B2r 2  D0 08              BNE   @div_ok
0008B4r 2                     ; Division by zero — return 0
0008B4r 2  64 rr              STZ   eval_val_frac
0008B6r 2  64 rr              STZ   eval_val_lo
0008B8r 2  64 rr              STZ   eval_val_hi
0008BAr 2  18                 CLC
0008BBr 2  60                 RTS
0008BCr 2               @div_ok:
0008BCr 2                     ; Write 32-bit dividend (sign-extend left integer to 32 bits)
0008BCr 2  A5 rr              LDA   eval_left_lo
0008BEr 2  8D 28 BB           STA   MATH_DIV_N_LO
0008C1r 2  A5 rr              LDA   eval_left_hi
0008C3r 2  8D 29 BB           STA   MATH_DIV_N_1
0008C6r 2                     ; Sign-extend high word
0008C6r 2  A5 rr              LDA   eval_left_hi
0008C8r 2  09 7F              ORA   #$7F                 ; set bits 0-6
0008CAr 2  30 04              BMI   @neg_ext             ; if bit 7 was set, A=$FF (negative)
0008CCr 2  A9 00              LDA   #$00                 ; positive: extend with $00
0008CEr 2  80 00              BRA   @write_ext
0008D0r 2               @neg_ext:                        ; A is already $FF
0008D0r 2               @write_ext:
0008D0r 2  8D 2A BB           STA   MATH_DIV_N_2
0008D3r 2  8D 2B BB           STA   MATH_DIV_N_HI
0008D6r 2                     ; Write 16-bit divisor (right operand integer)
0008D6r 2  A5 rr              LDA   eval_val_lo
0008D8r 2  8D 2C BB           STA   MATH_DIV_D_LO
0008DBr 2  A5 rr              LDA   eval_val_hi
0008DDr 2  8D 2D BB           STA   MATH_DIV_D_HI       ; write triggers divide
0008E0r 2                     ; Read quotient from result
0008E0r 2  AD 38 BB           LDA   MATH_RES0
0008E3r 2  85 rr              STA   eval_val_lo
0008E5r 2  AD 39 BB           LDA   MATH_RES1
0008E8r 2  85 rr              STA   eval_val_hi
0008EAr 2  64 rr              STZ   eval_val_frac
0008ECr 2  18                 CLC
0008EDr 2  60                 RTS
0008EEr 2               
0008EEr 2                     ; ----- Equality: left = right (all 3 bytes must match) -----
0008EEr 2               @do_eq:
0008EEr 2  A5 rr              LDA   eval_left_hi
0008F0r 2  C5 rr              CMP   eval_val_hi
0008F2r 2  D0 64              BNE   @set_false
0008F4r 2  A5 rr              LDA   eval_left_lo
0008F6r 2  C5 rr              CMP   eval_val_lo
0008F8r 2  D0 5E              BNE   @set_false
0008FAr 2  A5 rr              LDA   eval_left_frac
0008FCr 2  C5 rr              CMP   eval_val_frac
0008FEr 2  D0 58              BNE   @set_false
000900r 2  80 4A              BRA   @set_true
000902r 2               
000902r 2                     ; ----- Greater than: left > right (signed 24-bit) -----
000902r 2               @do_gt:
000902r 2                     ; Compare hi bytes (signed)
000902r 2  A5 rr              LDA   eval_left_hi
000904r 2  38                 SEC
000905r 2  E5 rr              SBC   eval_val_hi
000907r 2  50 02              BVC   @gt_sign_ok           ; no overflow — N flag valid
000909r 2  49 80              EOR   #$80                  ; overflow — invert N to get true sign
00090Br 2               @gt_sign_ok:
00090Br 2  30 4B              BMI   @set_false            ; left_hi < right_hi → false
00090Dr 2                     ; If the subtraction was nonzero and positive, left > right
00090Dr 2  A5 rr              LDA   eval_left_hi
00090Fr 2  C5 rr              CMP   eval_val_hi
000911r 2  D0 39              BNE   @set_true             ; hi bytes differ, and left > right
000913r 2                     ; Hi bytes equal — compare lo bytes (unsigned)
000913r 2  A5 rr              LDA   eval_left_lo
000915r 2  C5 rr              CMP   eval_val_lo
000917r 2  D0 0A              BNE   @gt_lo_diff
000919r 2                     ; Lo bytes equal — compare frac bytes (unsigned)
000919r 2  A5 rr              LDA   eval_left_frac
00091Br 2  C5 rr              CMP   eval_val_frac
00091Dr 2  F0 39              BEQ   @set_false            ; all equal → not greater
00091Fr 2  B0 2B              BCS   @set_true
000921r 2  80 35              BRA   @set_false
000923r 2               @gt_lo_diff:
000923r 2  B0 27              BCS   @set_true
000925r 2  80 31              BRA   @set_false
000927r 2               
000927r 2                     ; ----- Less than: left < right (signed 24-bit) -----
000927r 2               @do_lt:
000927r 2                     ; Compare hi bytes (signed)
000927r 2  A5 rr              LDA   eval_left_hi
000929r 2  38                 SEC
00092Ar 2  E5 rr              SBC   eval_val_hi
00092Cr 2  50 02              BVC   @lt_sign_ok
00092Er 2  49 80              EOR   #$80
000930r 2               @lt_sign_ok:
000930r 2  30 1A              BMI   @set_true             ; left_hi < right_hi → true
000932r 2  A5 rr              LDA   eval_left_hi
000934r 2  C5 rr              CMP   eval_val_hi
000936r 2  D0 20              BNE   @set_false            ; left_hi > right_hi → false
000938r 2                     ; Hi bytes equal — compare lo bytes (unsigned)
000938r 2  A5 rr              LDA   eval_left_lo
00093Ar 2  C5 rr              CMP   eval_val_lo
00093Cr 2  D0 0A              BNE   @lt_lo_diff
00093Er 2                     ; Lo bytes equal — compare frac (unsigned)
00093Er 2  A5 rr              LDA   eval_left_frac
000940r 2  C5 rr              CMP   eval_val_frac
000942r 2  F0 14              BEQ   @set_false            ; equal → not less
000944r 2  90 06              BCC   @set_true
000946r 2  80 10              BRA   @set_false
000948r 2               @lt_lo_diff:
000948r 2  90 02              BCC   @set_true
00094Ar 2  80 0C              BRA   @set_false
00094Cr 2               
00094Cr 2                     ; ----- Set result to TRUE (1) or FALSE (0) -----
00094Cr 2               @set_true:
00094Cr 2  64 rr              STZ   eval_val_hi
00094Er 2  A9 01              LDA   #1
000950r 2  85 rr              STA   eval_val_lo
000952r 2  64 rr              STZ   eval_val_frac
000954r 2  64 rr              STZ   eval_type
000956r 2  18                 CLC
000957r 2  60                 RTS
000958r 2               
000958r 2               @set_false:
000958r 2  64 rr              STZ   eval_val_hi
00095Ar 2  64 rr              STZ   eval_val_lo
00095Cr 2  64 rr              STZ   eval_val_frac
00095Er 2  64 rr              STZ   eval_type
000960r 2  18                 CLC
000961r 2  60                 RTS
000962r 2               
000962r 2               ; ---------------------------------------------------------------------
000962r 2               ; print_number — print eval_val as a signed decimal number
000962r 2               ;   Input: eval_val_hi/lo/frac (16.8 fixed-point, signed)
000962r 2               ;   Clobbers: A, X, Y, num_val_lo/hi, num_tmp_lo/hi
000962r 2               ; ---------------------------------------------------------------------
000962r 2               print_number:
000962r 2                     ; Check sign — if negative, print '-' and negate
000962r 2  A5 rr              LDA   eval_val_hi
000964r 2  10 1E              BPL   @positive
000966r 2                     ; Print minus sign
000966r 2  A9 2D              LDA   #'-'
000968r 2  8D 0E A0           STA   VGC_CHAROUT
00096Br 2                     ; Negate 3-byte value (two's complement)
00096Br 2  A5 rr              LDA   eval_val_frac
00096Dr 2  49 FF              EOR   #$FF
00096Fr 2  18                 CLC
000970r 2  69 01              ADC   #1
000972r 2  85 rr              STA   eval_val_frac
000974r 2  A5 rr              LDA   eval_val_lo
000976r 2  49 FF              EOR   #$FF
000978r 2  69 00              ADC   #0
00097Ar 2  85 rr              STA   eval_val_lo
00097Cr 2  A5 rr              LDA   eval_val_hi
00097Er 2  49 FF              EOR   #$FF
000980r 2  69 00              ADC   #0
000982r 2  85 rr              STA   eval_val_hi
000984r 2               
000984r 2               @positive:
000984r 2                     ; Print integer part (eval_val_hi:eval_val_lo as 16-bit unsigned)
000984r 2  20 rr rr           JSR   print_uint16
000987r 2               
000987r 2                     ; Print fractional part if non-zero
000987r 2  A5 rr              LDA   eval_val_frac
000989r 2  D0 01              BNE   @has_frac
00098Br 2  60                 RTS
00098Cr 2               @has_frac:
00098Cr 2               
00098Cr 2                     ; Print decimal point
00098Cr 2  A9 2E              LDA   #'.'
00098Er 2  8D 0E A0           STA   VGC_CHAROUT
000991r 2               
000991r 2                     ; Convert frac byte to decimal digits
000991r 2                     ; frac * 10 / 256 = first digit, repeat with remainder
000991r 2  A5 rr              LDA   eval_val_frac
000993r 2  8D rr rr           STA   num_tmp_lo
000996r 2  9C rr rr           STZ   num_tmp_hi
000999r 2               
000999r 2                     ; First digit: (frac * 10) >> 8
000999r 2                     ; frac * 10 = (frac * 8) + (frac * 2)
000999r 2  AD rr rr           LDA   num_tmp_lo
00099Cr 2  0A                 ASL
00099Dr 2  8D rr rr           STA   num_val_lo          ; frac * 2
0009A0r 2  AD rr rr           LDA   num_tmp_hi
0009A3r 2  2A                 ROL
0009A4r 2  8D rr rr           STA   num_val_hi
0009A7r 2               
0009A7r 2  0E rr rr           ASL   num_val_lo
0009AAr 2  2E rr rr           ROL   num_val_hi
0009ADr 2  0E rr rr           ASL   num_val_lo
0009B0r 2  2E rr rr           ROL   num_val_hi          ; frac * 8
0009B3r 2               
0009B3r 2  18                 CLC
0009B4r 2  AD rr rr           LDA   num_tmp_lo
0009B7r 2  0A                 ASL                       ; frac * 2 (low byte)
0009B8r 2  6D rr rr           ADC   num_val_lo
0009BBr 2  8D rr rr           STA   num_val_lo
0009BEr 2  AD rr rr           LDA   num_tmp_hi
0009C1r 2  2A                 ROL
0009C2r 2  6D rr rr           ADC   num_val_hi
0009C5r 2  8D rr rr           STA   num_val_hi          ; num_val = frac * 10
0009C8r 2               
0009C8r 2                     ; High byte = first decimal digit
0009C8r 2  AD rr rr           LDA   num_val_hi
0009CBr 2  09 30              ORA   #'0'
0009CDr 2  8D 0E A0           STA   VGC_CHAROUT
0009D0r 2               
0009D0r 2                     ; Remainder = low byte → second digit
0009D0r 2  AD rr rr           LDA   num_val_lo
0009D3r 2  8D rr rr           STA   num_tmp_lo
0009D6r 2  9C rr rr           STZ   num_tmp_hi
0009D9r 2               
0009D9r 2                     ; Second digit: (remainder * 10) >> 8
0009D9r 2  AD rr rr           LDA   num_tmp_lo
0009DCr 2  0A                 ASL
0009DDr 2  8D rr rr           STA   num_val_lo
0009E0r 2  AD rr rr           LDA   num_tmp_hi
0009E3r 2  2A                 ROL
0009E4r 2  8D rr rr           STA   num_val_hi
0009E7r 2               
0009E7r 2  0E rr rr           ASL   num_val_lo
0009EAr 2  2E rr rr           ROL   num_val_hi
0009EDr 2  0E rr rr           ASL   num_val_lo
0009F0r 2  2E rr rr           ROL   num_val_hi
0009F3r 2               
0009F3r 2  18                 CLC
0009F4r 2  AD rr rr           LDA   num_tmp_lo
0009F7r 2  0A                 ASL
0009F8r 2  6D rr rr           ADC   num_val_lo
0009FBr 2  8D rr rr           STA   num_val_lo
0009FEr 2  AD rr rr           LDA   num_tmp_hi
000A01r 2  2A                 ROL
000A02r 2  6D rr rr           ADC   num_val_hi
000A05r 2  8D rr rr           STA   num_val_hi
000A08r 2               
000A08r 2                     ; High byte = second digit; skip if zero (trailing)
000A08r 2  AD rr rr           LDA   num_val_hi
000A0Br 2  F0 05              BEQ   @done
000A0Dr 2  09 30              ORA   #'0'
000A0Fr 2  8D 0E A0           STA   VGC_CHAROUT
000A12r 2               
000A12r 2               @done:
000A12r 2  60                 RTS
000A13r 2               
000A13r 2               ; ---------------------------------------------------------------------
000A13r 2               ; print_uint16 — print eval_val_hi:eval_val_lo as unsigned decimal
000A13r 2               ;   No leading zeros (except value 0 prints "0")
000A13r 2               ;   Clobbers: A, X, Y, num_val_lo/hi, num_tmp_lo/hi
000A13r 2               ; ---------------------------------------------------------------------
000A13r 2               print_uint16:
000A13r 2                     ; Copy to working regs
000A13r 2  A5 rr              LDA   eval_val_lo
000A15r 2  8D rr rr           STA   num_val_lo
000A18r 2  A5 rr              LDA   eval_val_hi
000A1Ar 2  8D rr rr           STA   num_val_hi
000A1Dr 2               
000A1Dr 2  A2 00              LDX   #0                  ; digit buffer index
000A1Fr 2  A0 00              LDY   #0                  ; power-of-10 table index
000A21r 2               
000A21r 2               @div_loop:
000A21r 2  9C rr rr           STZ   num_tmp_lo          ; digit counter for this power
000A24r 2               @sub_loop:
000A24r 2                     ; Subtract current power of 10
000A24r 2  38                 SEC
000A25r 2  AD rr rr           LDA   num_val_lo
000A28r 2  F9 rr rr           SBC   pow10_lo,Y
000A2Br 2  48                 PHA
000A2Cr 2  AD rr rr           LDA   num_val_hi
000A2Fr 2  F9 rr rr           SBC   pow10_hi,Y
000A32r 2  90 0C              BCC   @sub_done           ; underflow — done with this digit
000A34r 2  8D rr rr           STA   num_val_hi
000A37r 2  68                 PLA
000A38r 2  8D rr rr           STA   num_val_lo
000A3Br 2  EE rr rr           INC   num_tmp_lo
000A3Er 2  80 E4              BRA   @sub_loop
000A40r 2               @sub_done:
000A40r 2  68                 PLA                       ; discard low byte from failed subtract
000A41r 2  AD rr rr           LDA   num_tmp_lo
000A44r 2  9D rr rr           STA   pn_buf,X
000A47r 2  E8                 INX
000A48r 2  C8                 INY
000A49r 2  C0 05              CPY   #5                  ; 5 powers (10000,1000,100,10,1)
000A4Br 2  90 D4              BCC   @div_loop
000A4Dr 2               
000A4Dr 2                     ; Print digits, suppressing leading zeros
000A4Dr 2  A0 00              LDY   #0                  ; suppress flag (0=suppress)
000A4Fr 2  A2 00              LDX   #0
000A51r 2               @print_loop:
000A51r 2  BD rr rr           LDA   pn_buf,X
000A54r 2  D0 04              BNE   @nonzero
000A56r 2  C0 00              CPY   #0
000A58r 2  F0 07              BEQ   @maybe_skip        ; still suppressing
000A5Ar 2               @nonzero:
000A5Ar 2  A0 01              LDY   #1                  ; seen nonzero digit
000A5Cr 2  09 30              ORA   #'0'
000A5Er 2  8D 0E A0           STA   VGC_CHAROUT
000A61r 2               @maybe_skip:
000A61r 2  E8                 INX
000A62r 2  E0 04              CPX   #4
000A64r 2  90 EB              BCC   @print_loop
000A66r 2                     ; Always print the last digit (ones place)
000A66r 2  AD rr rr           LDA   pn_buf+4
000A69r 2  09 30              ORA   #'0'
000A6Br 2  8D 0E A0           STA   VGC_CHAROUT
000A6Er 2  60                 RTS
000A6Fr 2               
000A6Fr 2               ; ---------------------------------------------------------------------
000A6Fr 2               ; try_throw_error — if a CATCH with tag "ERROR" is active, unwind to it
000A6Fr 2               ;   Called after error messages are printed. If no catch is active or
000A6Fr 2               ;   the tag doesn't match "ERROR", this is a no-op (returns normally).
000A6Fr 2               ;   If a match is found, this NEVER RETURNS — it unwinds the stack
000A6Fr 2               ;   via TXS and jumps to the catch resume point.
000A6Fr 2               ; ---------------------------------------------------------------------
000A6Fr 2               try_throw_error:
000A6Fr 2  A5 rr              LDA   catch_active
000A71r 2  F0 3A              BEQ   @no_catch
000A73r 2               
000A73r 2                     ; Compare catch_tag against "ERROR" (5 chars, uppercased)
000A73r 2  A5 rr              LDA   catch_tag_lo
000A75r 2  85 rr              STA   ptr2_lo
000A77r 2  A5 rr              LDA   catch_tag_hi
000A79r 2  85 rr              STA   ptr2_hi
000A7Br 2  A9 rr              LDA   #<str_error_tag
000A7Dr 2  85 rr              STA   ptr_lo
000A7Fr 2  A9 rr              LDA   #>str_error_tag
000A81r 2  85 rr              STA   ptr_hi
000A83r 2  20 rr rr           JSR   catch_tags_equal
000A86r 2  90 25              BCC   @no_catch
000A88r 2               
000A88r 2                     ; Match! Unwind stack to catch point and resume.
000A88r 2  A6 rr              LDX   catch_sp
000A8Ar 2  9A                 TXS
000A8Br 2               
000A8Br 2                     ; Restore previous catch frame from the restored stack
000A8Br 2  68                 PLA
000A8Cr 2  85 rr              STA   catch_resume_hi
000A8Er 2  68                 PLA
000A8Fr 2  85 rr              STA   catch_resume_lo
000A91r 2  68                 PLA
000A92r 2  85 rr              STA   catch_sp
000A94r 2  68                 PLA
000A95r 2  85 rr              STA   catch_tag_hi
000A97r 2  68                 PLA
000A98r 2  85 rr              STA   catch_tag_lo
000A9Ar 2  68                 PLA
000A9Br 2  85 rr              STA   catch_active
000A9Dr 2               
000A9Dr 2                     ; Restore eval_in_body and discard saved tag pointer (3 bytes)
000A9Dr 2  68                 PLA
000A9Er 2  85 rr              STA   eval_in_body
000AA0r 2  68                 PLA                         ; tag_hi
000AA1r 2  68                 PLA                         ; tag_lo
000AA2r 2               
000AA2r 2                     ; Set eval_cur to resume point (past the caught body)
000AA2r 2  A5 rr              LDA   catch_resume_lo
000AA4r 2  85 rr              STA   eval_cur_lo
000AA6r 2  A5 rr              LDA   catch_resume_hi
000AA8r 2  85 rr              STA   eval_cur_hi
000AAAr 2               
000AAAr 2  4C rr rr           JMP   eval_continue
000AADr 2               
000AADr 2               @no_catch:
000AADr 2  60                 RTS
000AAEr 2               
000AAEr 2               ; ---------------------------------------------------------------------
000AAEr 2               ; catch_tags_equal — compare two length-prefixed strings (case-insensitive)
000AAEr 2               ;   Input: ptr_lo/hi = string A, ptr2_lo/hi = string B
000AAEr 2               ;   Output: carry set = equal, carry clear = not equal
000AAEr 2               ;   Clobbers: A, X, Y
000AAEr 2               ; ---------------------------------------------------------------------
000AAEr 2               catch_tags_equal:
000AAEr 2  A0 00              LDY   #0
000AB0r 2  B1 rr              LDA   (ptr_lo),Y           ; length of A
000AB2r 2  8D rr rr           STA   num_tmp_lo            ; temp: len A
000AB5r 2  B1 rr              LDA   (ptr2_lo),Y          ; length of B
000AB7r 2  CD rr rr           CMP   num_tmp_lo
000ABAr 2  D0 2D              BNE   @ne
000ABCr 2               
000ABCr 2                     ; Lengths match — compare chars
000ABCr 2  AA                 TAX                         ; X = length
000ABDr 2  F0 28              BEQ   @eq                   ; both zero = equal
000ABFr 2  A0 01              LDY   #1
000AC1r 2               @cmp:
000AC1r 2  B1 rr              LDA   (ptr_lo),Y
000AC3r 2                     ; Uppercase A char
000AC3r 2  C9 61              CMP   #'a'
000AC5r 2  90 07              BCC   @a_up
000AC7r 2  C9 7B              CMP   #'z'+1
000AC9r 2  B0 03              BCS   @a_up
000ACBr 2  38                 SEC
000ACCr 2  E9 20              SBC   #$20
000ACEr 2               @a_up:
000ACEr 2  8D rr rr           STA   num_tmp_lo            ; uppercased A char
000AD1r 2               
000AD1r 2  B1 rr              LDA   (ptr2_lo),Y
000AD3r 2                     ; Uppercase B char
000AD3r 2  C9 61              CMP   #'a'
000AD5r 2  90 07              BCC   @b_up
000AD7r 2  C9 7B              CMP   #'z'+1
000AD9r 2  B0 03              BCS   @b_up
000ADBr 2  38                 SEC
000ADCr 2  E9 20              SBC   #$20
000ADEr 2               @b_up:
000ADEr 2  CD rr rr           CMP   num_tmp_lo
000AE1r 2  D0 06              BNE   @ne
000AE3r 2  C8                 INY
000AE4r 2  CA                 DEX
000AE5r 2  D0 DA              BNE   @cmp
000AE7r 2               
000AE7r 2               @eq:
000AE7r 2  38                 SEC
000AE8r 2  60                 RTS
000AE9r 2               @ne:
000AE9r 2  18                 CLC
000AEAr 2  60                 RTS
000AEBr 2               
000AEBr 2               ; =====================================================================
000AEBr 2               ; RODATA — evaluator strings and tables
000AEBr 2               ; =====================================================================
000AEBr 2               ; ---------------------------------------------------------------------
000AEBr 2               ; lookup_ext_cmd — search ext_cmd_table for the current TOK_WORD
000AEBr 2               ;   Input: eval_cur_lo/hi points to a TOK_WORD token
000AEBr 2               ;   Output: Carry clear = found, A = arity, EXT_CMD set
000AEBr 2               ;           Carry set = not found
000AEBr 2               ;   Clobbers: A, X, Y, num_tmp_lo/hi
000AEBr 2               ; ---------------------------------------------------------------------
000AEBr 2               lookup_ext_cmd:
000AEBr 2                     ; Save table pointer in num_tmp_lo/hi
000AEBr 2  A9 rr              LDA   #<ext_cmd_table
000AEDr 2  8D rr rr           STA   num_tmp_lo
000AF0r 2  A9 rr              LDA   #>ext_cmd_table
000AF2r 2  8D rr rr           STA   num_tmp_hi
000AF5r 2               
000AF5r 2               @scan:
000AF5r 2                     ; Read name pointer from table
000AF5r 2  AD rr rr           LDA   num_tmp_lo
000AF8r 2  85 rr              STA   ptr2_lo
000AFAr 2  AD rr rr           LDA   num_tmp_hi
000AFDr 2  85 rr              STA   ptr2_hi
000AFFr 2  A0 00              LDY   #0
000B01r 2  B1 rr              LDA   (ptr2_lo),Y        ; name_ptr low
000B03r 2  AA                 TAX
000B04r 2  C8                 INY
000B05r 2  B1 rr              LDA   (ptr2_lo),Y        ; name_ptr high
000B07r 2  D0 06              BNE   @have_entry
000B09r 2  E0 00              CPX   #0
000B0Br 2  D0 02              BNE   @have_entry
000B0Dr 2                     ; Null pointer — end of table
000B0Dr 2  38                 SEC
000B0Er 2  60                 RTS
000B0Fr 2               
000B0Fr 2               @have_entry:
000B0Fr 2                     ; X = name_ptr_lo, A = name_ptr_hi
000B0Fr 2  85 rr              STA   ptr2_hi
000B11r 2  86 rr              STX   ptr2_lo             ; ptr2 now points to table name string
000B13r 2               
000B13r 2                     ; Get token payload pointer
000B13r 2  A5 rr              LDA   eval_cur_lo
000B15r 2  85 rr              STA   ptr_lo
000B17r 2  A5 rr              LDA   eval_cur_hi
000B19r 2  85 rr              STA   ptr_hi
000B1Br 2               
000B1Br 2                     ; Compare length bytes
000B1Br 2  A0 00              LDY   #0
000B1Dr 2  B1 rr              LDA   (ptr2_lo),Y        ; table name length
000B1Fr 2  A0 03              LDY   #TOK_PAYLOAD
000B21r 2  D1 rr              CMP   (ptr_lo),Y         ; token payload length
000B23r 2  D0 30              BNE   @next
000B25r 2               
000B25r 2                     ; Lengths match — compare chars
000B25r 2  AA                 TAX                       ; X = length
000B26r 2  A0 01              LDY   #1                  ; offset into table name string (after length)
000B28r 2  64 rr              STZ   tok_sign            ; reuse as token char offset counter
000B2Ar 2               @cmp_loop:
000B2Ar 2  B1 rr              LDA   (ptr2_lo),Y        ; table name char
000B2Cr 2  5A                 PHY
000B2Dr 2  A5 rr              LDA   tok_sign
000B2Fr 2  18                 CLC
000B30r 2  69 04              ADC   #TOK_PAYLOAD+1
000B32r 2  A8                 TAY
000B33r 2  B1 rr              LDA   (ptr_lo),Y         ; token char
000B35r 2  7A                 PLY
000B36r 2  D1 rr              CMP   (ptr2_lo),Y        ; compare
000B38r 2  D0 1B              BNE   @next
000B3Ar 2  C8                 INY
000B3Br 2  E6 rr              INC   tok_sign
000B3Dr 2  CA                 DEX
000B3Er 2  D0 EA              BNE   @cmp_loop
000B40r 2               
000B40r 2                     ; Match found — read cmd_id and arity
000B40r 2                     ; Table entry: name_ptr(2) + cmd_id(1) + arity(1)
000B40r 2  AD rr rr           LDA   num_tmp_lo
000B43r 2  85 rr              STA   ptr_lo
000B45r 2  AD rr rr           LDA   num_tmp_hi
000B48r 2  85 rr              STA   ptr_hi
000B4Ar 2  A0 02              LDY   #2
000B4Cr 2  B1 rr              LDA   (ptr_lo),Y         ; cmd_id
000B4Er 2  85 80              STA   EXT_CMD
000B50r 2  C8                 INY
000B51r 2  B1 rr              LDA   (ptr_lo),Y         ; arity
000B53r 2  18                 CLC                       ; found
000B54r 2  60                 RTS
000B55r 2               
000B55r 2               @next:
000B55r 2  64 rr              STZ   tok_sign
000B57r 2                     ; Advance to next entry: +4 bytes (2 name + 1 cmd_id + 1 arity)
000B57r 2  18                 CLC
000B58r 2  AD rr rr           LDA   num_tmp_lo
000B5Br 2  69 04              ADC   #4
000B5Dr 2  8D rr rr           STA   num_tmp_lo
000B60r 2  90 03              BCC   :+
000B62r 2  EE rr rr           INC   num_tmp_hi
000B65r 2               :
000B65r 2  4C rr rr           JMP   @scan
000B68r 2               
000B68r 2               ; ---------------------------------------------------------------------
000B68r 2               ; ext_eval_args — evaluate X arguments and copy to EXT_ARG0..2 slots
000B68r 2               ;   Input: X = argument count (0-3)
000B68r 2               ;   Output: Carry clear = success, Carry set = error
000B68r 2               ;           EXT_ARGC set, EXT_ARG0..2 populated
000B68r 2               ;   Clobbers: A, X, Y
000B68r 2               ; ---------------------------------------------------------------------
000B68r 2               ext_eval_args:
000B68r 2  86 81              STX   EXT_ARGC
000B6Ar 2  E0 00              CPX   #0
000B6Cr 2  F0 65              BEQ   @done
000B6Er 2               
000B6Er 2                     ; Evaluate arg 0
000B6Er 2  DA                 PHX
000B6Fr 2  20 rr rr           JSR   eval_expr
000B72r 2  FA                 PLX
000B73r 2  B0 60              BCS   @err
000B75r 2  A5 rr              LDA   eval_type
000B77r 2  85 82              STA   EXT_ARG0_TYPE
000B79r 2  A5 rr              LDA   eval_val_hi
000B7Br 2  85 83              STA   EXT_ARG0_HI
000B7Dr 2  A5 rr              LDA   eval_val_lo
000B7Fr 2  85 84              STA   EXT_ARG0_LO
000B81r 2  A5 rr              LDA   eval_val_frac
000B83r 2  85 85              STA   EXT_ARG0_FRAC
000B85r 2  CA                 DEX
000B86r 2  F0 4B              BEQ   @done
000B88r 2               
000B88r 2                     ; Evaluate arg 1
000B88r 2  DA                 PHX
000B89r 2  20 rr rr           JSR   eval_expr
000B8Cr 2  FA                 PLX
000B8Dr 2  B0 46              BCS   @err
000B8Fr 2  A5 rr              LDA   eval_type
000B91r 2  85 86              STA   EXT_ARG1_TYPE
000B93r 2  A5 rr              LDA   eval_val_hi
000B95r 2  85 87              STA   EXT_ARG1_HI
000B97r 2  A5 rr              LDA   eval_val_lo
000B99r 2  85 88              STA   EXT_ARG1_LO
000B9Br 2  A5 rr              LDA   eval_val_frac
000B9Dr 2  85 89              STA   EXT_ARG1_FRAC
000B9Fr 2  CA                 DEX
000BA0r 2  F0 31              BEQ   @done
000BA2r 2               
000BA2r 2                     ; Evaluate arg 2
000BA2r 2  DA                 PHX
000BA3r 2  20 rr rr           JSR   eval_expr
000BA6r 2  FA                 PLX
000BA7r 2  B0 2C              BCS   @err
000BA9r 2  A5 rr              LDA   eval_type
000BABr 2  85 8A              STA   EXT_ARG2_TYPE
000BADr 2  A5 rr              LDA   eval_val_hi
000BAFr 2  85 8B              STA   EXT_ARG2_HI
000BB1r 2  A5 rr              LDA   eval_val_lo
000BB3r 2  85 8C              STA   EXT_ARG2_LO
000BB5r 2  A5 rr              LDA   eval_val_frac
000BB7r 2  85 8D              STA   EXT_ARG2_FRAC
000BB9r 2  CA                 DEX
000BBAr 2  F0 17              BEQ   @done
000BBCr 2               
000BBCr 2                     ; Evaluate arg 3 (for LINE, RECT, FILL etc.)
000BBCr 2  DA                 PHX
000BBDr 2  20 rr rr           JSR   eval_expr
000BC0r 2  FA                 PLX
000BC1r 2  B0 12              BCS   @err
000BC3r 2  A5 rr              LDA   eval_type
000BC5r 2  85 9F              STA   EXT_ARG3_TYPE
000BC7r 2  A5 rr              LDA   eval_val_hi
000BC9r 2  85 A0              STA   EXT_ARG3_HI
000BCBr 2  A5 rr              LDA   eval_val_lo
000BCDr 2  85 A1              STA   EXT_ARG3_LO
000BCFr 2  A5 rr              LDA   eval_val_frac
000BD1r 2  85 A2              STA   EXT_ARG3_FRAC
000BD3r 2               
000BD3r 2               @done:
000BD3r 2  18                 CLC
000BD4r 2  60                 RTS
000BD5r 2               @err:
000BD5r 2  38                 SEC
000BD6r 2  60                 RTS
000BD7r 2               
000BD7r 2                     .segment "RODATA"
000008r 2               
000008r 2               ; Extension command table: name_ptr(2) + cmd_id(1) + arity(1)
000008r 2               ; Terminated by $0000 sentinel.
000008r 2               ext_cmd_table:
000008r 2  rr rr              .word str_ext_test_name
00000Ar 2  01                 .byte EXT_CMD_TEST
00000Br 2  01                 .byte 1                    ; arity: 1 argument
00000Cr 2  rr rr              .word str_ext_fd
00000Er 2  10                 .byte EXT_CMD_FD
00000Fr 2  01                 .byte 1                    ; arity: 1 (distance)
000010r 2  rr rr              .word str_ext_forward
000012r 2  10                 .byte EXT_CMD_FD
000013r 2  01                 .byte 1                    ; FORWARD alias
000014r 2  rr rr              .word str_ext_bk
000016r 2  11                 .byte EXT_CMD_BK
000017r 2  01                 .byte 1                    ; arity: 1 (distance)
000018r 2  rr rr              .word str_ext_back
00001Ar 2  11                 .byte EXT_CMD_BK
00001Br 2  01                 .byte 1                    ; BACK alias
00001Cr 2  rr rr              .word str_ext_backward
00001Er 2  11                 .byte EXT_CMD_BK
00001Fr 2  01                 .byte 1                    ; BACKWARD alias
000020r 2  rr rr              .word str_ext_rt
000022r 2  12                 .byte EXT_CMD_RT
000023r 2  01                 .byte 1                    ; arity: 1 (degrees)
000024r 2  rr rr              .word str_ext_right
000026r 2  12                 .byte EXT_CMD_RT
000027r 2  01                 .byte 1                    ; RIGHT alias
000028r 2  rr rr              .word str_ext_lt
00002Ar 2  13                 .byte EXT_CMD_LT
00002Br 2  01                 .byte 1                    ; arity: 1 (degrees)
00002Cr 2  rr rr              .word str_ext_left
00002Er 2  13                 .byte EXT_CMD_LT
00002Fr 2  01                 .byte 1                    ; LEFT alias
000030r 2  rr rr              .word str_ext_cs
000032r 2  14                 .byte EXT_CMD_CS
000033r 2  00                 .byte 0                    ; arity: 0
000034r 2  rr rr              .word str_ext_clearscreen
000036r 2  14                 .byte EXT_CMD_CS
000037r 2  00                 .byte 0                    ; CLEARSCREEN alias
000038r 2  rr rr              .word str_ext_draw
00003Ar 2  14                 .byte EXT_CMD_CS
00003Br 2  00                 .byte 0                    ; DRAW = CS alias
00003Cr 2  rr rr              .word str_ext_pu
00003Er 2  15                 .byte EXT_CMD_PU
00003Fr 2  00                 .byte 0
000040r 2  rr rr              .word str_ext_penup
000042r 2  15                 .byte EXT_CMD_PU
000043r 2  00                 .byte 0                    ; PENUP alias
000044r 2  rr rr              .word str_ext_pd
000046r 2  16                 .byte EXT_CMD_PD
000047r 2  00                 .byte 0
000048r 2  rr rr              .word str_ext_pendown
00004Ar 2  16                 .byte EXT_CMD_PD
00004Br 2  00                 .byte 0                    ; PENDOWN alias
00004Cr 2  rr rr              .word str_ext_st
00004Er 2  17                 .byte EXT_CMD_ST
00004Fr 2  00                 .byte 0
000050r 2  rr rr              .word str_ext_showturtle
000052r 2  17                 .byte EXT_CMD_ST
000053r 2  00                 .byte 0                    ; SHOWTURTLE alias
000054r 2  rr rr              .word str_ext_ht
000056r 2  18                 .byte EXT_CMD_HT
000057r 2  00                 .byte 0
000058r 2  rr rr              .word str_ext_hideturtle
00005Ar 2  18                 .byte EXT_CMD_HT
00005Br 2  00                 .byte 0                    ; HIDETURTLE alias
00005Cr 2  rr rr              .word str_ext_home
00005Er 2  19                 .byte EXT_CMD_HOME
00005Fr 2  00                 .byte 0
000060r 2                     ; --- Screen modes ---
000060r 2  rr rr              .word str_ext_textscreen
000062r 2  1A                 .byte EXT_CMD_TS
000063r 2  00                 .byte 0
000064r 2  rr rr              .word str_ext_ts
000066r 2  1A                 .byte EXT_CMD_TS
000067r 2  00                 .byte 0
000068r 2  rr rr              .word str_ext_splitscreen
00006Ar 2  1B                 .byte EXT_CMD_SS
00006Br 2  00                 .byte 0
00006Cr 2  rr rr              .word str_ext_ss
00006Er 2  1B                 .byte EXT_CMD_SS
00006Fr 2  00                 .byte 0
000070r 2  rr rr              .word str_ext_fullscreen
000072r 2  1C                 .byte EXT_CMD_FS
000073r 2  00                 .byte 0
000074r 2  rr rr              .word str_ext_fs
000076r 2  1C                 .byte EXT_CMD_FS
000077r 2  00                 .byte 0
000078r 2                     ; --- Turtle position ---
000078r 2  rr rr              .word str_ext_setxy
00007Ar 2  1D                 .byte EXT_CMD_SETXY
00007Br 2  02                 .byte 2                    ; arity: 2 (x, y)
00007Cr 2  rr rr              .word str_ext_setpos
00007Er 2  29                 .byte EXT_CMD_SETPOS
00007Fr 2  01                 .byte 1                    ; arity: 1 ([x y])
000080r 2  rr rr              .word str_ext_setx
000082r 2  1E                 .byte EXT_CMD_SETX
000083r 2  01                 .byte 1                    ; arity: 1 (x)
000084r 2  rr rr              .word str_ext_sety
000086r 2  1F                 .byte EXT_CMD_SETY
000087r 2  01                 .byte 1                    ; arity: 1 (y)
000088r 2  rr rr              .word str_ext_setheading
00008Ar 2  20                 .byte EXT_CMD_SETH
00008Br 2  01                 .byte 1                    ; arity: 1 (degrees)
00008Cr 2  rr rr              .word str_ext_seth
00008Er 2  20                 .byte EXT_CMD_SETH
00008Fr 2  01                 .byte 1                    ; SETH alias
000090r 2                     ; --- Turtle query reporters ---
000090r 2  rr rr              .word str_ext_xcor
000092r 2  21                 .byte EXT_CMD_XCOR
000093r 2  00                 .byte 0                    ; arity: 0 (reporter)
000094r 2  rr rr              .word str_ext_ycor
000096r 2  22                 .byte EXT_CMD_YCOR
000097r 2  00                 .byte 0
000098r 2  rr rr              .word str_ext_heading
00009Ar 2  23                 .byte EXT_CMD_HEADING
00009Br 2  00                 .byte 0
00009Cr 2  rr rr              .word str_ext_pendownp
00009Er 2  24                 .byte EXT_CMD_PENDOWNP
00009Fr 2  00                 .byte 0
0000A0r 2  rr rr              .word str_ext_shownp
0000A2r 2  25                 .byte EXT_CMD_SHOWNP
0000A3r 2  00                 .byte 0
0000A4r 2                     ; --- Pen commands ---
0000A4r 2  rr rr              .word str_ext_setpc
0000A6r 2  26                 .byte EXT_CMD_SETPC
0000A7r 2  01                 .byte 1                    ; arity: 1 (color)
0000A8r 2  rr rr              .word str_ext_setpencolor
0000AAr 2  26                 .byte EXT_CMD_SETPC
0000ABr 2  01                 .byte 1                    ; SETPENCOLOR alias
0000ACr 2  rr rr              .word str_ext_setbg
0000AEr 2  27                 .byte EXT_CMD_SETBG
0000AFr 2  01                 .byte 1
0000B0r 2  rr rr              .word str_ext_setbackground
0000B2r 2  27                 .byte EXT_CMD_SETBG
0000B3r 2  01                 .byte 1                    ; SETBACKGROUND alias
0000B4r 2                     ; --- TOWARDS reporter ---
0000B4r 2  rr rr              .word str_ext_towards
0000B6r 2  28                 .byte EXT_CMD_TOWARDS
0000B7r 2  02                 .byte 2                    ; arity: 2 (x, y)
0000B8r 2                     ; --- VGC graphics commands ---
0000B8r 2  rr rr              .word str_ext_setcolor
0000BAr 2  30                 .byte EXT_CMD_SETCOLOR
0000BBr 2  01                 .byte 1                    ; arity: 1 (color)
0000BCr 2  rr rr              .word str_ext_plot
0000BEr 2  31                 .byte EXT_CMD_PLOT
0000BFr 2  02                 .byte 2                    ; arity: 2 (x, y)
0000C0r 2  rr rr              .word str_ext_unplot
0000C2r 2  32                 .byte EXT_CMD_UNPLOT
0000C3r 2  02                 .byte 2                    ; arity: 2 (x, y)
0000C4r 2  rr rr              .word str_ext_line
0000C6r 2  33                 .byte EXT_CMD_LINE
0000C7r 2  04                 .byte 4                    ; arity: 4 (x1, y1, x2, y2)
0000C8r 2  rr rr              .word str_ext_circle
0000CAr 2  34                 .byte EXT_CMD_CIRCLE
0000CBr 2  03                 .byte 3                    ; arity: 3 (x, y, r)
0000CCr 2  rr rr              .word str_ext_rect
0000CEr 2  35                 .byte EXT_CMD_RECT
0000CFr 2  04                 .byte 4                    ; arity: 4 (x1, y1, x2, y2)
0000D0r 2  rr rr              .word str_ext_rectangle
0000D2r 2  35                 .byte EXT_CMD_RECT
0000D3r 2  04                 .byte 4                    ; RECTANGLE alias
0000D4r 2  rr rr              .word str_ext_fill
0000D6r 2  36                 .byte EXT_CMD_FILLRECT
0000D7r 2  04                 .byte 4                    ; arity: 4 (x1, y1, x2, y2)
0000D8r 2  rr rr              .word str_ext_fillrect
0000DAr 2  36                 .byte EXT_CMD_FILLRECT
0000DBr 2  04                 .byte 4                    ; FILLRECT alias
0000DCr 2  rr rr              .word str_ext_paint
0000DEr 2  37                 .byte EXT_CMD_PAINT
0000DFr 2  02                 .byte 2                    ; arity: 2 (x, y)
0000E0r 2                     ; --- Sprite commands ---
0000E0r 2  rr rr              .word str_ext_sprite
0000E2r 2  40                 .byte EXT_CMD_SPRITE
0000E3r 2  03                 .byte 3                    ; arity: 3 (n, x, y)
0000E4r 2  rr rr              .word str_ext_spritepos
0000E6r 2  41                 .byte EXT_CMD_SPRITEPOS
0000E7r 2  03                 .byte 3                    ; arity: 3 (n, x, y)
0000E8r 2  rr rr              .word str_ext_spriteon
0000EAr 2  42                 .byte EXT_CMD_SPRITEON
0000EBr 2  01                 .byte 1                    ; arity: 1 (n)
0000ECr 2  rr rr              .word str_ext_spriteoff
0000EEr 2  43                 .byte EXT_CMD_SPRITEOFF
0000EFr 2  01                 .byte 1                    ; arity: 1 (n)
0000F0r 2  rr rr              .word str_ext_sprcollp
0000F2r 2  44                 .byte EXT_CMD_SPRCOLLP
0000F3r 2  01                 .byte 1                    ; arity: 1 (n) — reporter
0000F4r 2                     ; --- Sound commands ---
0000F4r 2  rr rr              .word str_ext_tone
0000F6r 2  45                 .byte EXT_CMD_TONE
0000F7r 2  02                 .byte 2                    ; arity: 2 (freq, dur)
0000F8r 2  rr rr              .word str_ext_noise
0000FAr 2  46                 .byte EXT_CMD_NOISE
0000FBr 2  01                 .byte 1                    ; arity: 1 (dur)
0000FCr 2  rr rr              .word str_ext_volume
0000FEr 2  47                 .byte EXT_CMD_VOLUME
0000FFr 2  01                 .byte 1                    ; arity: 1 (vol)
000100r 2                     ; --- Timing commands ---
000100r 2  rr rr              .word str_ext_wait
000102r 2  48                 .byte EXT_CMD_WAIT
000103r 2  01                 .byte 1                    ; arity: 1 (n)
000104r 2  rr rr              .word str_ext_waitvbl
000106r 2  49                 .byte EXT_CMD_WAITVBL
000107r 2  00                 .byte 0                    ; arity: 0
000108r 2  rr rr              .word str_ext_timer
00010Ar 2  4A                 .byte EXT_CMD_TIMER
00010Br 2  00                 .byte 0                    ; arity: 0 — reporter
00010Cr 2  00 00              .word $0000               ; end sentinel
00010Er 2               
00010Er 2               str_ext_test_name:
00010Er 2  08 45 58 54        .byte 8, "EXT.TEST"
000112r 2  2E 54 45 53  
000116r 2  54           
000117r 2               str_ext_fd:
000117r 2  02 46 44           .byte 2, "FD"
00011Ar 2               str_ext_forward:
00011Ar 2  07 46 4F 52        .byte 7, "FORWARD"
00011Er 2  57 41 52 44  
000122r 2               str_ext_bk:
000122r 2  02 42 4B           .byte 2, "BK"
000125r 2               str_ext_back:
000125r 2  04 42 41 43        .byte 4, "BACK"
000129r 2  4B           
00012Ar 2               str_ext_backward:
00012Ar 2  08 42 41 43        .byte 8, "BACKWARD"
00012Er 2  4B 57 41 52  
000132r 2  44           
000133r 2               str_ext_rt:
000133r 2  02 52 54           .byte 2, "RT"
000136r 2               str_ext_right:
000136r 2  05 52 49 47        .byte 5, "RIGHT"
00013Ar 2  48 54        
00013Cr 2               str_ext_lt:
00013Cr 2  02 4C 54           .byte 2, "LT"
00013Fr 2               str_ext_left:
00013Fr 2  04 4C 45 46        .byte 4, "LEFT"
000143r 2  54           
000144r 2               str_ext_cs:
000144r 2  02 43 53           .byte 2, "CS"
000147r 2               str_ext_clearscreen:
000147r 2  0B 43 4C 45        .byte 11, "CLEARSCREEN"
00014Br 2  41 52 53 43  
00014Fr 2  52 45 45 4E  
000153r 2               str_ext_draw:
000153r 2  04 44 52 41        .byte 4, "DRAW"
000157r 2  57           
000158r 2               str_ext_pu:
000158r 2  02 50 55           .byte 2, "PU"
00015Br 2               str_ext_penup:
00015Br 2  05 50 45 4E        .byte 5, "PENUP"
00015Fr 2  55 50        
000161r 2               str_ext_pd:
000161r 2  02 50 44           .byte 2, "PD"
000164r 2               str_ext_pendown:
000164r 2  07 50 45 4E        .byte 7, "PENDOWN"
000168r 2  44 4F 57 4E  
00016Cr 2               str_ext_st:
00016Cr 2  02 53 54           .byte 2, "ST"
00016Fr 2               str_ext_showturtle:
00016Fr 2  0A 53 48 4F        .byte 10, "SHOWTURTLE"
000173r 2  57 54 55 52  
000177r 2  54 4C 45     
00017Ar 2               str_ext_ht:
00017Ar 2  02 48 54           .byte 2, "HT"
00017Dr 2               str_ext_hideturtle:
00017Dr 2  0A 48 49 44        .byte 10, "HIDETURTLE"
000181r 2  45 54 55 52  
000185r 2  54 4C 45     
000188r 2               str_ext_home:
000188r 2  04 48 4F 4D        .byte 4, "HOME"
00018Cr 2  45           
00018Dr 2               str_ext_textscreen:
00018Dr 2  0A 54 45 58        .byte 10, "TEXTSCREEN"
000191r 2  54 53 43 52  
000195r 2  45 45 4E     
000198r 2               str_ext_ts:
000198r 2  02 54 53           .byte 2, "TS"
00019Br 2               str_ext_splitscreen:
00019Br 2  0B 53 50 4C        .byte 11, "SPLITSCREEN"
00019Fr 2  49 54 53 43  
0001A3r 2  52 45 45 4E  
0001A7r 2               str_ext_ss:
0001A7r 2  02 53 53           .byte 2, "SS"
0001AAr 2               str_ext_fullscreen:
0001AAr 2  0A 46 55 4C        .byte 10, "FULLSCREEN"
0001AEr 2  4C 53 43 52  
0001B2r 2  45 45 4E     
0001B5r 2               str_ext_fs:
0001B5r 2  02 46 53           .byte 2, "FS"
0001B8r 2               str_ext_setxy:
0001B8r 2  05 53 45 54        .byte 5, "SETXY"
0001BCr 2  58 59        
0001BEr 2               str_ext_setpos:
0001BEr 2  06 53 45 54        .byte 6, "SETPOS"
0001C2r 2  50 4F 53     
0001C5r 2               str_ext_setx:
0001C5r 2  04 53 45 54        .byte 4, "SETX"
0001C9r 2  58           
0001CAr 2               str_ext_sety:
0001CAr 2  04 53 45 54        .byte 4, "SETY"
0001CEr 2  59           
0001CFr 2               str_ext_setheading:
0001CFr 2  0A 53 45 54        .byte 10, "SETHEADING"
0001D3r 2  48 45 41 44  
0001D7r 2  49 4E 47     
0001DAr 2               str_ext_seth:
0001DAr 2  04 53 45 54        .byte 4, "SETH"
0001DEr 2  48           
0001DFr 2               str_ext_xcor:
0001DFr 2  04 58 43 4F        .byte 4, "XCOR"
0001E3r 2  52           
0001E4r 2               str_ext_ycor:
0001E4r 2  04 59 43 4F        .byte 4, "YCOR"
0001E8r 2  52           
0001E9r 2               str_ext_heading:
0001E9r 2  07 48 45 41        .byte 7, "HEADING"
0001EDr 2  44 49 4E 47  
0001F1r 2               str_ext_pendownp:
0001F1r 2  08 50 45 4E        .byte 8, "PENDOWN?"
0001F5r 2  44 4F 57 4E  
0001F9r 2  3F           
0001FAr 2               str_ext_shownp:
0001FAr 2  06 53 48 4F        .byte 6, "SHOWN?"
0001FEr 2  57 4E 3F     
000201r 2               str_ext_setpc:
000201r 2  05 53 45 54        .byte 5, "SETPC"
000205r 2  50 43        
000207r 2               str_ext_setpencolor:
000207r 2  0B 53 45 54        .byte 11, "SETPENCOLOR"
00020Br 2  50 45 4E 43  
00020Fr 2  4F 4C 4F 52  
000213r 2               str_ext_setbg:
000213r 2  05 53 45 54        .byte 5, "SETBG"
000217r 2  42 47        
000219r 2               str_ext_setbackground:
000219r 2  0D 53 45 54        .byte 13, "SETBACKGROUND"
00021Dr 2  42 41 43 4B  
000221r 2  47 52 4F 55  
000227r 2               str_ext_towards:
000227r 2  07 54 4F 57        .byte 7, "TOWARDS"
00022Br 2  41 52 44 53  
00022Fr 2               str_ext_setcolor:
00022Fr 2  08 53 45 54        .byte 8, "SETCOLOR"
000233r 2  43 4F 4C 4F  
000237r 2  52           
000238r 2               str_ext_plot:
000238r 2  04 50 4C 4F        .byte 4, "PLOT"
00023Cr 2  54           
00023Dr 2               str_ext_unplot:
00023Dr 2  06 55 4E 50        .byte 6, "UNPLOT"
000241r 2  4C 4F 54     
000244r 2               str_ext_line:
000244r 2  04 4C 49 4E        .byte 4, "LINE"
000248r 2  45           
000249r 2               str_ext_circle:
000249r 2  06 43 49 52        .byte 6, "CIRCLE"
00024Dr 2  43 4C 45     
000250r 2               str_ext_rect:
000250r 2  04 52 45 43        .byte 4, "RECT"
000254r 2  54           
000255r 2               str_ext_rectangle:
000255r 2  09 52 45 43        .byte 9, "RECTANGLE"
000259r 2  54 41 4E 47  
00025Dr 2  4C 45        
00025Fr 2               str_ext_fill:
00025Fr 2  04 46 49 4C        .byte 4, "FILL"
000263r 2  4C           
000264r 2               str_ext_fillrect:
000264r 2  08 46 49 4C        .byte 8, "FILLRECT"
000268r 2  4C 52 45 43  
00026Cr 2  54           
00026Dr 2               str_ext_paint:
00026Dr 2  05 50 41 49        .byte 5, "PAINT"
000271r 2  4E 54        
000273r 2               str_ext_sprite:
000273r 2  06 53 50 52        .byte 6, "SPRITE"
000277r 2  49 54 45     
00027Ar 2               str_ext_spritepos:
00027Ar 2  09 53 50 52        .byte 9, "SPRITEPOS"
00027Er 2  49 54 45 50  
000282r 2  4F 53        
000284r 2               str_ext_spriteon:
000284r 2  08 53 50 52        .byte 8, "SPRITEON"
000288r 2  49 54 45 4F  
00028Cr 2  4E           
00028Dr 2               str_ext_spriteoff:
00028Dr 2  09 53 50 52        .byte 9, "SPRITEOFF"
000291r 2  49 54 45 4F  
000295r 2  46 46        
000297r 2               str_ext_sprcollp:
000297r 2  10 53 50 52        .byte 16, "SPRITECOLLISION?"
00029Br 2  49 54 45 43  
00029Fr 2  4F 4C 4C 49  
0002A8r 2               str_ext_tone:
0002A8r 2  04 54 4F 4E        .byte 4, "TONE"
0002ACr 2  45           
0002ADr 2               str_ext_noise:
0002ADr 2  05 4E 4F 49        .byte 5, "NOISE"
0002B1r 2  53 45        
0002B3r 2               str_ext_volume:
0002B3r 2  06 56 4F 4C        .byte 6, "VOLUME"
0002B7r 2  55 4D 45     
0002BAr 2               str_ext_wait:
0002BAr 2  04 57 41 49        .byte 4, "WAIT"
0002BEr 2  54           
0002BFr 2               str_ext_waitvbl:
0002BFr 2  07 57 41 49        .byte 7, "WAITVBL"
0002C3r 2  54 56 42 4C  
0002C7r 2               str_ext_timer:
0002C7r 2  05 54 49 4D        .byte 5, "TIMER"
0002CBr 2  45 52        
0002CDr 2               
0002CDr 2                     .segment "RODATA"
0002CDr 2               
0002CDr 2               str_idk:
0002CDr 2  49 20 44 4F        .byte "I DON'T KNOW HOW TO ", 0
0002D1r 2  4E 27 54 20  
0002D5r 2  4B 4E 4F 57  
0002E2r 2               
0002E2r 2               str_notenough:
0002E2r 2  4E 4F 54 20        .byte "NOT ENOUGH INPUTS", 0
0002E6r 2  45 4E 4F 55  
0002EAr 2  47 48 20 49  
0002F4r 2               
0002F4r 2               str_no_value:
0002F4r 2  20 48 41 53        .byte " HAS NO VALUE", 0
0002F8r 2  20 4E 4F 20  
0002FCr 2  56 41 4C 55  
000302r 2               
000302r 2               str_error_tag:
000302r 2  05 45 52 52        .byte 5, "ERROR"
000306r 2  4F 52        
000308r 2               
000308r 2               str_catch_notag:
000308r 2  43 41 4E 27        .byte "CAN'T FIND CATCH TAG ", 0
00030Cr 2  54 20 46 49  
000310r 2  4E 44 20 43  
00031Er 2               
00031Er 2               ; Powers of 10 table (16-bit): 10000, 1000, 100, 10, 1
00031Er 2               pow10_lo:
00031Er 2  10 E8 64 0A        .byte <10000, <1000, <100, <10, <1
000322r 2  01           
000323r 2               pow10_hi:
000323r 2  27 03 00 00        .byte >10000, >1000, >100, >10, >1
000327r 2  00           
000328r 2               
000328r 1                     .include "builtins.s"
000328r 2               ; builtins.s — built-in command table and handlers
000328r 2               
000328r 2               ; =====================================================================
000328r 2               ; CODE segment — builtin lookup and handlers
000328r 2               ; =====================================================================
000328r 2                     .segment "CODE"
000BD7r 2               
000BD7r 2               ; ---------------------------------------------------------------------
000BD7r 2               ; lookup_builtin — search builtin table for the current TOK_WORD
000BD7r 2               ;   Input: eval_cur_lo/hi points to a TOK_WORD token
000BD7r 2               ;   Output: Carry clear = found, ptr2_lo/hi = handler addr, A = arity
000BD7r 2               ;           Carry set = not found
000BD7r 2               ;   Clobbers: A, X, Y, num_tmp_lo/hi
000BD7r 2               ; ---------------------------------------------------------------------
000BD7r 2               lookup_builtin:
000BD7r 2                     ; Save table pointer in num_tmp_lo/hi
000BD7r 2  A9 rr              LDA   #<builtin_table
000BD9r 2  8D rr rr           STA   num_tmp_lo
000BDCr 2  A9 rr              LDA   #>builtin_table
000BDEr 2  8D rr rr           STA   num_tmp_hi
000BE1r 2               
000BE1r 2               @scan:
000BE1r 2                     ; Read name pointer from table
000BE1r 2  AD rr rr           LDA   num_tmp_lo
000BE4r 2  85 rr              STA   ptr2_lo
000BE6r 2  AD rr rr           LDA   num_tmp_hi
000BE9r 2  85 rr              STA   ptr2_hi
000BEBr 2  A0 00              LDY   #0
000BEDr 2  B1 rr              LDA   (ptr2_lo),Y        ; name_ptr low
000BEFr 2  AA                 TAX
000BF0r 2  C8                 INY
000BF1r 2  B1 rr              LDA   (ptr2_lo),Y        ; name_ptr high
000BF3r 2  D0 06              BNE   @have_entry
000BF5r 2  E0 00              CPX   #0
000BF7r 2  D0 02              BNE   @have_entry
000BF9r 2                     ; Null pointer — end of table
000BF9r 2  38                 SEC
000BFAr 2  60                 RTS
000BFBr 2               
000BFBr 2               @have_entry:
000BFBr 2                     ; X = name_ptr_lo, A = name_ptr_hi
000BFBr 2                     ; Compare the table name against the token payload
000BFBr 2                     ; Token payload: at eval_cur + TOK_PAYLOAD = length byte + chars
000BFBr 2  85 rr              STA   ptr2_hi
000BFDr 2  86 rr              STX   ptr2_lo             ; ptr2 now points to table name string
000BFFr 2               
000BFFr 2                     ; Get token payload pointer
000BFFr 2  A5 rr              LDA   eval_cur_lo
000C01r 2  85 rr              STA   ptr_lo
000C03r 2  A5 rr              LDA   eval_cur_hi
000C05r 2  85 rr              STA   ptr_hi
000C07r 2               
000C07r 2                     ; Compare length bytes
000C07r 2  A0 00              LDY   #0
000C09r 2  B1 rr              LDA   (ptr2_lo),Y        ; table name length
000C0Br 2  A0 03              LDY   #TOK_PAYLOAD
000C0Dr 2  D1 rr              CMP   (ptr_lo),Y         ; token payload length
000C0Fr 2  D0 45              BNE   @next
000C11r 2               
000C11r 2                     ; Lengths match — compare chars
000C11r 2  AA                 TAX                       ; X = length
000C12r 2  A0 01              LDY   #1                  ; offset into table name string (after length)
000C14r 2  64 rr              STZ   tok_sign            ; reuse as token char offset counter
000C16r 2               @cmp_loop:
000C16r 2  B1 rr              LDA   (ptr2_lo),Y        ; table name char
000C18r 2  5A                 PHY
000C19r 2                     ; Compute token char offset: TOK_PAYLOAD + 1 + tok_sign
000C19r 2  A5 rr              LDA   tok_sign
000C1Br 2  18                 CLC
000C1Cr 2  69 04              ADC   #TOK_PAYLOAD+1
000C1Er 2  A8                 TAY
000C1Fr 2  B1 rr              LDA   (ptr_lo),Y         ; token char
000C21r 2  7A                 PLY
000C22r 2  D1 rr              CMP   (ptr2_lo),Y        ; compare
000C24r 2  D0 30              BNE   @next
000C26r 2  C8                 INY
000C27r 2  E6 rr              INC   tok_sign
000C29r 2  CA                 DEX
000C2Ar 2  D0 EA              BNE   @cmp_loop
000C2Cr 2               
000C2Cr 2                     ; Match found — read handler address and arity
000C2Cr 2                     ; Table entry: name_ptr(2) + handler_addr(2) + arity(1)
000C2Cr 2                     ; handler is at table_base + 2, arity at table_base + 4
000C2Cr 2  AD rr rr           LDA   num_tmp_lo
000C2Fr 2  85 rr              STA   ptr2_lo
000C31r 2  AD rr rr           LDA   num_tmp_hi
000C34r 2  85 rr              STA   ptr2_hi
000C36r 2  A0 02              LDY   #2
000C38r 2  B1 rr              LDA   (ptr2_lo),Y        ; handler low
000C3Ar 2  AA                 TAX
000C3Br 2  C8                 INY
000C3Cr 2  B1 rr              LDA   (ptr2_lo),Y        ; handler high
000C3Er 2  85 rr              STA   ptr2_hi
000C40r 2  86 rr              STX   ptr2_lo             ; ptr2 = handler address
000C42r 2  A0 04              LDY   #4
000C44r 2  B1 rr              LDA   (ptr2_lo),Y        ; — wrong, we already overwrote ptr2
000C46r 2                     ; Fix: re-read arity from table using num_tmp as base
000C46r 2  AD rr rr           LDA   num_tmp_lo
000C49r 2  85 rr              STA   ptr_lo
000C4Br 2  AD rr rr           LDA   num_tmp_hi
000C4Er 2  85 rr              STA   ptr_hi
000C50r 2  A0 04              LDY   #4
000C52r 2  B1 rr              LDA   (ptr_lo),Y         ; arity
000C54r 2  18                 CLC                       ; found
000C55r 2  60                 RTS
000C56r 2               
000C56r 2               @next:
000C56r 2  64 rr              STZ   tok_sign            ; reset comparison counter
000C58r 2                     ; Advance to next entry: +5 bytes (2 name + 2 handler + 1 arity)
000C58r 2  18                 CLC
000C59r 2  AD rr rr           LDA   num_tmp_lo
000C5Cr 2  69 05              ADC   #5
000C5Er 2  8D rr rr           STA   num_tmp_lo
000C61r 2  90 03              BCC   @next2
000C63r 2  EE rr rr           INC   num_tmp_hi
000C66r 2               @next2:
000C66r 2  4C rr rr           JMP   @scan
000C69r 2               
000C69r 2               ; ---------------------------------------------------------------------
000C69r 2               ; do_print — PRINT <expr>: evaluate arg and print with newline
000C69r 2               ;   Entry: eval_val/eval_type already set with the argument
000C69r 2               ;   Must JMP to eval_continue when done
000C69r 2               ; ---------------------------------------------------------------------
000C69r 2               do_print:
000C69r 2  A5 rr              LDA   eval_type
000C6Br 2  C9 02              CMP   #VAL_LIST
000C6Dr 2  F0 0D              BEQ   @list
000C6Fr 2  C9 01              CMP   #VAL_WORD
000C71r 2  F0 12              BEQ   @word
000C73r 2               
000C73r 2                     ; Print number
000C73r 2  20 rr rr           JSR   print_number
000C76r 2  20 rr rr           JSR   eval_newline
000C79r 2  4C rr rr           JMP   eval_continue
000C7Cr 2               
000C7Cr 2               @list:
000C7Cr 2  20 rr rr           JSR   print_list
000C7Fr 2  20 rr rr           JSR   eval_newline
000C82r 2  4C rr rr           JMP   eval_continue
000C85r 2               
000C85r 2               @word:
000C85r 2                     ; Print quoted word — eval_val_lo/hi points at length+chars
000C85r 2  A5 rr              LDA   eval_val_lo
000C87r 2  85 rr              STA   ptr_lo
000C89r 2  A5 rr              LDA   eval_val_hi
000C8Br 2  85 rr              STA   ptr_hi
000C8Dr 2  A0 00              LDY   #0
000C8Fr 2  B1 rr              LDA   (ptr_lo),Y         ; length
000C91r 2  AA                 TAX
000C92r 2  C8                 INY
000C93r 2               @wch:
000C93r 2  B1 rr              LDA   (ptr_lo),Y
000C95r 2  8D 0E A0           STA   VGC_CHAROUT
000C98r 2  C8                 INY
000C99r 2  CA                 DEX
000C9Ar 2  D0 F7              BNE   @wch
000C9Cr 2  20 rr rr           JSR   eval_newline
000C9Fr 2  4C rr rr           JMP   eval_continue
000CA2r 2               
000CA2r 2               ; ---------------------------------------------------------------------
000CA2r 2               ; do_type — TYPE <expr>: like PRINT but no newline
000CA2r 2               ; ---------------------------------------------------------------------
000CA2r 2               do_type:
000CA2r 2  A5 rr              LDA   eval_type
000CA4r 2  C9 02              CMP   #VAL_LIST
000CA6r 2  F0 0A              BEQ   @list
000CA8r 2  C9 01              CMP   #VAL_WORD
000CAAr 2  F0 0C              BEQ   @word
000CACr 2               
000CACr 2                     ; Print number (no newline)
000CACr 2  20 rr rr           JSR   print_number
000CAFr 2  4C rr rr           JMP   eval_continue
000CB2r 2               
000CB2r 2               @list:
000CB2r 2  20 rr rr           JSR   print_list
000CB5r 2  4C rr rr           JMP   eval_continue
000CB8r 2               
000CB8r 2               @word:
000CB8r 2  A5 rr              LDA   eval_val_lo
000CBAr 2  85 rr              STA   ptr_lo
000CBCr 2  A5 rr              LDA   eval_val_hi
000CBEr 2  85 rr              STA   ptr_hi
000CC0r 2  A0 00              LDY   #0
000CC2r 2  B1 rr              LDA   (ptr_lo),Y
000CC4r 2  AA                 TAX
000CC5r 2  C8                 INY
000CC6r 2               @wch:
000CC6r 2  B1 rr              LDA   (ptr_lo),Y
000CC8r 2  8D 0E A0           STA   VGC_CHAROUT
000CCBr 2  C8                 INY
000CCCr 2  CA                 DEX
000CCDr 2  D0 F7              BNE   @wch
000CCFr 2  4C rr rr           JMP   eval_continue
000CD2r 2               
000CD2r 2               ; ---------------------------------------------------------------------
000CD2r 2               ; do_make — MAKE "name value: store a variable
000CD2r 2               ;   Arity 0 — we do our own argument evaluation
000CD2r 2               ;   1. eval_expr → name (must be TOK_QUOTE → word type)
000CD2r 2               ;   2. save name pointer
000CD2r 2               ;   3. eval_expr → value
000CD2r 2               ;   4. var_set(saved name, current value)
000CD2r 2               ; ---------------------------------------------------------------------
000CD2r 2               do_make:
000CD2r 2                     ; Evaluate first argument: the name (a quoted word)
000CD2r 2  20 rr rr           JSR   eval_expr
000CD5r 2  B0 1F              BCS   @err
000CD7r 2               
000CD7r 2                     ; Must be a word (type $01)
000CD7r 2  A5 rr              LDA   eval_type
000CD9r 2  C9 01              CMP   #$01
000CDBr 2  D0 19              BNE   @err
000CDDr 2               
000CDDr 2                     ; Save the name pointer (points into token payload: len + chars)
000CDDr 2  A5 rr              LDA   eval_val_lo
000CDFr 2  48                 PHA
000CE0r 2  A5 rr              LDA   eval_val_hi
000CE2r 2  48                 PHA
000CE3r 2               
000CE3r 2                     ; Evaluate second argument: the value
000CE3r 2  20 rr rr           JSR   eval_expr
000CE6r 2  B0 0C              BCS   @err_pop
000CE8r 2               
000CE8r 2                     ; Set up ptr_lo/hi → saved name, eval_val holds value
000CE8r 2  68                 PLA
000CE9r 2  85 rr              STA   ptr_hi
000CEBr 2  68                 PLA
000CECr 2  85 rr              STA   ptr_lo
000CEEr 2               
000CEEr 2  20 rr rr           JSR   var_set
000CF1r 2  4C rr rr           JMP   eval_continue
000CF4r 2               
000CF4r 2               @err_pop:
000CF4r 2  68                 PLA
000CF5r 2  68                 PLA
000CF6r 2               @err:
000CF6r 2                     ; Print error
000CF6r 2  A2 00              LDX   #0
000CF8r 2               @ep:
000CF8r 2  BD rr rr           LDA   str_make_err,X
000CFBr 2  F0 06              BEQ   @ep_done
000CFDr 2  8D 0E A0           STA   VGC_CHAROUT
000D00r 2  E8                 INX
000D01r 2  D0 F5              BNE   @ep
000D03r 2               @ep_done:
000D03r 2  20 rr rr           JSR   eval_newline
000D06r 2  4C rr rr           JMP   eval_continue
000D09r 2               
000D09r 2               ; ---------------------------------------------------------------------
000D09r 2               ; do_repeat — REPEAT count [body]
000D09r 2               ;   Arity 0 — handles its own argument parsing
000D09r 2               ;   1. Evaluate count expression
000D09r 2               ;   2. Locate the bracketed body [...]
000D09r 2               ;   3. Execute the body count times
000D09r 2               ;   4. Resume after the closing ]
000D09r 2               ;
000D09r 2               ;   Nesting: saves/restores repeat state (body_start, body_resume,
000D09r 2               ;   repeat_count, eval_in_body) on the hardware stack so nested
000D09r 2               ;   REPEAT works correctly.
000D09r 2               ; ---------------------------------------------------------------------
000D09r 2               
000D09r 2                     .segment "ZEROPAGE"
000021r 2  xx           repeat_count_lo:  .res 1
000022r 2  xx           repeat_count_hi:  .res 1
000023r 2  xx           body_start_lo:    .res 1       ; first token after [
000024r 2  xx           body_start_hi:    .res 1
000025r 2  xx           body_resume_lo:   .res 1       ; token after ]
000026r 2  xx           body_resume_hi:   .res 1
000027r 2  xx           repcount:         .res 1       ; 1-based REPCOUNT within REPEAT loop
000028r 2  xx           for_cur_lo:       .res 1       ; FOR loop current value low
000029r 2  xx           for_cur_hi:       .res 1       ; FOR loop current value high
00002Ar 2  xx           for_end_lo:       .res 1       ; FOR loop end value low
00002Br 2  xx           for_end_hi:       .res 1       ; FOR loop end value high
00002Cr 2  xx           cond_start_lo:    .res 1       ; WHILE/UNTIL condition start low
00002Dr 2  xx           cond_start_hi:    .res 1       ; WHILE/UNTIL condition start high
00002Er 2               
00002Er 2                     .segment "CODE"
000D09r 2               
000D09r 2               do_repeat:
000D09r 2                     ; --- Evaluate the count argument ---
000D09r 2  20 rr rr           JSR   eval_expr
000D0Cr 2  90 03              BCC   @count_ok
000D0Er 2  4C rr rr           JMP   @err_args             ; carry set = no token
000D11r 2               @count_ok:
000D11r 2                     ; Count must be a number
000D11r 2  A5 rr              LDA   eval_type
000D13r 2  F0 03              BEQ   @type_ok
000D15r 2  4C rr rr           JMP   @err_args
000D18r 2               @type_ok:
000D18r 2               
000D18r 2                     ; --- Save outer repeat state for nesting ---
000D18r 2  A5 rr              LDA   repcount
000D1Ar 2  48                 PHA
000D1Br 2  A5 rr              LDA   repeat_count_lo
000D1Dr 2  48                 PHA
000D1Er 2  A5 rr              LDA   repeat_count_hi
000D20r 2  48                 PHA
000D21r 2  A5 rr              LDA   body_start_lo
000D23r 2  48                 PHA
000D24r 2  A5 rr              LDA   body_start_hi
000D26r 2  48                 PHA
000D27r 2  A5 rr              LDA   body_resume_lo
000D29r 2  48                 PHA
000D2Ar 2  A5 rr              LDA   body_resume_hi
000D2Cr 2  48                 PHA
000D2Dr 2  A5 rr              LDA   eval_in_body
000D2Fr 2  48                 PHA
000D30r 2               
000D30r 2                     ; Store count (integer part only, clamped to 0 if negative)
000D30r 2  A5 rr              LDA   eval_val_hi
000D32r 2  30 08              BMI   @zero_count           ; negative = treat as 0
000D34r 2  85 rr              STA   repeat_count_hi
000D36r 2  A5 rr              LDA   eval_val_lo
000D38r 2  85 rr              STA   repeat_count_lo
000D3Ar 2  80 04              BRA   @find_body
000D3Cr 2               
000D3Cr 2               @zero_count:
000D3Cr 2  64 rr              STZ   repeat_count_lo
000D3Er 2  64 rr              STZ   repeat_count_hi
000D40r 2               
000D40r 2               @find_body:
000D40r 2                     ; --- Current token must be TOK_LBRACKET ---
000D40r 2  A5 rr              LDA   eval_cur_lo
000D42r 2  05 rr              ORA   eval_cur_hi
000D44r 2  D0 03              BNE   @have_tok
000D46r 2  4C rr rr           JMP   @err_bracket_pop
000D49r 2               @have_tok:
000D49r 2  A5 rr              LDA   eval_cur_lo
000D4Br 2  85 rr              STA   ptr_lo
000D4Dr 2  A5 rr              LDA   eval_cur_hi
000D4Fr 2  85 rr              STA   ptr_hi
000D51r 2  A0 00              LDY   #TOK_TAG
000D53r 2  B1 rr              LDA   (ptr_lo),Y
000D55r 2  C9 03              CMP   #TOK_LBRACKET
000D57r 2  F0 03              BEQ   @is_bracket
000D59r 2  4C rr rr           JMP   @err_bracket_pop
000D5Cr 2               @is_bracket:
000D5Cr 2               
000D5Cr 2                     ; Advance past the [
000D5Cr 2  20 rr rr           JSR   eval_advance
000D5Fr 2               
000D5Fr 2                     ; Save body start (first token after [)
000D5Fr 2  A5 rr              LDA   eval_cur_lo
000D61r 2  85 rr              STA   body_start_lo
000D63r 2  A5 rr              LDA   eval_cur_hi
000D65r 2  85 rr              STA   body_start_hi
000D67r 2               
000D67r 2                     ; --- Scan forward to find the matching ] ---
000D67r 2  A2 01              LDX   #1                    ; depth (we've consumed the [)
000D69r 2               @scan:
000D69r 2  A5 rr              LDA   eval_cur_lo
000D6Br 2  05 rr              ORA   eval_cur_hi
000D6Dr 2  D0 03              BNE   @scan_ok
000D6Fr 2  4C rr rr           JMP   @err_bracket_pop
000D72r 2               @scan_ok:
000D72r 2  A5 rr              LDA   eval_cur_lo
000D74r 2  85 rr              STA   ptr_lo
000D76r 2  A5 rr              LDA   eval_cur_hi
000D78r 2  85 rr              STA   ptr_hi
000D7Ar 2  A0 00              LDY   #TOK_TAG
000D7Cr 2  B1 rr              LDA   (ptr_lo),Y
000D7Er 2               
000D7Er 2  C9 03              CMP   #TOK_LBRACKET
000D80r 2  D0 03              BNE   @scan_not_lb
000D82r 2  E8                 INX
000D83r 2  80 07              BRA   @scan_next
000D85r 2               @scan_not_lb:
000D85r 2  C9 04              CMP   #TOK_RBRACKET
000D87r 2  D0 03              BNE   @scan_next
000D89r 2  CA                 DEX
000D8Ar 2  F0 07              BEQ   @scan_found           ; depth == 0, found matching ]
000D8Cr 2               @scan_next:
000D8Cr 2  DA                 PHX                        ; save depth across eval_advance
000D8Dr 2  20 rr rr           JSR   eval_advance
000D90r 2  FA                 PLX
000D91r 2  80 D6              BRA   @scan
000D93r 2               
000D93r 2               @scan_found:
000D93r 2                     ; eval_cur is at the matching ]. Save resume point (token after ]).
000D93r 2  20 rr rr           JSR   eval_advance
000D96r 2  A5 rr              LDA   eval_cur_lo
000D98r 2  85 rr              STA   body_resume_lo
000D9Ar 2  A5 rr              LDA   eval_cur_hi
000D9Cr 2  85 rr              STA   body_resume_hi
000D9Er 2               
000D9Er 2                     ; --- Initialize repcount and execute the body repeat_count times ---
000D9Er 2  A9 01              LDA   #1
000DA0r 2  85 rr              STA   repcount
000DA2r 2               @loop:
000DA2r 2                     ; Check if STOP/OUTPUT was signaled
000DA2r 2  A5 rr              LDA   proc_stopped
000DA4r 2  D0 27              BNE   @loop_done
000DA6r 2               
000DA6r 2                     ; Check if count is zero
000DA6r 2  A5 rr              LDA   repeat_count_lo
000DA8r 2  05 rr              ORA   repeat_count_hi
000DAAr 2  F0 21              BEQ   @loop_done
000DACr 2               
000DACr 2                     ; Set eval_cur to body start
000DACr 2  A5 rr              LDA   body_start_lo
000DAEr 2  85 rr              STA   eval_cur_lo
000DB0r 2  A5 rr              LDA   body_start_hi
000DB2r 2  85 rr              STA   eval_cur_hi
000DB4r 2               
000DB4r 2                     ; Set body mode and call eval_body
000DB4r 2  A9 01              LDA   #$01
000DB6r 2  85 rr              STA   eval_in_body
000DB8r 2  20 rr rr           JSR   eval_body
000DBBr 2               
000DBBr 2                     ; Increment repcount (capped at 255)
000DBBr 2  A5 rr              LDA   repcount
000DBDr 2  C9 FF              CMP   #$FF
000DBFr 2  B0 02              BCS   :+
000DC1r 2  E6 rr              INC   repcount
000DC3r 2               :
000DC3r 2                     ; Decrement count (16-bit)
000DC3r 2  A5 rr              LDA   repeat_count_lo
000DC5r 2  D0 02              BNE   @dec_lo
000DC7r 2  C6 rr              DEC   repeat_count_hi
000DC9r 2               @dec_lo:
000DC9r 2  C6 rr              DEC   repeat_count_lo
000DCBr 2  80 D5              BRA   @loop
000DCDr 2               
000DCDr 2               @loop_done:
000DCDr 2                     ; Resume past THIS REPEAT's ] BEFORE restoring outer state — restore pops
000DCDr 2                     ; body_resume back to the enclosing REPEAT's value, so reading it after the
000DCDr 2                     ; restore would resume at the wrong token (trailing commands never run).
000DCDr 2  A5 rr              LDA   body_resume_lo
000DCFr 2  85 rr              STA   eval_cur_lo
000DD1r 2  A5 rr              LDA   body_resume_hi
000DD3r 2  85 rr              STA   eval_cur_hi
000DD5r 2                     ; --- Restore outer state ---
000DD5r 2  20 rr rr           JSR   repeat_restore_state
000DD8r 2  4C rr rr           JMP   eval_continue
000DDBr 2               
000DDBr 2               @err_bracket_pop:
000DDBr 2                     ; Restore stack before printing error
000DDBr 2  20 rr rr           JSR   repeat_restore_state
000DDEr 2                     ; Fall through to error message
000DDEr 2  A2 00              LDX   #0
000DE0r 2               @eb_lp:
000DE0r 2  BD rr rr           LDA   str_repeat_bracket,X
000DE3r 2  F0 06              BEQ   @eb_done
000DE5r 2  8D 0E A0           STA   VGC_CHAROUT
000DE8r 2  E8                 INX
000DE9r 2  D0 F5              BNE   @eb_lp
000DEBr 2               @eb_done:
000DEBr 2  20 rr rr           JSR   eval_newline
000DEEr 2  4C rr rr           JMP   eval_continue
000DF1r 2               
000DF1r 2               @err_args:
000DF1r 2  A2 00              LDX   #0
000DF3r 2               @ea_lp:
000DF3r 2  BD rr rr           LDA   str_repeat_err,X
000DF6r 2  F0 06              BEQ   @ea_done
000DF8r 2  8D 0E A0           STA   VGC_CHAROUT
000DFBr 2  E8                 INX
000DFCr 2  D0 F5              BNE   @ea_lp
000DFEr 2               @ea_done:
000DFEr 2  20 rr rr           JSR   eval_newline
000E01r 2  4C rr rr           JMP   eval_continue
000E04r 2               
000E04r 2               ; ---------------------------------------------------------------------
000E04r 2               ; repeat_restore_state — pop 7 saved bytes from stack to ZP
000E04r 2               ;   Restores eval_in_body, body_resume, body_start, repeat_count
000E04r 2               ;   Must be called via JSR (uses return address on stack correctly)
000E04r 2               ; ---------------------------------------------------------------------
000E04r 2               repeat_restore_state:
000E04r 2                     ; Pull our return address, pop 8 saved bytes, push RA, RTS.
000E04r 2  68                 PLA
000E05r 2  85 rr              STA   handler_lo            ; save return address low
000E07r 2  68                 PLA
000E08r 2  85 rr              STA   handler_hi            ; save return address high
000E0Ar 2               
000E0Ar 2  68                 PLA
000E0Br 2  85 rr              STA   eval_in_body
000E0Dr 2  68                 PLA
000E0Er 2  85 rr              STA   body_resume_hi
000E10r 2  68                 PLA
000E11r 2  85 rr              STA   body_resume_lo
000E13r 2  68                 PLA
000E14r 2  85 rr              STA   body_start_hi
000E16r 2  68                 PLA
000E17r 2  85 rr              STA   body_start_lo
000E19r 2  68                 PLA
000E1Ar 2  85 rr              STA   repeat_count_hi
000E1Cr 2  68                 PLA
000E1Dr 2  85 rr              STA   repeat_count_lo
000E1Fr 2  68                 PLA
000E20r 2  85 rr              STA   repcount
000E22r 2               
000E22r 2  A5 rr              LDA   handler_hi
000E24r 2  48                 PHA
000E25r 2  A5 rr              LDA   handler_lo
000E27r 2  48                 PHA
000E28r 2  60                 RTS
000E29r 2               
000E29r 2               ; ---------------------------------------------------------------------
000E29r 2               ; print_byte_hex — print A as 2 hex digits
000E29r 2               ; ---------------------------------------------------------------------
000E29r 2               print_byte_hex:
000E29r 2  48                 PHA
000E2Ar 2  4A                 LSR
000E2Br 2  4A                 LSR
000E2Cr 2  4A                 LSR
000E2Dr 2  4A                 LSR
000E2Er 2  20 rr rr           JSR   @nibble
000E31r 2  68                 PLA
000E32r 2  29 0F              AND   #$0F
000E34r 2  20 rr rr           JSR   @nibble
000E37r 2  60                 RTS
000E38r 2               @nibble:
000E38r 2  C9 0A              CMP   #$0A
000E3Ar 2  90 02              BCC   @digit
000E3Cr 2  69 06              ADC   #$06               ; carry is set, so adds 7
000E3Er 2               @digit:
000E3Er 2  69 30              ADC   #'0'
000E40r 2  8D 0E A0           STA   VGC_CHAROUT
000E43r 2  60                 RTS
000E44r 2               
000E44r 2               ; ---------------------------------------------------------------------
000E44r 2               ; skip_list_body — advance eval_cur past a [...] block without executing
000E44r 2               ;   Entry: eval_cur must point at a TOK_LBRACKET token
000E44r 2               ;   Exit:  eval_cur points at the token after the matching TOK_RBRACKET
000E44r 2               ;          Carry clear = success, Carry set = missing bracket
000E44r 2               ;   Clobbers: A, X, Y, ptr_lo/hi
000E44r 2               ; ---------------------------------------------------------------------
000E44r 2               skip_list_body:
000E44r 2                     ; Verify current token is TOK_LBRACKET
000E44r 2  A5 rr              LDA   eval_cur_lo
000E46r 2  05 rr              ORA   eval_cur_hi
000E48r 2  F0 41              BEQ   @err
000E4Ar 2  A5 rr              LDA   eval_cur_lo
000E4Cr 2  85 rr              STA   ptr_lo
000E4Er 2  A5 rr              LDA   eval_cur_hi
000E50r 2  85 rr              STA   ptr_hi
000E52r 2  A0 00              LDY   #TOK_TAG
000E54r 2  B1 rr              LDA   (ptr_lo),Y
000E56r 2  C9 03              CMP   #TOK_LBRACKET
000E58r 2  D0 31              BNE   @err
000E5Ar 2               
000E5Ar 2                     ; Advance past the [
000E5Ar 2  20 rr rr           JSR   eval_advance
000E5Dr 2  A2 01              LDX   #1                    ; depth = 1
000E5Fr 2               
000E5Fr 2               @scan:
000E5Fr 2  A5 rr              LDA   eval_cur_lo
000E61r 2  05 rr              ORA   eval_cur_hi
000E63r 2  F0 26              BEQ   @err                  ; ran out of tokens
000E65r 2  A5 rr              LDA   eval_cur_lo
000E67r 2  85 rr              STA   ptr_lo
000E69r 2  A5 rr              LDA   eval_cur_hi
000E6Br 2  85 rr              STA   ptr_hi
000E6Dr 2  A0 00              LDY   #TOK_TAG
000E6Fr 2  B1 rr              LDA   (ptr_lo),Y
000E71r 2               
000E71r 2  C9 03              CMP   #TOK_LBRACKET
000E73r 2  D0 03              BNE   @not_lb
000E75r 2  E8                 INX
000E76r 2  80 07              BRA   @scan_next
000E78r 2               @not_lb:
000E78r 2  C9 04              CMP   #TOK_RBRACKET
000E7Ar 2  D0 03              BNE   @scan_next
000E7Cr 2  CA                 DEX
000E7Dr 2  F0 07              BEQ   @found                 ; depth == 0 -> matched
000E7Fr 2               @scan_next:
000E7Fr 2  DA                 PHX
000E80r 2  20 rr rr           JSR   eval_advance
000E83r 2  FA                 PLX
000E84r 2  80 D9              BRA   @scan
000E86r 2               
000E86r 2               @found:
000E86r 2                     ; eval_cur is at the matching ]. Advance past it.
000E86r 2  20 rr rr           JSR   eval_advance
000E89r 2  18                 CLC
000E8Ar 2  60                 RTS
000E8Br 2               
000E8Br 2               @err:
000E8Br 2  38                 SEC
000E8Cr 2  60                 RTS
000E8Dr 2               
000E8Dr 2               ; ---------------------------------------------------------------------
000E8Dr 2               ; exec_body_block — execute a [...] body once
000E8Dr 2               ;   Entry: eval_cur must point at a TOK_LBRACKET token
000E8Dr 2               ;   Exit:  eval_cur points past the matching ], carry clear = ok
000E8Dr 2               ;          Carry set = bracket error
000E8Dr 2               ;   Saves/restores body_resume, eval_in_body for nesting.
000E8Dr 2               ;   Clobbers: A, X, Y, ptr_lo/hi, body_start/resume, eval_in_body
000E8Dr 2               ; ---------------------------------------------------------------------
000E8Dr 2               exec_body_block:
000E8Dr 2                     ; Verify current token is [
000E8Dr 2  A5 rr              LDA   eval_cur_lo
000E8Fr 2  05 rr              ORA   eval_cur_hi
000E91r 2  F0 7B              BEQ   @err
000E93r 2  A5 rr              LDA   eval_cur_lo
000E95r 2  85 rr              STA   ptr_lo
000E97r 2  A5 rr              LDA   eval_cur_hi
000E99r 2  85 rr              STA   ptr_hi
000E9Br 2  A0 00              LDY   #TOK_TAG
000E9Dr 2  B1 rr              LDA   (ptr_lo),Y
000E9Fr 2  C9 03              CMP   #TOK_LBRACKET
000EA1r 2  D0 6B              BNE   @err
000EA3r 2               
000EA3r 2                     ; Advance past [
000EA3r 2  20 rr rr           JSR   eval_advance
000EA6r 2               
000EA6r 2                     ; Save outer state for nesting
000EA6r 2  A5 rr              LDA   body_resume_lo
000EA8r 2  48                 PHA
000EA9r 2  A5 rr              LDA   body_resume_hi
000EABr 2  48                 PHA
000EACr 2  A5 rr              LDA   eval_in_body
000EAEr 2  48                 PHA
000EAFr 2               
000EAFr 2                     ; Save body start
000EAFr 2  A5 rr              LDA   eval_cur_lo
000EB1r 2  48                 PHA
000EB2r 2  A5 rr              LDA   eval_cur_hi
000EB4r 2  48                 PHA
000EB5r 2               
000EB5r 2                     ; Scan forward for matching ]
000EB5r 2  A2 01              LDX   #1
000EB7r 2               @scan:
000EB7r 2  A5 rr              LDA   eval_cur_lo
000EB9r 2  05 rr              ORA   eval_cur_hi
000EBBr 2  F0 4C              BEQ   @err_pop5
000EBDr 2  A5 rr              LDA   eval_cur_lo
000EBFr 2  85 rr              STA   ptr_lo
000EC1r 2  A5 rr              LDA   eval_cur_hi
000EC3r 2  85 rr              STA   ptr_hi
000EC5r 2  A0 00              LDY   #TOK_TAG
000EC7r 2  B1 rr              LDA   (ptr_lo),Y
000EC9r 2  C9 03              CMP   #TOK_LBRACKET
000ECBr 2  D0 03              BNE   @not_lb
000ECDr 2  E8                 INX
000ECEr 2  80 07              BRA   @scan_next
000ED0r 2               @not_lb:
000ED0r 2  C9 04              CMP   #TOK_RBRACKET
000ED2r 2  D0 03              BNE   @scan_next
000ED4r 2  CA                 DEX
000ED5r 2  F0 07              BEQ   @found
000ED7r 2               @scan_next:
000ED7r 2  DA                 PHX
000ED8r 2  20 rr rr           JSR   eval_advance
000EDBr 2  FA                 PLX
000EDCr 2  80 D9              BRA   @scan
000EDEr 2               
000EDEr 2               @found:
000EDEr 2                     ; Advance past ] for resume point
000EDEr 2  20 rr rr           JSR   eval_advance
000EE1r 2  A5 rr              LDA   eval_cur_lo
000EE3r 2  85 rr              STA   body_resume_lo
000EE5r 2  A5 rr              LDA   eval_cur_hi
000EE7r 2  85 rr              STA   body_resume_hi
000EE9r 2               
000EE9r 2                     ; Restore body start
000EE9r 2  68                 PLA
000EEAr 2  85 rr              STA   eval_cur_hi
000EECr 2  68                 PLA
000EEDr 2  85 rr              STA   eval_cur_lo
000EEFr 2               
000EEFr 2                     ; Execute the body
000EEFr 2  A9 01              LDA   #$01
000EF1r 2  85 rr              STA   eval_in_body
000EF3r 2  20 rr rr           JSR   eval_body
000EF6r 2               
000EF6r 2                     ; Restore outer state
000EF6r 2  68                 PLA
000EF7r 2  85 rr              STA   eval_in_body
000EF9r 2  68                 PLA
000EFAr 2  85 rr              STA   body_resume_hi
000EFCr 2  68                 PLA
000EFDr 2  85 rr              STA   body_resume_lo
000EFFr 2               
000EFFr 2                     ; Set eval_cur past the ]
000EFFr 2  A5 rr              LDA   body_resume_lo
000F01r 2  85 rr              STA   eval_cur_lo
000F03r 2  A5 rr              LDA   body_resume_hi
000F05r 2  85 rr              STA   eval_cur_hi
000F07r 2  18                 CLC
000F08r 2  60                 RTS
000F09r 2               
000F09r 2               @err_pop5:
000F09r 2  68                 PLA
000F0Ar 2  68                 PLA
000F0Br 2  68                 PLA
000F0Cr 2  68                 PLA
000F0Dr 2  68                 PLA
000F0Er 2               @err:
000F0Er 2  38                 SEC
000F0Fr 2  60                 RTS
000F10r 2               
000F10r 2               ; ---------------------------------------------------------------------
000F10r 2               ; do_if — IF condition [body]
000F10r 2               ;   Arity 0 — handles its own argument parsing
000F10r 2               ; ---------------------------------------------------------------------
000F10r 2               do_if:
000F10r 2  20 rr rr           JSR   eval_expr
000F13r 2  B0 1C              BCS   @err
000F15r 2               
000F15r 2                     ; Nonzero integer part = true
000F15r 2  A5 rr              LDA   eval_val_lo
000F17r 2  05 rr              ORA   eval_val_hi
000F19r 2  D0 08              BNE   @true
000F1Br 2               
000F1Br 2                     ; False — skip the body
000F1Br 2  20 rr rr           JSR   skip_list_body
000F1Er 2  B0 0B              BCS   @err_bracket
000F20r 2  4C rr rr           JMP   eval_continue
000F23r 2               
000F23r 2               @true:
000F23r 2  20 rr rr           JSR   exec_body_block
000F26r 2  B0 03              BCS   @err_bracket
000F28r 2  4C rr rr           JMP   eval_continue
000F2Br 2               
000F2Br 2               @err_bracket:
000F2Br 2  A2 rr              LDX   #<str_if_bracket
000F2Dr 2  A0 rr              LDY   #>str_if_bracket
000F2Fr 2  80 04              BRA   if_print_err
000F31r 2               @err:
000F31r 2  A2 rr              LDX   #<str_if_err
000F33r 2  A0 rr              LDY   #>str_if_err
000F35r 2                     ; fall through
000F35r 2               
000F35r 2               if_print_err:
000F35r 2  86 rr              STX   ptr_lo
000F37r 2  84 rr              STY   ptr_hi
000F39r 2  A0 00              LDY   #0
000F3Br 2               @lp:
000F3Br 2  B1 rr              LDA   (ptr_lo),Y
000F3Dr 2  F0 06              BEQ   @done
000F3Fr 2  8D 0E A0           STA   VGC_CHAROUT
000F42r 2  C8                 INY
000F43r 2  D0 F6              BNE   @lp
000F45r 2               @done:
000F45r 2  20 rr rr           JSR   eval_newline
000F48r 2  4C rr rr           JMP   eval_continue
000F4Br 2               
000F4Br 2               ; ---------------------------------------------------------------------
000F4Br 2               ; do_ifelse — IFELSE condition [true-body] [false-body]
000F4Br 2               ;   Arity 0 — handles its own argument parsing
000F4Br 2               ; ---------------------------------------------------------------------
000F4Br 2               do_ifelse:
000F4Br 2  20 rr rr           JSR   eval_expr
000F4Er 2  B0 26              BCS   @err
000F50r 2               
000F50r 2  A5 rr              LDA   eval_val_lo
000F52r 2  05 rr              ORA   eval_val_hi
000F54r 2  D0 0D              BNE   @is_true
000F56r 2               
000F56r 2                     ; FALSE: skip first body, execute second
000F56r 2  20 rr rr           JSR   skip_list_body
000F59r 2  B0 15              BCS   @err_bracket
000F5Br 2  20 rr rr           JSR   exec_body_block
000F5Er 2  B0 10              BCS   @err_bracket
000F60r 2  4C rr rr           JMP   eval_continue
000F63r 2               
000F63r 2               @is_true:
000F63r 2                     ; TRUE: execute first body, skip second
000F63r 2  20 rr rr           JSR   exec_body_block
000F66r 2  B0 08              BCS   @err_bracket
000F68r 2  20 rr rr           JSR   skip_list_body
000F6Br 2  B0 03              BCS   @err_bracket
000F6Dr 2  4C rr rr           JMP   eval_continue
000F70r 2               
000F70r 2               @err_bracket:
000F70r 2  A2 rr              LDX   #<str_ifelse_bracket
000F72r 2  A0 rr              LDY   #>str_ifelse_bracket
000F74r 2  80 04              BRA   ifelse_print_err
000F76r 2               @err:
000F76r 2  A2 rr              LDX   #<str_ifelse_err
000F78r 2  A0 rr              LDY   #>str_ifelse_err
000F7Ar 2                     ; fall through
000F7Ar 2               
000F7Ar 2               ifelse_print_err:
000F7Ar 2  86 rr              STX   ptr_lo
000F7Cr 2  84 rr              STY   ptr_hi
000F7Er 2  A0 00              LDY   #0
000F80r 2               @lp:
000F80r 2  B1 rr              LDA   (ptr_lo),Y
000F82r 2  F0 06              BEQ   @done
000F84r 2  8D 0E A0           STA   VGC_CHAROUT
000F87r 2  C8                 INY
000F88r 2  D0 F6              BNE   @lp
000F8Ar 2               @done:
000F8Ar 2  20 rr rr           JSR   eval_newline
000F8Dr 2  4C rr rr           JMP   eval_continue
000F90r 2               
000F90r 2               ; ---------------------------------------------------------------------
000F90r 2               ; do_stop — STOP: exit current procedure immediately (no return value)
000F90r 2               ;   Arity 0, no arguments
000F90r 2               ; ---------------------------------------------------------------------
000F90r 2               do_stop:
000F90r 2  A9 01              LDA   #$01
000F92r 2  85 rr              STA   proc_stopped
000F94r 2  4C rr rr           JMP   eval_continue
000F97r 2               
000F97r 2               ; ---------------------------------------------------------------------
000F97r 2               ; do_output — OUTPUT expr: exit procedure with a return value
000F97r 2               ;   Arity 0 — handles its own argument evaluation
000F97r 2               ; ---------------------------------------------------------------------
000F97r 2               do_output:
000F97r 2  20 rr rr           JSR   eval_expr           ; evaluate the expression
000F9Ar 2  A9 02              LDA   #$02
000F9Cr 2  85 rr              STA   proc_stopped        ; signal OUTPUT
000F9Er 2                     ; eval_type/eval_val holds the return value
000F9Er 2  4C rr rr           JMP   eval_continue
000FA1r 2               
000FA1r 2               ; ---------------------------------------------------------------------
000FA1r 2               ; do_catch — CATCH "tag [body]: execute body, catching errors/throws
000FA1r 2               ;   Arity 0 — handles its own argument parsing
000FA1r 2               ;   1. Evaluate tag argument (quoted word)
000FA1r 2               ;   2. Save current catch frame (for nesting) on the 6502 stack
000FA1r 2               ;   3. Set up new catch frame with tag and stack pointer
000FA1r 2               ;   4. Execute the body
000FA1r 2               ;   5. On normal completion: restore previous catch frame, continue
000FA1r 2               ;   On THROW match: try_throw_error or do_throw restores SP from
000FA1r 2               ;   catch frame, which unwinds back to step 5's stack context.
000FA1r 2               ; ---------------------------------------------------------------------
000FA1r 2               do_catch:
000FA1r 2                     ; Evaluate tag argument (e.g., "ERROR)
000FA1r 2  20 rr rr           JSR   eval_expr
000FA4r 2  90 03              BCC   @tag_ok
000FA6r 2  4C rr rr           JMP   @err_tag
000FA9r 2               @tag_ok:
000FA9r 2               
000FA9r 2                     ; Must be a word
000FA9r 2  A5 rr              LDA   eval_type
000FABr 2  C9 01              CMP   #VAL_WORD
000FADr 2  F0 03              BEQ   @type_ok
000FAFr 2  4C rr rr           JMP   @err_tag
000FB2r 2               @type_ok:
000FB2r 2               
000FB2r 2                     ; Save tag pointer and eval_in_body temporarily (3 bytes)
000FB2r 2  A5 rr              LDA   eval_val_lo
000FB4r 2  48                 PHA
000FB5r 2  A5 rr              LDA   eval_val_hi
000FB7r 2  48                 PHA
000FB8r 2  A5 rr              LDA   eval_in_body
000FBAr 2  48                 PHA
000FBBr 2               
000FBBr 2                     ; Push previous catch frame onto the 6502 stack (6 bytes)
000FBBr 2  A5 rr              LDA   catch_active
000FBDr 2  48                 PHA
000FBEr 2  A5 rr              LDA   catch_tag_lo
000FC0r 2  48                 PHA
000FC1r 2  A5 rr              LDA   catch_tag_hi
000FC3r 2  48                 PHA
000FC4r 2  A5 rr              LDA   catch_sp
000FC6r 2  48                 PHA
000FC7r 2  A5 rr              LDA   catch_resume_lo
000FC9r 2  48                 PHA
000FCAr 2  A5 rr              LDA   catch_resume_hi
000FCCr 2  48                 PHA
000FCDr 2               
000FCDr 2                     ; Set up the tag pointer from saved values
000FCDr 2                     ; Stack (top to bottom): prev_frame(6), eval_in_body, eval_val_hi, eval_val_lo
000FCDr 2                     ; $0101+X = SP+1 = top. eval_in_body at SP+7, eval_val_hi at SP+8, eval_val_lo at SP+9
000FCDr 2  BA                 TSX
000FCEr 2  BD 08 01           LDA   $0108,X               ; eval_val_hi = tag ptr high
000FD1r 2  85 rr              STA   catch_tag_hi
000FD3r 2  BD 09 01           LDA   $0109,X               ; eval_val_lo = tag ptr low
000FD6r 2  85 rr              STA   catch_tag_lo
000FD8r 2               
000FD8r 2                     ; Save stack pointer NOW — this is the unwind target.
000FD8r 2                     ; When a THROW matches, TXS restores to this SP, and the
000FD8r 2                     ; 6 PLA instructions below will pop the previous frame.
000FD8r 2  BA                 TSX
000FD9r 2  86 rr              STX   catch_sp
000FDBr 2               
000FDBr 2                     ; Activate the catch
000FDBr 2  A9 01              LDA   #$01
000FDDr 2  85 rr              STA   catch_active
000FDFr 2               
000FDFr 2                     ; We need to find the resume point PAST the body's ].
000FDFr 2                     ; Scan ahead to find it, then come back and execute the body.
000FDFr 2                     ; Save body start location first.
000FDFr 2  A5 rr              LDA   eval_cur_lo
000FE1r 2  48                 PHA                         ; save body-start lo
000FE2r 2  A5 rr              LDA   eval_cur_hi
000FE4r 2  48                 PHA                         ; save body-start hi
000FE5r 2               
000FE5r 2                     ; Scan past the body [...] to find resume point
000FE5r 2  20 rr rr           JSR   skip_list_body
000FE8r 2  B0 31              BCS   @err_bracket_pop
000FEAr 2               
000FEAr 2                     ; eval_cur is now past the ]. Save as resume point.
000FEAr 2  A5 rr              LDA   eval_cur_lo
000FECr 2  85 rr              STA   catch_resume_lo
000FEEr 2  A5 rr              LDA   eval_cur_hi
000FF0r 2  85 rr              STA   catch_resume_hi
000FF2r 2               
000FF2r 2                     ; Restore body start
000FF2r 2  68                 PLA
000FF3r 2  85 rr              STA   eval_cur_hi
000FF5r 2  68                 PLA
000FF6r 2  85 rr              STA   eval_cur_lo
000FF8r 2               
000FF8r 2                     ; Execute the body
000FF8r 2  20 rr rr           JSR   exec_body_block
000FFBr 2               
000FFBr 2                     ; Body completed normally — restore previous catch frame
000FFBr 2                     ; (Stack still has: prev_frame(6), tag_hi, tag_lo at the bottom)
000FFBr 2  68                 PLA
000FFCr 2  85 rr              STA   catch_resume_hi
000FFEr 2  68                 PLA
000FFFr 2  85 rr              STA   catch_resume_lo
001001r 2  68                 PLA
001002r 2  85 rr              STA   catch_sp
001004r 2  68                 PLA
001005r 2  85 rr              STA   catch_tag_hi
001007r 2  68                 PLA
001008r 2  85 rr              STA   catch_tag_lo
00100Ar 2  68                 PLA
00100Br 2  85 rr              STA   catch_active
00100Dr 2               
00100Dr 2                     ; Discard saved eval_in_body + tag ptr (3 bytes)
00100Dr 2  68                 PLA                         ; eval_in_body
00100Er 2  68                 PLA                         ; tag_hi
00100Fr 2  68                 PLA                         ; tag_lo
001010r 2               
001010r 2                     ; Set eval_cur past the body
001010r 2  A5 rr              LDA   catch_resume_lo
001012r 2  85 rr              STA   eval_cur_lo
001014r 2  A5 rr              LDA   catch_resume_hi
001016r 2  85 rr              STA   eval_cur_hi
001018r 2  4C rr rr           JMP   eval_continue
00101Br 2               
00101Br 2               @err_bracket_pop:
00101Br 2                     ; Clean up: body-start was partially popped by skip_list_body error
00101Br 2  68                 PLA                         ; body_start_hi
00101Cr 2  68                 PLA                         ; body_start_lo
00101Dr 2                     ; Restore previous catch frame
00101Dr 2  68                 PLA
00101Er 2  85 rr              STA   catch_resume_hi
001020r 2  68                 PLA
001021r 2  85 rr              STA   catch_resume_lo
001023r 2  68                 PLA
001024r 2  85 rr              STA   catch_sp
001026r 2  68                 PLA
001027r 2  85 rr              STA   catch_tag_hi
001029r 2  68                 PLA
00102Ar 2  85 rr              STA   catch_tag_lo
00102Cr 2  68                 PLA
00102Dr 2  85 rr              STA   catch_active
00102Fr 2                     ; Discard saved eval_in_body + tag ptr (3 bytes)
00102Fr 2  68                 PLA
001030r 2  68                 PLA
001031r 2  68                 PLA
001032r 2                     ; Print bracket error
001032r 2  A2 rr              LDX   #<str_catch_bracket
001034r 2  A0 rr              LDY   #>str_catch_bracket
001036r 2  80 04              BRA   catch_print_err
001038r 2               
001038r 2               @err_tag:
001038r 2  A2 rr              LDX   #<str_catch_err
00103Ar 2  A0 rr              LDY   #>str_catch_err
00103Cr 2                     ; fall through
00103Cr 2               
00103Cr 2               catch_print_err:
00103Cr 2  86 rr              STX   ptr_lo
00103Er 2  84 rr              STY   ptr_hi
001040r 2  A0 00              LDY   #0
001042r 2               @lp:
001042r 2  B1 rr              LDA   (ptr_lo),Y
001044r 2  F0 06              BEQ   @done
001046r 2  8D 0E A0           STA   VGC_CHAROUT
001049r 2  C8                 INY
00104Ar 2  D0 F6              BNE   @lp
00104Cr 2               @done:
00104Cr 2  20 rr rr           JSR   eval_newline
00104Fr 2  4C rr rr           JMP   eval_continue
001052r 2               
001052r 2               ; ---------------------------------------------------------------------
001052r 2               ; do_throw — THROW "tag: unwind to matching CATCH
001052r 2               ;   Arity 0 — handles its own argument parsing
001052r 2               ;   1. Evaluate tag argument
001052r 2               ;   2. If catch is active and tags match: unwind via TXS
001052r 2               ;   3. If no match: print error
001052r 2               ; ---------------------------------------------------------------------
001052r 2               do_throw:
001052r 2                     ; Evaluate tag argument
001052r 2  20 rr rr           JSR   eval_expr
001055r 2  B0 70              BCS   @err_tag
001057r 2               
001057r 2                     ; Must be a word
001057r 2  A5 rr              LDA   eval_type
001059r 2  C9 01              CMP   #VAL_WORD
00105Br 2  D0 6A              BNE   @err_tag
00105Dr 2               
00105Dr 2                     ; Is a catch frame active?
00105Dr 2  A5 rr              LDA   catch_active
00105Fr 2  F0 3A              BEQ   @no_catch
001061r 2               
001061r 2                     ; Compare tags: eval_val_lo/hi vs catch_tag_lo/hi
001061r 2  A5 rr              LDA   eval_val_lo
001063r 2  85 rr              STA   ptr_lo
001065r 2  A5 rr              LDA   eval_val_hi
001067r 2  85 rr              STA   ptr_hi
001069r 2  A5 rr              LDA   catch_tag_lo
00106Br 2  85 rr              STA   ptr2_lo
00106Dr 2  A5 rr              LDA   catch_tag_hi
00106Fr 2  85 rr              STA   ptr2_hi
001071r 2  20 rr rr           JSR   catch_tags_equal
001074r 2  90 25              BCC   @no_catch
001076r 2               
001076r 2                     ; Match! Unwind stack to catch point.
001076r 2  A6 rr              LDX   catch_sp
001078r 2  9A                 TXS
001079r 2               
001079r 2                     ; Restore previous catch frame from the restored stack
001079r 2  68                 PLA
00107Ar 2  85 rr              STA   catch_resume_hi
00107Cr 2  68                 PLA
00107Dr 2  85 rr              STA   catch_resume_lo
00107Fr 2  68                 PLA
001080r 2  85 rr              STA   catch_sp
001082r 2  68                 PLA
001083r 2  85 rr              STA   catch_tag_hi
001085r 2  68                 PLA
001086r 2  85 rr              STA   catch_tag_lo
001088r 2  68                 PLA
001089r 2  85 rr              STA   catch_active
00108Br 2               
00108Br 2                     ; Restore eval_in_body and discard saved tag pointer (3 bytes)
00108Br 2  68                 PLA
00108Cr 2  85 rr              STA   eval_in_body
00108Er 2  68                 PLA                         ; tag_hi
00108Fr 2  68                 PLA                         ; tag_lo
001090r 2               
001090r 2                     ; Set eval_cur to resume point (past the caught body)
001090r 2  A5 rr              LDA   catch_resume_lo
001092r 2  85 rr              STA   eval_cur_lo
001094r 2  A5 rr              LDA   catch_resume_hi
001096r 2  85 rr              STA   eval_cur_hi
001098r 2               
001098r 2  4C rr rr           JMP   eval_continue
00109Br 2               
00109Br 2               @no_catch:
00109Br 2                     ; Print "CAN'T FIND CATCH TAG " + the tag
00109Br 2  A2 00              LDX   #0
00109Dr 2               @nc_lp:
00109Dr 2  BD rr rr           LDA   str_catch_notag,X
0010A0r 2  F0 06              BEQ   @nc_word
0010A2r 2  8D 0E A0           STA   VGC_CHAROUT
0010A5r 2  E8                 INX
0010A6r 2  D0 F5              BNE   @nc_lp
0010A8r 2               @nc_word:
0010A8r 2                     ; Print the tag word
0010A8r 2  A5 rr              LDA   eval_val_lo
0010AAr 2  85 rr              STA   ptr_lo
0010ACr 2  A5 rr              LDA   eval_val_hi
0010AEr 2  85 rr              STA   ptr_hi
0010B0r 2  A0 00              LDY   #0
0010B2r 2  B1 rr              LDA   (ptr_lo),Y           ; length
0010B4r 2  AA                 TAX
0010B5r 2  F0 0A              BEQ   @nc_done
0010B7r 2  C8                 INY
0010B8r 2               @nc_ch:
0010B8r 2  B1 rr              LDA   (ptr_lo),Y
0010BAr 2  8D 0E A0           STA   VGC_CHAROUT
0010BDr 2  C8                 INY
0010BEr 2  CA                 DEX
0010BFr 2  D0 F7              BNE   @nc_ch
0010C1r 2               @nc_done:
0010C1r 2  20 rr rr           JSR   eval_newline
0010C4r 2  4C rr rr           JMP   eval_continue
0010C7r 2               
0010C7r 2               @err_tag:
0010C7r 2  A2 rr              LDX   #<str_throw_err
0010C9r 2  A0 rr              LDY   #>str_throw_err
0010CBr 2  4C rr rr           JMP   catch_print_err
0010CEr 2               
0010CEr 2               ; ---------------------------------------------------------------------
0010CEr 2               ; do_repcount — REPCOUNT: reporter returning current 1-based repeat index
0010CEr 2               ;   Arity 0, no arguments. Returns repcount as a number.
0010CEr 2               ; ---------------------------------------------------------------------
0010CEr 2               do_repcount:
0010CEr 2  64 rr              STZ   eval_val_hi
0010D0r 2  A5 rr              LDA   repcount
0010D2r 2  85 rr              STA   eval_val_lo
0010D4r 2  64 rr              STZ   eval_val_frac
0010D6r 2  64 rr              STZ   eval_type              ; VAL_NUMBER
0010D8r 2  4C rr rr           JMP   eval_continue
0010DBr 2               
0010DBr 2               ; ---------------------------------------------------------------------
0010DBr 2               ; do_for — FOR [var start end] [body]
0010DBr 2               ;   Arity 0 — handles its own argument parsing
0010DBr 2               ;   1. Parse control list [varname start end]
0010DBr 2               ;   2. Parse body [...]
0010DBr 2               ;   3. Loop: set var=current, execute body, increment, check end
0010DBr 2               ; ---------------------------------------------------------------------
0010DBr 2               do_for:
0010DBr 2                     ; Current token must be [ for the control list
0010DBr 2  A5 rr              LDA   eval_cur_lo
0010DDr 2  05 rr              ORA   eval_cur_hi
0010DFr 2  D0 03              BNE   :+
0010E1r 2  4C rr rr           JMP   for_err_ctrl
0010E4r 2  A5 rr        :     LDA   eval_cur_lo
0010E6r 2  85 rr              STA   ptr_lo
0010E8r 2  A5 rr              LDA   eval_cur_hi
0010EAr 2  85 rr              STA   ptr_hi
0010ECr 2  A0 00              LDY   #TOK_TAG
0010EEr 2  B1 rr              LDA   (ptr_lo),Y
0010F0r 2  C9 03              CMP   #TOK_LBRACKET
0010F2r 2  F0 03              BEQ   :+
0010F4r 2  4C rr rr           JMP   for_err_ctrl
0010F7r 2               :
0010F7r 2                     ; Advance past [
0010F7r 2  20 rr rr           JSR   eval_advance
0010FAr 2               
0010FAr 2                     ; Read variable name token (must be TOK_WORD)
0010FAr 2  A5 rr              LDA   eval_cur_lo
0010FCr 2  05 rr              ORA   eval_cur_hi
0010FEr 2  D0 03              BNE   :+
001100r 2  4C rr rr           JMP   for_err_ctrl
001103r 2  A5 rr        :     LDA   eval_cur_lo
001105r 2  85 rr              STA   ptr_lo
001107r 2  A5 rr              LDA   eval_cur_hi
001109r 2  85 rr              STA   ptr_hi
00110Br 2  A0 00              LDY   #TOK_TAG
00110Dr 2  B1 rr              LDA   (ptr_lo),Y
00110Fr 2  C9 01              CMP   #TOK_WORD
001111r 2  F0 03              BEQ   :+
001113r 2  4C rr rr           JMP   for_err_ctrl
001116r 2               :
001116r 2                     ; Save variable name pointer (points at TOK_PAYLOAD = len+chars)
001116r 2  18                 CLC
001117r 2  A5 rr              LDA   eval_cur_lo
001119r 2  69 03              ADC   #TOK_PAYLOAD
00111Br 2  48                 PHA                           ; name ptr lo
00111Cr 2  A5 rr              LDA   eval_cur_hi
00111Er 2  69 00              ADC   #0
001120r 2  48                 PHA                           ; name ptr hi
001121r 2               
001121r 2                     ; Advance past variable name
001121r 2  20 rr rr           JSR   eval_advance
001124r 2               
001124r 2                     ; Evaluate start expression
001124r 2  20 rr rr           JSR   eval_expr
001127r 2  90 03              BCC   :+
001129r 2  4C rr rr           JMP   for_err_ctrl_pop2
00112Cr 2  A5 rr        :     LDA   eval_type
00112Er 2  F0 03              BEQ   :+
001130r 2  4C rr rr           JMP   for_err_ctrl_pop2
001133r 2               :
001133r 2                     ; Save start value
001133r 2  A5 rr              LDA   eval_val_lo
001135r 2  85 rr              STA   for_cur_lo
001137r 2  A5 rr              LDA   eval_val_hi
001139r 2  85 rr              STA   for_cur_hi
00113Br 2               
00113Br 2                     ; Evaluate end expression
00113Br 2  20 rr rr           JSR   eval_expr
00113Er 2  90 03              BCC   :+
001140r 2  4C rr rr           JMP   for_err_ctrl_pop2
001143r 2  A5 rr        :     LDA   eval_type
001145r 2  F0 03              BEQ   :+
001147r 2  4C rr rr           JMP   for_err_ctrl_pop2
00114Ar 2               :
00114Ar 2                     ; Save end value
00114Ar 2  A5 rr              LDA   eval_val_lo
00114Cr 2  85 rr              STA   for_end_lo
00114Er 2  A5 rr              LDA   eval_val_hi
001150r 2  85 rr              STA   for_end_hi
001152r 2               
001152r 2                     ; Current token should be ] closing the control list
001152r 2  A5 rr              LDA   eval_cur_lo
001154r 2  05 rr              ORA   eval_cur_hi
001156r 2  D0 03              BNE   :+
001158r 2  4C rr rr           JMP   for_err_ctrl_pop2
00115Br 2  A5 rr        :     LDA   eval_cur_lo
00115Dr 2  85 rr              STA   ptr_lo
00115Fr 2  A5 rr              LDA   eval_cur_hi
001161r 2  85 rr              STA   ptr_hi
001163r 2  A0 00              LDY   #TOK_TAG
001165r 2  B1 rr              LDA   (ptr_lo),Y
001167r 2  C9 04              CMP   #TOK_RBRACKET
001169r 2  F0 03              BEQ   :+
00116Br 2  4C rr rr           JMP   for_err_ctrl_pop2
00116Er 2               :
00116Er 2                     ; Advance past ]
00116Er 2  20 rr rr           JSR   eval_advance
001171r 2               
001171r 2                     ; --- Save outer loop state for nesting ---
001171r 2  A5 rr              LDA   body_start_lo
001173r 2  48                 PHA
001174r 2  A5 rr              LDA   body_start_hi
001176r 2  48                 PHA
001177r 2  A5 rr              LDA   body_resume_lo
001179r 2  48                 PHA
00117Ar 2  A5 rr              LDA   body_resume_hi
00117Cr 2  48                 PHA
00117Dr 2  A5 rr              LDA   eval_in_body
00117Fr 2  48                 PHA
001180r 2               
001180r 2                     ; --- Locate the body [...] ---
001180r 2  A5 rr              LDA   eval_cur_lo
001182r 2  05 rr              ORA   eval_cur_hi
001184r 2  D0 03              BNE   :+
001186r 2  4C rr rr           JMP   for_err_bracket_pop7
001189r 2  A5 rr        :     LDA   eval_cur_lo
00118Br 2  85 rr              STA   ptr_lo
00118Dr 2  A5 rr              LDA   eval_cur_hi
00118Fr 2  85 rr              STA   ptr_hi
001191r 2  A0 00              LDY   #TOK_TAG
001193r 2  B1 rr              LDA   (ptr_lo),Y
001195r 2  C9 03              CMP   #TOK_LBRACKET
001197r 2  F0 03              BEQ   :+
001199r 2  4C rr rr           JMP   for_err_bracket_pop7
00119Cr 2               :
00119Cr 2                     ; Advance past [
00119Cr 2  20 rr rr           JSR   eval_advance
00119Fr 2  A5 rr              LDA   eval_cur_lo
0011A1r 2  85 rr              STA   body_start_lo
0011A3r 2  A5 rr              LDA   eval_cur_hi
0011A5r 2  85 rr              STA   body_start_hi
0011A7r 2               
0011A7r 2                     ; Scan for matching ]
0011A7r 2  A2 01              LDX   #1
0011A9r 2               @for_scan:
0011A9r 2  A5 rr              LDA   eval_cur_lo
0011ABr 2  05 rr              ORA   eval_cur_hi
0011ADr 2  D0 03              BNE   :+
0011AFr 2  4C rr rr           JMP   for_err_bracket_pop7
0011B2r 2  A5 rr        :     LDA   eval_cur_lo
0011B4r 2  85 rr              STA   ptr_lo
0011B6r 2  A5 rr              LDA   eval_cur_hi
0011B8r 2  85 rr              STA   ptr_hi
0011BAr 2  A0 00              LDY   #TOK_TAG
0011BCr 2  B1 rr              LDA   (ptr_lo),Y
0011BEr 2  C9 03              CMP   #TOK_LBRACKET
0011C0r 2  D0 03              BNE   @for_not_lb
0011C2r 2  E8                 INX
0011C3r 2  80 07              BRA   @for_scan_next
0011C5r 2               @for_not_lb:
0011C5r 2  C9 04              CMP   #TOK_RBRACKET
0011C7r 2  D0 03              BNE   @for_scan_next
0011C9r 2  CA                 DEX
0011CAr 2  F0 07              BEQ   @for_scan_found
0011CCr 2               @for_scan_next:
0011CCr 2  DA                 PHX
0011CDr 2  20 rr rr           JSR   eval_advance
0011D0r 2  FA                 PLX
0011D1r 2  80 D6              BRA   @for_scan
0011D3r 2               
0011D3r 2               @for_scan_found:
0011D3r 2  20 rr rr           JSR   eval_advance
0011D6r 2  A5 rr              LDA   eval_cur_lo
0011D8r 2  85 rr              STA   body_resume_lo
0011DAr 2  A5 rr              LDA   eval_cur_hi
0011DCr 2  85 rr              STA   body_resume_hi
0011DEr 2               
0011DEr 2                     ; --- Loop: for_cur from start to end ---
0011DEr 2               @for_loop:
0011DEr 2  A5 rr              LDA   proc_stopped
0011E0r 2  D0 4A              BNE   @for_done
0011E2r 2               
0011E2r 2                     ; Check if for_cur > for_end (signed 16-bit)
0011E2r 2  A5 rr              LDA   for_cur_hi
0011E4r 2  38                 SEC
0011E5r 2  E5 rr              SBC   for_end_hi
0011E7r 2  50 02              BVC   @for_sign_ok
0011E9r 2  49 80              EOR   #$80
0011EBr 2               @for_sign_ok:
0011EBr 2  30 0E              BMI   @for_in_range            ; for_cur < for_end
0011EDr 2  A5 rr              LDA   for_cur_hi
0011EFr 2  C5 rr              CMP   for_end_hi
0011F1r 2  D0 39              BNE   @for_done                ; hi differs and cur > end
0011F3r 2  A5 rr              LDA   for_cur_lo
0011F5r 2  C5 rr              CMP   for_end_lo
0011F7r 2  F0 02              BEQ   @for_in_range            ; equal = last iteration
0011F9r 2  B0 31              BCS   @for_done                ; cur_lo > end_lo = done
0011FBr 2               
0011FBr 2               @for_in_range:
0011FBr 2                     ; Set the variable to for_cur value
0011FBr 2                     ; Name pointer on stack under 5 saved state bytes + 2 name ptr bytes
0011FBr 2  BA                 TSX
0011FCr 2  BD 06 01           LDA   $0106,X                 ; name ptr hi
0011FFr 2  85 rr              STA   ptr_hi
001201r 2  BD 07 01           LDA   $0107,X                 ; name ptr lo
001204r 2  85 rr              STA   ptr_lo
001206r 2               
001206r 2  A5 rr              LDA   for_cur_lo
001208r 2  85 rr              STA   eval_val_lo
00120Ar 2  A5 rr              LDA   for_cur_hi
00120Cr 2  85 rr              STA   eval_val_hi
00120Er 2  64 rr              STZ   eval_val_frac
001210r 2  64 rr              STZ   eval_type                ; VAL_NUMBER
001212r 2  20 rr rr           JSR   var_set
001215r 2               
001215r 2                     ; Execute body
001215r 2  A5 rr              LDA   body_start_lo
001217r 2  85 rr              STA   eval_cur_lo
001219r 2  A5 rr              LDA   body_start_hi
00121Br 2  85 rr              STA   eval_cur_hi
00121Dr 2  A9 01              LDA   #$01
00121Fr 2  85 rr              STA   eval_in_body
001221r 2  20 rr rr           JSR   eval_body
001224r 2               
001224r 2                     ; Increment for_cur (16-bit)
001224r 2  E6 rr              INC   for_cur_lo
001226r 2  D0 B6              BNE   @for_loop
001228r 2  E6 rr              INC   for_cur_hi
00122Ar 2  80 B2              BRA   @for_loop
00122Cr 2               
00122Cr 2               @for_done:
00122Cr 2                     ; Restore outer state
00122Cr 2  68                 PLA
00122Dr 2  85 rr              STA   eval_in_body
00122Fr 2  68                 PLA
001230r 2  85 rr              STA   body_resume_hi
001232r 2  68                 PLA
001233r 2  85 rr              STA   body_resume_lo
001235r 2  68                 PLA
001236r 2  85 rr              STA   body_start_hi
001238r 2  68                 PLA
001239r 2  85 rr              STA   body_start_lo
00123Br 2  68                 PLA                           ; name_hi
00123Cr 2  68                 PLA                           ; name_lo
00123Dr 2               
00123Dr 2  A5 rr              LDA   body_resume_lo
00123Fr 2  85 rr              STA   eval_cur_lo
001241r 2  A5 rr              LDA   body_resume_hi
001243r 2  85 rr              STA   eval_cur_hi
001245r 2  4C rr rr           JMP   eval_continue
001248r 2               
001248r 2               for_err_ctrl_pop2:
001248r 2  68                 PLA
001249r 2  68                 PLA
00124Ar 2               for_err_ctrl:
00124Ar 2  A2 00              LDX   #0
00124Cr 2               @ec_lp:
00124Cr 2  BD rr rr           LDA   str_for_err,X
00124Fr 2  F0 06              BEQ   @ec_done
001251r 2  8D 0E A0           STA   VGC_CHAROUT
001254r 2  E8                 INX
001255r 2  D0 F5              BNE   @ec_lp
001257r 2               @ec_done:
001257r 2  20 rr rr           JSR   eval_newline
00125Ar 2  4C rr rr           JMP   eval_continue
00125Dr 2               
00125Dr 2               for_err_bracket_pop7:
00125Dr 2  68                 PLA
00125Er 2  85 rr              STA   eval_in_body
001260r 2  68                 PLA
001261r 2  68                 PLA
001262r 2  68                 PLA
001263r 2  68                 PLA
001264r 2  68                 PLA
001265r 2  68                 PLA
001266r 2  A2 00              LDX   #0
001268r 2               @eb_lp:
001268r 2  BD rr rr           LDA   str_for_bracket,X
00126Br 2  F0 06              BEQ   @eb_done
00126Dr 2  8D 0E A0           STA   VGC_CHAROUT
001270r 2  E8                 INX
001271r 2  D0 F5              BNE   @eb_lp
001273r 2               @eb_done:
001273r 2  20 rr rr           JSR   eval_newline
001276r 2  4C rr rr           JMP   eval_continue
001279r 2               
001279r 2               ; ---------------------------------------------------------------------
001279r 2               ; do_while — WHILE [condition] [body]
001279r 2               ;   Arity 0 — loop while condition is nonzero
001279r 2               ; ---------------------------------------------------------------------
001279r 2               do_while:
001279r 2  A9 00              LDA   #0                      ; 0 = WHILE (loop while true)
00127Br 2  80 02              BRA   while_until_common
00127Dr 2               
00127Dr 2               ; ---------------------------------------------------------------------
00127Dr 2               ; do_until — UNTIL [condition] [body]
00127Dr 2               ;   Arity 0 — loop until condition becomes nonzero
00127Dr 2               ; ---------------------------------------------------------------------
00127Dr 2               do_until:
00127Dr 2  A9 01              LDA   #1                      ; 1 = UNTIL (loop until true)
00127Fr 2                     ; fall through
00127Fr 2               
00127Fr 2               ; ---------------------------------------------------------------------
00127Fr 2               ; while_until_common — shared logic for WHILE/UNTIL
00127Fr 2               ;   Entry: A = 0 for WHILE, 1 for UNTIL
00127Fr 2               ; ---------------------------------------------------------------------
00127Fr 2               while_until_common:
00127Fr 2  48                 PHA                           ; save mode (0=WHILE, 1=UNTIL)
001280r 2               
001280r 2                     ; --- Save outer loop state ---
001280r 2  A5 rr              LDA   body_start_lo
001282r 2  48                 PHA
001283r 2  A5 rr              LDA   body_start_hi
001285r 2  48                 PHA
001286r 2  A5 rr              LDA   body_resume_lo
001288r 2  48                 PHA
001289r 2  A5 rr              LDA   body_resume_hi
00128Br 2  48                 PHA
00128Cr 2  A5 rr              LDA   cond_start_lo
00128Er 2  48                 PHA
00128Fr 2  A5 rr              LDA   cond_start_hi
001291r 2  48                 PHA
001292r 2  A5 rr              LDA   eval_in_body
001294r 2  48                 PHA
001295r 2               
001295r 2                     ; --- Locate condition [...] ---
001295r 2  A5 rr              LDA   eval_cur_lo
001297r 2  05 rr              ORA   eval_cur_hi
001299r 2  D0 03              BNE   :+
00129Br 2  4C rr rr           JMP   wu_err_bracket
00129Er 2  A5 rr        :     LDA   eval_cur_lo
0012A0r 2  85 rr              STA   ptr_lo
0012A2r 2  A5 rr              LDA   eval_cur_hi
0012A4r 2  85 rr              STA   ptr_hi
0012A6r 2  A0 00              LDY   #TOK_TAG
0012A8r 2  B1 rr              LDA   (ptr_lo),Y
0012AAr 2  C9 03              CMP   #TOK_LBRACKET
0012ACr 2  F0 03              BEQ   :+
0012AEr 2  4C rr rr           JMP   wu_err_bracket
0012B1r 2               :
0012B1r 2                     ; Advance past [
0012B1r 2  20 rr rr           JSR   eval_advance
0012B4r 2  A5 rr              LDA   eval_cur_lo
0012B6r 2  85 rr              STA   cond_start_lo
0012B8r 2  A5 rr              LDA   eval_cur_hi
0012BAr 2  85 rr              STA   cond_start_hi
0012BCr 2               
0012BCr 2                     ; Scan forward past condition [...] to find body
0012BCr 2  A2 01              LDX   #1
0012BEr 2               @wu_cscan:
0012BEr 2  A5 rr              LDA   eval_cur_lo
0012C0r 2  05 rr              ORA   eval_cur_hi
0012C2r 2  D0 03              BNE   :+
0012C4r 2  4C rr rr           JMP   wu_err_bracket
0012C7r 2  A5 rr        :     LDA   eval_cur_lo
0012C9r 2  85 rr              STA   ptr_lo
0012CBr 2  A5 rr              LDA   eval_cur_hi
0012CDr 2  85 rr              STA   ptr_hi
0012CFr 2  A0 00              LDY   #TOK_TAG
0012D1r 2  B1 rr              LDA   (ptr_lo),Y
0012D3r 2  C9 03              CMP   #TOK_LBRACKET
0012D5r 2  D0 03              BNE   @wu_cscan_nlb
0012D7r 2  E8                 INX
0012D8r 2  80 07              BRA   @wu_cscan_next
0012DAr 2               @wu_cscan_nlb:
0012DAr 2  C9 04              CMP   #TOK_RBRACKET
0012DCr 2  D0 03              BNE   @wu_cscan_next
0012DEr 2  CA                 DEX
0012DFr 2  F0 07              BEQ   @wu_cscan_found
0012E1r 2               @wu_cscan_next:
0012E1r 2  DA                 PHX
0012E2r 2  20 rr rr           JSR   eval_advance
0012E5r 2  FA                 PLX
0012E6r 2  80 D6              BRA   @wu_cscan
0012E8r 2               
0012E8r 2               @wu_cscan_found:
0012E8r 2                     ; Advance past ] of condition
0012E8r 2  20 rr rr           JSR   eval_advance
0012EBr 2               
0012EBr 2                     ; --- Locate body [...] ---
0012EBr 2  A5 rr              LDA   eval_cur_lo
0012EDr 2  05 rr              ORA   eval_cur_hi
0012EFr 2  D0 03              BNE   :+
0012F1r 2  4C rr rr           JMP   wu_err_bracket
0012F4r 2  A5 rr        :     LDA   eval_cur_lo
0012F6r 2  85 rr              STA   ptr_lo
0012F8r 2  A5 rr              LDA   eval_cur_hi
0012FAr 2  85 rr              STA   ptr_hi
0012FCr 2  A0 00              LDY   #TOK_TAG
0012FEr 2  B1 rr              LDA   (ptr_lo),Y
001300r 2  C9 03              CMP   #TOK_LBRACKET
001302r 2  F0 03              BEQ   :+
001304r 2  4C rr rr           JMP   wu_err_bracket
001307r 2               :
001307r 2                     ; Advance past [
001307r 2  20 rr rr           JSR   eval_advance
00130Ar 2  A5 rr              LDA   eval_cur_lo
00130Cr 2  85 rr              STA   body_start_lo
00130Er 2  A5 rr              LDA   eval_cur_hi
001310r 2  85 rr              STA   body_start_hi
001312r 2               
001312r 2                     ; Scan for matching ] of body
001312r 2  A2 01              LDX   #1
001314r 2               @wu_bscan:
001314r 2  A5 rr              LDA   eval_cur_lo
001316r 2  05 rr              ORA   eval_cur_hi
001318r 2  D0 03              BNE   :+
00131Ar 2  4C rr rr           JMP   wu_err_bracket
00131Dr 2  A5 rr        :     LDA   eval_cur_lo
00131Fr 2  85 rr              STA   ptr_lo
001321r 2  A5 rr              LDA   eval_cur_hi
001323r 2  85 rr              STA   ptr_hi
001325r 2  A0 00              LDY   #TOK_TAG
001327r 2  B1 rr              LDA   (ptr_lo),Y
001329r 2  C9 03              CMP   #TOK_LBRACKET
00132Br 2  D0 03              BNE   @wu_bscan_nlb
00132Dr 2  E8                 INX
00132Er 2  80 07              BRA   @wu_bscan_next
001330r 2               @wu_bscan_nlb:
001330r 2  C9 04              CMP   #TOK_RBRACKET
001332r 2  D0 03              BNE   @wu_bscan_next
001334r 2  CA                 DEX
001335r 2  F0 07              BEQ   @wu_bscan_found
001337r 2               @wu_bscan_next:
001337r 2  DA                 PHX
001338r 2  20 rr rr           JSR   eval_advance
00133Br 2  FA                 PLX
00133Cr 2  80 D6              BRA   @wu_bscan
00133Er 2               
00133Er 2               @wu_bscan_found:
00133Er 2  20 rr rr           JSR   eval_advance
001341r 2  A5 rr              LDA   eval_cur_lo
001343r 2  85 rr              STA   body_resume_lo
001345r 2  A5 rr              LDA   eval_cur_hi
001347r 2  85 rr              STA   body_resume_hi
001349r 2               
001349r 2                     ; --- Main loop ---
001349r 2               @wu_loop:
001349r 2  A5 rr              LDA   proc_stopped
00134Br 2  D0 38              BNE   @wu_done
00134Dr 2               
00134Dr 2                     ; Evaluate condition: set eval_cur to cond_start, run body
00134Dr 2  A5 rr              LDA   cond_start_lo
00134Fr 2  85 rr              STA   eval_cur_lo
001351r 2  A5 rr              LDA   cond_start_hi
001353r 2  85 rr              STA   eval_cur_hi
001355r 2  A9 01              LDA   #$01
001357r 2  85 rr              STA   eval_in_body
001359r 2               
001359r 2                     ; We need to evaluate an expression from the condition body.
001359r 2                     ; The condition block contains an expression, so use eval_expr.
001359r 2  20 rr rr           JSR   eval_expr
00135Cr 2  B0 27              BCS   @wu_done                ; eval error = stop
00135Er 2               
00135Er 2                     ; Check result: nonzero integer = true
00135Er 2  A5 rr              LDA   eval_val_lo
001360r 2  05 rr              ORA   eval_val_hi
001362r 2                     ; Result in A: nonzero = true condition
001362r 2               
001362r 2                     ; Read mode from stack to decide behavior
001362r 2                     ; Mode is at the bottom of our saved state block.
001362r 2                     ; Stack layout (top-down): eval_in_body, cond_start_hi/lo,
001362r 2                     ;   body_resume_hi/lo, body_start_hi/lo, mode
001362r 2                     ; That's 8 bytes deep from current SP.
001362r 2  BA                 TSX
001363r 2  BC 08 01           LDY   $0108,X                 ; mode: 0=WHILE, 1=UNTIL
001366r 2               
001366r 2  C0 00              CPY   #0
001368r 2  D0 06              BNE   @wu_until_check
00136Ar 2               
00136Ar 2                     ; WHILE: if condition is false (zero), stop
00136Ar 2  C9 00              CMP   #0                      ; A still has lo|hi result
00136Cr 2  F0 17              BEQ   @wu_done
00136Er 2  80 04              BRA   @wu_exec_body
001370r 2               
001370r 2               @wu_until_check:
001370r 2                     ; UNTIL: if condition is true (nonzero), stop
001370r 2  C9 00              CMP   #0
001372r 2  D0 11              BNE   @wu_done
001374r 2               
001374r 2               @wu_exec_body:
001374r 2                     ; Execute body
001374r 2  A5 rr              LDA   body_start_lo
001376r 2  85 rr              STA   eval_cur_lo
001378r 2  A5 rr              LDA   body_start_hi
00137Ar 2  85 rr              STA   eval_cur_hi
00137Cr 2  A9 01              LDA   #$01
00137Er 2  85 rr              STA   eval_in_body
001380r 2  20 rr rr           JSR   eval_body
001383r 2               
001383r 2  80 C4              BRA   @wu_loop
001385r 2               
001385r 2               @wu_done:
001385r 2                     ; Restore outer state
001385r 2  68                 PLA
001386r 2  85 rr              STA   eval_in_body
001388r 2  68                 PLA
001389r 2  85 rr              STA   cond_start_hi
00138Br 2  68                 PLA
00138Cr 2  85 rr              STA   cond_start_lo
00138Er 2  68                 PLA
00138Fr 2  85 rr              STA   body_resume_hi
001391r 2  68                 PLA
001392r 2  85 rr              STA   body_resume_lo
001394r 2  68                 PLA
001395r 2  85 rr              STA   body_start_hi
001397r 2  68                 PLA
001398r 2  85 rr              STA   body_start_lo
00139Ar 2  68                 PLA                           ; discard mode byte
00139Br 2               
00139Br 2                     ; Resume past the body
00139Br 2  A5 rr              LDA   body_resume_lo
00139Dr 2  85 rr              STA   eval_cur_lo
00139Fr 2  A5 rr              LDA   body_resume_hi
0013A1r 2  85 rr              STA   eval_cur_hi
0013A3r 2  4C rr rr           JMP   eval_continue
0013A6r 2               
0013A6r 2               wu_err_bracket:
0013A6r 2                     ; Restore whatever state we pushed + discard mode
0013A6r 2  68                 PLA
0013A7r 2  85 rr              STA   eval_in_body
0013A9r 2  68                 PLA
0013AAr 2  85 rr              STA   cond_start_hi
0013ACr 2  68                 PLA
0013ADr 2  85 rr              STA   cond_start_lo
0013AFr 2  68                 PLA
0013B0r 2  85 rr              STA   body_resume_hi
0013B2r 2  68                 PLA
0013B3r 2  85 rr              STA   body_resume_lo
0013B5r 2  68                 PLA
0013B6r 2  85 rr              STA   body_start_hi
0013B8r 2  68                 PLA
0013B9r 2  85 rr              STA   body_start_lo
0013BBr 2  68                 PLA                           ; discard mode
0013BCr 2               
0013BCr 2  A2 00              LDX   #0
0013BEr 2               @wu_eb_lp:
0013BEr 2  BD rr rr           LDA   str_while_bracket,X
0013C1r 2  F0 06              BEQ   @wu_eb_done
0013C3r 2  8D 0E A0           STA   VGC_CHAROUT
0013C6r 2  E8                 INX
0013C7r 2  D0 F5              BNE   @wu_eb_lp
0013C9r 2               @wu_eb_done:
0013C9r 2  20 rr rr           JSR   eval_newline
0013CCr 2  4C rr rr           JMP   eval_continue
0013CFr 2               
0013CFr 2               ; ---------------------------------------------------------------------
0013CFr 2               ; do_readchar — READCHAR: wait for keypress, return as 1-char word
0013CFr 2               ;   Arity 0, no arguments. Reporter.
0013CFr 2               ; ---------------------------------------------------------------------
0013CFr 2               do_readchar:
0013CFr 2                     ; Poll until a key is pressed
0013CFr 2               @wait:
0013CFr 2  AD 0F A0           LDA   VGC_CHARIN
0013D2r 2  F0 FB              BEQ   @wait
0013D4r 2                     ; A = character — fall through to alloc_one_char_word
0013D4r 2               
0013D4r 2               ; ---------------------------------------------------------------------
0013D4r 2               ; alloc_one_char_word — allocate a 1-char word on heap from A
0013D4r 2               ;   Input: A = character byte
0013D4r 2               ;   Output: eval_type=VAL_WORD, eval_val=pointer to len+char
0013D4r 2               ;   Jumps to eval_continue
0013D4r 2               ; ---------------------------------------------------------------------
0013D4r 2               alloc_one_char_word:
0013D4r 2  48                 PHA                       ; save character
0013D5r 2  A9 02              LDA   #2                  ; 1 byte length + 1 byte char
0013D7r 2  A2 05              LDX   #ATYPE_STRING
0013D9r 2  20 rr rr           JSR   heap_alloc
0013DCr 2  68                 PLA
0013DDr 2  B0 1B              BCS   @oom
0013DFr 2  A0 01              LDY   #1
0013E1r 2  91 rr              STA   (ptr_lo),Y          ; store char
0013E3r 2  A9 01              LDA   #1
0013E5r 2  A0 00              LDY   #0
0013E7r 2  91 rr              STA   (ptr_lo),Y          ; store length = 1
0013E9r 2  A5 rr              LDA   ptr_lo
0013EBr 2  85 rr              STA   eval_val_lo
0013EDr 2  A5 rr              LDA   ptr_hi
0013EFr 2  85 rr              STA   eval_val_hi
0013F1r 2  A9 01              LDA   #VAL_WORD
0013F3r 2  85 rr              STA   eval_type
0013F5r 2  64 rr              STZ   eval_val_frac
0013F7r 2  4C rr rr           JMP   eval_continue
0013FAr 2               @oom:
0013FAr 2  A2 rr              LDX   #<str_oom
0013FCr 2  A0 rr              LDY   #>str_oom
0013FEr 2  4C rr rr           JMP   list_print_err
001401r 2               
001401r 2               ; ---------------------------------------------------------------------
001401r 2               ; do_readword — READWORD: read chars until space/CR, return as word
001401r 2               ;   Arity 0, no arguments. Reporter.
001401r 2               ;   Uses input_buf as scratch (safe — main input already consumed).
001401r 2               ; ---------------------------------------------------------------------
001401r 2               do_readword:
001401r 2  64 rr              STZ   z:buf_idx
001403r 2               @rw_poll:
001403r 2  AD 0F A0           LDA   VGC_CHARIN
001406r 2  F0 FB              BEQ   @rw_poll
001408r 2                     ; Check for CR
001408r 2  C9 0D              CMP   #$0D
00140Ar 2  F0 2E              BEQ   @rw_done
00140Cr 2                     ; Check for space
00140Cr 2  C9 20              CMP   #' '
00140Er 2  F0 2A              BEQ   @rw_done
001410r 2                     ; Check for backspace
001410r 2  C9 08              CMP   #$08
001412r 2  F0 18              BEQ   @rw_bs
001414r 2  C9 14              CMP   #$14
001416r 2  F0 14              BEQ   @rw_bs
001418r 2  C9 7F              CMP   #$7F
00141Ar 2  F0 10              BEQ   @rw_bs
00141Cr 2                     ; Store and echo
00141Cr 2  A6 rr              LDX   z:buf_idx
00141Er 2  E0 7E              CPX   #126
001420r 2  B0 E1              BCS   @rw_poll             ; buffer full
001422r 2  9D rr rr           STA   input_buf,X
001425r 2  8D 0E A0           STA   VGC_CHAROUT
001428r 2  E6 rr              INC   z:buf_idx
00142Ar 2  80 D7              BRA   @rw_poll
00142Cr 2               
00142Cr 2               @rw_bs:
00142Cr 2  A6 rr              LDX   z:buf_idx
00142Er 2  F0 D3              BEQ   @rw_poll
001430r 2  CA                 DEX
001431r 2  86 rr              STX   z:buf_idx
001433r 2  A9 08              LDA   #$08
001435r 2  8D 0E A0           STA   VGC_CHAROUT
001438r 2  80 C9              BRA   @rw_poll
00143Ar 2               
00143Ar 2               @rw_done:
00143Ar 2                     ; Echo CR/LF
00143Ar 2  48                 PHA
00143Br 2  A9 0D              LDA   #$0D
00143Dr 2  8D 0E A0           STA   VGC_CHAROUT
001440r 2  A9 0A              LDA   #$0A
001442r 2  8D 0E A0           STA   VGC_CHAROUT
001445r 2  68                 PLA
001446r 2                     ; Allocate word: 1 (len) + buf_idx (chars)
001446r 2  A5 rr              LDA   z:buf_idx
001448r 2  1A                 INC                        ; +1 for length byte
001449r 2  A2 05              LDX   #ATYPE_STRING
00144Br 2  20 rr rr           JSR   heap_alloc
00144Er 2  B0 30              BCS   @rw_oom
001450r 2                     ; Write length
001450r 2  A5 rr              LDA   z:buf_idx
001452r 2  A0 00              LDY   #0
001454r 2  91 rr              STA   (ptr_lo),Y
001456r 2                     ; Copy chars
001456r 2  AA                 TAX
001457r 2  F0 16              BEQ   @rw_set
001459r 2  A0 01              LDY   #1
00145Br 2  9C rr rr           STZ   num_tmp_lo
00145Er 2               @rw_copy:
00145Er 2  5A                 PHY
00145Fr 2  AC rr rr           LDY   num_tmp_lo
001462r 2  B9 rr rr           LDA   input_buf,Y
001465r 2  7A                 PLY
001466r 2  91 rr              STA   (ptr_lo),Y
001468r 2  C8                 INY
001469r 2  EE rr rr           INC   num_tmp_lo
00146Cr 2  CA                 DEX
00146Dr 2  D0 EF              BNE   @rw_copy
00146Fr 2               @rw_set:
00146Fr 2  A5 rr              LDA   ptr_lo
001471r 2  85 rr              STA   eval_val_lo
001473r 2  A5 rr              LDA   ptr_hi
001475r 2  85 rr              STA   eval_val_hi
001477r 2  A9 01              LDA   #VAL_WORD
001479r 2  85 rr              STA   eval_type
00147Br 2  64 rr              STZ   eval_val_frac
00147Dr 2  4C rr rr           JMP   eval_continue
001480r 2               @rw_oom:
001480r 2  A2 rr              LDX   #<str_oom
001482r 2  A0 rr              LDY   #>str_oom
001484r 2  4C rr rr           JMP   list_print_err
001487r 2               
001487r 2               ; ---------------------------------------------------------------------
001487r 2               ; do_readlist — READLIST: read a line, return as a list
001487r 2               ;   Arity 0, no arguments. Reporter.
001487r 2               ;   Calls read_line, tokenize_line, then walks tokens building a list.
001487r 2               ; ---------------------------------------------------------------------
001487r 2               do_readlist:
001487r 2                     ; Save tokenizer state (we'll overwrite tok_head/tok_tail)
001487r 2  A5 rr              LDA   tok_head_lo
001489r 2  48                 PHA
00148Ar 2  A5 rr              LDA   tok_head_hi
00148Cr 2  48                 PHA
00148Dr 2  A5 rr              LDA   tok_tail_lo
00148Fr 2  48                 PHA
001490r 2  A5 rr              LDA   tok_tail_hi
001492r 2  48                 PHA
001493r 2  A5 rr              LDA   eval_cur_lo
001495r 2  48                 PHA
001496r 2  A5 rr              LDA   eval_cur_hi
001498r 2  48                 PHA
001499r 2               
001499r 2                     ; Read a line from keyboard into input_buf
001499r 2  20 rr rr           JSR   read_line
00149Cr 2                     ; Tokenize it
00149Cr 2  20 rr rr           JSR   tokenize_line
00149Fr 2               
00149Fr 2                     ; Walk tokens and build a list
00149Fr 2  64 rr              STZ   z:list_head_lo
0014A1r 2  64 rr              STZ   z:list_head_hi
0014A3r 2  64 rr              STZ   z:list_tail_lo
0014A5r 2  64 rr              STZ   z:list_tail_hi
0014A7r 2               
0014A7r 2  A5 rr              LDA   tok_head_lo
0014A9r 2  85 rr              STA   eval_cur_lo
0014ABr 2  A5 rr              LDA   tok_head_hi
0014ADr 2  85 rr              STA   eval_cur_hi
0014AFr 2               
0014AFr 2               @rl_next:
0014AFr 2  A5 rr              LDA   eval_cur_lo
0014B1r 2  05 rr              ORA   eval_cur_hi
0014B3r 2  D0 03              BNE   @rl_have_tok
0014B5r 2  4C rr rr           JMP   @rl_build_done
0014B8r 2               @rl_have_tok:
0014B8r 2               
0014B8r 2  A5 rr              LDA   eval_cur_lo
0014BAr 2  85 rr              STA   ptr_lo
0014BCr 2  A5 rr              LDA   eval_cur_hi
0014BEr 2  85 rr              STA   ptr_hi
0014C0r 2  A0 00              LDY   #TOK_TAG
0014C2r 2  B1 rr              LDA   (ptr_lo),Y
0014C4r 2               
0014C4r 2  C9 02              CMP   #TOK_NUMBER
0014C6r 2  D0 03              BNE   :+
0014C8r 2  4C rr rr           JMP   @rl_number
0014CBr 2  C9 01        :     CMP   #TOK_WORD
0014CDr 2  F0 10              BEQ   @rl_word_jmp
0014CFr 2  C9 06              CMP   #TOK_QUOTE
0014D1r 2  F0 0C              BEQ   @rl_word_jmp
0014D3r 2  C9 03              CMP   #TOK_LBRACKET
0014D5r 2  D0 03              BNE   :+
0014D7r 2  4C rr rr           JMP   @rl_sublist
0014DAr 2               :     ; Skip other tokens (brackets, infix, etc.)
0014DAr 2  20 rr rr           JSR   eval_advance
0014DDr 2  80 D0              BRA   @rl_next
0014DFr 2               
0014DFr 2               @rl_word_jmp:
0014DFr 2  4C rr rr           JMP   @rl_word
0014E2r 2               
0014E2r 2               @rl_number:
0014E2r 2  A0 03              LDY   #TOK_PAYLOAD
0014E4r 2  B1 rr              LDA   (ptr_lo),Y
0014E6r 2  85 rr              STA   eval_val_hi
0014E8r 2  C8                 INY
0014E9r 2  B1 rr              LDA   (ptr_lo),Y
0014EBr 2  85 rr              STA   eval_val_lo
0014EDr 2  C8                 INY
0014EEr 2  B1 rr              LDA   (ptr_lo),Y
0014F0r 2  85 rr              STA   eval_val_frac
0014F2r 2  A9 00              LDA   #VAL_NUMBER
0014F4r 2  85 rr              STA   eval_type
0014F6r 2  20 rr rr           JSR   eval_advance
0014F9r 2  4C rr rr           JMP   @rl_alloc_cell
0014FCr 2               
0014FCr 2               @rl_word:
0014FCr 2                     ; Allocate string on heap and copy word from token payload
0014FCr 2  A0 03              LDY   #TOK_PAYLOAD
0014FEr 2  B1 rr              LDA   (ptr_lo),Y           ; length
001500r 2  48                 PHA
001501r 2  1A                 INC                        ; +1 for length byte
001502r 2  A2 05              LDX   #ATYPE_STRING
001504r 2  20 rr rr           JSR   heap_alloc
001507r 2  90 04              BCC   :+
001509r 2  68                 PLA
00150Ar 2  4C rr rr           JMP   @rl_oom
00150Dr 2               :     ; Re-read source token (ptr_lo clobbered by heap_alloc)
00150Dr 2  A5 rr              LDA   eval_cur_lo
00150Fr 2  85 rr              STA   ptr2_lo
001511r 2  A5 rr              LDA   eval_cur_hi
001513r 2  85 rr              STA   ptr2_hi
001515r 2  68                 PLA
001516r 2  48                 PHA
001517r 2  A0 00              LDY   #0
001519r 2  91 rr              STA   (ptr_lo),Y           ; store length
00151Br 2  68                 PLA
00151Cr 2  AA                 TAX
00151Dr 2  F0 1B              BEQ   @rl_word_done
00151Fr 2  A0 01              LDY   #1
001521r 2  9C rr rr           STZ   num_tmp_lo
001524r 2               @rl_wch:
001524r 2  DA                 PHX
001525r 2  5A                 PHY
001526r 2  AD rr rr           LDA   num_tmp_lo
001529r 2  18                 CLC
00152Ar 2  69 04              ADC   #TOK_PAYLOAD+1
00152Cr 2  A8                 TAY
00152Dr 2  B1 rr              LDA   (ptr2_lo),Y
00152Fr 2  7A                 PLY
001530r 2  91 rr              STA   (ptr_lo),Y
001532r 2  C8                 INY
001533r 2  EE rr rr           INC   num_tmp_lo
001536r 2  FA                 PLX
001537r 2  CA                 DEX
001538r 2  D0 EA              BNE   @rl_wch
00153Ar 2               @rl_word_done:
00153Ar 2  A5 rr              LDA   ptr_lo
00153Cr 2  85 rr              STA   eval_val_lo
00153Er 2  A5 rr              LDA   ptr_hi
001540r 2  85 rr              STA   eval_val_hi
001542r 2  64 rr              STZ   eval_val_frac
001544r 2  A9 01              LDA   #VAL_WORD
001546r 2  85 rr              STA   eval_type
001548r 2  20 rr rr           JSR   eval_advance
00154Br 2  4C rr rr           JMP   @rl_alloc_cell
00154Er 2               
00154Er 2               @rl_sublist:
00154Er 2                     ; Use eval_list to build the sublist (advances past matching ])
00154Er 2  20 rr rr           JSR   eval_advance
001551r 2  A5 rr              LDA   z:list_head_lo
001553r 2  48                 PHA
001554r 2  A5 rr              LDA   z:list_head_hi
001556r 2  48                 PHA
001557r 2  A5 rr              LDA   z:list_tail_lo
001559r 2  48                 PHA
00155Ar 2  A5 rr              LDA   z:list_tail_hi
00155Cr 2  48                 PHA
00155Dr 2  20 rr rr           JSR   eval_list
001560r 2  68                 PLA
001561r 2  85 rr              STA   z:list_tail_hi
001563r 2  68                 PLA
001564r 2  85 rr              STA   z:list_tail_lo
001566r 2  68                 PLA
001567r 2  85 rr              STA   z:list_head_hi
001569r 2  68                 PLA
00156Ar 2  85 rr              STA   z:list_head_lo
00156Cr 2                     ; eval_type = VAL_LIST, eval_val = sublist head
00156Cr 2  4C rr rr           JMP   @rl_alloc_cell
00156Fr 2               
00156Fr 2               @rl_alloc_cell:
00156Fr 2  A9 07              LDA   #CONS_SIZE
001571r 2  A2 02              LDX   #ATYPE_CONS
001573r 2  20 rr rr           JSR   heap_alloc
001576r 2  90 03              BCC   @rl_alloc_ok
001578r 2  4C rr rr           JMP   @rl_oom
00157Br 2               @rl_alloc_ok:
00157Br 2  A0 00              LDY   #CONS_TAG
00157Dr 2  A9 10              LDA   #CONS_PAIR
00157Fr 2  91 rr              STA   (ptr_lo),Y
001581r 2  A0 01              LDY   #CONS_CAR_TYPE
001583r 2  A5 rr              LDA   eval_type
001585r 2  91 rr              STA   (ptr_lo),Y
001587r 2  A0 02              LDY   #CONS_CAR_HI
001589r 2  A5 rr              LDA   eval_val_hi
00158Br 2  91 rr              STA   (ptr_lo),Y
00158Dr 2  A0 03              LDY   #CONS_CAR_LO
00158Fr 2  A5 rr              LDA   eval_val_lo
001591r 2  91 rr              STA   (ptr_lo),Y
001593r 2  A0 04              LDY   #CONS_CAR_FRAC
001595r 2  A5 rr              LDA   eval_val_frac
001597r 2  91 rr              STA   (ptr_lo),Y
001599r 2  A0 05              LDY   #CONS_CDR_LO
00159Br 2  A9 00              LDA   #0
00159Dr 2  91 rr              STA   (ptr_lo),Y
00159Fr 2  A0 06              LDY   #CONS_CDR_HI
0015A1r 2  91 rr              STA   (ptr_lo),Y
0015A3r 2               
0015A3r 2                     ; Link into list
0015A3r 2  A5 rr              LDA   z:list_head_lo
0015A5r 2  05 rr              ORA   z:list_head_hi
0015A7r 2  D0 0F              BNE   @rl_link_tail
0015A9r 2  A5 rr              LDA   ptr_lo
0015ABr 2  85 rr              STA   z:list_head_lo
0015ADr 2  85 rr              STA   z:list_tail_lo
0015AFr 2  A5 rr              LDA   ptr_hi
0015B1r 2  85 rr              STA   z:list_head_hi
0015B3r 2  85 rr              STA   z:list_tail_hi
0015B5r 2  4C rr rr           JMP   @rl_next
0015B8r 2               
0015B8r 2               @rl_link_tail:
0015B8r 2  A5 rr              LDA   z:list_tail_lo
0015BAr 2  85 rr              STA   ptr2_lo
0015BCr 2  A5 rr              LDA   z:list_tail_hi
0015BEr 2  85 rr              STA   ptr2_hi
0015C0r 2  A0 05              LDY   #CONS_CDR_LO
0015C2r 2  A5 rr              LDA   ptr_lo
0015C4r 2  91 rr              STA   (ptr2_lo),Y
0015C6r 2  A0 06              LDY   #CONS_CDR_HI
0015C8r 2  A5 rr              LDA   ptr_hi
0015CAr 2  91 rr              STA   (ptr2_lo),Y
0015CCr 2  A5 rr              LDA   ptr_lo
0015CEr 2  85 rr              STA   z:list_tail_lo
0015D0r 2  A5 rr              LDA   ptr_hi
0015D2r 2  85 rr              STA   z:list_tail_hi
0015D4r 2  4C rr rr           JMP   @rl_next
0015D7r 2               
0015D7r 2               @rl_build_done:
0015D7r 2                     ; Restore tokenizer state
0015D7r 2  68                 PLA
0015D8r 2  85 rr              STA   eval_cur_hi
0015DAr 2  68                 PLA
0015DBr 2  85 rr              STA   eval_cur_lo
0015DDr 2  68                 PLA
0015DEr 2  85 rr              STA   tok_tail_hi
0015E0r 2  68                 PLA
0015E1r 2  85 rr              STA   tok_tail_lo
0015E3r 2  68                 PLA
0015E4r 2  85 rr              STA   tok_head_hi
0015E6r 2  68                 PLA
0015E7r 2  85 rr              STA   tok_head_lo
0015E9r 2               
0015E9r 2                     ; Return the list
0015E9r 2  A9 02              LDA   #VAL_LIST
0015EBr 2  85 rr              STA   eval_type
0015EDr 2  A5 rr              LDA   z:list_head_lo
0015EFr 2  85 rr              STA   eval_val_lo
0015F1r 2  A5 rr              LDA   z:list_head_hi
0015F3r 2  85 rr              STA   eval_val_hi
0015F5r 2  64 rr              STZ   eval_val_frac
0015F7r 2  4C rr rr           JMP   eval_continue
0015FAr 2               
0015FAr 2               @rl_oom:
0015FAr 2                     ; Restore tokenizer state before error
0015FAr 2  68                 PLA
0015FBr 2  85 rr              STA   eval_cur_hi
0015FDr 2  68                 PLA
0015FEr 2  85 rr              STA   eval_cur_lo
001600r 2  68                 PLA
001601r 2  85 rr              STA   tok_tail_hi
001603r 2  68                 PLA
001604r 2  85 rr              STA   tok_tail_lo
001606r 2  68                 PLA
001607r 2  85 rr              STA   tok_head_hi
001609r 2  68                 PLA
00160Ar 2  85 rr              STA   tok_head_lo
00160Cr 2  A2 rr              LDX   #<str_oom
00160Er 2  A0 rr              LDY   #>str_oom
001610r 2  4C rr rr           JMP   list_print_err
001613r 2               
001613r 2               ; ---------------------------------------------------------------------
001613r 2               ; do_char — CHAR n: convert ASCII code to 1-char word
001613r 2               ;   Arity 0: evaluates its own argument
001613r 2               ; ---------------------------------------------------------------------
001613r 2               do_char:
001613r 2  20 rr rr           JSR   eval_expr
001616r 2  B0 09              BCS   @err
001618r 2                     ; Must be a number
001618r 2  A5 rr              LDA   eval_type
00161Ar 2  D0 05              BNE   @err
00161Cr 2                     ; Low byte of number is the ASCII code
00161Cr 2  A5 rr              LDA   eval_val_lo
00161Er 2  4C rr rr           JMP   alloc_one_char_word
001621r 2               @err:
001621r 2  A2 rr              LDX   #<str_char_err
001623r 2  A0 rr              LDY   #>str_char_err
001625r 2  4C rr rr           JMP   list_print_err
001628r 2               
001628r 2               ; ---------------------------------------------------------------------
001628r 2               ; do_ascii — ASCII word: return ASCII code of first character
001628r 2               ;   Arity 0: evaluates its own argument
001628r 2               ; ---------------------------------------------------------------------
001628r 2               do_ascii:
001628r 2  20 rr rr           JSR   eval_expr
00162Br 2  B0 23              BCS   @err
00162Dr 2                     ; Must be a word
00162Dr 2  A5 rr              LDA   eval_type
00162Fr 2  C9 01              CMP   #VAL_WORD
001631r 2  D0 1D              BNE   @err_type
001633r 2                     ; eval_val_lo/hi points at length-prefixed string
001633r 2  A5 rr              LDA   eval_val_lo
001635r 2  85 rr              STA   ptr_lo
001637r 2  A5 rr              LDA   eval_val_hi
001639r 2  85 rr              STA   ptr_hi
00163Br 2  A0 00              LDY   #0
00163Dr 2  B1 rr              LDA   (ptr_lo),Y           ; length
00163Fr 2  F0 0F              BEQ   @err_empty            ; empty word
001641r 2  A0 01              LDY   #1
001643r 2  B1 rr              LDA   (ptr_lo),Y           ; first character
001645r 2  85 rr              STA   eval_val_lo
001647r 2  64 rr              STZ   eval_val_hi
001649r 2  64 rr              STZ   eval_val_frac
00164Br 2  64 rr              STZ   eval_type             ; VAL_NUMBER
00164Dr 2  4C rr rr           JMP   eval_continue
001650r 2               @err_type:
001650r 2               @err_empty:
001650r 2               @err:
001650r 2  A2 rr              LDX   #<str_ascii_err
001652r 2  A0 rr              LDY   #>str_ascii_err
001654r 2  4C rr rr           JMP   list_print_err
001657r 2               
001657r 2               ; =====================================================================
001657r 2               ; Math functions and type predicates
001657r 2               ; =====================================================================
001657r 2               
001657r 2               ; ---------------------------------------------------------------------
001657r 2               ; return_number — set eval_val from eval_val_lo/hi, clear frac+type
001657r 2               ;   Entry: eval_val_lo/hi already set
001657r 2               ;   Jumps to eval_continue
001657r 2               ; ---------------------------------------------------------------------
001657r 2               return_number:
001657r 2  64 rr              STZ   eval_val_frac
001659r 2  64 rr              STZ   eval_type
00165Br 2  4C rr rr           JMP   eval_continue
00165Er 2               
00165Er 2               ; ---------------------------------------------------------------------
00165Er 2               ; return_signed_byte — sign-extend A into eval_val as 16.8 number
00165Er 2               ;   Entry: A = signed byte (-128..+127)
00165Er 2               ;   Jumps to eval_continue
00165Er 2               ; ---------------------------------------------------------------------
00165Er 2               return_signed_byte:
00165Er 2  85 rr              STA   eval_val_lo
001660r 2  10 04              BPL   @pos
001662r 2  A9 FF              LDA   #$FF
001664r 2  80 02              BRA   @set
001666r 2  A9 00        @pos: LDA   #$00
001668r 2  85 rr        @set: STA   eval_val_hi
00166Ar 2  80 EB              BRA   return_number
00166Cr 2               
00166Cr 2               ; ---------------------------------------------------------------------
00166Cr 2               ; predicate_result — set eval_val to 1 (Z set) or 0 (Z clear)
00166Cr 2               ;   Entry: Z flag from CMP
00166Cr 2               ;   Jumps to eval_continue
00166Cr 2               ; ---------------------------------------------------------------------
00166Cr 2               predicate_result:
00166Cr 2  F0 04              BEQ   @true
00166Er 2  64 rr              STZ   eval_val_lo
001670r 2  80 04              BRA   @done
001672r 2               @true:
001672r 2  A9 01              LDA   #1
001674r 2  85 rr              STA   eval_val_lo
001676r 2               @done:
001676r 2  64 rr              STZ   eval_val_hi
001678r 2  80 DD              BRA   return_number
00167Ar 2               
00167Ar 2               ; ---------------------------------------------------------------------
00167Ar 2               ; degrees_to_u8 — convert eval_val (degrees 0-360) to u8 angle (0-255)
00167Ar 2               ;   Uses MUL16 coprocessor: angle = degrees * 91 / 128
00167Ar 2               ;   Actually: write degrees to MUL16 A, 91 to B, read RES1 (high byte)
00167Ar 2               ;   Then shift right once (divide by 2) since 91/256=0.355, we want 91/128
00167Ar 2               ;   Wait, let me recalculate: degrees * 91 >> 7
00167Ar 2               ;   MUL16 gives degrees*91 in RES1:RES0. We want bits [14:7] of that.
00167Ar 2               ;   RES1 is bits [15:8]. But we want >>7 which is RES1<<1 | RES0>>7.
00167Ar 2               ;   Simpler: degrees * 182 / 256 = RES1 of (degrees * 182). Let's use 182.
00167Ar 2               ;   Output: A = u8 angle
00167Ar 2               ;   Clobbers: uses math coprocessor regs
00167Ar 2               ; ---------------------------------------------------------------------
00167Ar 2               degrees_to_u8:
00167Ar 2  A5 rr              LDA   eval_val_lo
00167Cr 2  8D 20 BB           STA   MATH_MUL16_A_LO
00167Fr 2  A5 rr              LDA   eval_val_hi
001681r 2  8D 21 BB           STA   MATH_MUL16_A_HI
001684r 2  A9 B6              LDA   #182
001686r 2  8D 22 BB           STA   MATH_MUL16_B_LO
001689r 2  9C 23 BB           STZ   MATH_MUL16_B_HI       ; trigger multiply
00168Cr 2  AD 39 BB           LDA   MATH_RES1              ; high byte = degrees * 182 / 256
00168Fr 2  60                 RTS
001690r 2               
001690r 2               ; ---------------------------------------------------------------------
001690r 2               ; do_sin — SIN degrees: return sin as signed byte (-128..+127)
001690r 2               ; ---------------------------------------------------------------------
001690r 2               do_sin:
001690r 2  20 rr rr           JSR   eval_expr
001693r 2  B0 0C              BCS   @err
001695r 2  20 rr rr           JSR   degrees_to_u8
001698r 2  8D 2E BB           STA   MATH_SINCOS_ANGLE
00169Br 2  AD 38 BB           LDA   MATH_RES0              ; sin result (signed 1.7)
00169Er 2  4C rr rr           JMP   return_signed_byte
0016A1r 2               @err:
0016A1r 2  38                 SEC
0016A2r 2  60                 RTS
0016A3r 2               
0016A3r 2               ; ---------------------------------------------------------------------
0016A3r 2               ; do_cos — COS degrees: return cos as signed byte (-128..+127)
0016A3r 2               ; ---------------------------------------------------------------------
0016A3r 2               do_cos:
0016A3r 2  20 rr rr           JSR   eval_expr
0016A6r 2  B0 0C              BCS   @err
0016A8r 2  20 rr rr           JSR   degrees_to_u8
0016ABr 2  8D 2E BB           STA   MATH_SINCOS_ANGLE
0016AEr 2  AD 39 BB           LDA   MATH_RES1              ; cos result (signed 1.7)
0016B1r 2  4C rr rr           JMP   return_signed_byte
0016B4r 2               @err:
0016B4r 2  38                 SEC
0016B5r 2  60                 RTS
0016B6r 2               
0016B6r 2               ; ---------------------------------------------------------------------
0016B6r 2               ; do_abs — ABS n: return absolute value
0016B6r 2               ; ---------------------------------------------------------------------
0016B6r 2               do_abs:
0016B6r 2  20 rr rr           JSR   eval_expr
0016B9r 2  B0 22              BCS   @err
0016BBr 2  A5 rr              LDA   eval_val_hi
0016BDr 2  10 19              BPL   @done                  ; already positive
0016BFr 2                     ; Negate 24-bit value
0016BFr 2  A5 rr              LDA   eval_val_frac
0016C1r 2  49 FF              EOR   #$FF
0016C3r 2  18                 CLC
0016C4r 2  69 01              ADC   #1
0016C6r 2  85 rr              STA   eval_val_frac
0016C8r 2  A5 rr              LDA   eval_val_lo
0016CAr 2  49 FF              EOR   #$FF
0016CCr 2  69 00              ADC   #0
0016CEr 2  85 rr              STA   eval_val_lo
0016D0r 2  A5 rr              LDA   eval_val_hi
0016D2r 2  49 FF              EOR   #$FF
0016D4r 2  69 00              ADC   #0
0016D6r 2  85 rr              STA   eval_val_hi
0016D8r 2               @done:
0016D8r 2  64 rr              STZ   eval_type
0016DAr 2  4C rr rr           JMP   eval_continue
0016DDr 2               @err:
0016DDr 2  38                 SEC
0016DEr 2  60                 RTS
0016DFr 2               
0016DFr 2               ; ---------------------------------------------------------------------
0016DFr 2               ; do_int — INT n: truncate fractional part
0016DFr 2               ; ---------------------------------------------------------------------
0016DFr 2               do_int:
0016DFr 2  20 rr rr           JSR   eval_expr
0016E2r 2  B0 07              BCS   @err
0016E4r 2  64 rr              STZ   eval_val_frac
0016E6r 2  64 rr              STZ   eval_type
0016E8r 2  4C rr rr           JMP   eval_continue
0016EBr 2               @err:
0016EBr 2  38                 SEC
0016ECr 2  60                 RTS
0016EDr 2               
0016EDr 2               ; ---------------------------------------------------------------------
0016EDr 2               ; do_round — ROUND n: round to nearest integer
0016EDr 2               ; ---------------------------------------------------------------------
0016EDr 2               do_round:
0016EDr 2  20 rr rr           JSR   eval_expr
0016F0r 2  B0 19              BCS   @err
0016F2r 2  A5 rr              LDA   eval_val_frac
0016F4r 2  C9 80              CMP   #128
0016F6r 2  90 0C              BCC   @trunc
0016F8r 2                     ; Round up: increment integer part
0016F8r 2  A5 rr              LDA   eval_val_hi
0016FAr 2  10 02              BPL   @pos_round
0016FCr 2                     ; Negative: actually round toward zero = truncate
0016FCr 2  80 06              BRA   @trunc
0016FEr 2               @pos_round:
0016FEr 2  E6 rr              INC   eval_val_lo
001700r 2  D0 02              BNE   @trunc
001702r 2  E6 rr              INC   eval_val_hi
001704r 2               @trunc:
001704r 2  64 rr              STZ   eval_val_frac
001706r 2  64 rr              STZ   eval_type
001708r 2  4C rr rr           JMP   eval_continue
00170Br 2               @err:
00170Br 2  38                 SEC
00170Cr 2  60                 RTS
00170Dr 2               
00170Dr 2               ; ---------------------------------------------------------------------
00170Dr 2               ; do_random — RANDOM n: return random number 0..n-1
00170Dr 2               ;   Uses math coprocessor RNG + MUL16 to scale
00170Dr 2               ; ---------------------------------------------------------------------
00170Dr 2               do_random:
00170Dr 2  20 rr rr           JSR   eval_expr
001710r 2  B0 1D              BCS   @err
001712r 2                     ; RNG byte * n / 256 gives 0..n-1
001712r 2  AD 37 BB           LDA   MATH_RNG
001715r 2  8D 20 BB           STA   MATH_MUL16_A_LO
001718r 2  9C 21 BB           STZ   MATH_MUL16_A_HI
00171Br 2  A5 rr              LDA   eval_val_lo
00171Dr 2  8D 22 BB           STA   MATH_MUL16_B_LO
001720r 2  A5 rr              LDA   eval_val_hi
001722r 2  8D 23 BB           STA   MATH_MUL16_B_HI       ; trigger
001725r 2  AD 39 BB           LDA   MATH_RES1              ; high byte of (rng * n) = rng*n/256
001728r 2  85 rr              STA   eval_val_lo
00172Ar 2  64 rr              STZ   eval_val_hi
00172Cr 2  4C rr rr           JMP   return_number
00172Fr 2               @err:
00172Fr 2  38                 SEC
001730r 2  60                 RTS
001731r 2               
001731r 2               ; ---------------------------------------------------------------------
001731r 2               ; do_sqrt — SQRT n: approximate sqrt via DIST_APPROX(n, 0)
001731r 2               ; ---------------------------------------------------------------------
001731r 2               do_sqrt:
001731r 2  20 rr rr           JSR   eval_expr
001734r 2  B0 1D              BCS   @err
001736r 2  A5 rr              LDA   eval_val_lo
001738r 2  8D 33 BB           STA   MATH_DIST_DX_LO
00173Br 2  A5 rr              LDA   eval_val_hi
00173Dr 2  8D 34 BB           STA   MATH_DIST_DX_HI
001740r 2  9C 35 BB           STZ   MATH_DIST_DY_LO
001743r 2  9C 36 BB           STZ   MATH_DIST_DY_HI       ; trigger (write to DY_HI triggers)
001746r 2  AD 38 BB           LDA   MATH_RES0
001749r 2  85 rr              STA   eval_val_lo
00174Br 2  AD 39 BB           LDA   MATH_RES1
00174Er 2  85 rr              STA   eval_val_hi
001750r 2  4C rr rr           JMP   return_number
001753r 2               @err:
001753r 2  38                 SEC
001754r 2  60                 RTS
001755r 2               
001755r 2               ; ---------------------------------------------------------------------
001755r 2               ; do_remainder — REMAINDER a b: return a mod b via DIV coprocessor
001755r 2               ; ---------------------------------------------------------------------
001755r 2               do_remainder:
001755r 2  20 rr rr           JSR   eval_expr              ; first arg (a)
001758r 2  B0 49              BCS   @err
00175Ar 2  A5 rr              LDA   eval_val_lo
00175Cr 2  48                 PHA
00175Dr 2  A5 rr              LDA   eval_val_hi
00175Fr 2  48                 PHA
001760r 2  20 rr rr           JSR   eval_expr              ; second arg (b)
001763r 2  B0 3C              BCS   @err_pop
001765r 2                     ; b in eval_val, a on stack
001765r 2                     ; Check divide by zero
001765r 2  A5 rr              LDA   eval_val_lo
001767r 2  05 rr              ORA   eval_val_hi
001769r 2  F0 2D              BEQ   @zero_pop
00176Br 2                     ; Set up 32÷16 division: dividend=a, divisor=b
00176Br 2  68                 PLA
00176Cr 2  8D 29 BB           STA   MATH_DIV_N_1           ; a_hi
00176Fr 2  AA                 TAX                          ; save for sign-extend
001770r 2  68                 PLA
001771r 2  8D 28 BB           STA   MATH_DIV_N_LO          ; a_lo
001774r 2                     ; Sign-extend a
001774r 2  8A                 TXA
001775r 2  09 7F              ORA   #$7F
001777r 2  30 02              BMI   @neg_a
001779r 2  A9 00              LDA   #$00
00177Br 2               @neg_a:                            ; A=$FF if negative
00177Br 2  8D 2A BB           STA   MATH_DIV_N_2
00177Er 2  8D 2B BB           STA   MATH_DIV_N_HI
001781r 2  A5 rr              LDA   eval_val_lo
001783r 2  8D 2C BB           STA   MATH_DIV_D_LO
001786r 2  A5 rr              LDA   eval_val_hi
001788r 2  8D 2D BB           STA   MATH_DIV_D_HI          ; trigger
00178Br 2                     ; Remainder is in RES2:RES3 (actually check what the copro returns)
00178Br 2                     ; The math copro returns quotient in RES0:RES1, remainder in RES2:RES3
00178Br 2  AD 3A BB           LDA   MATH_RES2
00178Er 2  85 rr              STA   eval_val_lo
001790r 2  AD 3B BB           LDA   MATH_RES3
001793r 2  85 rr              STA   eval_val_hi
001795r 2  4C rr rr           JMP   return_number
001798r 2               @zero_pop:
001798r 2  68                 PLA
001799r 2  68                 PLA
00179Ar 2  64 rr              STZ   eval_val_lo
00179Cr 2  64 rr              STZ   eval_val_hi
00179Er 2  4C rr rr           JMP   return_number
0017A1r 2               @err_pop:
0017A1r 2  68                 PLA
0017A2r 2  68                 PLA
0017A3r 2               @err:
0017A3r 2  38                 SEC
0017A4r 2  60                 RTS
0017A5r 2               
0017A5r 2               ; ---------------------------------------------------------------------
0017A5r 2               ; do_not — NOT expr: return 1 if expr is 0, else 0
0017A5r 2               ; ---------------------------------------------------------------------
0017A5r 2               do_not:
0017A5r 2  20 rr rr           JSR   eval_expr
0017A8r 2  B0 13              BCS   @err
0017AAr 2  A5 rr              LDA   eval_val_lo
0017ACr 2  05 rr              ORA   eval_val_hi
0017AEr 2                     ; If zero, set result to 1. If nonzero, set to 0.
0017AEr 2  D0 06              BNE   @false
0017B0r 2  A9 01              LDA   #1
0017B2r 2  85 rr              STA   eval_val_lo
0017B4r 2  80 02              BRA   @done
0017B6r 2               @false:
0017B6r 2  64 rr              STZ   eval_val_lo
0017B8r 2               @done:
0017B8r 2  64 rr              STZ   eval_val_hi
0017BAr 2  4C rr rr           JMP   return_number
0017BDr 2               @err:
0017BDr 2  38                 SEC
0017BEr 2  60                 RTS
0017BFr 2               
0017BFr 2               ; ---------------------------------------------------------------------
0017BFr 2               ; do_and — AND a b: return 1 if both nonzero, else 0
0017BFr 2               ; ---------------------------------------------------------------------
0017BFr 2               do_and:
0017BFr 2  20 rr rr           JSR   eval_expr
0017C2r 2  B0 1E              BCS   @err
0017C4r 2  A5 rr              LDA   eval_val_lo
0017C6r 2  05 rr              ORA   eval_val_hi
0017C8r 2  F0 11              BEQ   @false                 ; first arg is 0 → short-circuit
0017CAr 2  20 rr rr           JSR   eval_expr
0017CDr 2  B0 13              BCS   @err
0017CFr 2  A5 rr              LDA   eval_val_lo
0017D1r 2  05 rr              ORA   eval_val_hi
0017D3r 2  F0 06              BEQ   @false
0017D5r 2  A9 01              LDA   #1
0017D7r 2  85 rr              STA   eval_val_lo
0017D9r 2  80 02              BRA   @done
0017DBr 2               @false:
0017DBr 2  64 rr              STZ   eval_val_lo
0017DDr 2               @done:
0017DDr 2  64 rr              STZ   eval_val_hi
0017DFr 2  4C rr rr           JMP   return_number
0017E2r 2               @err:
0017E2r 2  38                 SEC
0017E3r 2  60                 RTS
0017E4r 2               
0017E4r 2               ; ---------------------------------------------------------------------
0017E4r 2               ; do_or — OR a b: return 1 if either nonzero, else 0
0017E4r 2               ; ---------------------------------------------------------------------
0017E4r 2               do_or:
0017E4r 2  20 rr rr           JSR   eval_expr
0017E7r 2  B0 1E              BCS   @err
0017E9r 2  A5 rr              LDA   eval_val_lo
0017EBr 2  05 rr              ORA   eval_val_hi
0017EDr 2  D0 0F              BNE   @true                  ; first arg nonzero → short-circuit
0017EFr 2  20 rr rr           JSR   eval_expr
0017F2r 2  B0 13              BCS   @err
0017F4r 2  A5 rr              LDA   eval_val_lo
0017F6r 2  05 rr              ORA   eval_val_hi
0017F8r 2  D0 04              BNE   @true
0017FAr 2  64 rr              STZ   eval_val_lo
0017FCr 2  80 04              BRA   @done
0017FEr 2               @true:
0017FEr 2  A9 01              LDA   #1
001800r 2  85 rr              STA   eval_val_lo
001802r 2               @done:
001802r 2  64 rr              STZ   eval_val_hi
001804r 2  4C rr rr           JMP   return_number
001807r 2               @err:
001807r 2  38                 SEC
001808r 2  60                 RTS
001809r 2               
001809r 2               ; ---------------------------------------------------------------------
001809r 2               ; Type predicates — NUMBER?, WORD?, LIST?
001809r 2               ; ---------------------------------------------------------------------
001809r 2               do_numberp:
001809r 2  20 rr rr           JSR   eval_expr
00180Cr 2  B0 07              BCS   @err
00180Er 2  A5 rr              LDA   eval_type
001810r 2  C9 00              CMP   #VAL_NUMBER
001812r 2  4C rr rr           JMP   predicate_result
001815r 2               @err:
001815r 2  38                 SEC
001816r 2  60                 RTS
001817r 2               
001817r 2               do_wordp:
001817r 2  20 rr rr           JSR   eval_expr
00181Ar 2  B0 07              BCS   @err
00181Cr 2  A5 rr              LDA   eval_type
00181Er 2  C9 01              CMP   #VAL_WORD
001820r 2  4C rr rr           JMP   predicate_result
001823r 2               @err:
001823r 2  38                 SEC
001824r 2  60                 RTS
001825r 2               
001825r 2               do_listp:
001825r 2  20 rr rr           JSR   eval_expr
001828r 2  B0 07              BCS   @err
00182Ar 2  A5 rr              LDA   eval_type
00182Cr 2  C9 02              CMP   #VAL_LIST
00182Er 2  4C rr rr           JMP   predicate_result
001831r 2               @err:
001831r 2  38                 SEC
001832r 2  60                 RTS
001833r 2               
001833r 2               ; =====================================================================
001833r 2               ; RODATA — builtin table and name strings
001833r 2               ; =====================================================================
001833r 2                     .segment "RODATA"
000328r 2               
000328r 2               str_oom:
000328r 2  4F 55 54 20        .byte "OUT OF MEMORY", 0
00032Cr 2  4F 46 20 4D  
000330r 2  45 4D 4F 52  
000336r 2               
000336r 2               str_char_err:
000336r 2  4E 4F 54 20        .byte "NOT ENOUGH INPUTS TO CHAR", 0
00033Ar 2  45 4E 4F 55  
00033Er 2  47 48 20 49  
000350r 2               
000350r 2               str_ascii_err:
000350r 2  4E 4F 54 20        .byte "NOT ENOUGH INPUTS TO ASCII", 0
000354r 2  45 4E 4F 55  
000358r 2  47 48 20 49  
00036Br 2               
00036Br 2               str_for_err:
00036Br 2  46 4F 52 20        .byte "FOR NEEDS [VAR START END]", 0
00036Fr 2  4E 45 45 44  
000373r 2  53 20 5B 56  
000385r 2               
000385r 2               str_for_bracket:
000385r 2  46 4F 52 20        .byte "FOR NEEDS [BODY]", 0
000389r 2  4E 45 45 44  
00038Dr 2  53 20 5B 42  
000396r 2               
000396r 2               str_while_bracket:
000396r 2  57 48 49 4C        .byte "WHILE/UNTIL NEEDS [COND] [BODY]", 0
00039Ar 2  45 2F 55 4E  
00039Er 2  54 49 4C 20  
0003B6r 2               
0003B6r 2               str_make_err:
0003B6r 2  4E 4F 54 20        .byte "NOT ENOUGH INPUTS TO MAKE", 0
0003BAr 2  45 4E 4F 55  
0003BEr 2  47 48 20 49  
0003D0r 2               
0003D0r 2               str_repeat_err:
0003D0r 2  4E 4F 54 20        .byte "NOT ENOUGH INPUTS TO REPEAT", 0
0003D4r 2  45 4E 4F 55  
0003D8r 2  47 48 20 49  
0003ECr 2               
0003ECr 2               str_repeat_bracket:
0003ECr 2  52 45 50 45        .byte "REPEAT NEEDS [ BODY ]", 0
0003F0r 2  41 54 20 4E  
0003F4r 2  45 45 44 53  
000402r 2               
000402r 2               str_if_err:
000402r 2  4E 4F 54 20        .byte "NOT ENOUGH INPUTS TO IF", 0
000406r 2  45 4E 4F 55  
00040Ar 2  47 48 20 49  
00041Ar 2               
00041Ar 2               str_if_bracket:
00041Ar 2  49 46 20 4E        .byte "IF NEEDS [ BODY ]", 0
00041Er 2  45 45 44 53  
000422r 2  20 5B 20 42  
00042Cr 2               
00042Cr 2               str_ifelse_err:
00042Cr 2  4E 4F 54 20        .byte "NOT ENOUGH INPUTS TO IFELSE", 0
000430r 2  45 4E 4F 55  
000434r 2  47 48 20 49  
000448r 2               
000448r 2               str_ifelse_bracket:
000448r 2  49 46 45 4C        .byte "IFELSE NEEDS [ BODY ]", 0
00044Cr 2  53 45 20 4E  
000450r 2  45 45 44 53  
00045Er 2               
00045Er 2               str_catch_err:
00045Er 2  4E 4F 54 20        .byte "NOT ENOUGH INPUTS TO CATCH", 0
000462r 2  45 4E 4F 55  
000466r 2  47 48 20 49  
000479r 2               
000479r 2               str_catch_bracket:
000479r 2  43 41 54 43        .byte "CATCH NEEDS TAG [BODY]", 0
00047Dr 2  48 20 4E 45  
000481r 2  45 44 53 20  
000490r 2               
000490r 2               str_throw_err:
000490r 2  4E 4F 54 20        .byte "NOT ENOUGH INPUTS TO THROW", 0
000494r 2  45 4E 4F 55  
000498r 2  47 48 20 49  
0004ABr 2               
0004ABr 2               ; Name strings: length-prefixed
0004ABr 2               str_print_name:
0004ABr 2  05 50 52 49        .byte 5, "PRINT"
0004AFr 2  4E 54        
0004B1r 2               str_type_name:
0004B1r 2  04 54 59 50        .byte 4, "TYPE"
0004B5r 2  45           
0004B6r 2               str_make_name:
0004B6r 2  04 4D 41 4B        .byte 4, "MAKE"
0004BAr 2  45           
0004BBr 2               str_repeat_name:
0004BBr 2  06 52 45 50        .byte 6, "REPEAT"
0004BFr 2  45 41 54     
0004C2r 2               str_if_name:
0004C2r 2  02 49 46           .byte 2, "IF"
0004C5r 2               str_ifelse_name:
0004C5r 2  06 49 46 45        .byte 6, "IFELSE"
0004C9r 2  4C 53 45     
0004CCr 2               str_stop_name:
0004CCr 2  04 53 54 4F        .byte 4, "STOP"
0004D0r 2  50           
0004D1r 2               str_output_name:
0004D1r 2  06 4F 55 54        .byte 6, "OUTPUT"
0004D5r 2  50 55 54     
0004D8r 2               str_catch_name:
0004D8r 2  05 43 41 54        .byte 5, "CATCH"
0004DCr 2  43 48        
0004DEr 2               str_throw_name:
0004DEr 2  05 54 48 52        .byte 5, "THROW"
0004E2r 2  4F 57        
0004E4r 2               str_repcount_name:
0004E4r 2  08 52 45 50        .byte 8, "REPCOUNT"
0004E8r 2  43 4F 55 4E  
0004ECr 2  54           
0004EDr 2               str_for_name:
0004EDr 2  03 46 4F 52        .byte 3, "FOR"
0004F1r 2               str_while_name:
0004F1r 2  05 57 48 49        .byte 5, "WHILE"
0004F5r 2  4C 45        
0004F7r 2               str_until_name:
0004F7r 2  05 55 4E 54        .byte 5, "UNTIL"
0004FBr 2  49 4C        
0004FDr 2               str_readchar_name:
0004FDr 2  08 52 45 41        .byte 8, "READCHAR"
000501r 2  44 43 48 41  
000505r 2  52           
000506r 2               str_readword_name:
000506r 2  08 52 45 41        .byte 8, "READWORD"
00050Ar 2  44 57 4F 52  
00050Er 2  44           
00050Fr 2               str_readlist_name:
00050Fr 2  08 52 45 41        .byte 8, "READLIST"
000513r 2  44 4C 49 53  
000517r 2  54           
000518r 2               str_char_name:
000518r 2  04 43 48 41        .byte 4, "CHAR"
00051Cr 2  52           
00051Dr 2               str_ascii_name:
00051Dr 2  05 41 53 43        .byte 5, "ASCII"
000521r 2  49 49        
000523r 2               str_sin_name:
000523r 2  03 53 49 4E        .byte 3, "SIN"
000527r 2               str_cos_name:
000527r 2  03 43 4F 53        .byte 3, "COS"
00052Br 2               str_abs_name:
00052Br 2  03 41 42 53        .byte 3, "ABS"
00052Fr 2               str_int_name:
00052Fr 2  03 49 4E 54        .byte 3, "INT"
000533r 2               str_round_name:
000533r 2  05 52 4F 55        .byte 5, "ROUND"
000537r 2  4E 44        
000539r 2               str_random_name:
000539r 2  06 52 41 4E        .byte 6, "RANDOM"
00053Dr 2  44 4F 4D     
000540r 2               str_sqrt_name:
000540r 2  04 53 51 52        .byte 4, "SQRT"
000544r 2  54           
000545r 2               str_remainder_name:
000545r 2  09 52 45 4D        .byte 9, "REMAINDER"
000549r 2  41 49 4E 44  
00054Dr 2  45 52        
00054Fr 2               str_not_name:
00054Fr 2  03 4E 4F 54        .byte 3, "NOT"
000553r 2               str_and_name:
000553r 2  03 41 4E 44        .byte 3, "AND"
000557r 2               str_or_name:
000557r 2  02 4F 52           .byte 2, "OR"
00055Ar 2               str_numberp_name:
00055Ar 2  07 4E 55 4D        .byte 7, "NUMBER?"
00055Er 2  42 45 52 3F  
000562r 2               str_wordp_name:
000562r 2  05 57 4F 52        .byte 5, "WORD?"
000566r 2  44 3F        
000568r 2               str_listp_name:
000568r 2  05 4C 49 53        .byte 5, "LIST?"
00056Cr 2  54 3F        
00056Er 2               
00056Er 2               ; Builtin table: name_ptr(2) + handler_addr(2) + arity(1)
00056Er 2               builtin_table:
00056Er 2  rr rr              .word str_print_name
000570r 2  rr rr              .word do_print
000572r 2  01                 .byte 1
000573r 2               
000573r 2  rr rr              .word str_type_name
000575r 2  rr rr              .word do_type
000577r 2  01                 .byte 1
000578r 2               
000578r 2  rr rr              .word str_make_name
00057Ar 2  rr rr              .word do_make
00057Cr 2  00                 .byte 0                    ; arity 0: do_make handles its own args
00057Dr 2               
00057Dr 2  rr rr              .word str_repeat_name
00057Fr 2  rr rr              .word do_repeat
000581r 2  00                 .byte 0                    ; arity 0: do_repeat handles its own args
000582r 2               
000582r 2  rr rr              .word str_ifelse_name
000584r 2  rr rr              .word do_ifelse
000586r 2  00                 .byte 0                    ; arity 0: do_ifelse handles its own args
000587r 2               
000587r 2  rr rr              .word str_if_name
000589r 2  rr rr              .word do_if
00058Br 2  00                 .byte 0                    ; arity 0: do_if handles its own args
00058Cr 2               
00058Cr 2  rr rr              .word str_stop_name
00058Er 2  rr rr              .word do_stop
000590r 2  00                 .byte 0                    ; arity 0: no arguments
000591r 2               
000591r 2  rr rr              .word str_output_name
000593r 2  rr rr              .word do_output
000595r 2  00                 .byte 0                    ; arity 0: do_output handles its own args
000596r 2               
000596r 2  rr rr              .word str_first_name
000598r 2  rr rr              .word do_first
00059Ar 2  00                 .byte 0                    ; arity 0: handles its own args
00059Br 2               
00059Br 2  rr rr              .word str_butfirst_name
00059Dr 2  rr rr              .word do_butfirst
00059Fr 2  00                 .byte 0
0005A0r 2               
0005A0r 2  rr rr              .word str_bf_name
0005A2r 2  rr rr              .word do_butfirst
0005A4r 2  00                 .byte 0                    ; BF = alias for BUTFIRST
0005A5r 2               
0005A5r 2  rr rr              .word str_count_name
0005A7r 2  rr rr              .word do_count
0005A9r 2  00                 .byte 0
0005AAr 2               
0005AAr 2  rr rr              .word str_emptyp_name
0005ACr 2  rr rr              .word do_emptyp
0005AEr 2  00                 .byte 0
0005AFr 2               
0005AFr 2  rr rr              .word str_last_name
0005B1r 2  rr rr              .word do_last
0005B3r 2  00                 .byte 0
0005B4r 2               
0005B4r 2  rr rr              .word str_butlast_name
0005B6r 2  rr rr              .word do_butlast
0005B8r 2  00                 .byte 0
0005B9r 2               
0005B9r 2  rr rr              .word str_bl_name
0005BBr 2  rr rr              .word do_butlast
0005BDr 2  00                 .byte 0                    ; BL = alias for BUTLAST
0005BEr 2               
0005BEr 2  rr rr              .word str_item_name
0005C0r 2  rr rr              .word do_item
0005C2r 2  00                 .byte 0
0005C3r 2               
0005C3r 2  rr rr              .word str_memberp_name
0005C5r 2  rr rr              .word do_memberp
0005C7r 2  00                 .byte 0
0005C8r 2               
0005C8r 2  rr rr              .word str_show_name
0005CAr 2  rr rr              .word do_show
0005CCr 2  00                 .byte 0
0005CDr 2               
0005CDr 2  rr rr              .word str_fput_name
0005CFr 2  rr rr              .word do_fput
0005D1r 2  00                 .byte 0
0005D2r 2               
0005D2r 2  rr rr              .word str_lput_name
0005D4r 2  rr rr              .word do_lput
0005D6r 2  00                 .byte 0
0005D7r 2               
0005D7r 2  rr rr              .word str_list_name
0005D9r 2  rr rr              .word do_list
0005DBr 2  00                 .byte 0
0005DCr 2               
0005DCr 2  rr rr              .word str_sentence_name
0005DEr 2  rr rr              .word do_sentence
0005E0r 2  00                 .byte 0
0005E1r 2               
0005E1r 2  rr rr              .word str_se_name
0005E3r 2  rr rr              .word do_sentence
0005E5r 2  00                 .byte 0                    ; SE = alias for SENTENCE
0005E6r 2               
0005E6r 2  rr rr              .word str_word_name
0005E8r 2  rr rr              .word do_word
0005EAr 2  00                 .byte 0
0005EBr 2               
0005EBr 2  rr rr              .word str_run_name
0005EDr 2  rr rr              .word do_run
0005EFr 2  00                 .byte 0
0005F0r 2               
0005F0r 2  rr rr              .word str_catch_name
0005F2r 2  rr rr              .word do_catch
0005F4r 2  00                 .byte 0                    ; arity 0: do_catch handles its own args
0005F5r 2               
0005F5r 2  rr rr              .word str_throw_name
0005F7r 2  rr rr              .word do_throw
0005F9r 2  00                 .byte 0                    ; arity 0: do_throw handles its own args
0005FAr 2               
0005FAr 2  rr rr              .word str_repcount_name
0005FCr 2  rr rr              .word do_repcount
0005FEr 2  00                 .byte 0                    ; arity 0: reporter
0005FFr 2               
0005FFr 2  rr rr              .word str_for_name
000601r 2  rr rr              .word do_for
000603r 2  00                 .byte 0                    ; arity 0: do_for handles its own args
000604r 2               
000604r 2  rr rr              .word str_while_name
000606r 2  rr rr              .word do_while
000608r 2  00                 .byte 0                    ; arity 0: do_while handles its own args
000609r 2               
000609r 2  rr rr              .word str_until_name
00060Br 2  rr rr              .word do_until
00060Dr 2  00                 .byte 0                    ; arity 0: do_until handles its own args
00060Er 2               
00060Er 2  rr rr              .word str_readchar_name
000610r 2  rr rr              .word do_readchar
000612r 2  00                 .byte 0                    ; arity 0: reporter
000613r 2               
000613r 2  rr rr              .word str_readword_name
000615r 2  rr rr              .word do_readword
000617r 2  00                 .byte 0                    ; arity 0: reporter
000618r 2               
000618r 2  rr rr              .word str_readlist_name
00061Ar 2  rr rr              .word do_readlist
00061Cr 2  00                 .byte 0                    ; arity 0: reporter
00061Dr 2               
00061Dr 2  rr rr              .word str_char_name
00061Fr 2  rr rr              .word do_char
000621r 2  00                 .byte 0                    ; arity 0: handles its own arg
000622r 2               
000622r 2  rr rr              .word str_ascii_name
000624r 2  rr rr              .word do_ascii
000626r 2  00                 .byte 0                    ; arity 0: handles its own arg
000627r 2               
000627r 2  rr rr              .word str_sin_name
000629r 2  rr rr              .word do_sin
00062Br 2  00                 .byte 0
00062Cr 2               
00062Cr 2  rr rr              .word str_cos_name
00062Er 2  rr rr              .word do_cos
000630r 2  00                 .byte 0
000631r 2               
000631r 2  rr rr              .word str_abs_name
000633r 2  rr rr              .word do_abs
000635r 2  00                 .byte 0
000636r 2               
000636r 2  rr rr              .word str_int_name
000638r 2  rr rr              .word do_int
00063Ar 2  00                 .byte 0
00063Br 2               
00063Br 2  rr rr              .word str_round_name
00063Dr 2  rr rr              .word do_round
00063Fr 2  00                 .byte 0
000640r 2               
000640r 2  rr rr              .word str_random_name
000642r 2  rr rr              .word do_random
000644r 2  00                 .byte 0
000645r 2               
000645r 2  rr rr              .word str_sqrt_name
000647r 2  rr rr              .word do_sqrt
000649r 2  00                 .byte 0
00064Ar 2               
00064Ar 2  rr rr              .word str_remainder_name
00064Cr 2  rr rr              .word do_remainder
00064Er 2  00                 .byte 0
00064Fr 2               
00064Fr 2  rr rr              .word str_not_name
000651r 2  rr rr              .word do_not
000653r 2  00                 .byte 0
000654r 2               
000654r 2  rr rr              .word str_and_name
000656r 2  rr rr              .word do_and
000658r 2  00                 .byte 0
000659r 2               
000659r 2  rr rr              .word str_or_name
00065Br 2  rr rr              .word do_or
00065Dr 2  00                 .byte 0
00065Er 2               
00065Er 2  rr rr              .word str_numberp_name
000660r 2  rr rr              .word do_numberp
000662r 2  00                 .byte 0
000663r 2               
000663r 2  rr rr              .word str_wordp_name
000665r 2  rr rr              .word do_wordp
000667r 2  00                 .byte 0
000668r 2               
000668r 2  rr rr              .word str_listp_name
00066Ar 2  rr rr              .word do_listp
00066Cr 2  00                 .byte 0
00066Dr 2               
00066Dr 2  rr rr              .word str_po_name
00066Fr 2  rr rr              .word do_po
000671r 2  00                 .byte 0
000672r 2               
000672r 2  rr rr              .word str_printout_name
000674r 2  rr rr              .word do_po
000676r 2  00                 .byte 0                    ; PRINTOUT = PO alias
000677r 2               
000677r 2  rr rr              .word str_pots_name
000679r 2  rr rr              .word do_pots
00067Br 2  00                 .byte 0
00067Cr 2               
00067Cr 2  rr rr              .word str_printtitles_name
00067Er 2  rr rr              .word do_pots
000680r 2  00                 .byte 0                    ; PRINTTITLES = POTS alias
000681r 2               
000681r 2  rr rr              .word str_erase_name
000683r 2  rr rr              .word do_erase
000685r 2  00                 .byte 0
000686r 2               
000686r 2  rr rr              .word str_apply_name
000688r 2  rr rr              .word do_apply
00068Ar 2  00                 .byte 0
00068Br 2               
00068Br 2  00 00              .word $0000               ; end sentinel
00068Dr 2               
00068Dr 1                     .include "lists.s"
00068Dr 2               ; lists.s — list data type, cons pairs, and list operations for NovaLogo
00068Dr 2               ;
00068Dr 2               ; Cons pair format on heap (7 bytes):
00068Dr 2               ;   +0: tag byte ($10 = CONS_PAIR)
00068Dr 2               ;   +1: car_type ($00=number, $01=word, $02=list)
00068Dr 2               ;   +2: car_hi
00068Dr 2               ;   +3: car_lo
00068Dr 2               ;   +4: car_frac (only meaningful for numbers)
00068Dr 2               ;   +5: cdr_lo (pointer to next cons pair, or $0000 for empty)
00068Dr 2               ;   +6: cdr_hi
00068Dr 2               
00068Dr 2               CONS_PAIR  = $10
00068Dr 2               CONS_SIZE  = 7
00068Dr 2               
00068Dr 2               ; Value type constants
00068Dr 2               .ifndef VAL_NUMBER
00068Dr 2               VAL_NUMBER = $00
00068Dr 2               .endif
00068Dr 2               .ifndef VAL_WORD
00068Dr 2               VAL_WORD   = $01
00068Dr 2               .endif
00068Dr 2               .ifndef VAL_LIST
00068Dr 2               VAL_LIST   = $02
00068Dr 2               .endif
00068Dr 2               
00068Dr 2               ; Cons pair field offsets
00068Dr 2               CONS_TAG      = 0
00068Dr 2               CONS_CAR_TYPE = 1
00068Dr 2               CONS_CAR_HI   = 2
00068Dr 2               CONS_CAR_LO   = 3
00068Dr 2               CONS_CAR_FRAC = 4
00068Dr 2               CONS_CDR_LO   = 5
00068Dr 2               CONS_CDR_HI   = 6
00068Dr 2               
00068Dr 2               ; =====================================================================
00068Dr 2               ; ZEROPAGE segment — list scratch variables
00068Dr 2               ; =====================================================================
00068Dr 2                     .segment "ZEROPAGE"
00002Er 2               
00002Er 2  xx           list_head_lo:   .res 1    ; head of list being built
00002Fr 2  xx           list_head_hi:   .res 1
000030r 2  xx           list_tail_lo:   .res 1    ; tail of list being built
000031r 2  xx           list_tail_hi:   .res 1
000032r 2  xx           list_ptr_lo:    .res 1    ; general list walk pointer
000033r 2  xx           list_ptr_hi:    .res 1
000034r 2  xx           list_count_lo:  .res 1    ; 16-bit counter for COUNT / ITEM
000035r 2  xx           list_count_hi:  .res 1
000036r 2               
000036r 2               ; =====================================================================
000036r 2               ; CODE segment — list building and operations
000036r 2               ; =====================================================================
000036r 2                     .segment "CODE"
001833r 2               
001833r 2               ; ---------------------------------------------------------------------
001833r 2               ; eval_list — build a list from tokens between [ and ]
001833r 2               ;   Entry: eval_cur points at the first token AFTER the [
001833r 2               ;   Exit:  eval_type = VAL_LIST, eval_val_lo/hi = head cons pair ptr
001833r 2               ;          eval_cur advanced past the matching ]
001833r 2               ;          Carry clear = success
001833r 2               ; ---------------------------------------------------------------------
001833r 2               eval_list:
001833r 2  64 rr              STZ   list_head_lo
001835r 2  64 rr              STZ   list_head_hi
001837r 2  64 rr              STZ   list_tail_lo
001839r 2  64 rr              STZ   list_tail_hi
00183Br 2               
00183Br 2               @next_element:
00183Br 2  A5 rr              LDA   eval_cur_lo
00183Dr 2  05 rr              ORA   eval_cur_hi
00183Fr 2  D0 03              BNE   :+
001841r 2  4C rr rr           JMP   @err_no_bracket
001844r 2               :
001844r 2  A5 rr              LDA   eval_cur_lo
001846r 2  85 rr              STA   ptr_lo
001848r 2  A5 rr              LDA   eval_cur_hi
00184Ar 2  85 rr              STA   ptr_hi
00184Cr 2  A0 00              LDY   #TOK_TAG
00184Er 2  B1 rr              LDA   (ptr_lo),Y
001850r 2               
001850r 2  C9 04              CMP   #TOK_RBRACKET
001852r 2  D0 03              BNE   :+
001854r 2  4C rr rr           JMP   @end_list
001857r 2               :
001857r 2  C9 02              CMP   #TOK_NUMBER
001859r 2  D0 03              BNE   :+
00185Br 2  4C rr rr           JMP   @list_number
00185Er 2  C9 01        :     CMP   #TOK_WORD
001860r 2  F0 10              BEQ   @list_word_jmp
001862r 2  C9 06              CMP   #TOK_QUOTE
001864r 2  F0 0C              BEQ   @list_word_jmp
001866r 2  C9 03              CMP   #TOK_LBRACKET
001868r 2  D0 03              BNE   :+
00186Ar 2  4C rr rr           JMP   @list_sublist
00186Dr 2               :     ; Unknown token type in list — skip it
00186Dr 2  20 rr rr           JSR   eval_advance
001870r 2  80 C9              BRA   @next_element
001872r 2               
001872r 2               @list_word_jmp:
001872r 2  4C rr rr           JMP   @list_word
001875r 2               
001875r 2               @list_number:
001875r 2  A0 03              LDY   #TOK_PAYLOAD
001877r 2  B1 rr              LDA   (ptr_lo),Y
001879r 2  85 rr              STA   eval_val_hi
00187Br 2  C8                 INY
00187Cr 2  B1 rr              LDA   (ptr_lo),Y
00187Er 2  85 rr              STA   eval_val_lo
001880r 2  C8                 INY
001881r 2  B1 rr              LDA   (ptr_lo),Y
001883r 2  85 rr              STA   eval_val_frac
001885r 2  A9 00              LDA   #VAL_NUMBER
001887r 2  85 rr              STA   eval_type
001889r 2  20 rr rr           JSR   eval_advance
00188Cr 2  4C rr rr           JMP   @alloc_cell
00188Fr 2               
00188Fr 2               @list_word:
00188Fr 2  A0 03              LDY   #TOK_PAYLOAD
001891r 2  B1 rr              LDA   (ptr_lo),Y
001893r 2  48                 PHA
001894r 2  1A                 INC
001895r 2  A2 05              LDX   #ATYPE_STRING
001897r 2  20 rr rr           JSR   heap_alloc
00189Ar 2  90 04              BCC   :+
00189Cr 2  68                 PLA
00189Dr 2  4C rr rr           JMP   @oom
0018A0r 2  A5 rr        :     LDA   eval_cur_lo
0018A2r 2  85 rr              STA   ptr2_lo
0018A4r 2  A5 rr              LDA   eval_cur_hi
0018A6r 2  85 rr              STA   ptr2_hi
0018A8r 2  68                 PLA
0018A9r 2  48                 PHA
0018AAr 2  A0 00              LDY   #0
0018ACr 2  91 rr              STA   (ptr_lo),Y
0018AEr 2  68                 PLA
0018AFr 2  AA                 TAX
0018B0r 2  F0 1B              BEQ   @word_done
0018B2r 2  A0 01              LDY   #1
0018B4r 2  9C rr rr           STZ   num_tmp_lo
0018B7r 2               @copy_word_ch:
0018B7r 2  DA                 PHX
0018B8r 2  5A                 PHY
0018B9r 2  AD rr rr           LDA   num_tmp_lo
0018BCr 2  18                 CLC
0018BDr 2  69 04              ADC   #TOK_PAYLOAD+1
0018BFr 2  A8                 TAY
0018C0r 2  B1 rr              LDA   (ptr2_lo),Y
0018C2r 2  7A                 PLY
0018C3r 2  91 rr              STA   (ptr_lo),Y
0018C5r 2  C8                 INY
0018C6r 2  EE rr rr           INC   num_tmp_lo
0018C9r 2  FA                 PLX
0018CAr 2  CA                 DEX
0018CBr 2  D0 EA              BNE   @copy_word_ch
0018CDr 2               @word_done:
0018CDr 2  A5 rr              LDA   ptr_lo
0018CFr 2  85 rr              STA   eval_val_lo
0018D1r 2  A5 rr              LDA   ptr_hi
0018D3r 2  85 rr              STA   eval_val_hi
0018D5r 2  64 rr              STZ   eval_val_frac
0018D7r 2  A9 01              LDA   #VAL_WORD
0018D9r 2  85 rr              STA   eval_type
0018DBr 2  20 rr rr           JSR   eval_advance
0018DEr 2  4C rr rr           JMP   @alloc_cell
0018E1r 2               
0018E1r 2               @list_sublist:
0018E1r 2  20 rr rr           JSR   eval_advance
0018E4r 2  A5 rr              LDA   list_head_lo
0018E6r 2  48                 PHA
0018E7r 2  A5 rr              LDA   list_head_hi
0018E9r 2  48                 PHA
0018EAr 2  A5 rr              LDA   list_tail_lo
0018ECr 2  48                 PHA
0018EDr 2  A5 rr              LDA   list_tail_hi
0018EFr 2  48                 PHA
0018F0r 2  20 rr rr           JSR   eval_list
0018F3r 2  90 06              BCC   @sublist_ok
0018F5r 2                     ; Error — clean up stack
0018F5r 2  68                 PLA
0018F6r 2  68                 PLA
0018F7r 2  68                 PLA
0018F8r 2  68                 PLA
0018F9r 2  38                 SEC
0018FAr 2  60                 RTS
0018FBr 2               @sublist_ok:
0018FBr 2  68                 PLA
0018FCr 2  85 rr              STA   list_tail_hi
0018FEr 2  68                 PLA
0018FFr 2  85 rr              STA   list_tail_lo
001901r 2  68                 PLA
001902r 2  85 rr              STA   list_head_hi
001904r 2  68                 PLA
001905r 2  85 rr              STA   list_head_lo
001907r 2                     ; eval_type already VAL_LIST, eval_val has sublist ptr
001907r 2                     ; fall through to @alloc_cell
001907r 2               
001907r 2               @alloc_cell:
001907r 2  A9 07              LDA   #CONS_SIZE
001909r 2  A2 02              LDX   #ATYPE_CONS
00190Br 2  20 rr rr           JSR   heap_alloc
00190Er 2  B0 71              BCS   @oom
001910r 2  A0 00              LDY   #CONS_TAG
001912r 2  A9 10              LDA   #CONS_PAIR
001914r 2  91 rr              STA   (ptr_lo),Y
001916r 2  A0 01              LDY   #CONS_CAR_TYPE
001918r 2  A5 rr              LDA   eval_type
00191Ar 2  91 rr              STA   (ptr_lo),Y
00191Cr 2  A0 02              LDY   #CONS_CAR_HI
00191Er 2  A5 rr              LDA   eval_val_hi
001920r 2  91 rr              STA   (ptr_lo),Y
001922r 2  A0 03              LDY   #CONS_CAR_LO
001924r 2  A5 rr              LDA   eval_val_lo
001926r 2  91 rr              STA   (ptr_lo),Y
001928r 2  A0 04              LDY   #CONS_CAR_FRAC
00192Ar 2  A5 rr              LDA   eval_val_frac
00192Cr 2  91 rr              STA   (ptr_lo),Y
00192Er 2  A0 05              LDY   #CONS_CDR_LO
001930r 2  A9 00              LDA   #0
001932r 2  91 rr              STA   (ptr_lo),Y
001934r 2  A0 06              LDY   #CONS_CDR_HI
001936r 2  91 rr              STA   (ptr_lo),Y
001938r 2               
001938r 2                     ; Link into list
001938r 2  A5 rr              LDA   list_head_lo
00193Ar 2  05 rr              ORA   list_head_hi
00193Cr 2  D0 0F              BNE   @link_tail
00193Er 2               
00193Er 2  A5 rr              LDA   ptr_lo
001940r 2  85 rr              STA   list_head_lo
001942r 2  85 rr              STA   list_tail_lo
001944r 2  A5 rr              LDA   ptr_hi
001946r 2  85 rr              STA   list_head_hi
001948r 2  85 rr              STA   list_tail_hi
00194Ar 2  4C rr rr           JMP   @next_element
00194Dr 2               
00194Dr 2               @link_tail:
00194Dr 2  A5 rr              LDA   list_tail_lo
00194Fr 2  85 rr              STA   ptr2_lo
001951r 2  A5 rr              LDA   list_tail_hi
001953r 2  85 rr              STA   ptr2_hi
001955r 2  A0 05              LDY   #CONS_CDR_LO
001957r 2  A5 rr              LDA   ptr_lo
001959r 2  91 rr              STA   (ptr2_lo),Y
00195Br 2  A0 06              LDY   #CONS_CDR_HI
00195Dr 2  A5 rr              LDA   ptr_hi
00195Fr 2  91 rr              STA   (ptr2_lo),Y
001961r 2  A5 rr              LDA   ptr_lo
001963r 2  85 rr              STA   list_tail_lo
001965r 2  A5 rr              LDA   ptr_hi
001967r 2  85 rr              STA   list_tail_hi
001969r 2  4C rr rr           JMP   @next_element
00196Cr 2               
00196Cr 2               @end_list:
00196Cr 2  20 rr rr           JSR   eval_advance
00196Fr 2  A9 02              LDA   #VAL_LIST
001971r 2  85 rr              STA   eval_type
001973r 2  A5 rr              LDA   list_head_lo
001975r 2  85 rr              STA   eval_val_lo
001977r 2  A5 rr              LDA   list_head_hi
001979r 2  85 rr              STA   eval_val_hi
00197Br 2  64 rr              STZ   eval_val_frac
00197Dr 2  18                 CLC
00197Er 2  60                 RTS
00197Fr 2               
00197Fr 2               @err_no_bracket:
00197Fr 2  38                 SEC
001980r 2  60                 RTS
001981r 2               
001981r 2               @oom:
001981r 2  38                 SEC
001982r 2  60                 RTS
001983r 2               
001983r 2               ; ---------------------------------------------------------------------
001983r 2               ; print_list — print a list value to screen with brackets
001983r 2               ;   Entry: eval_val_lo/hi = head cons pair pointer (or $0000)
001983r 2               ;   Clobbers: A, X, Y, ptr_lo/hi, ptr2_lo/hi, list_ptr
001983r 2               ; ---------------------------------------------------------------------
001983r 2               print_list:
001983r 2  A9 5B              LDA   #'['
001985r 2  8D 0E A0           STA   VGC_CHAROUT
001988r 2               
001988r 2  A5 rr              LDA   eval_val_lo
00198Ar 2  85 rr              STA   list_ptr_lo
00198Cr 2  A5 rr              LDA   eval_val_hi
00198Er 2  85 rr              STA   list_ptr_hi
001990r 2               
001990r 2  A2 00              LDX   #0                  ; 0 = first element (no leading space)
001992r 2               
001992r 2               @pl_loop:
001992r 2  A5 rr              LDA   list_ptr_lo
001994r 2  05 rr              ORA   list_ptr_hi
001996r 2  D0 03              BNE   :+
001998r 2  4C rr rr           JMP   @pl_done
00199Br 2               :
00199Br 2  E0 00              CPX   #0
00199Dr 2  F0 05              BEQ   @pl_no_space
00199Fr 2  A9 20              LDA   #' '
0019A1r 2  8D 0E A0           STA   VGC_CHAROUT
0019A4r 2               @pl_no_space:
0019A4r 2  A2 01              LDX   #1
0019A6r 2               
0019A6r 2  A5 rr              LDA   list_ptr_lo
0019A8r 2  85 rr              STA   ptr_lo
0019AAr 2  A5 rr              LDA   list_ptr_hi
0019ACr 2  85 rr              STA   ptr_hi
0019AEr 2  A0 01              LDY   #CONS_CAR_TYPE
0019B0r 2  B1 rr              LDA   (ptr_lo),Y
0019B2r 2  C9 02              CMP   #VAL_LIST
0019B4r 2  F0 2C              BEQ   @pl_sublist
0019B6r 2  C9 01              CMP   #VAL_WORD
0019B8r 2  D0 03              BNE   :+
0019BAr 2  4C rr rr           JMP   @pl_word
0019BDr 2               :
0019BDr 2                     ; Number
0019BDr 2  DA                 PHX
0019BEr 2  A5 rr              LDA   list_ptr_lo
0019C0r 2  48                 PHA
0019C1r 2  A5 rr              LDA   list_ptr_hi
0019C3r 2  48                 PHA
0019C4r 2  A0 02              LDY   #CONS_CAR_HI
0019C6r 2  B1 rr              LDA   (ptr_lo),Y
0019C8r 2  85 rr              STA   eval_val_hi
0019CAr 2  A0 03              LDY   #CONS_CAR_LO
0019CCr 2  B1 rr              LDA   (ptr_lo),Y
0019CEr 2  85 rr              STA   eval_val_lo
0019D0r 2  A0 04              LDY   #CONS_CAR_FRAC
0019D2r 2  B1 rr              LDA   (ptr_lo),Y
0019D4r 2  85 rr              STA   eval_val_frac
0019D6r 2  20 rr rr           JSR   print_number
0019D9r 2  68                 PLA
0019DAr 2  85 rr              STA   list_ptr_hi
0019DCr 2  68                 PLA
0019DDr 2  85 rr              STA   list_ptr_lo
0019DFr 2  FA                 PLX
0019E0r 2  80 4A              BRA   @pl_advance
0019E2r 2               
0019E2r 2               @pl_sublist:
0019E2r 2  DA                 PHX
0019E3r 2  A5 rr              LDA   list_ptr_lo
0019E5r 2  48                 PHA
0019E6r 2  A5 rr              LDA   list_ptr_hi
0019E8r 2  48                 PHA
0019E9r 2  A0 03              LDY   #CONS_CAR_LO
0019EBr 2  B1 rr              LDA   (ptr_lo),Y
0019EDr 2  85 rr              STA   eval_val_lo
0019EFr 2  A0 02              LDY   #CONS_CAR_HI
0019F1r 2  B1 rr              LDA   (ptr_lo),Y
0019F3r 2  85 rr              STA   eval_val_hi
0019F5r 2  20 rr rr           JSR   print_list
0019F8r 2  68                 PLA
0019F9r 2  85 rr              STA   list_ptr_hi
0019FBr 2  68                 PLA
0019FCr 2  85 rr              STA   list_ptr_lo
0019FEr 2  FA                 PLX
0019FFr 2  80 2B              BRA   @pl_advance
001A01r 2               
001A01r 2               @pl_word:
001A01r 2  DA                 PHX
001A02r 2  A5 rr              LDA   list_ptr_lo
001A04r 2  48                 PHA
001A05r 2  A5 rr              LDA   list_ptr_hi
001A07r 2  48                 PHA
001A08r 2  A0 03              LDY   #CONS_CAR_LO
001A0Ar 2  B1 rr              LDA   (ptr_lo),Y
001A0Cr 2  85 rr              STA   ptr2_lo
001A0Er 2  A0 02              LDY   #CONS_CAR_HI
001A10r 2  B1 rr              LDA   (ptr_lo),Y
001A12r 2  85 rr              STA   ptr2_hi
001A14r 2  A0 00              LDY   #0
001A16r 2  B1 rr              LDA   (ptr2_lo),Y
001A18r 2  AA                 TAX
001A19r 2  F0 0A              BEQ   @pl_word_done
001A1Br 2  C8                 INY
001A1Cr 2               @pl_word_ch:
001A1Cr 2  B1 rr              LDA   (ptr2_lo),Y
001A1Er 2  8D 0E A0           STA   VGC_CHAROUT
001A21r 2  C8                 INY
001A22r 2  CA                 DEX
001A23r 2  D0 F7              BNE   @pl_word_ch
001A25r 2               @pl_word_done:
001A25r 2  68                 PLA
001A26r 2  85 rr              STA   list_ptr_hi
001A28r 2  68                 PLA
001A29r 2  85 rr              STA   list_ptr_lo
001A2Br 2  FA                 PLX
001A2Cr 2               
001A2Cr 2               @pl_advance:
001A2Cr 2  A5 rr              LDA   list_ptr_lo
001A2Er 2  85 rr              STA   ptr_lo
001A30r 2  A5 rr              LDA   list_ptr_hi
001A32r 2  85 rr              STA   ptr_hi
001A34r 2  A0 05              LDY   #CONS_CDR_LO
001A36r 2  B1 rr              LDA   (ptr_lo),Y
001A38r 2  AA                 TAX
001A39r 2  A0 06              LDY   #CONS_CDR_HI
001A3Br 2  B1 rr              LDA   (ptr_lo),Y
001A3Dr 2  85 rr              STA   list_ptr_hi
001A3Fr 2  86 rr              STX   list_ptr_lo
001A41r 2  4C rr rr           JMP   @pl_loop
001A44r 2               
001A44r 2               @pl_done:
001A44r 2  A9 5D              LDA   #']'
001A46r 2  8D 0E A0           STA   VGC_CHAROUT
001A49r 2  60                 RTS
001A4Ar 2               
001A4Ar 2               ; ---------------------------------------------------------------------
001A4Ar 2               ; do_first — FIRST list: return the first element
001A4Ar 2               ;   Arity 0: evaluates its own argument
001A4Ar 2               ; ---------------------------------------------------------------------
001A4Ar 2               do_first:
001A4Ar 2  20 rr rr           JSR   eval_expr
001A4Dr 2  90 03              BCC   :+
001A4Fr 2  4C rr rr           JMP   @err_args
001A52r 2               :
001A52r 2  A5 rr              LDA   eval_type
001A54r 2  C9 02              CMP   #VAL_LIST
001A56r 2  D0 30              BNE   @err_type
001A58r 2               
001A58r 2  A5 rr              LDA   eval_val_lo
001A5Ar 2  05 rr              ORA   eval_val_hi
001A5Cr 2  F0 31              BEQ   @err_empty
001A5Er 2               
001A5Er 2  A5 rr              LDA   eval_val_lo
001A60r 2  85 rr              STA   ptr_lo
001A62r 2  A5 rr              LDA   eval_val_hi
001A64r 2  85 rr              STA   ptr_hi
001A66r 2  A0 01              LDY   #CONS_CAR_TYPE
001A68r 2  B1 rr              LDA   (ptr_lo),Y
001A6Ar 2  85 rr              STA   eval_type
001A6Cr 2  A0 02              LDY   #CONS_CAR_HI
001A6Er 2  B1 rr              LDA   (ptr_lo),Y
001A70r 2  85 rr              STA   eval_val_hi
001A72r 2  A0 03              LDY   #CONS_CAR_LO
001A74r 2  B1 rr              LDA   (ptr_lo),Y
001A76r 2  85 rr              STA   eval_val_lo
001A78r 2  A0 04              LDY   #CONS_CAR_FRAC
001A7Ar 2  B1 rr              LDA   (ptr_lo),Y
001A7Cr 2  85 rr              STA   eval_val_frac
001A7Er 2  4C rr rr           JMP   eval_continue
001A81r 2               
001A81r 2               @err_args:
001A81r 2  A2 rr              LDX   #<str_first_err
001A83r 2  A0 rr              LDY   #>str_first_err
001A85r 2  4C rr rr           JMP   list_print_err
001A88r 2               @err_type:
001A88r 2  A2 rr              LDX   #<str_first_type
001A8Ar 2  A0 rr              LDY   #>str_first_type
001A8Cr 2  4C rr rr           JMP   list_print_err
001A8Fr 2               @err_empty:
001A8Fr 2  A2 rr              LDX   #<str_first_empty
001A91r 2  A0 rr              LDY   #>str_first_empty
001A93r 2  4C rr rr           JMP   list_print_err
001A96r 2               
001A96r 2               ; ---------------------------------------------------------------------
001A96r 2               ; do_butfirst / do_bf — BUTFIRST list: return all but first element
001A96r 2               ;   Arity 0: evaluates its own argument
001A96r 2               ; ---------------------------------------------------------------------
001A96r 2               do_butfirst:
001A96r 2  20 rr rr           JSR   eval_expr
001A99r 2  90 03              BCC   :+
001A9Br 2  4C rr rr           JMP   @err_args
001A9Er 2               :
001A9Er 2  A5 rr              LDA   eval_type
001AA0r 2  C9 02              CMP   #VAL_LIST
001AA2r 2  D0 2A              BNE   @err_type
001AA4r 2               
001AA4r 2  A5 rr              LDA   eval_val_lo
001AA6r 2  05 rr              ORA   eval_val_hi
001AA8r 2  F0 2B              BEQ   @err_empty
001AAAr 2               
001AAAr 2  A5 rr              LDA   eval_val_lo
001AACr 2  85 rr              STA   ptr_lo
001AAEr 2  A5 rr              LDA   eval_val_hi
001AB0r 2  85 rr              STA   ptr_hi
001AB2r 2  A0 05              LDY   #CONS_CDR_LO
001AB4r 2  B1 rr              LDA   (ptr_lo),Y
001AB6r 2  85 rr              STA   eval_val_lo
001AB8r 2  A0 06              LDY   #CONS_CDR_HI
001ABAr 2  B1 rr              LDA   (ptr_lo),Y
001ABCr 2  85 rr              STA   eval_val_hi
001ABEr 2  A9 02              LDA   #VAL_LIST
001AC0r 2  85 rr              STA   eval_type
001AC2r 2  64 rr              STZ   eval_val_frac
001AC4r 2  4C rr rr           JMP   eval_continue
001AC7r 2               
001AC7r 2               @err_args:
001AC7r 2  A2 rr              LDX   #<str_bf_err
001AC9r 2  A0 rr              LDY   #>str_bf_err
001ACBr 2  4C rr rr           JMP   list_print_err
001ACEr 2               @err_type:
001ACEr 2  A2 rr              LDX   #<str_bf_type
001AD0r 2  A0 rr              LDY   #>str_bf_type
001AD2r 2  4C rr rr           JMP   list_print_err
001AD5r 2               @err_empty:
001AD5r 2  A2 rr              LDX   #<str_bf_empty
001AD7r 2  A0 rr              LDY   #>str_bf_empty
001AD9r 2  4C rr rr           JMP   list_print_err
001ADCr 2               
001ADCr 2               ; ---------------------------------------------------------------------
001ADCr 2               ; do_count — COUNT list: return the number of elements
001ADCr 2               ;   Arity 0: evaluates its own argument
001ADCr 2               ; ---------------------------------------------------------------------
001ADCr 2               do_count:
001ADCr 2  20 rr rr           JSR   eval_expr
001ADFr 2  90 03              BCC   :+
001AE1r 2  4C rr rr           JMP   @err_args
001AE4r 2               :
001AE4r 2  A5 rr              LDA   eval_type
001AE6r 2  C9 02              CMP   #VAL_LIST
001AE8r 2  D0 47              BNE   @err_type
001AEAr 2               
001AEAr 2  64 rr              STZ   list_count_lo
001AECr 2  64 rr              STZ   list_count_hi
001AEEr 2  A5 rr              LDA   eval_val_lo
001AF0r 2  85 rr              STA   list_ptr_lo
001AF2r 2  A5 rr              LDA   eval_val_hi
001AF4r 2  85 rr              STA   list_ptr_hi
001AF6r 2               
001AF6r 2               @walk:
001AF6r 2  A5 rr              LDA   list_ptr_lo
001AF8r 2  05 rr              ORA   list_ptr_hi
001AFAr 2  F0 1D              BEQ   @walk_done
001AFCr 2               
001AFCr 2  E6 rr              INC   list_count_lo
001AFEr 2  D0 02              BNE   :+
001B00r 2  E6 rr              INC   list_count_hi
001B02r 2               :
001B02r 2  A5 rr              LDA   list_ptr_lo
001B04r 2  85 rr              STA   ptr_lo
001B06r 2  A5 rr              LDA   list_ptr_hi
001B08r 2  85 rr              STA   ptr_hi
001B0Ar 2  A0 05              LDY   #CONS_CDR_LO
001B0Cr 2  B1 rr              LDA   (ptr_lo),Y
001B0Er 2  AA                 TAX
001B0Fr 2  A0 06              LDY   #CONS_CDR_HI
001B11r 2  B1 rr              LDA   (ptr_lo),Y
001B13r 2  85 rr              STA   list_ptr_hi
001B15r 2  86 rr              STX   list_ptr_lo
001B17r 2  80 DD              BRA   @walk
001B19r 2               
001B19r 2               @walk_done:
001B19r 2  A9 00              LDA   #VAL_NUMBER
001B1Br 2  85 rr              STA   eval_type
001B1Dr 2  A5 rr              LDA   list_count_hi
001B1Fr 2  85 rr              STA   eval_val_hi
001B21r 2  A5 rr              LDA   list_count_lo
001B23r 2  85 rr              STA   eval_val_lo
001B25r 2  64 rr              STZ   eval_val_frac
001B27r 2  4C rr rr           JMP   eval_continue
001B2Ar 2               
001B2Ar 2               @err_args:
001B2Ar 2  A2 rr              LDX   #<str_count_err
001B2Cr 2  A0 rr              LDY   #>str_count_err
001B2Er 2  4C rr rr           JMP   list_print_err
001B31r 2               @err_type:
001B31r 2  A2 rr              LDX   #<str_count_type
001B33r 2  A0 rr              LDY   #>str_count_type
001B35r 2  4C rr rr           JMP   list_print_err
001B38r 2               
001B38r 2               ; ---------------------------------------------------------------------
001B38r 2               ; do_emptyp — EMPTY? value: return 1 if empty list, else 0
001B38r 2               ;   Arity 0: evaluates its own argument
001B38r 2               ; ---------------------------------------------------------------------
001B38r 2               do_emptyp:
001B38r 2  20 rr rr           JSR   eval_expr
001B3Br 2  90 07              BCC   :+
001B3Dr 2  A2 rr              LDX   #<str_emptyp_err
001B3Fr 2  A0 rr              LDY   #>str_emptyp_err
001B41r 2  4C rr rr           JMP   list_print_err
001B44r 2               :
001B44r 2                     ; Check for empty list (type=list and pointer=$0000)
001B44r 2  A5 rr              LDA   eval_type
001B46r 2  C9 02              CMP   #VAL_LIST
001B48r 2  D0 15              BNE   @not_empty
001B4Ar 2               
001B4Ar 2  A5 rr              LDA   eval_val_lo
001B4Cr 2  05 rr              ORA   eval_val_hi
001B4Er 2  D0 0F              BNE   @not_empty
001B50r 2               
001B50r 2                     ; Empty list
001B50r 2  A9 00              LDA   #VAL_NUMBER
001B52r 2  85 rr              STA   eval_type
001B54r 2  A9 01              LDA   #1
001B56r 2  85 rr              STA   eval_val_lo
001B58r 2  64 rr              STZ   eval_val_hi
001B5Ar 2  64 rr              STZ   eval_val_frac
001B5Cr 2  4C rr rr           JMP   eval_continue
001B5Fr 2               
001B5Fr 2               @not_empty:
001B5Fr 2  A9 00              LDA   #VAL_NUMBER
001B61r 2  85 rr              STA   eval_type
001B63r 2  64 rr              STZ   eval_val_lo
001B65r 2  64 rr              STZ   eval_val_hi
001B67r 2  64 rr              STZ   eval_val_frac
001B69r 2  4C rr rr           JMP   eval_continue
001B6Cr 2               
001B6Cr 2               ; ---------------------------------------------------------------------
001B6Cr 2               ; do_last — LAST list: return the last element
001B6Cr 2               ;   Arity 0: evaluates its own argument
001B6Cr 2               ; ---------------------------------------------------------------------
001B6Cr 2               do_last:
001B6Cr 2  20 rr rr           JSR   eval_expr
001B6Fr 2  90 03              BCC   :+
001B71r 2  4C rr rr           JMP   @err_args
001B74r 2               :
001B74r 2  A5 rr              LDA   eval_type
001B76r 2  C9 02              CMP   #VAL_LIST
001B78r 2  D0 4F              BNE   @err_type
001B7Ar 2               
001B7Ar 2  A5 rr              LDA   eval_val_lo
001B7Cr 2  05 rr              ORA   eval_val_hi
001B7Er 2  F0 50              BEQ   @err_empty
001B80r 2               
001B80r 2  A5 rr              LDA   eval_val_lo
001B82r 2  85 rr              STA   list_ptr_lo
001B84r 2  A5 rr              LDA   eval_val_hi
001B86r 2  85 rr              STA   list_ptr_hi
001B88r 2               
001B88r 2               @walk:
001B88r 2  A5 rr              LDA   list_ptr_lo
001B8Ar 2  85 rr              STA   ptr_lo
001B8Cr 2  A5 rr              LDA   list_ptr_hi
001B8Er 2  85 rr              STA   ptr_hi
001B90r 2  A0 05              LDY   #CONS_CDR_LO
001B92r 2  B1 rr              LDA   (ptr_lo),Y
001B94r 2  AA                 TAX
001B95r 2  A0 06              LDY   #CONS_CDR_HI
001B97r 2  B1 rr              LDA   (ptr_lo),Y
001B99r 2  09 00              ORA   #0
001B9Br 2  D0 04              BNE   @not_last
001B9Dr 2  E0 00              CPX   #0
001B9Fr 2  F0 06              BEQ   @found_last
001BA1r 2               @not_last:
001BA1r 2  85 rr              STA   list_ptr_hi
001BA3r 2  86 rr              STX   list_ptr_lo
001BA5r 2  80 E1              BRA   @walk
001BA7r 2               
001BA7r 2               @found_last:
001BA7r 2  A0 01              LDY   #CONS_CAR_TYPE
001BA9r 2  B1 rr              LDA   (ptr_lo),Y
001BABr 2  85 rr              STA   eval_type
001BADr 2  A0 02              LDY   #CONS_CAR_HI
001BAFr 2  B1 rr              LDA   (ptr_lo),Y
001BB1r 2  85 rr              STA   eval_val_hi
001BB3r 2  A0 03              LDY   #CONS_CAR_LO
001BB5r 2  B1 rr              LDA   (ptr_lo),Y
001BB7r 2  85 rr              STA   eval_val_lo
001BB9r 2  A0 04              LDY   #CONS_CAR_FRAC
001BBBr 2  B1 rr              LDA   (ptr_lo),Y
001BBDr 2  85 rr              STA   eval_val_frac
001BBFr 2  4C rr rr           JMP   eval_continue
001BC2r 2               
001BC2r 2               @err_args:
001BC2r 2  A2 rr              LDX   #<str_last_err
001BC4r 2  A0 rr              LDY   #>str_last_err
001BC6r 2  4C rr rr           JMP   list_print_err
001BC9r 2               @err_type:
001BC9r 2  A2 rr              LDX   #<str_last_type
001BCBr 2  A0 rr              LDY   #>str_last_type
001BCDr 2  4C rr rr           JMP   list_print_err
001BD0r 2               @err_empty:
001BD0r 2  A2 rr              LDX   #<str_last_empty
001BD2r 2  A0 rr              LDY   #>str_last_empty
001BD4r 2  4C rr rr           JMP   list_print_err
001BD7r 2               
001BD7r 2               ; ---------------------------------------------------------------------
001BD7r 2               ; do_butlast — BUTLAST list: all but the last element
001BD7r 2               ;   Arity 0: evaluates its own argument
001BD7r 2               ; ---------------------------------------------------------------------
001BD7r 2               do_butlast:
001BD7r 2  20 rr rr           JSR   eval_expr
001BDAr 2  90 03              BCC   :+
001BDCr 2  4C rr rr           JMP   @err_args
001BDFr 2               :
001BDFr 2  A5 rr              LDA   eval_type
001BE1r 2  C9 02              CMP   #VAL_LIST
001BE3r 2  F0 03              BEQ   :+
001BE5r 2  4C rr rr           JMP   @err_type
001BE8r 2               :
001BE8r 2  A5 rr              LDA   eval_val_lo
001BEAr 2  05 rr              ORA   eval_val_hi
001BECr 2  D0 03              BNE   :+
001BEEr 2  4C rr rr           JMP   @err_empty
001BF1r 2               :
001BF1r 2               
001BF1r 2                     ; Single element? (cdr = null → return empty list)
001BF1r 2  A5 rr              LDA   eval_val_lo
001BF3r 2  85 rr              STA   ptr_lo
001BF5r 2  A5 rr              LDA   eval_val_hi
001BF7r 2  85 rr              STA   ptr_hi
001BF9r 2  A0 05              LDY   #CONS_CDR_LO
001BFBr 2  B1 rr              LDA   (ptr_lo),Y
001BFDr 2  AA                 TAX
001BFEr 2  A0 06              LDY   #CONS_CDR_HI
001C00r 2  B1 rr              LDA   (ptr_lo),Y
001C02r 2  09 00              ORA   #0
001C04r 2  D0 07              BNE   @multi
001C06r 2  E0 00              CPX   #0
001C08r 2  D0 03              BNE   @multi
001C0Ar 2  4C rr rr           JMP   @return_empty
001C0Dr 2               
001C0Dr 2               @multi:
001C0Dr 2  64 rr              STZ   list_head_lo
001C0Fr 2  64 rr              STZ   list_head_hi
001C11r 2  64 rr              STZ   list_tail_lo
001C13r 2  64 rr              STZ   list_tail_hi
001C15r 2               
001C15r 2  A5 rr              LDA   eval_val_lo
001C17r 2  85 rr              STA   list_ptr_lo
001C19r 2  A5 rr              LDA   eval_val_hi
001C1Br 2  85 rr              STA   list_ptr_hi
001C1Dr 2               
001C1Dr 2               @bl_loop:
001C1Dr 2                     ; If cdr of current cell is null, this is the last — stop
001C1Dr 2  A5 rr              LDA   list_ptr_lo
001C1Fr 2  85 rr              STA   ptr_lo
001C21r 2  A5 rr              LDA   list_ptr_hi
001C23r 2  85 rr              STA   ptr_hi
001C25r 2  A0 05              LDY   #CONS_CDR_LO
001C27r 2  B1 rr              LDA   (ptr_lo),Y
001C29r 2  AA                 TAX
001C2Ar 2  A0 06              LDY   #CONS_CDR_HI
001C2Cr 2  B1 rr              LDA   (ptr_lo),Y
001C2Er 2  8E rr rr           STX   num_tmp_lo
001C31r 2  8D rr rr           STA   num_tmp_hi
001C34r 2  0D rr rr           ORA   num_tmp_lo
001C37r 2  D0 03              BNE   :+
001C39r 2  4C rr rr           JMP   @bl_done
001C3Cr 2               :
001C3Cr 2                     ; Allocate new cons pair and copy car
001C3Cr 2  A9 07              LDA   #CONS_SIZE
001C3Er 2  A2 02              LDX   #ATYPE_CONS
001C40r 2  20 rr rr           JSR   heap_alloc
001C43r 2  90 03              BCC   :+
001C45r 2  4C rr rr           JMP   @err_args           ; OOM
001C48r 2               :
001C48r 2                     ; Re-read source cell (ptr_lo/hi was clobbered by heap_alloc)
001C48r 2  A5 rr              LDA   list_ptr_lo
001C4Ar 2  85 rr              STA   ptr2_lo
001C4Cr 2  A5 rr              LDA   list_ptr_hi
001C4Er 2  85 rr              STA   ptr2_hi
001C50r 2  A0 00              LDY   #CONS_TAG
001C52r 2  A9 10              LDA   #CONS_PAIR
001C54r 2  91 rr              STA   (ptr_lo),Y
001C56r 2  A0 01              LDY   #CONS_CAR_TYPE
001C58r 2  B1 rr              LDA   (ptr2_lo),Y
001C5Ar 2  91 rr              STA   (ptr_lo),Y
001C5Cr 2  A0 02              LDY   #CONS_CAR_HI
001C5Er 2  B1 rr              LDA   (ptr2_lo),Y
001C60r 2  91 rr              STA   (ptr_lo),Y
001C62r 2  A0 03              LDY   #CONS_CAR_LO
001C64r 2  B1 rr              LDA   (ptr2_lo),Y
001C66r 2  91 rr              STA   (ptr_lo),Y
001C68r 2  A0 04              LDY   #CONS_CAR_FRAC
001C6Ar 2  B1 rr              LDA   (ptr2_lo),Y
001C6Cr 2  91 rr              STA   (ptr_lo),Y
001C6Er 2  A0 05              LDY   #CONS_CDR_LO
001C70r 2  A9 00              LDA   #0
001C72r 2  91 rr              STA   (ptr_lo),Y
001C74r 2  A0 06              LDY   #CONS_CDR_HI
001C76r 2  91 rr              STA   (ptr_lo),Y
001C78r 2               
001C78r 2                     ; Link into new list
001C78r 2  A5 rr              LDA   list_head_lo
001C7Ar 2  05 rr              ORA   list_head_hi
001C7Cr 2  D0 0E              BNE   @bl_link
001C7Er 2                     ; First cell
001C7Er 2  A5 rr              LDA   ptr_lo
001C80r 2  85 rr              STA   list_head_lo
001C82r 2  85 rr              STA   list_tail_lo
001C84r 2  A5 rr              LDA   ptr_hi
001C86r 2  85 rr              STA   list_head_hi
001C88r 2  85 rr              STA   list_tail_hi
001C8Ar 2  80 1C              BRA   @bl_next
001C8Cr 2               @bl_link:
001C8Cr 2  A5 rr              LDA   list_tail_lo
001C8Er 2  85 rr              STA   ptr2_lo
001C90r 2  A5 rr              LDA   list_tail_hi
001C92r 2  85 rr              STA   ptr2_hi
001C94r 2  A0 05              LDY   #CONS_CDR_LO
001C96r 2  A5 rr              LDA   ptr_lo
001C98r 2  91 rr              STA   (ptr2_lo),Y
001C9Ar 2  A0 06              LDY   #CONS_CDR_HI
001C9Cr 2  A5 rr              LDA   ptr_hi
001C9Er 2  91 rr              STA   (ptr2_lo),Y
001CA0r 2  A5 rr              LDA   ptr_lo
001CA2r 2  85 rr              STA   list_tail_lo
001CA4r 2  A5 rr              LDA   ptr_hi
001CA6r 2  85 rr              STA   list_tail_hi
001CA8r 2               
001CA8r 2               @bl_next:
001CA8r 2  AD rr rr           LDA   num_tmp_lo
001CABr 2  85 rr              STA   list_ptr_lo
001CADr 2  AD rr rr           LDA   num_tmp_hi
001CB0r 2  85 rr              STA   list_ptr_hi
001CB2r 2  4C rr rr           JMP   @bl_loop
001CB5r 2               
001CB5r 2               @bl_done:
001CB5r 2  A9 02              LDA   #VAL_LIST
001CB7r 2  85 rr              STA   eval_type
001CB9r 2  A5 rr              LDA   list_head_lo
001CBBr 2  85 rr              STA   eval_val_lo
001CBDr 2  A5 rr              LDA   list_head_hi
001CBFr 2  85 rr              STA   eval_val_hi
001CC1r 2  64 rr              STZ   eval_val_frac
001CC3r 2  4C rr rr           JMP   eval_continue
001CC6r 2               
001CC6r 2               @return_empty:
001CC6r 2  A9 02              LDA   #VAL_LIST
001CC8r 2  85 rr              STA   eval_type
001CCAr 2  64 rr              STZ   eval_val_lo
001CCCr 2  64 rr              STZ   eval_val_hi
001CCEr 2  64 rr              STZ   eval_val_frac
001CD0r 2  4C rr rr           JMP   eval_continue
001CD3r 2               
001CD3r 2               @err_args:
001CD3r 2  A2 rr              LDX   #<str_bl_err
001CD5r 2  A0 rr              LDY   #>str_bl_err
001CD7r 2  4C rr rr           JMP   list_print_err
001CDAr 2               @err_type:
001CDAr 2  A2 rr              LDX   #<str_bl_type
001CDCr 2  A0 rr              LDY   #>str_bl_type
001CDEr 2  4C rr rr           JMP   list_print_err
001CE1r 2               @err_empty:
001CE1r 2  A2 rr              LDX   #<str_bl_empty
001CE3r 2  A0 rr              LDY   #>str_bl_empty
001CE5r 2  4C rr rr           JMP   list_print_err
001CE8r 2               
001CE8r 2               ; ---------------------------------------------------------------------
001CE8r 2               ; do_item — ITEM index list: return the Nth element (1-based)
001CE8r 2               ;   Arity 0: evaluates its own arguments
001CE8r 2               ; ---------------------------------------------------------------------
001CE8r 2               do_item:
001CE8r 2  20 rr rr           JSR   eval_expr
001CEBr 2  90 03              BCC   :+
001CEDr 2  4C rr rr           JMP   @err_args
001CF0r 2  A5 rr        :     LDA   eval_type
001CF2r 2  D0 78              BNE   @err_args_j         ; must be number
001CF4r 2               
001CF4r 2  A5 rr              LDA   eval_val_lo
001CF6r 2  48                 PHA
001CF7r 2  A5 rr              LDA   eval_val_hi
001CF9r 2  48                 PHA
001CFAr 2               
001CFAr 2  20 rr rr           JSR   eval_expr
001CFDr 2  90 05              BCC   :+
001CFFr 2  68                 PLA
001D00r 2  68                 PLA
001D01r 2  4C rr rr           JMP   @err_args
001D04r 2               :
001D04r 2  A5 rr              LDA   eval_type
001D06r 2  C9 02              CMP   #VAL_LIST
001D08r 2  D0 65              BNE   @err_type_pop2
001D0Ar 2               
001D0Ar 2  68                 PLA
001D0Br 2  85 rr              STA   list_count_hi
001D0Dr 2  68                 PLA
001D0Er 2  85 rr              STA   list_count_lo
001D10r 2               
001D10r 2                     ; Index must be >= 1
001D10r 2  A5 rr              LDA   list_count_lo
001D12r 2  05 rr              ORA   list_count_hi
001D14r 2  F0 69              BEQ   @err_range
001D16r 2               
001D16r 2  A5 rr              LDA   eval_val_lo
001D18r 2  85 rr              STA   list_ptr_lo
001D1Ar 2  A5 rr              LDA   eval_val_hi
001D1Cr 2  85 rr              STA   list_ptr_hi
001D1Er 2               
001D1Er 2               @item_walk:
001D1Er 2  A5 rr              LDA   list_ptr_lo
001D20r 2  05 rr              ORA   list_ptr_hi
001D22r 2  F0 5B              BEQ   @err_range
001D24r 2               
001D24r 2                     ; Decrement index
001D24r 2  A5 rr              LDA   list_count_lo
001D26r 2  D0 02              BNE   :+
001D28r 2  C6 rr              DEC   list_count_hi
001D2Ar 2  C6 rr        :     DEC   list_count_lo
001D2Cr 2               
001D2Cr 2  A5 rr              LDA   list_count_lo
001D2Er 2  05 rr              ORA   list_count_hi
001D30r 2  F0 17              BEQ   @item_found
001D32r 2               
001D32r 2                     ; Follow cdr
001D32r 2  A5 rr              LDA   list_ptr_lo
001D34r 2  85 rr              STA   ptr_lo
001D36r 2  A5 rr              LDA   list_ptr_hi
001D38r 2  85 rr              STA   ptr_hi
001D3Ar 2  A0 05              LDY   #CONS_CDR_LO
001D3Cr 2  B1 rr              LDA   (ptr_lo),Y
001D3Er 2  AA                 TAX
001D3Fr 2  A0 06              LDY   #CONS_CDR_HI
001D41r 2  B1 rr              LDA   (ptr_lo),Y
001D43r 2  85 rr              STA   list_ptr_hi
001D45r 2  86 rr              STX   list_ptr_lo
001D47r 2  80 D5              BRA   @item_walk
001D49r 2               
001D49r 2               @item_found:
001D49r 2  A5 rr              LDA   list_ptr_lo
001D4Br 2  85 rr              STA   ptr_lo
001D4Dr 2  A5 rr              LDA   list_ptr_hi
001D4Fr 2  85 rr              STA   ptr_hi
001D51r 2  A0 01              LDY   #CONS_CAR_TYPE
001D53r 2  B1 rr              LDA   (ptr_lo),Y
001D55r 2  85 rr              STA   eval_type
001D57r 2  A0 02              LDY   #CONS_CAR_HI
001D59r 2  B1 rr              LDA   (ptr_lo),Y
001D5Br 2  85 rr              STA   eval_val_hi
001D5Dr 2  A0 03              LDY   #CONS_CAR_LO
001D5Fr 2  B1 rr              LDA   (ptr_lo),Y
001D61r 2  85 rr              STA   eval_val_lo
001D63r 2  A0 04              LDY   #CONS_CAR_FRAC
001D65r 2  B1 rr              LDA   (ptr_lo),Y
001D67r 2  85 rr              STA   eval_val_frac
001D69r 2  4C rr rr           JMP   eval_continue
001D6Cr 2               
001D6Cr 2               @err_args_j:
001D6Cr 2  4C rr rr           JMP   @err_args
001D6Fr 2               
001D6Fr 2               @err_type_pop2:
001D6Fr 2  68                 PLA
001D70r 2  68                 PLA
001D71r 2  A2 rr              LDX   #<str_item_type
001D73r 2  A0 rr              LDY   #>str_item_type
001D75r 2  4C rr rr           JMP   list_print_err
001D78r 2               @err_args:
001D78r 2  A2 rr              LDX   #<str_item_err
001D7Ar 2  A0 rr              LDY   #>str_item_err
001D7Cr 2  4C rr rr           JMP   list_print_err
001D7Fr 2               @err_range:
001D7Fr 2  A2 rr              LDX   #<str_item_range
001D81r 2  A0 rr              LDY   #>str_item_range
001D83r 2  4C rr rr           JMP   list_print_err
001D86r 2               
001D86r 2               ; ---------------------------------------------------------------------
001D86r 2               ; do_memberp — MEMBER? value list: return 1 if value in list, else 0
001D86r 2               ;   Arity 0: evaluates its own arguments
001D86r 2               ; ---------------------------------------------------------------------
001D86r 2               do_memberp:
001D86r 2  20 rr rr           JSR   eval_expr
001D89r 2  90 03              BCC   :+
001D8Br 2  4C rr rr           JMP   @err
001D8Er 2               :
001D8Er 2                     ; Save search value on stack (type + 3 value bytes)
001D8Er 2  A5 rr              LDA   eval_val_frac
001D90r 2  48                 PHA
001D91r 2  A5 rr              LDA   eval_val_lo
001D93r 2  48                 PHA
001D94r 2  A5 rr              LDA   eval_val_hi
001D96r 2  48                 PHA
001D97r 2  A5 rr              LDA   eval_type
001D99r 2  48                 PHA
001D9Ar 2               
001D9Ar 2  20 rr rr           JSR   eval_expr
001D9Dr 2  90 07              BCC   :+
001D9Fr 2  68                 PLA
001DA0r 2  68                 PLA
001DA1r 2  68                 PLA
001DA2r 2  68                 PLA
001DA3r 2  4C rr rr           JMP   @err
001DA6r 2               :
001DA6r 2  A5 rr              LDA   eval_type
001DA8r 2  C9 02              CMP   #VAL_LIST
001DAAr 2  F0 03              BEQ   :+
001DACr 2  4C rr rr           JMP   @err_type_pop4
001DAFr 2               :
001DAFr 2  A5 rr              LDA   eval_val_lo
001DB1r 2  85 rr              STA   list_ptr_lo
001DB3r 2  A5 rr              LDA   eval_val_hi
001DB5r 2  85 rr              STA   list_ptr_hi
001DB7r 2               
001DB7r 2               @mem_walk:
001DB7r 2  A5 rr              LDA   list_ptr_lo
001DB9r 2  05 rr              ORA   list_ptr_hi
001DBBr 2  F0 6F              BEQ   @mem_false
001DBDr 2               
001DBDr 2  A5 rr              LDA   list_ptr_lo
001DBFr 2  85 rr              STA   ptr_lo
001DC1r 2  A5 rr              LDA   list_ptr_hi
001DC3r 2  85 rr              STA   ptr_hi
001DC5r 2               
001DC5r 2                     ; Compare type
001DC5r 2  A0 01              LDY   #CONS_CAR_TYPE
001DC7r 2  B1 rr              LDA   (ptr_lo),Y
001DC9r 2  BA                 TSX
001DCAr 2  DD 01 01           CMP   $0101,X
001DCDr 2  D0 46              BNE   @mem_next
001DCFr 2               
001DCFr 2                     ; Types match — compare values
001DCFr 2  C9 00              CMP   #VAL_NUMBER
001DD1r 2  D0 1D              BNE   @mem_cmp_ptr
001DD3r 2               
001DD3r 2                     ; Compare number: hi, lo, frac
001DD3r 2  A0 02              LDY   #CONS_CAR_HI
001DD5r 2  B1 rr              LDA   (ptr_lo),Y
001DD7r 2  DD 02 01           CMP   $0102,X
001DDAr 2  D0 39              BNE   @mem_next
001DDCr 2  A0 03              LDY   #CONS_CAR_LO
001DDEr 2  B1 rr              LDA   (ptr_lo),Y
001DE0r 2  DD 03 01           CMP   $0103,X
001DE3r 2  D0 30              BNE   @mem_next
001DE5r 2  A0 04              LDY   #CONS_CAR_FRAC
001DE7r 2  B1 rr              LDA   (ptr_lo),Y
001DE9r 2  DD 04 01           CMP   $0104,X
001DECr 2  D0 27              BNE   @mem_next
001DEEr 2  80 12              BRA   @mem_true
001DF0r 2               
001DF0r 2               @mem_cmp_ptr:
001DF0r 2  A0 02              LDY   #CONS_CAR_HI
001DF2r 2  B1 rr              LDA   (ptr_lo),Y
001DF4r 2  DD 02 01           CMP   $0102,X
001DF7r 2  D0 1C              BNE   @mem_next
001DF9r 2  A0 03              LDY   #CONS_CAR_LO
001DFBr 2  B1 rr              LDA   (ptr_lo),Y
001DFDr 2  DD 03 01           CMP   $0103,X
001E00r 2  D0 13              BNE   @mem_next
001E02r 2                     ; fall through to @mem_true
001E02r 2               
001E02r 2               @mem_true:
001E02r 2  68                 PLA
001E03r 2  68                 PLA
001E04r 2  68                 PLA
001E05r 2  68                 PLA
001E06r 2  A9 00              LDA   #VAL_NUMBER
001E08r 2  85 rr              STA   eval_type
001E0Ar 2  A9 01              LDA   #1
001E0Cr 2  85 rr              STA   eval_val_lo
001E0Er 2  64 rr              STZ   eval_val_hi
001E10r 2  64 rr              STZ   eval_val_frac
001E12r 2  4C rr rr           JMP   eval_continue
001E15r 2               
001E15r 2               @mem_next:
001E15r 2  A5 rr              LDA   list_ptr_lo
001E17r 2  85 rr              STA   ptr_lo
001E19r 2  A5 rr              LDA   list_ptr_hi
001E1Br 2  85 rr              STA   ptr_hi
001E1Dr 2  A0 05              LDY   #CONS_CDR_LO
001E1Fr 2  B1 rr              LDA   (ptr_lo),Y
001E21r 2  AA                 TAX
001E22r 2  A0 06              LDY   #CONS_CDR_HI
001E24r 2  B1 rr              LDA   (ptr_lo),Y
001E26r 2  85 rr              STA   list_ptr_hi
001E28r 2  86 rr              STX   list_ptr_lo
001E2Ar 2  80 8B              BRA   @mem_walk
001E2Cr 2               
001E2Cr 2               @mem_false:
001E2Cr 2  68                 PLA
001E2Dr 2  68                 PLA
001E2Er 2  68                 PLA
001E2Fr 2  68                 PLA
001E30r 2  A9 00              LDA   #VAL_NUMBER
001E32r 2  85 rr              STA   eval_type
001E34r 2  64 rr              STZ   eval_val_lo
001E36r 2  64 rr              STZ   eval_val_hi
001E38r 2  64 rr              STZ   eval_val_frac
001E3Ar 2  4C rr rr           JMP   eval_continue
001E3Dr 2               
001E3Dr 2               @err:
001E3Dr 2  A2 rr              LDX   #<str_memberp_err
001E3Fr 2  A0 rr              LDY   #>str_memberp_err
001E41r 2  4C rr rr           JMP   list_print_err
001E44r 2               @err_type_pop4:
001E44r 2  68                 PLA
001E45r 2  68                 PLA
001E46r 2  68                 PLA
001E47r 2  68                 PLA
001E48r 2  A2 rr              LDX   #<str_memberp_type
001E4Ar 2  A0 rr              LDY   #>str_memberp_type
001E4Cr 2  4C rr rr           JMP   list_print_err
001E4Fr 2               
001E4Fr 2               ; ---------------------------------------------------------------------
001E4Fr 2               ; do_show — SHOW value: like PRINT, adds brackets for lists
001E4Fr 2               ;   Arity 0: evaluates its own argument
001E4Fr 2               ; ---------------------------------------------------------------------
001E4Fr 2               do_show:
001E4Fr 2  20 rr rr           JSR   eval_expr
001E52r 2  90 07              BCC   :+
001E54r 2  A2 rr              LDX   #<str_show_err
001E56r 2  A0 rr              LDY   #>str_show_err
001E58r 2  4C rr rr           JMP   list_print_err
001E5Br 2               :
001E5Br 2  A5 rr              LDA   eval_type
001E5Dr 2  C9 02              CMP   #VAL_LIST
001E5Fr 2  F0 2C              BEQ   @show_list
001E61r 2  C9 01              CMP   #VAL_WORD
001E63r 2  F0 09              BEQ   @show_word
001E65r 2               
001E65r 2                     ; Number
001E65r 2  20 rr rr           JSR   print_number
001E68r 2  20 rr rr           JSR   eval_newline
001E6Br 2  4C rr rr           JMP   eval_continue
001E6Er 2               
001E6Er 2               @show_word:
001E6Er 2  A5 rr              LDA   eval_val_lo
001E70r 2  85 rr              STA   ptr_lo
001E72r 2  A5 rr              LDA   eval_val_hi
001E74r 2  85 rr              STA   ptr_hi
001E76r 2  A0 00              LDY   #0
001E78r 2  B1 rr              LDA   (ptr_lo),Y
001E7Ar 2  AA                 TAX
001E7Br 2  F0 0A              BEQ   @sw_done
001E7Dr 2  C8                 INY
001E7Er 2               @sw_ch:
001E7Er 2  B1 rr              LDA   (ptr_lo),Y
001E80r 2  8D 0E A0           STA   VGC_CHAROUT
001E83r 2  C8                 INY
001E84r 2  CA                 DEX
001E85r 2  D0 F7              BNE   @sw_ch
001E87r 2               @sw_done:
001E87r 2  20 rr rr           JSR   eval_newline
001E8Ar 2  4C rr rr           JMP   eval_continue
001E8Dr 2               
001E8Dr 2               @show_list:
001E8Dr 2  20 rr rr           JSR   print_list
001E90r 2  20 rr rr           JSR   eval_newline
001E93r 2  4C rr rr           JMP   eval_continue
001E96r 2               
001E96r 2               ; ---------------------------------------------------------------------
001E96r 2               ; list_print_err — shared error printer for list operations
001E96r 2               ;   Entry: X/Y = lo/hi pointer to null-terminated error string
001E96r 2               ;   JMPs to eval_continue
001E96r 2               ; ---------------------------------------------------------------------
001E96r 2               list_print_err:
001E96r 2  86 rr              STX   ptr_lo
001E98r 2  84 rr              STY   ptr_hi
001E9Ar 2  A0 00              LDY   #0
001E9Cr 2               @lp:
001E9Cr 2  B1 rr              LDA   (ptr_lo),Y
001E9Er 2  F0 06              BEQ   @done
001EA0r 2  8D 0E A0           STA   VGC_CHAROUT
001EA3r 2  C8                 INY
001EA4r 2  D0 F6              BNE   @lp
001EA6r 2               @done:
001EA6r 2  20 rr rr           JSR   eval_newline
001EA9r 2  4C rr rr           JMP   eval_continue
001EACr 2               
001EACr 2               ; ---------------------------------------------------------------------
001EACr 2               ; do_fput — FPUT value list: prepend value to front of list
001EACr 2               ;   Arity 0: evaluates its own arguments
001EACr 2               ; ---------------------------------------------------------------------
001EACr 2               do_fput:
001EACr 2  20 rr rr           JSR   eval_expr
001EAFr 2  90 03              BCC   :+
001EB1r 2  4C rr rr           JMP   @err
001EB4r 2               :
001EB4r 2                     ; Save value on stack (type, hi, lo, frac)
001EB4r 2  A5 rr              LDA   eval_type
001EB6r 2  48                 PHA
001EB7r 2  A5 rr              LDA   eval_val_hi
001EB9r 2  48                 PHA
001EBAr 2  A5 rr              LDA   eval_val_lo
001EBCr 2  48                 PHA
001EBDr 2  A5 rr              LDA   eval_val_frac
001EBFr 2  48                 PHA
001EC0r 2               
001EC0r 2                     ; Evaluate second arg: must be a list
001EC0r 2  20 rr rr           JSR   eval_expr
001EC3r 2  90 03              BCC   :+
001EC5r 2  4C rr rr           JMP   @err_pop4
001EC8r 2               :
001EC8r 2  A5 rr              LDA   eval_type
001ECAr 2  C9 02              CMP   #VAL_LIST
001ECCr 2  D0 62              BNE   @err_type_pop4
001ECEr 2               
001ECEr 2                     ; Save the list pointer (will be cdr of new cell)
001ECEr 2  A5 rr              LDA   eval_val_lo
001ED0r 2  48                 PHA
001ED1r 2  A5 rr              LDA   eval_val_hi
001ED3r 2  48                 PHA
001ED4r 2               
001ED4r 2                     ; Allocate cons pair
001ED4r 2  A9 07              LDA   #CONS_SIZE
001ED6r 2  A2 02              LDX   #ATYPE_CONS
001ED8r 2  20 rr rr           JSR   heap_alloc
001EDBr 2  B0 51              BCS   @oom_pop6
001EDDr 2               
001EDDr 2                     ; Pop list pointer → cdr
001EDDr 2  68                 PLA
001EDEr 2  8D rr rr           STA   num_tmp_hi              ; list_hi
001EE1r 2  68                 PLA
001EE2r 2  8D rr rr           STA   num_tmp_lo              ; list_lo
001EE5r 2               
001EE5r 2                     ; Pop value → car
001EE5r 2  68                 PLA
001EE6r 2  85 rr              STA   eval_val_frac
001EE8r 2  68                 PLA
001EE9r 2  85 rr              STA   eval_val_lo
001EEBr 2  68                 PLA
001EECr 2  85 rr              STA   eval_val_hi
001EEEr 2  68                 PLA
001EEFr 2  85 rr              STA   eval_type
001EF1r 2               
001EF1r 2                     ; Fill the cons pair
001EF1r 2  A0 00              LDY   #CONS_TAG
001EF3r 2  A9 10              LDA   #CONS_PAIR
001EF5r 2  91 rr              STA   (ptr_lo),Y
001EF7r 2  A0 01              LDY   #CONS_CAR_TYPE
001EF9r 2  A5 rr              LDA   eval_type
001EFBr 2  91 rr              STA   (ptr_lo),Y
001EFDr 2  A0 02              LDY   #CONS_CAR_HI
001EFFr 2  A5 rr              LDA   eval_val_hi
001F01r 2  91 rr              STA   (ptr_lo),Y
001F03r 2  A0 03              LDY   #CONS_CAR_LO
001F05r 2  A5 rr              LDA   eval_val_lo
001F07r 2  91 rr              STA   (ptr_lo),Y
001F09r 2  A0 04              LDY   #CONS_CAR_FRAC
001F0Br 2  A5 rr              LDA   eval_val_frac
001F0Dr 2  91 rr              STA   (ptr_lo),Y
001F0Fr 2  A0 05              LDY   #CONS_CDR_LO
001F11r 2  AD rr rr           LDA   num_tmp_lo
001F14r 2  91 rr              STA   (ptr_lo),Y
001F16r 2  A0 06              LDY   #CONS_CDR_HI
001F18r 2  AD rr rr           LDA   num_tmp_hi
001F1Br 2  91 rr              STA   (ptr_lo),Y
001F1Dr 2               
001F1Dr 2                     ; Return the new list
001F1Dr 2  A9 02              LDA   #VAL_LIST
001F1Fr 2  85 rr              STA   eval_type
001F21r 2  A5 rr              LDA   ptr_lo
001F23r 2  85 rr              STA   eval_val_lo
001F25r 2  A5 rr              LDA   ptr_hi
001F27r 2  85 rr              STA   eval_val_hi
001F29r 2  64 rr              STZ   eval_val_frac
001F2Br 2  4C rr rr           JMP   eval_continue
001F2Er 2               
001F2Er 2               @oom_pop6:
001F2Er 2  68                 PLA
001F2Fr 2  68                 PLA
001F30r 2               @err_type_pop4:
001F30r 2               @err_pop4:
001F30r 2  68                 PLA
001F31r 2  68                 PLA
001F32r 2  68                 PLA
001F33r 2  68                 PLA
001F34r 2               @err:
001F34r 2  A2 rr              LDX   #<str_fput_err
001F36r 2  A0 rr              LDY   #>str_fput_err
001F38r 2  4C rr rr           JMP   list_print_err
001F3Br 2               
001F3Br 2               ; ---------------------------------------------------------------------
001F3Br 2               ; do_lput — LPUT value list: append value to end of list
001F3Br 2               ;   Arity 0: evaluates its own arguments
001F3Br 2               ; ---------------------------------------------------------------------
001F3Br 2               do_lput:
001F3Br 2  20 rr rr           JSR   eval_expr
001F3Er 2  90 03              BCC   :+
001F40r 2  4C rr rr           JMP   @err
001F43r 2               :
001F43r 2                     ; Save value on stack
001F43r 2  A5 rr              LDA   eval_type
001F45r 2  48                 PHA
001F46r 2  A5 rr              LDA   eval_val_hi
001F48r 2  48                 PHA
001F49r 2  A5 rr              LDA   eval_val_lo
001F4Br 2  48                 PHA
001F4Cr 2  A5 rr              LDA   eval_val_frac
001F4Er 2  48                 PHA
001F4Fr 2               
001F4Fr 2                     ; Evaluate second arg: must be a list
001F4Fr 2  20 rr rr           JSR   eval_expr
001F52r 2  90 03              BCC   :+
001F54r 2  4C rr rr           JMP   @err_pop4
001F57r 2               :
001F57r 2  A5 rr              LDA   eval_type
001F59r 2  C9 02              CMP   #VAL_LIST
001F5Br 2  F0 03              BEQ   :+
001F5Dr 2  4C rr rr           JMP   @err_type_pop4
001F60r 2               :
001F60r 2                     ; Save list pointer
001F60r 2  A5 rr              LDA   eval_val_lo
001F62r 2  85 rr              STA   list_head_lo
001F64r 2  A5 rr              LDA   eval_val_hi
001F66r 2  85 rr              STA   list_head_hi
001F68r 2               
001F68r 2                     ; Pop value back
001F68r 2  68                 PLA
001F69r 2  85 rr              STA   eval_val_frac
001F6Br 2  68                 PLA
001F6Cr 2  85 rr              STA   eval_val_lo
001F6Er 2  68                 PLA
001F6Fr 2  85 rr              STA   eval_val_hi
001F71r 2  68                 PLA
001F72r 2  85 rr              STA   eval_type
001F74r 2               
001F74r 2                     ; Allocate new tail cons pair for the value
001F74r 2  A5 rr              LDA   eval_type
001F76r 2  48                 PHA
001F77r 2  A5 rr              LDA   eval_val_hi
001F79r 2  48                 PHA
001F7Ar 2  A5 rr              LDA   eval_val_lo
001F7Cr 2  48                 PHA
001F7Dr 2  A5 rr              LDA   eval_val_frac
001F7Fr 2  48                 PHA
001F80r 2               
001F80r 2  A9 07              LDA   #CONS_SIZE
001F82r 2  A2 02              LDX   #ATYPE_CONS
001F84r 2  20 rr rr           JSR   heap_alloc
001F87r 2  90 03              BCC   :+
001F89r 2  4C rr rr           JMP   @oom2_pop4
001F8Cr 2               :
001F8Cr 2               
001F8Cr 2                     ; Pop value
001F8Cr 2  68                 PLA
001F8Dr 2  85 rr              STA   eval_val_frac
001F8Fr 2  68                 PLA
001F90r 2  85 rr              STA   eval_val_lo
001F92r 2  68                 PLA
001F93r 2  85 rr              STA   eval_val_hi
001F95r 2  68                 PLA
001F96r 2  85 rr              STA   eval_type
001F98r 2               
001F98r 2                     ; Fill the new tail cell
001F98r 2  A0 00              LDY   #CONS_TAG
001F9Ar 2  A9 10              LDA   #CONS_PAIR
001F9Cr 2  91 rr              STA   (ptr_lo),Y
001F9Er 2  A0 01              LDY   #CONS_CAR_TYPE
001FA0r 2  A5 rr              LDA   eval_type
001FA2r 2  91 rr              STA   (ptr_lo),Y
001FA4r 2  A0 02              LDY   #CONS_CAR_HI
001FA6r 2  A5 rr              LDA   eval_val_hi
001FA8r 2  91 rr              STA   (ptr_lo),Y
001FAAr 2  A0 03              LDY   #CONS_CAR_LO
001FACr 2  A5 rr              LDA   eval_val_lo
001FAEr 2  91 rr              STA   (ptr_lo),Y
001FB0r 2  A0 04              LDY   #CONS_CAR_FRAC
001FB2r 2  A5 rr              LDA   eval_val_frac
001FB4r 2  91 rr              STA   (ptr_lo),Y
001FB6r 2  A0 05              LDY   #CONS_CDR_LO
001FB8r 2  A9 00              LDA   #0
001FBAr 2  91 rr              STA   (ptr_lo),Y
001FBCr 2  A0 06              LDY   #CONS_CDR_HI
001FBEr 2  91 rr              STA   (ptr_lo),Y
001FC0r 2               
001FC0r 2                     ; Save new cell pointer
001FC0r 2  A5 rr              LDA   ptr_lo
001FC2r 2  85 rr              STA   list_tail_lo
001FC4r 2  A5 rr              LDA   ptr_hi
001FC6r 2  85 rr              STA   list_tail_hi
001FC8r 2               
001FC8r 2                     ; If list was empty, new cell IS the list
001FC8r 2  A5 rr              LDA   list_head_lo
001FCAr 2  05 rr              ORA   list_head_hi
001FCCr 2  F0 44              BEQ   @lput_single
001FCEr 2               
001FCEr 2                     ; Walk to last cell of existing list
001FCEr 2  A5 rr              LDA   list_head_lo
001FD0r 2  85 rr              STA   list_ptr_lo
001FD2r 2  A5 rr              LDA   list_head_hi
001FD4r 2  85 rr              STA   list_ptr_hi
001FD6r 2               @lput_walk:
001FD6r 2  A5 rr              LDA   list_ptr_lo
001FD8r 2  85 rr              STA   ptr_lo
001FDAr 2  A5 rr              LDA   list_ptr_hi
001FDCr 2  85 rr              STA   ptr_hi
001FDEr 2  A0 05              LDY   #CONS_CDR_LO
001FE0r 2  B1 rr              LDA   (ptr_lo),Y
001FE2r 2  AA                 TAX
001FE3r 2  A0 06              LDY   #CONS_CDR_HI
001FE5r 2  B1 rr              LDA   (ptr_lo),Y
001FE7r 2  09 00              ORA   #0
001FE9r 2  D0 04              BNE   @lput_next
001FEBr 2  E0 00              CPX   #0
001FEDr 2  F0 06              BEQ   @lput_found_last
001FEFr 2               @lput_next:
001FEFr 2  85 rr              STA   list_ptr_hi
001FF1r 2  86 rr              STX   list_ptr_lo
001FF3r 2  80 E1              BRA   @lput_walk
001FF5r 2               
001FF5r 2               @lput_found_last:
001FF5r 2                     ; Patch last cell's cdr to point to new tail
001FF5r 2  A0 05              LDY   #CONS_CDR_LO
001FF7r 2  A5 rr              LDA   list_tail_lo
001FF9r 2  91 rr              STA   (ptr_lo),Y
001FFBr 2  A0 06              LDY   #CONS_CDR_HI
001FFDr 2  A5 rr              LDA   list_tail_hi
001FFFr 2  91 rr              STA   (ptr_lo),Y
002001r 2               
002001r 2                     ; Return original list head
002001r 2  A9 02              LDA   #VAL_LIST
002003r 2  85 rr              STA   eval_type
002005r 2  A5 rr              LDA   list_head_lo
002007r 2  85 rr              STA   eval_val_lo
002009r 2  A5 rr              LDA   list_head_hi
00200Br 2  85 rr              STA   eval_val_hi
00200Dr 2  64 rr              STZ   eval_val_frac
00200Fr 2  4C rr rr           JMP   eval_continue
002012r 2               
002012r 2               @lput_single:
002012r 2                     ; Empty list → just return the new cell
002012r 2  A9 02              LDA   #VAL_LIST
002014r 2  85 rr              STA   eval_type
002016r 2  A5 rr              LDA   list_tail_lo
002018r 2  85 rr              STA   eval_val_lo
00201Ar 2  A5 rr              LDA   list_tail_hi
00201Cr 2  85 rr              STA   eval_val_hi
00201Er 2  64 rr              STZ   eval_val_frac
002020r 2  4C rr rr           JMP   eval_continue
002023r 2               
002023r 2               @oom2_pop4:
002023r 2  68                 PLA
002024r 2  68                 PLA
002025r 2  68                 PLA
002026r 2  68                 PLA
002027r 2               @err_type_pop4:
002027r 2               @err_pop4:
002027r 2  68                 PLA
002028r 2  68                 PLA
002029r 2  68                 PLA
00202Ar 2  68                 PLA
00202Br 2               @err:
00202Br 2  A2 rr              LDX   #<str_lput_err
00202Dr 2  A0 rr              LDY   #>str_lput_err
00202Fr 2  4C rr rr           JMP   list_print_err
002032r 2               
002032r 2               ; ---------------------------------------------------------------------
002032r 2               ; do_list — LIST val1 val2: create a two-element list
002032r 2               ;   Arity 0: evaluates its own arguments
002032r 2               ; ---------------------------------------------------------------------
002032r 2               do_list:
002032r 2                     ; Evaluate first arg
002032r 2  20 rr rr           JSR   eval_expr
002035r 2  90 03              BCC   :+
002037r 2  4C rr rr           JMP   @err
00203Ar 2               :
00203Ar 2                     ; Save first value
00203Ar 2  A5 rr              LDA   eval_type
00203Cr 2  48                 PHA
00203Dr 2  A5 rr              LDA   eval_val_hi
00203Fr 2  48                 PHA
002040r 2  A5 rr              LDA   eval_val_lo
002042r 2  48                 PHA
002043r 2  A5 rr              LDA   eval_val_frac
002045r 2  48                 PHA
002046r 2               
002046r 2                     ; Evaluate second arg
002046r 2  20 rr rr           JSR   eval_expr
002049r 2  90 03              BCC   :+
00204Br 2  4C rr rr           JMP   @err_pop4
00204Er 2               :
00204Er 2                     ; Save second value
00204Er 2  A5 rr              LDA   eval_type
002050r 2  48                 PHA
002051r 2  A5 rr              LDA   eval_val_hi
002053r 2  48                 PHA
002054r 2  A5 rr              LDA   eval_val_lo
002056r 2  48                 PHA
002057r 2  A5 rr              LDA   eval_val_frac
002059r 2  48                 PHA
00205Ar 2               
00205Ar 2                     ; Allocate second cell first (it has cdr=null)
00205Ar 2  A9 07              LDA   #CONS_SIZE
00205Cr 2  A2 02              LDX   #ATYPE_CONS
00205Er 2  20 rr rr           JSR   heap_alloc
002061r 2  90 03              BCC   :+
002063r 2  4C rr rr           JMP   @oom_pop8
002066r 2               :
002066r 2               
002066r 2                     ; Pop second value into cell
002066r 2  68                 PLA
002067r 2  48                 PHA                           ; keep frac on stack briefly
002068r 2  A0 00              LDY   #CONS_TAG
00206Ar 2  A9 10              LDA   #CONS_PAIR
00206Cr 2  91 rr              STA   (ptr_lo),Y
00206Er 2                     ; type
00206Er 2  A0 08              LDY   #8                      ; stack offset for second type
002070r 2  BA                 TSX
002071r 2  BD 04 01           LDA   $0104,X                 ; second val type (stack: frac,lo,hi,type,...)
002074r 2  A0 01              LDY   #CONS_CAR_TYPE
002076r 2  91 rr              STA   (ptr_lo),Y
002078r 2                     ; hi
002078r 2  BA                 TSX
002079r 2  BD 03 01           LDA   $0103,X
00207Cr 2  A0 02              LDY   #CONS_CAR_HI
00207Er 2  91 rr              STA   (ptr_lo),Y
002080r 2                     ; lo
002080r 2  BA                 TSX
002081r 2  BD 02 01           LDA   $0102,X
002084r 2  A0 03              LDY   #CONS_CAR_LO
002086r 2  91 rr              STA   (ptr_lo),Y
002088r 2                     ; frac
002088r 2  68                 PLA                           ; restore frac
002089r 2  A0 04              LDY   #CONS_CAR_FRAC
00208Br 2  91 rr              STA   (ptr_lo),Y
00208Dr 2                     ; cdr = null
00208Dr 2  A0 05              LDY   #CONS_CDR_LO
00208Fr 2  A9 00              LDA   #0
002091r 2  91 rr              STA   (ptr_lo),Y
002093r 2  A0 06              LDY   #CONS_CDR_HI
002095r 2  91 rr              STA   (ptr_lo),Y
002097r 2               
002097r 2                     ; Clean remaining 3 bytes of second value from stack
002097r 2  68                 PLA
002098r 2  68                 PLA
002099r 2  68                 PLA
00209Ar 2               
00209Ar 2                     ; Save second cell pointer
00209Ar 2  A5 rr              LDA   ptr_lo
00209Cr 2  85 rr              STA   list_tail_lo
00209Er 2  A5 rr              LDA   ptr_hi
0020A0r 2  85 rr              STA   list_tail_hi
0020A2r 2               
0020A2r 2                     ; Allocate first cell
0020A2r 2  A9 07              LDA   #CONS_SIZE
0020A4r 2  A2 02              LDX   #ATYPE_CONS
0020A6r 2  20 rr rr           JSR   heap_alloc
0020A9r 2  B0 4B              BCS   @oom_pop4
0020ABr 2               
0020ABr 2                     ; Pop first value into cell
0020ABr 2  68                 PLA
0020ACr 2  85 rr              STA   eval_val_frac
0020AEr 2  68                 PLA
0020AFr 2  85 rr              STA   eval_val_lo
0020B1r 2  68                 PLA
0020B2r 2  85 rr              STA   eval_val_hi
0020B4r 2  68                 PLA
0020B5r 2  85 rr              STA   eval_type
0020B7r 2               
0020B7r 2  A0 00              LDY   #CONS_TAG
0020B9r 2  A9 10              LDA   #CONS_PAIR
0020BBr 2  91 rr              STA   (ptr_lo),Y
0020BDr 2  A0 01              LDY   #CONS_CAR_TYPE
0020BFr 2  A5 rr              LDA   eval_type
0020C1r 2  91 rr              STA   (ptr_lo),Y
0020C3r 2  A0 02              LDY   #CONS_CAR_HI
0020C5r 2  A5 rr              LDA   eval_val_hi
0020C7r 2  91 rr              STA   (ptr_lo),Y
0020C9r 2  A0 03              LDY   #CONS_CAR_LO
0020CBr 2  A5 rr              LDA   eval_val_lo
0020CDr 2  91 rr              STA   (ptr_lo),Y
0020CFr 2  A0 04              LDY   #CONS_CAR_FRAC
0020D1r 2  A5 rr              LDA   eval_val_frac
0020D3r 2  91 rr              STA   (ptr_lo),Y
0020D5r 2                     ; cdr = second cell
0020D5r 2  A0 05              LDY   #CONS_CDR_LO
0020D7r 2  A5 rr              LDA   list_tail_lo
0020D9r 2  91 rr              STA   (ptr_lo),Y
0020DBr 2  A0 06              LDY   #CONS_CDR_HI
0020DDr 2  A5 rr              LDA   list_tail_hi
0020DFr 2  91 rr              STA   (ptr_lo),Y
0020E1r 2               
0020E1r 2                     ; Return first cell as list head
0020E1r 2  A9 02              LDA   #VAL_LIST
0020E3r 2  85 rr              STA   eval_type
0020E5r 2  A5 rr              LDA   ptr_lo
0020E7r 2  85 rr              STA   eval_val_lo
0020E9r 2  A5 rr              LDA   ptr_hi
0020EBr 2  85 rr              STA   eval_val_hi
0020EDr 2  64 rr              STZ   eval_val_frac
0020EFr 2  4C rr rr           JMP   eval_continue
0020F2r 2               
0020F2r 2               @oom_pop8:
0020F2r 2  68                 PLA
0020F3r 2  68                 PLA
0020F4r 2  68                 PLA
0020F5r 2  68                 PLA
0020F6r 2               @oom_pop4:
0020F6r 2               @err_pop4:
0020F6r 2  68                 PLA
0020F7r 2  68                 PLA
0020F8r 2  68                 PLA
0020F9r 2  68                 PLA
0020FAr 2               @err:
0020FAr 2  A2 rr              LDX   #<str_list_err
0020FCr 2  A0 rr              LDY   #>str_list_err
0020FEr 2  4C rr rr           JMP   list_print_err
002101r 2               
002101r 2               ; ---------------------------------------------------------------------
002101r 2               ; do_sentence — SENTENCE val1 val2: concatenate two values as flat list
002101r 2               ;   Non-list args are wrapped as single-element lists first.
002101r 2               ;   Arity 0: evaluates its own arguments
002101r 2               ; ---------------------------------------------------------------------
002101r 2               do_sentence:
002101r 2                     ; Evaluate first arg
002101r 2  20 rr rr           JSR   eval_expr
002104r 2  90 03              BCC   :+
002106r 2  4C rr rr           JMP   @err
002109r 2               :
002109r 2                     ; Save first value
002109r 2  A5 rr              LDA   eval_type
00210Br 2  48                 PHA
00210Cr 2  A5 rr              LDA   eval_val_hi
00210Er 2  48                 PHA
00210Fr 2  A5 rr              LDA   eval_val_lo
002111r 2  48                 PHA
002112r 2  A5 rr              LDA   eval_val_frac
002114r 2  48                 PHA
002115r 2               
002115r 2                     ; Evaluate second arg
002115r 2  20 rr rr           JSR   eval_expr
002118r 2  90 03              BCC   :+
00211Ar 2  4C rr rr           JMP   @err_pop4
00211Dr 2               :
00211Dr 2                     ; Save second value
00211Dr 2  A5 rr              LDA   eval_type
00211Fr 2  48                 PHA
002120r 2  A5 rr              LDA   eval_val_hi
002122r 2  48                 PHA
002123r 2  A5 rr              LDA   eval_val_lo
002125r 2  48                 PHA
002126r 2  A5 rr              LDA   eval_val_frac
002128r 2  48                 PHA
002129r 2               
002129r 2                     ; Process first arg: if not list, wrap in single-element list
002129r 2                     ; First value is at stack offset 4..7 (under second value)
002129r 2  BA                 TSX
00212Ar 2  BD 08 01           LDA   $0108,X                 ; first type
00212Dr 2  C9 02              CMP   #VAL_LIST
00212Fr 2  F0 4D              BEQ   @first_is_list
002131r 2               
002131r 2                     ; Wrap first value as single-element list
002131r 2  A9 07              LDA   #CONS_SIZE
002133r 2  A2 02              LDX   #ATYPE_CONS
002135r 2  20 rr rr           JSR   heap_alloc
002138r 2  90 03              BCC   :+
00213Ar 2  4C rr rr           JMP   @oom_pop8
00213Dr 2               :
00213Dr 2  A0 00              LDY   #CONS_TAG
00213Fr 2  A9 10              LDA   #CONS_PAIR
002141r 2  91 rr              STA   (ptr_lo),Y
002143r 2  BA                 TSX
002144r 2  BD 08 01           LDA   $0108,X                 ; first type
002147r 2  A0 01              LDY   #CONS_CAR_TYPE
002149r 2  91 rr              STA   (ptr_lo),Y
00214Br 2  BD 07 01           LDA   $0107,X                 ; first hi
00214Er 2  A0 02              LDY   #CONS_CAR_HI
002150r 2  91 rr              STA   (ptr_lo),Y
002152r 2  BD 06 01           LDA   $0106,X                 ; first lo
002155r 2  A0 03              LDY   #CONS_CAR_LO
002157r 2  91 rr              STA   (ptr_lo),Y
002159r 2  BD 05 01           LDA   $0105,X                 ; first frac
00215Cr 2  A0 04              LDY   #CONS_CAR_FRAC
00215Er 2  91 rr              STA   (ptr_lo),Y
002160r 2  A0 05              LDY   #CONS_CDR_LO
002162r 2  A9 00              LDA   #0
002164r 2  91 rr              STA   (ptr_lo),Y
002166r 2  A0 06              LDY   #CONS_CDR_HI
002168r 2  91 rr              STA   (ptr_lo),Y
00216Ar 2                     ; Update first value on stack to be VAL_LIST
00216Ar 2  A9 02              LDA   #VAL_LIST
00216Cr 2  9D 08 01           STA   $0108,X                 ; type = list
00216Fr 2  A5 rr              LDA   ptr_hi
002171r 2  9D 07 01           STA   $0107,X                 ; hi = ptr_hi
002174r 2  A5 rr              LDA   ptr_lo
002176r 2  9D 06 01           STA   $0106,X                 ; lo = ptr_lo
002179r 2  A9 00              LDA   #0
00217Br 2  9D 05 01           STA   $0105,X                 ; frac = 0
00217Er 2               
00217Er 2               @first_is_list:
00217Er 2                     ; Process second arg: if not list, wrap it
00217Er 2  BA                 TSX
00217Fr 2  BD 04 01           LDA   $0104,X                 ; second type
002182r 2  C9 02              CMP   #VAL_LIST
002184r 2  F0 4D              BEQ   @second_is_list
002186r 2               
002186r 2                     ; Wrap second value
002186r 2  A9 07              LDA   #CONS_SIZE
002188r 2  A2 02              LDX   #ATYPE_CONS
00218Ar 2  20 rr rr           JSR   heap_alloc
00218Dr 2  90 03              BCC   :+
00218Fr 2  4C rr rr           JMP   @oom_pop8
002192r 2               :
002192r 2  A0 00              LDY   #CONS_TAG
002194r 2  A9 10              LDA   #CONS_PAIR
002196r 2  91 rr              STA   (ptr_lo),Y
002198r 2  BA                 TSX
002199r 2  BD 04 01           LDA   $0104,X                 ; second type
00219Cr 2  A0 01              LDY   #CONS_CAR_TYPE
00219Er 2  91 rr              STA   (ptr_lo),Y
0021A0r 2  BD 03 01           LDA   $0103,X                 ; second hi
0021A3r 2  A0 02              LDY   #CONS_CAR_HI
0021A5r 2  91 rr              STA   (ptr_lo),Y
0021A7r 2  BD 02 01           LDA   $0102,X                 ; second lo
0021AAr 2  A0 03              LDY   #CONS_CAR_LO
0021ACr 2  91 rr              STA   (ptr_lo),Y
0021AEr 2  BD 01 01           LDA   $0101,X                 ; second frac
0021B1r 2  A0 04              LDY   #CONS_CAR_FRAC
0021B3r 2  91 rr              STA   (ptr_lo),Y
0021B5r 2  A0 05              LDY   #CONS_CDR_LO
0021B7r 2  A9 00              LDA   #0
0021B9r 2  91 rr              STA   (ptr_lo),Y
0021BBr 2  A0 06              LDY   #CONS_CDR_HI
0021BDr 2  91 rr              STA   (ptr_lo),Y
0021BFr 2                     ; Update second value on stack
0021BFr 2  A9 02              LDA   #VAL_LIST
0021C1r 2  9D 04 01           STA   $0104,X
0021C4r 2  A5 rr              LDA   ptr_hi
0021C6r 2  9D 03 01           STA   $0103,X
0021C9r 2  A5 rr              LDA   ptr_lo
0021CBr 2  9D 02 01           STA   $0102,X
0021CEr 2  A9 00              LDA   #0
0021D0r 2  9D 01 01           STA   $0101,X
0021D3r 2               
0021D3r 2               @second_is_list:
0021D3r 2                     ; Pop second list pointer
0021D3r 2  68                 PLA                           ; frac (unused)
0021D4r 2  68                 PLA                           ; lo
0021D5r 2  85 rr              STA   list_tail_lo
0021D7r 2  68                 PLA                           ; hi
0021D8r 2  85 rr              STA   list_tail_hi
0021DAr 2  68                 PLA                           ; type (unused, known VAL_LIST)
0021DBr 2               
0021DBr 2                     ; Pop first list pointer
0021DBr 2  68                 PLA                           ; frac (unused)
0021DCr 2  68                 PLA                           ; lo
0021DDr 2  85 rr              STA   list_head_lo
0021DFr 2  68                 PLA                           ; hi
0021E0r 2  85 rr              STA   list_head_hi
0021E2r 2  68                 PLA                           ; type (unused)
0021E3r 2               
0021E3r 2                     ; If first list is empty, return second
0021E3r 2  A5 rr              LDA   list_head_lo
0021E5r 2  05 rr              ORA   list_head_hi
0021E7r 2  F0 44              BEQ   @se_return_second
0021E9r 2               
0021E9r 2                     ; Walk to end of first list, patch cdr to second
0021E9r 2  A5 rr              LDA   list_head_lo
0021EBr 2  85 rr              STA   list_ptr_lo
0021EDr 2  A5 rr              LDA   list_head_hi
0021EFr 2  85 rr              STA   list_ptr_hi
0021F1r 2               @se_walk:
0021F1r 2  A5 rr              LDA   list_ptr_lo
0021F3r 2  85 rr              STA   ptr_lo
0021F5r 2  A5 rr              LDA   list_ptr_hi
0021F7r 2  85 rr              STA   ptr_hi
0021F9r 2  A0 05              LDY   #CONS_CDR_LO
0021FBr 2  B1 rr              LDA   (ptr_lo),Y
0021FDr 2  AA                 TAX
0021FEr 2  A0 06              LDY   #CONS_CDR_HI
002200r 2  B1 rr              LDA   (ptr_lo),Y
002202r 2  09 00              ORA   #0
002204r 2  D0 04              BNE   @se_next
002206r 2  E0 00              CPX   #0
002208r 2  F0 06              BEQ   @se_found_last
00220Ar 2               @se_next:
00220Ar 2  85 rr              STA   list_ptr_hi
00220Cr 2  86 rr              STX   list_ptr_lo
00220Er 2  80 E1              BRA   @se_walk
002210r 2               
002210r 2               @se_found_last:
002210r 2                     ; Patch last cell's cdr to second list
002210r 2  A0 05              LDY   #CONS_CDR_LO
002212r 2  A5 rr              LDA   list_tail_lo
002214r 2  91 rr              STA   (ptr_lo),Y
002216r 2  A0 06              LDY   #CONS_CDR_HI
002218r 2  A5 rr              LDA   list_tail_hi
00221Ar 2  91 rr              STA   (ptr_lo),Y
00221Cr 2               
00221Cr 2                     ; Return first list head
00221Cr 2  A9 02              LDA   #VAL_LIST
00221Er 2  85 rr              STA   eval_type
002220r 2  A5 rr              LDA   list_head_lo
002222r 2  85 rr              STA   eval_val_lo
002224r 2  A5 rr              LDA   list_head_hi
002226r 2  85 rr              STA   eval_val_hi
002228r 2  64 rr              STZ   eval_val_frac
00222Ar 2  4C rr rr           JMP   eval_continue
00222Dr 2               
00222Dr 2               @se_return_second:
00222Dr 2  A9 02              LDA   #VAL_LIST
00222Fr 2  85 rr              STA   eval_type
002231r 2  A5 rr              LDA   list_tail_lo
002233r 2  85 rr              STA   eval_val_lo
002235r 2  A5 rr              LDA   list_tail_hi
002237r 2  85 rr              STA   eval_val_hi
002239r 2  64 rr              STZ   eval_val_frac
00223Br 2  4C rr rr           JMP   eval_continue
00223Er 2               
00223Er 2               @oom_pop8:
00223Er 2  68                 PLA
00223Fr 2  68                 PLA
002240r 2  68                 PLA
002241r 2  68                 PLA
002242r 2               @err_pop4:
002242r 2  68                 PLA
002243r 2  68                 PLA
002244r 2  68                 PLA
002245r 2  68                 PLA
002246r 2               @err:
002246r 2  A2 rr              LDX   #<str_sentence_err
002248r 2  A0 rr              LDY   #>str_sentence_err
00224Ar 2  4C rr rr           JMP   list_print_err
00224Dr 2               
00224Dr 2               ; ---------------------------------------------------------------------
00224Dr 2               ; do_word — WORD val1 val2: concatenate two words into one
00224Dr 2               ;   Arity 0: evaluates its own arguments
00224Dr 2               ; ---------------------------------------------------------------------
00224Dr 2               do_word:
00224Dr 2                     ; Evaluate first arg (must be a word)
00224Dr 2  20 rr rr           JSR   eval_expr
002250r 2  90 03              BCC   :+
002252r 2  4C rr rr           JMP   @err
002255r 2               :
002255r 2  A5 rr              LDA   eval_type
002257r 2  C9 01              CMP   #VAL_WORD
002259r 2  F0 03              BEQ   :+
00225Br 2  4C rr rr           JMP   @err_type
00225Er 2               :
00225Er 2                     ; Save first word pointer
00225Er 2  A5 rr              LDA   eval_val_lo
002260r 2  48                 PHA
002261r 2  A5 rr              LDA   eval_val_hi
002263r 2  48                 PHA
002264r 2               
002264r 2                     ; Evaluate second arg (must be a word)
002264r 2  20 rr rr           JSR   eval_expr
002267r 2  90 05              BCC   :+
002269r 2  68                 PLA
00226Ar 2  68                 PLA
00226Br 2  4C rr rr           JMP   @err
00226Er 2               :
00226Er 2  A5 rr              LDA   eval_type
002270r 2  C9 01              CMP   #VAL_WORD
002272r 2  F0 03              BEQ   :+
002274r 2  4C rr rr           JMP   @err_type_pop2
002277r 2               :
002277r 2               
002277r 2                     ; eval_val = second word, stack has first word ptr
002277r 2                     ; Read lengths
002277r 2  A5 rr              LDA   eval_val_lo
002279r 2  85 rr              STA   ptr2_lo
00227Br 2  A5 rr              LDA   eval_val_hi
00227Dr 2  85 rr              STA   ptr2_hi
00227Fr 2  A0 00              LDY   #0
002281r 2  B1 rr              LDA   (ptr2_lo),Y            ; second word length
002283r 2  85 rr              STA   list_count_lo           ; save len2
002285r 2               
002285r 2                     ; Read first word length from stack
002285r 2  68                 PLA
002286r 2  85 rr              STA   list_head_hi            ; first word ptr hi
002288r 2  68                 PLA
002289r 2  85 rr              STA   list_head_lo            ; first word ptr lo
00228Br 2  A5 rr              LDA   list_head_lo
00228Dr 2  85 rr              STA   ptr_lo
00228Fr 2  A5 rr              LDA   list_head_hi
002291r 2  85 rr              STA   ptr_hi
002293r 2  A0 00              LDY   #0
002295r 2  B1 rr              LDA   (ptr_lo),Y             ; first word length
002297r 2  85 rr              STA   list_count_hi           ; save len1
002299r 2               
002299r 2                     ; Allocate new string: 1 (length byte) + len1 + len2
002299r 2  18                 CLC
00229Ar 2  65 rr              ADC   list_count_lo
00229Cr 2  1A                 INC                           ; +1 for length byte
00229Dr 2  A2 05              LDX   #ATYPE_STRING
00229Fr 2  20 rr rr           JSR   heap_alloc
0022A2r 2  B0 6F              BCS   @err_oom
0022A4r 2               
0022A4r 2                     ; Write combined length
0022A4r 2  A5 rr              LDA   list_count_hi
0022A6r 2  18                 CLC
0022A7r 2  65 rr              ADC   list_count_lo
0022A9r 2  A0 00              LDY   #0
0022ABr 2  91 rr              STA   (ptr_lo),Y
0022ADr 2               
0022ADr 2                     ; Copy first word's chars
0022ADr 2  A6 rr              LDX   list_count_hi           ; len1
0022AFr 2  F0 23              BEQ   @w_copy2
0022B1r 2  A5 rr              LDA   list_head_lo
0022B3r 2  85 rr              STA   ptr2_lo
0022B5r 2  A5 rr              LDA   list_head_hi
0022B7r 2  85 rr              STA   ptr2_hi
0022B9r 2  A0 01              LDY   #1                     ; dest offset in new string
0022BBr 2  9C rr rr           STZ   num_tmp_lo              ; source offset
0022BEr 2               @w_c1:
0022BEr 2  DA                 PHX
0022BFr 2  5A                 PHY
0022C0r 2  AD rr rr           LDA   num_tmp_lo
0022C3r 2  1A                 INC                           ; skip length byte in source
0022C4r 2  A8                 TAY
0022C5r 2  B1 rr              LDA   (ptr2_lo),Y            ; source char
0022C7r 2  7A                 PLY
0022C8r 2  91 rr              STA   (ptr_lo),Y             ; dest char
0022CAr 2  C8                 INY
0022CBr 2  EE rr rr           INC   num_tmp_lo
0022CEr 2  FA                 PLX
0022CFr 2  CA                 DEX
0022D0r 2  D0 EC              BNE   @w_c1
0022D2r 2               
0022D2r 2                     ; Y is already at the next dest offset
0022D2r 2  80 02              BRA   @w_copy2_start
0022D4r 2               
0022D4r 2               @w_copy2:
0022D4r 2  A0 01              LDY   #1                     ; start at offset 1 if len1 was 0
0022D6r 2               @w_copy2_start:
0022D6r 2                     ; Copy second word's chars
0022D6r 2  A6 rr              LDX   list_count_lo           ; len2
0022D8r 2  F0 1F              BEQ   @w_done
0022DAr 2  A5 rr              LDA   eval_val_lo
0022DCr 2  85 rr              STA   ptr2_lo
0022DEr 2  A5 rr              LDA   eval_val_hi
0022E0r 2  85 rr              STA   ptr2_hi
0022E2r 2  9C rr rr           STZ   num_tmp_lo
0022E5r 2               @w_c2:
0022E5r 2  DA                 PHX
0022E6r 2  5A                 PHY
0022E7r 2  AD rr rr           LDA   num_tmp_lo
0022EAr 2  1A                 INC
0022EBr 2  A8                 TAY
0022ECr 2  B1 rr              LDA   (ptr2_lo),Y
0022EEr 2  7A                 PLY
0022EFr 2  91 rr              STA   (ptr_lo),Y
0022F1r 2  C8                 INY
0022F2r 2  EE rr rr           INC   num_tmp_lo
0022F5r 2  FA                 PLX
0022F6r 2  CA                 DEX
0022F7r 2  D0 EC              BNE   @w_c2
0022F9r 2               
0022F9r 2               @w_done:
0022F9r 2                     ; Return the new word
0022F9r 2  A9 01              LDA   #VAL_WORD
0022FBr 2  85 rr              STA   eval_type
0022FDr 2  A5 rr              LDA   ptr_lo
0022FFr 2  85 rr              STA   eval_val_lo
002301r 2  A5 rr              LDA   ptr_hi
002303r 2  85 rr              STA   eval_val_hi
002305r 2  64 rr              STZ   eval_val_frac
002307r 2  4C rr rr           JMP   eval_continue
00230Ar 2               
00230Ar 2               @err_type_pop2:
00230Ar 2  68                 PLA
00230Br 2  68                 PLA
00230Cr 2               @err_type:
00230Cr 2  A2 rr              LDX   #<str_word_type
00230Er 2  A0 rr              LDY   #>str_word_type
002310r 2  4C rr rr           JMP   list_print_err
002313r 2               @err_oom:
002313r 2               @err:
002313r 2  A2 rr              LDX   #<str_word_err
002315r 2  A0 rr              LDY   #>str_word_err
002317r 2  4C rr rr           JMP   list_print_err
00231Ar 2               
00231Ar 2               ; ---------------------------------------------------------------------
00231Ar 2               ; do_run — RUN list: evaluate a list as Logo code
00231Ar 2               ;   Arity 0: evaluates its own argument
00231Ar 2               ;
00231Ar 2               ;   Strategy: convert list to text in input_buf, then save evaluator
00231Ar 2               ;   state, tokenize_line + eval_line, restore state.
00231Ar 2               ; ---------------------------------------------------------------------
00231Ar 2               do_run:
00231Ar 2  20 rr rr           JSR   eval_expr
00231Dr 2  90 03              BCC   :+
00231Fr 2  4C rr rr           JMP   @err
002322r 2               :
002322r 2  A5 rr              LDA   eval_type
002324r 2  C9 02              CMP   #VAL_LIST
002326r 2  D0 43              BNE   @err_type
002328r 2               
002328r 2                     ; Save eval_cur on stack (we'll resume here after RUN)
002328r 2  A5 rr              LDA   eval_cur_lo
00232Ar 2  48                 PHA
00232Br 2  A5 rr              LDA   eval_cur_hi
00232Dr 2  48                 PHA
00232Er 2               
00232Er 2                     ; Render the list into input_buf as text
00232Er 2                     ; eval_val_lo/hi = list head
00232Er 2  64 rr              STZ   z:buf_idx               ; reset write position
002330r 2  20 rr rr           JSR   render_list_to_buf
002333r 2               
002333r 2                     ; Null-terminate input_buf
002333r 2  A6 rr              LDX   z:buf_idx
002335r 2  9E rr rr           STZ   input_buf,X
002338r 2               
002338r 2                     ; Save tokenizer and eval state (same pattern as proc_invoke)
002338r 2  A5 rr              LDA   tok_head_lo
00233Ar 2  48                 PHA
00233Br 2  A5 rr              LDA   tok_head_hi
00233Dr 2  48                 PHA
00233Er 2  A5 rr              LDA   tok_tail_lo
002340r 2  48                 PHA
002341r 2  A5 rr              LDA   tok_tail_hi
002343r 2  48                 PHA
002344r 2  A5 rr              LDA   eval_in_body
002346r 2  48                 PHA
002347r 2  A5 rr              LDA   eval_reporter
002349r 2  48                 PHA
00234Ar 2               
00234Ar 2                     ; Tokenize the reconstructed line
00234Ar 2  20 rr rr           JSR   tokenize_line
00234Dr 2               
00234Dr 2                     ; Evaluate it
00234Dr 2  20 rr rr           JSR   eval_line
002350r 2               
002350r 2                     ; Restore tokenizer/eval state
002350r 2  68                 PLA
002351r 2  85 rr              STA   eval_reporter
002353r 2  68                 PLA
002354r 2  85 rr              STA   eval_in_body
002356r 2  68                 PLA
002357r 2  85 rr              STA   tok_tail_hi
002359r 2  68                 PLA
00235Ar 2  85 rr              STA   tok_tail_lo
00235Cr 2  68                 PLA
00235Dr 2  85 rr              STA   tok_head_hi
00235Fr 2  68                 PLA
002360r 2  85 rr              STA   tok_head_lo
002362r 2               
002362r 2                     ; Restore eval_cur
002362r 2  68                 PLA
002363r 2  85 rr              STA   eval_cur_hi
002365r 2  68                 PLA
002366r 2  85 rr              STA   eval_cur_lo
002368r 2               
002368r 2  4C rr rr           JMP   eval_continue
00236Br 2               
00236Br 2               @err_type:
00236Br 2  A2 rr              LDX   #<str_run_type
00236Dr 2  A0 rr              LDY   #>str_run_type
00236Fr 2  4C rr rr           JMP   list_print_err
002372r 2               @err:
002372r 2  A2 rr              LDX   #<str_run_err
002374r 2  A0 rr              LDY   #>str_run_err
002376r 2  4C rr rr           JMP   list_print_err
002379r 2               
002379r 2               ; ---------------------------------------------------------------------
002379r 2               ; render_list_to_buf — render list elements into input_buf as text
002379r 2               ;   Entry: eval_val_lo/hi = list head pointer
002379r 2               ;          buf_idx = current write position in input_buf
002379r 2               ;   Exit:  buf_idx updated
002379r 2               ;   Clobbers: A, X, Y, ptr_lo/hi, ptr2_lo/hi, list_ptr, list_count
002379r 2               ; ---------------------------------------------------------------------
002379r 2               render_list_to_buf:
002379r 2  A5 rr              LDA   eval_val_lo
00237Br 2  85 rr              STA   list_ptr_lo
00237Dr 2  A5 rr              LDA   eval_val_hi
00237Fr 2  85 rr              STA   list_ptr_hi
002381r 2  A2 00              LDX   #0                     ; 0 = first element (no leading space)
002383r 2               
002383r 2               @rl_loop:
002383r 2  A5 rr              LDA   list_ptr_lo
002385r 2  05 rr              ORA   list_ptr_hi
002387r 2  D0 01              BNE   :+
002389r 2  60                 RTS                           ; end of list
00238Ar 2               :
00238Ar 2                     ; Add space before non-first elements
00238Ar 2  E0 00              CPX   #0
00238Cr 2  F0 0F              BEQ   @rl_no_space
00238Er 2  A5 rr              LDA   z:buf_idx
002390r 2  C9 7E              CMP   #126
002392r 2  90 01              BCC   :+
002394r 2  60                 RTS                           ; buffer full — truncate
002395r 2               :
002395r 2  A8                 TAY
002396r 2  A9 20              LDA   #' '
002398r 2  99 rr rr           STA   input_buf,Y
00239Br 2  E6 rr              INC   z:buf_idx
00239Dr 2               @rl_no_space:
00239Dr 2  A2 01              LDX   #1                     ; subsequent elements get space
00239Fr 2               
00239Fr 2                     ; Read car type
00239Fr 2  A5 rr              LDA   list_ptr_lo
0023A1r 2  85 rr              STA   ptr_lo
0023A3r 2  A5 rr              LDA   list_ptr_hi
0023A5r 2  85 rr              STA   ptr_hi
0023A7r 2  A0 01              LDY   #CONS_CAR_TYPE
0023A9r 2  B1 rr              LDA   (ptr_lo),Y
0023ABr 2               
0023ABr 2  C9 02              CMP   #VAL_LIST
0023ADr 2  F0 62              BEQ   @rl_sublist
0023AFr 2  C9 01              CMP   #VAL_WORD
0023B1r 2  F0 25              BEQ   @rl_word
0023B3r 2               
0023B3r 2                     ; Number: render to input_buf
0023B3r 2  DA                 PHX
0023B4r 2  A5 rr              LDA   list_ptr_lo
0023B6r 2  48                 PHA
0023B7r 2  A5 rr              LDA   list_ptr_hi
0023B9r 2  48                 PHA
0023BAr 2                     ; Load the number value
0023BAr 2  A0 02              LDY   #CONS_CAR_HI
0023BCr 2  B1 rr              LDA   (ptr_lo),Y
0023BEr 2  85 rr              STA   eval_val_hi
0023C0r 2  A0 03              LDY   #CONS_CAR_LO
0023C2r 2  B1 rr              LDA   (ptr_lo),Y
0023C4r 2  85 rr              STA   eval_val_lo
0023C6r 2  A0 04              LDY   #CONS_CAR_FRAC
0023C8r 2  B1 rr              LDA   (ptr_lo),Y
0023CAr 2  85 rr              STA   eval_val_frac
0023CCr 2  20 rr rr           JSR   render_number_to_buf
0023CFr 2  68                 PLA
0023D0r 2  85 rr              STA   list_ptr_hi
0023D2r 2  68                 PLA
0023D3r 2  85 rr              STA   list_ptr_lo
0023D5r 2  FA                 PLX
0023D6r 2  80 72              BRA   @rl_advance
0023D8r 2               
0023D8r 2               @rl_word:
0023D8r 2  DA                 PHX
0023D9r 2  A5 rr              LDA   list_ptr_lo
0023DBr 2  48                 PHA
0023DCr 2  A5 rr              LDA   list_ptr_hi
0023DEr 2  48                 PHA
0023DFr 2                     ; Get word string pointer
0023DFr 2  A0 03              LDY   #CONS_CAR_LO
0023E1r 2  B1 rr              LDA   (ptr_lo),Y
0023E3r 2  85 rr              STA   ptr2_lo
0023E5r 2  A0 02              LDY   #CONS_CAR_HI
0023E7r 2  B1 rr              LDA   (ptr_lo),Y
0023E9r 2  85 rr              STA   ptr2_hi
0023EBr 2                     ; Copy word chars to buf
0023EBr 2  A0 00              LDY   #0
0023EDr 2  B1 rr              LDA   (ptr2_lo),Y            ; length
0023EFr 2  AA                 TAX
0023F0r 2  F0 16              BEQ   @rl_word_done
0023F2r 2  C8                 INY
0023F3r 2               @rl_wch:
0023F3r 2  A5 rr              LDA   z:buf_idx
0023F5r 2  C9 7E              CMP   #126
0023F7r 2  B0 0F              BCS   @rl_word_done
0023F9r 2  B1 rr              LDA   (ptr2_lo),Y
0023FBr 2  5A                 PHY
0023FCr 2  A4 rr              LDY   z:buf_idx
0023FEr 2  99 rr rr           STA   input_buf,Y
002401r 2  E6 rr              INC   z:buf_idx
002403r 2  7A                 PLY
002404r 2  C8                 INY
002405r 2  CA                 DEX
002406r 2  D0 EB              BNE   @rl_wch
002408r 2               @rl_word_done:
002408r 2  68                 PLA
002409r 2  85 rr              STA   list_ptr_hi
00240Br 2  68                 PLA
00240Cr 2  85 rr              STA   list_ptr_lo
00240Er 2  FA                 PLX
00240Fr 2  80 39              BRA   @rl_advance
002411r 2               
002411r 2               @rl_sublist:
002411r 2  DA                 PHX
002412r 2  A5 rr              LDA   list_ptr_lo
002414r 2  48                 PHA
002415r 2  A5 rr              LDA   list_ptr_hi
002417r 2  48                 PHA
002418r 2                     ; Write '[' to buf
002418r 2  A5 rr              LDA   z:buf_idx
00241Ar 2  C9 7E              CMP   #126
00241Cr 2  B0 25              BCS   @rl_sub_done
00241Er 2  A8                 TAY
00241Fr 2  A9 5B              LDA   #'['
002421r 2  99 rr rr           STA   input_buf,Y
002424r 2  E6 rr              INC   z:buf_idx
002426r 2                     ; Get sublist pointer and recurse
002426r 2  A0 03              LDY   #CONS_CAR_LO
002428r 2  B1 rr              LDA   (ptr_lo),Y
00242Ar 2  85 rr              STA   eval_val_lo
00242Cr 2  A0 02              LDY   #CONS_CAR_HI
00242Er 2  B1 rr              LDA   (ptr_lo),Y
002430r 2  85 rr              STA   eval_val_hi
002432r 2  20 rr rr           JSR   render_list_to_buf
002435r 2                     ; Write ']' to buf
002435r 2  A5 rr              LDA   z:buf_idx
002437r 2  C9 7E              CMP   #126
002439r 2  B0 08              BCS   @rl_sub_done
00243Br 2  A8                 TAY
00243Cr 2  A9 5D              LDA   #']'
00243Er 2  99 rr rr           STA   input_buf,Y
002441r 2  E6 rr              INC   z:buf_idx
002443r 2               @rl_sub_done:
002443r 2  68                 PLA
002444r 2  85 rr              STA   list_ptr_hi
002446r 2  68                 PLA
002447r 2  85 rr              STA   list_ptr_lo
002449r 2  FA                 PLX
00244Ar 2               
00244Ar 2               @rl_advance:
00244Ar 2                     ; Follow cdr
00244Ar 2  A5 rr              LDA   list_ptr_lo
00244Cr 2  85 rr              STA   ptr_lo
00244Er 2  A5 rr              LDA   list_ptr_hi
002450r 2  85 rr              STA   ptr_hi
002452r 2  A0 05              LDY   #CONS_CDR_LO
002454r 2  B1 rr              LDA   (ptr_lo),Y
002456r 2  AA                 TAX
002457r 2  A0 06              LDY   #CONS_CDR_HI
002459r 2  B1 rr              LDA   (ptr_lo),Y
00245Br 2  85 rr              STA   list_ptr_hi
00245Dr 2  86 rr              STX   list_ptr_lo
00245Fr 2  A2 01              LDX   #1                     ; always space after first element
002461r 2  4C rr rr           JMP   @rl_loop
002464r 2               
002464r 2               @rl_trunc:
002464r 2  60                 RTS
002465r 2               
002465r 2               ; ---------------------------------------------------------------------
002465r 2               ; render_number_to_buf — render eval_val as decimal into input_buf
002465r 2               ;   Entry: eval_val_hi/lo/frac = number value
002465r 2               ;          buf_idx = current write position
002465r 2               ;   Exit:  buf_idx updated
002465r 2               ;   Clobbers: A, X, Y, num_val, num_tmp, pn_buf
002465r 2               ; ---------------------------------------------------------------------
002465r 2               render_number_to_buf:
002465r 2                     ; Handle sign
002465r 2  A5 rr              LDA   eval_val_hi
002467r 2  10 22              BPL   @rn_positive
002469r 2                     ; Write '-'
002469r 2  A4 rr              LDY   z:buf_idx
00246Br 2  A9 2D              LDA   #'-'
00246Dr 2  99 rr rr           STA   input_buf,Y
002470r 2  E6 rr              INC   z:buf_idx
002472r 2                     ; Negate
002472r 2  A5 rr              LDA   eval_val_frac
002474r 2  49 FF              EOR   #$FF
002476r 2  18                 CLC
002477r 2  69 01              ADC   #1
002479r 2  85 rr              STA   eval_val_frac
00247Br 2  A5 rr              LDA   eval_val_lo
00247Dr 2  49 FF              EOR   #$FF
00247Fr 2  69 00              ADC   #0
002481r 2  85 rr              STA   eval_val_lo
002483r 2  A5 rr              LDA   eval_val_hi
002485r 2  49 FF              EOR   #$FF
002487r 2  69 00              ADC   #0
002489r 2  85 rr              STA   eval_val_hi
00248Br 2               
00248Br 2               @rn_positive:
00248Br 2                     ; Render integer part using power-of-10 subtraction
00248Br 2  A5 rr              LDA   eval_val_lo
00248Dr 2  8D rr rr           STA   num_val_lo
002490r 2  A5 rr              LDA   eval_val_hi
002492r 2  8D rr rr           STA   num_val_hi
002495r 2               
002495r 2  A2 00              LDX   #0                     ; digit buffer index
002497r 2  A0 00              LDY   #0                     ; power-of-10 index
002499r 2               @rn_div:
002499r 2  9C rr rr           STZ   num_tmp_lo
00249Cr 2               @rn_sub:
00249Cr 2  38                 SEC
00249Dr 2  AD rr rr           LDA   num_val_lo
0024A0r 2  F9 rr rr           SBC   pow10_lo,Y
0024A3r 2  48                 PHA
0024A4r 2  AD rr rr           LDA   num_val_hi
0024A7r 2  F9 rr rr           SBC   pow10_hi,Y
0024AAr 2  90 0C              BCC   @rn_sub_done
0024ACr 2  8D rr rr           STA   num_val_hi
0024AFr 2  68                 PLA
0024B0r 2  8D rr rr           STA   num_val_lo
0024B3r 2  EE rr rr           INC   num_tmp_lo
0024B6r 2  80 E4              BRA   @rn_sub
0024B8r 2               @rn_sub_done:
0024B8r 2  68                 PLA
0024B9r 2  AD rr rr           LDA   num_tmp_lo
0024BCr 2  9D rr rr           STA   pn_buf,X
0024BFr 2  E8                 INX
0024C0r 2  C8                 INY
0024C1r 2  C0 05              CPY   #5
0024C3r 2  90 D4              BCC   @rn_div
0024C5r 2               
0024C5r 2                     ; Write digits suppressing leading zeros
0024C5r 2  A0 00              LDY   #0                     ; suppress flag
0024C7r 2  A2 00              LDX   #0
0024C9r 2               @rn_print:
0024C9r 2  BD rr rr           LDA   pn_buf,X
0024CCr 2  D0 04              BNE   @rn_nonzero
0024CEr 2  C0 00              CPY   #0
0024D0r 2  F0 0D              BEQ   @rn_skip
0024D2r 2               @rn_nonzero:
0024D2r 2  A0 01              LDY   #1
0024D4r 2  09 30              ORA   #'0'
0024D6r 2  DA                 PHX
0024D7r 2  A6 rr              LDX   z:buf_idx
0024D9r 2  9D rr rr           STA   input_buf,X
0024DCr 2  E6 rr              INC   z:buf_idx
0024DEr 2  FA                 PLX
0024DFr 2               @rn_skip:
0024DFr 2  E8                 INX
0024E0r 2  E0 04              CPX   #4
0024E2r 2  90 E5              BCC   @rn_print
0024E4r 2                     ; Always write ones digit
0024E4r 2  AD rr rr           LDA   pn_buf+4
0024E7r 2  09 30              ORA   #'0'
0024E9r 2  A6 rr              LDX   z:buf_idx
0024EBr 2  9D rr rr           STA   input_buf,X
0024EEr 2  E6 rr              INC   z:buf_idx
0024F0r 2               
0024F0r 2                     ; Fractional part
0024F0r 2  A5 rr              LDA   eval_val_frac
0024F2r 2  D0 01              BNE   @rn_has_frac
0024F4r 2  60                 RTS
0024F5r 2               @rn_has_frac:
0024F5r 2                     ; Write '.'
0024F5r 2  A6 rr              LDX   z:buf_idx
0024F7r 2  A9 2E              LDA   #'.'
0024F9r 2  9D rr rr           STA   input_buf,X
0024FCr 2  E6 rr              INC   z:buf_idx
0024FEr 2                     ; First frac digit
0024FEr 2  A5 rr              LDA   eval_val_frac
002500r 2  8D rr rr           STA   num_tmp_lo
002503r 2  9C rr rr           STZ   num_tmp_hi
002506r 2  AD rr rr           LDA   num_tmp_lo
002509r 2  0A                 ASL
00250Ar 2  8D rr rr           STA   num_val_lo
00250Dr 2  AD rr rr           LDA   num_tmp_hi
002510r 2  2A                 ROL
002511r 2  8D rr rr           STA   num_val_hi
002514r 2  0E rr rr           ASL   num_val_lo
002517r 2  2E rr rr           ROL   num_val_hi
00251Ar 2  0E rr rr           ASL   num_val_lo
00251Dr 2  2E rr rr           ROL   num_val_hi
002520r 2  18                 CLC
002521r 2  AD rr rr           LDA   num_tmp_lo
002524r 2  0A                 ASL
002525r 2  6D rr rr           ADC   num_val_lo
002528r 2  8D rr rr           STA   num_val_lo
00252Br 2  AD rr rr           LDA   num_tmp_hi
00252Er 2  2A                 ROL
00252Fr 2  6D rr rr           ADC   num_val_hi
002532r 2  8D rr rr           STA   num_val_hi
002535r 2                     ; High byte = digit
002535r 2  AD rr rr           LDA   num_val_hi
002538r 2  09 30              ORA   #'0'
00253Ar 2  A6 rr              LDX   z:buf_idx
00253Cr 2  9D rr rr           STA   input_buf,X
00253Fr 2  E6 rr              INC   z:buf_idx
002541r 2                     ; Second frac digit
002541r 2  AD rr rr           LDA   num_val_lo
002544r 2  8D rr rr           STA   num_tmp_lo
002547r 2  9C rr rr           STZ   num_tmp_hi
00254Ar 2  AD rr rr           LDA   num_tmp_lo
00254Dr 2  0A                 ASL
00254Er 2  8D rr rr           STA   num_val_lo
002551r 2  AD rr rr           LDA   num_tmp_hi
002554r 2  2A                 ROL
002555r 2  8D rr rr           STA   num_val_hi
002558r 2  0E rr rr           ASL   num_val_lo
00255Br 2  2E rr rr           ROL   num_val_hi
00255Er 2  0E rr rr           ASL   num_val_lo
002561r 2  2E rr rr           ROL   num_val_hi
002564r 2  18                 CLC
002565r 2  AD rr rr           LDA   num_tmp_lo
002568r 2  0A                 ASL
002569r 2  6D rr rr           ADC   num_val_lo
00256Cr 2  8D rr rr           STA   num_val_lo
00256Fr 2  AD rr rr           LDA   num_tmp_hi
002572r 2  2A                 ROL
002573r 2  6D rr rr           ADC   num_val_hi
002576r 2  8D rr rr           STA   num_val_hi
002579r 2  AD rr rr           LDA   num_val_hi
00257Cr 2  F0 09              BEQ   @rn_done                ; skip trailing zero
00257Er 2  09 30              ORA   #'0'
002580r 2  A6 rr              LDX   z:buf_idx
002582r 2  9D rr rr           STA   input_buf,X
002585r 2  E6 rr              INC   z:buf_idx
002587r 2               @rn_done:
002587r 2  60                 RTS
002588r 2               
002588r 2               ; =====================================================================
002588r 2               ; RODATA — list error strings
002588r 2               ; =====================================================================
002588r 2                     .segment "RODATA"
00068Dr 2               
00068Dr 2               str_first_err:
00068Dr 2  4E 4F 54 20        .byte "NOT ENOUGH INPUTS TO FIRST", 0
000691r 2  45 4E 4F 55  
000695r 2  47 48 20 49  
0006A8r 2               str_first_type:
0006A8r 2  46 49 52 53        .byte "FIRST DOESN'T LIKE ", 0
0006ACr 2  54 20 44 4F  
0006B0r 2  45 53 4E 27  
0006BCr 2               str_first_empty:
0006BCr 2  46 49 52 53        .byte "FIRST DOESN'T LIKE [] AS INPUT", 0
0006C0r 2  54 20 44 4F  
0006C4r 2  45 53 4E 27  
0006DBr 2               
0006DBr 2               str_bf_err:
0006DBr 2  4E 4F 54 20        .byte "NOT ENOUGH INPUTS TO BUTFIRST", 0
0006DFr 2  45 4E 4F 55  
0006E3r 2  47 48 20 49  
0006F9r 2               str_bf_type:
0006F9r 2  42 55 54 46        .byte "BUTFIRST DOESN'T LIKE ", 0
0006FDr 2  49 52 53 54  
000701r 2  20 44 4F 45  
000710r 2               str_bf_empty:
000710r 2  42 55 54 46        .byte "BUTFIRST DOESN'T LIKE [] AS INPUT", 0
000714r 2  49 52 53 54  
000718r 2  20 44 4F 45  
000732r 2               
000732r 2               str_count_err:
000732r 2  4E 4F 54 20        .byte "NOT ENOUGH INPUTS TO COUNT", 0
000736r 2  45 4E 4F 55  
00073Ar 2  47 48 20 49  
00074Dr 2               str_count_type:
00074Dr 2  43 4F 55 4E        .byte "COUNT DOESN'T LIKE ", 0
000751r 2  54 20 44 4F  
000755r 2  45 53 4E 27  
000761r 2               
000761r 2               str_emptyp_err:
000761r 2  4E 4F 54 20        .byte "NOT ENOUGH INPUTS TO EMPTY?", 0
000765r 2  45 4E 4F 55  
000769r 2  47 48 20 49  
00077Dr 2               
00077Dr 2               str_last_err:
00077Dr 2  4E 4F 54 20        .byte "NOT ENOUGH INPUTS TO LAST", 0
000781r 2  45 4E 4F 55  
000785r 2  47 48 20 49  
000797r 2               str_last_type:
000797r 2  4C 41 53 54        .byte "LAST DOESN'T LIKE ", 0
00079Br 2  20 44 4F 45  
00079Fr 2  53 4E 27 54  
0007AAr 2               str_last_empty:
0007AAr 2  4C 41 53 54        .byte "LAST DOESN'T LIKE [] AS INPUT", 0
0007AEr 2  20 44 4F 45  
0007B2r 2  53 4E 27 54  
0007C8r 2               
0007C8r 2               str_bl_err:
0007C8r 2  4E 4F 54 20        .byte "NOT ENOUGH INPUTS TO BUTLAST", 0
0007CCr 2  45 4E 4F 55  
0007D0r 2  47 48 20 49  
0007E5r 2               str_bl_type:
0007E5r 2  42 55 54 4C        .byte "BUTLAST DOESN'T LIKE ", 0
0007E9r 2  41 53 54 20  
0007EDr 2  44 4F 45 53  
0007FBr 2               str_bl_empty:
0007FBr 2  42 55 54 4C        .byte "BUTLAST DOESN'T LIKE [] AS INPUT", 0
0007FFr 2  41 53 54 20  
000803r 2  44 4F 45 53  
00081Cr 2               
00081Cr 2               str_item_err:
00081Cr 2  4E 4F 54 20        .byte "NOT ENOUGH INPUTS TO ITEM", 0
000820r 2  45 4E 4F 55  
000824r 2  47 48 20 49  
000836r 2               str_item_type:
000836r 2  49 54 45 4D        .byte "ITEM NEEDS A LIST", 0
00083Ar 2  20 4E 45 45  
00083Er 2  44 53 20 41  
000848r 2               str_item_range:
000848r 2  49 54 45 4D        .byte "ITEM INDEX OUT OF RANGE", 0
00084Cr 2  20 49 4E 44  
000850r 2  45 58 20 4F  
000860r 2               
000860r 2               str_memberp_err:
000860r 2  4E 4F 54 20        .byte "NOT ENOUGH INPUTS TO MEMBER?", 0
000864r 2  45 4E 4F 55  
000868r 2  47 48 20 49  
00087Dr 2               str_memberp_type:
00087Dr 2  4D 45 4D 42        .byte "MEMBER? NEEDS A LIST", 0
000881r 2  45 52 3F 20  
000885r 2  4E 45 45 44  
000892r 2               
000892r 2               str_show_err:
000892r 2  4E 4F 54 20        .byte "NOT ENOUGH INPUTS TO SHOW", 0
000896r 2  45 4E 4F 55  
00089Ar 2  47 48 20 49  
0008ACr 2               
0008ACr 2               str_fput_err:
0008ACr 2  4E 4F 54 20        .byte "NOT ENOUGH INPUTS TO FPUT", 0
0008B0r 2  45 4E 4F 55  
0008B4r 2  47 48 20 49  
0008C6r 2               str_lput_err:
0008C6r 2  4E 4F 54 20        .byte "NOT ENOUGH INPUTS TO LPUT", 0
0008CAr 2  45 4E 4F 55  
0008CEr 2  47 48 20 49  
0008E0r 2               str_list_err:
0008E0r 2  4E 4F 54 20        .byte "NOT ENOUGH INPUTS TO LIST", 0
0008E4r 2  45 4E 4F 55  
0008E8r 2  47 48 20 49  
0008FAr 2               str_sentence_err:
0008FAr 2  4E 4F 54 20        .byte "NOT ENOUGH INPUTS TO SENTENCE", 0
0008FEr 2  45 4E 4F 55  
000902r 2  47 48 20 49  
000918r 2               str_word_err:
000918r 2  4E 4F 54 20        .byte "NOT ENOUGH INPUTS TO WORD", 0
00091Cr 2  45 4E 4F 55  
000920r 2  47 48 20 49  
000932r 2               str_word_type:
000932r 2  57 4F 52 44        .byte "WORD DOESN'T LIKE THIS INPUT", 0
000936r 2  20 44 4F 45  
00093Ar 2  53 4E 27 54  
00094Fr 2               str_run_err:
00094Fr 2  4E 4F 54 20        .byte "NOT ENOUGH INPUTS TO RUN", 0
000953r 2  45 4E 4F 55  
000957r 2  47 48 20 49  
000968r 2               str_run_type:
000968r 2  52 55 4E 20        .byte "RUN NEEDS A LIST", 0
00096Cr 2  4E 45 45 44  
000970r 2  53 20 41 20  
000979r 2               
000979r 2               ; Builtin name strings for list operations
000979r 2               str_first_name:
000979r 2  05 46 49 52        .byte 5, "FIRST"
00097Dr 2  53 54        
00097Fr 2               str_butfirst_name:
00097Fr 2  08 42 55 54        .byte 8, "BUTFIRST"
000983r 2  46 49 52 53  
000987r 2  54           
000988r 2               str_bf_name:
000988r 2  02 42 46           .byte 2, "BF"
00098Br 2               str_count_name:
00098Br 2  05 43 4F 55        .byte 5, "COUNT"
00098Fr 2  4E 54        
000991r 2               str_emptyp_name:
000991r 2  06 45 4D 50        .byte 6, "EMPTY?"
000995r 2  54 59 3F     
000998r 2               str_last_name:
000998r 2  04 4C 41 53        .byte 4, "LAST"
00099Cr 2  54           
00099Dr 2               str_butlast_name:
00099Dr 2  07 42 55 54        .byte 7, "BUTLAST"
0009A1r 2  4C 41 53 54  
0009A5r 2               str_bl_name:
0009A5r 2  02 42 4C           .byte 2, "BL"
0009A8r 2               str_item_name:
0009A8r 2  04 49 54 45        .byte 4, "ITEM"
0009ACr 2  4D           
0009ADr 2               str_memberp_name:
0009ADr 2  07 4D 45 4D        .byte 7, "MEMBER?"
0009B1r 2  42 45 52 3F  
0009B5r 2               str_show_name:
0009B5r 2  04 53 48 4F        .byte 4, "SHOW"
0009B9r 2  57           
0009BAr 2               str_fput_name:
0009BAr 2  04 46 50 55        .byte 4, "FPUT"
0009BEr 2  54           
0009BFr 2               str_lput_name:
0009BFr 2  04 4C 50 55        .byte 4, "LPUT"
0009C3r 2  54           
0009C4r 2               str_list_name:
0009C4r 2  04 4C 49 53        .byte 4, "LIST"
0009C8r 2  54           
0009C9r 2               str_sentence_name:
0009C9r 2  08 53 45 4E        .byte 8, "SENTENCE"
0009CDr 2  54 45 4E 43  
0009D1r 2  45           
0009D2r 2               str_se_name:
0009D2r 2  02 53 45           .byte 2, "SE"
0009D5r 2               str_word_name:
0009D5r 2  04 57 4F 52        .byte 4, "WORD"
0009D9r 2  44           
0009DAr 2               str_run_name:
0009DAr 2  03 52 55 4E        .byte 3, "RUN"
0009DEr 2               
0009DEr 1                     .include "vars.s"
0009DEr 2               ; vars.s — variable storage for NovaLogo (MAKE / :reference)
0009DEr 2               ;
0009DEr 2               ; Variables are stored as a linked list of heap entries.
0009DEr 2               ; Entry layout:
0009DEr 2               ;   +0: next_lo  (2 bytes — pointer to next entry, or $0000)
0009DEr 2               ;   +1: next_hi
0009DEr 2               ;   +2: name_len (1 byte)
0009DEr 2               ;   +3: name chars (name_len bytes, uppercased)
0009DEr 2               ;   +3+name_len: value_type (1 byte: $00=number, $01=word)
0009DEr 2               ;   +4+name_len: val_hi  (or ptr_lo for word)
0009DEr 2               ;   +5+name_len: val_lo  (or ptr_hi for word)
0009DEr 2               ;   +6+name_len: val_frac (0 for word)
0009DEr 2               ;   +7+name_len: pad     (0)
0009DEr 2               ;
0009DEr 2               ; Total entry size = 8 + name_len bytes.
0009DEr 2               
0009DEr 2               ; Entry field offsets (relative to entry base)
0009DEr 2               VAR_NEXT_LO  = 0
0009DEr 2               VAR_NEXT_HI  = 1
0009DEr 2               VAR_NAME_LEN = 2
0009DEr 2               VAR_NAME     = 3              ; first char of name
0009DEr 2               
0009DEr 2               ; =====================================================================
0009DEr 2               ; ZEROPAGE segment — variable list head + scratch
0009DEr 2               ; =====================================================================
0009DEr 2                     .segment "ZEROPAGE"
000036r 2               
000036r 2  xx           var_head_lo:    .res 1        ; head of variable linked list
000037r 2  xx           var_head_hi:    .res 1
000038r 2  xx           var_entry_lo:   .res 1        ; current entry pointer (walk scratch)
000039r 2  xx           var_entry_hi:   .res 1
00003Ar 2  xx           var_name_lo:    .res 1        ; saved name pointer for set/get
00003Br 2  xx           var_name_hi:    .res 1
00003Cr 2               
00003Cr 2               ; =====================================================================
00003Cr 2               ; CODE segment — variable routines
00003Cr 2               ; =====================================================================
00003Cr 2                     .segment "CODE"
002588r 2               
002588r 2               ; ---------------------------------------------------------------------
002588r 2               ; var_init — initialize variable list to empty
002588r 2               ;   Called once at cold_start
002588r 2               ; ---------------------------------------------------------------------
002588r 2               var_init:
002588r 2  64 rr              STZ   var_head_lo
00258Ar 2  64 rr              STZ   var_head_hi
00258Cr 2  60                 RTS
00258Dr 2               
00258Dr 2               ; ---------------------------------------------------------------------
00258Dr 2               ; var_set — store a value under a variable name
00258Dr 2               ;   Input: ptr_lo/hi → length-prefixed name string (in token node)
00258Dr 2               ;          eval_type, eval_val_hi/lo/frac = value to store
00258Dr 2               ;   Clobbers: A, X, Y, ptr_lo/hi, ptr2_lo/hi, var_entry, var_name
00258Dr 2               ; ---------------------------------------------------------------------
00258Dr 2               var_set:
00258Dr 2                     ; Save name pointer — we need it after the walk
00258Dr 2  A5 rr              LDA   ptr_lo
00258Fr 2  85 rr              STA   var_name_lo
002591r 2  A5 rr              LDA   ptr_hi
002593r 2  85 rr              STA   var_name_hi
002595r 2               
002595r 2                     ; Walk the list looking for an existing entry with this name
002595r 2  A5 rr              LDA   var_head_lo
002597r 2  85 rr              STA   var_entry_lo
002599r 2  A5 rr              LDA   var_head_hi
00259Br 2  85 rr              STA   var_entry_hi
00259Dr 2               
00259Dr 2               @walk:
00259Dr 2                     ; End of list?
00259Dr 2  A5 rr              LDA   var_entry_lo
00259Fr 2  05 rr              ORA   var_entry_hi
0025A1r 2  F0 44              BEQ   @not_found
0025A3r 2               
0025A3r 2                     ; Compare name in entry against var_name
0025A3r 2  20 rr rr           JSR   var_names_equal
0025A6r 2  B0 16              BCS   @found
0025A8r 2               
0025A8r 2                     ; Advance to next entry
0025A8r 2  A5 rr              LDA   var_entry_lo
0025AAr 2  85 rr              STA   ptr2_lo
0025ACr 2  A5 rr              LDA   var_entry_hi
0025AEr 2  85 rr              STA   ptr2_hi
0025B0r 2  A0 00              LDY   #VAR_NEXT_LO
0025B2r 2  B1 rr              LDA   (ptr2_lo),Y
0025B4r 2  AA                 TAX
0025B5r 2  C8                 INY
0025B6r 2  B1 rr              LDA   (ptr2_lo),Y
0025B8r 2  85 rr              STA   var_entry_hi
0025BAr 2  86 rr              STX   var_entry_lo
0025BCr 2  80 DF              BRA   @walk
0025BEr 2               
0025BEr 2               @found:
0025BEr 2                     ; Overwrite value in place
0025BEr 2                     ; Value starts at entry + 3 + name_len
0025BEr 2  A5 rr              LDA   var_entry_lo
0025C0r 2  85 rr              STA   ptr2_lo
0025C2r 2  A5 rr              LDA   var_entry_hi
0025C4r 2  85 rr              STA   ptr2_hi
0025C6r 2  A0 02              LDY   #VAR_NAME_LEN
0025C8r 2  B1 rr              LDA   (ptr2_lo),Y          ; name_len
0025CAr 2  18                 CLC
0025CBr 2  69 03              ADC   #VAR_NAME             ; A = 3 + name_len = offset to value_type
0025CDr 2  A8                 TAY
0025CEr 2  A5 rr              LDA   eval_type
0025D0r 2  91 rr              STA   (ptr2_lo),Y
0025D2r 2  C8                 INY
0025D3r 2  A5 rr              LDA   eval_val_hi
0025D5r 2  91 rr              STA   (ptr2_lo),Y
0025D7r 2  C8                 INY
0025D8r 2  A5 rr              LDA   eval_val_lo
0025DAr 2  91 rr              STA   (ptr2_lo),Y
0025DCr 2  C8                 INY
0025DDr 2  A5 rr              LDA   eval_val_frac
0025DFr 2  91 rr              STA   (ptr2_lo),Y
0025E1r 2  C8                 INY
0025E2r 2  A9 00              LDA   #0
0025E4r 2  91 rr              STA   (ptr2_lo),Y          ; pad
0025E6r 2  60                 RTS
0025E7r 2               
0025E7r 2               @not_found:
0025E7r 2                     ; Allocate a new entry: 8 + name_len bytes
0025E7r 2                     ; Read name_len from the name string
0025E7r 2  A5 rr              LDA   var_name_lo
0025E9r 2  85 rr              STA   ptr_lo
0025EBr 2  A5 rr              LDA   var_name_hi
0025EDr 2  85 rr              STA   ptr_hi
0025EFr 2  A0 00              LDY   #0
0025F1r 2  B1 rr              LDA   (ptr_lo),Y           ; name_len
0025F3r 2  48                 PHA                         ; save name_len
0025F4r 2  18                 CLC
0025F5r 2  69 08              ADC   #8                    ; total entry size
0025F7r 2  A2 03              LDX   #ATYPE_VAR
0025F9r 2  20 rr rr           JSR   heap_alloc
0025FCr 2  B0 62              BCS   @oom
0025FEr 2               
0025FEr 2                     ; ptr_lo/hi now points to new entry
0025FEr 2                     ; Set next → current head
0025FEr 2  A0 00              LDY   #VAR_NEXT_LO
002600r 2  A5 rr              LDA   var_head_lo
002602r 2  91 rr              STA   (ptr_lo),Y
002604r 2  C8                 INY
002605r 2  A5 rr              LDA   var_head_hi
002607r 2  91 rr              STA   (ptr_lo),Y
002609r 2               
002609r 2                     ; Copy name_len
002609r 2  68                 PLA                         ; A = name_len
00260Ar 2  48                 PHA                         ; keep it on stack
00260Br 2  A0 02              LDY   #VAR_NAME_LEN
00260Dr 2  91 rr              STA   (ptr_lo),Y
00260Fr 2               
00260Fr 2                     ; Copy name chars (uppercased) from var_name source
00260Fr 2  68                 PLA                         ; A = name_len
002610r 2  AA                 TAX                         ; X = remaining chars
002611r 2  F0 2C              BEQ   @name_done            ; zero-length name (shouldn't happen)
002613r 2  A0 03              LDY   #VAR_NAME             ; dest offset in entry
002615r 2  9C rr rr           STZ   num_tmp_lo            ; source offset counter
002618r 2               
002618r 2               @copy_name:
002618r 2  DA                 PHX
002619r 2  5A                 PHY
00261Ar 2                     ; Read source char
00261Ar 2  A5 rr              LDA   var_name_lo
00261Cr 2  85 rr              STA   ptr2_lo
00261Er 2  A5 rr              LDA   var_name_hi
002620r 2  85 rr              STA   ptr2_hi
002622r 2  AD rr rr           LDA   num_tmp_lo
002625r 2  1A                 INC                         ; skip length byte → offset = idx + 1
002626r 2  A8                 TAY
002627r 2  B1 rr              LDA   (ptr2_lo),Y          ; source char
002629r 2                     ; Uppercase
002629r 2  C9 61              CMP   #'a'
00262Br 2  90 07              BCC   @noup
00262Dr 2  C9 7B              CMP   #'z'+1
00262Fr 2  B0 03              BCS   @noup
002631r 2  38                 SEC
002632r 2  E9 20              SBC   #$20
002634r 2               @noup:
002634r 2  7A                 PLY                         ; restore dest offset
002635r 2  91 rr              STA   (ptr_lo),Y           ; write to entry
002637r 2  C8                 INY
002638r 2  EE rr rr           INC   num_tmp_lo
00263Br 2  FA                 PLX
00263Cr 2  CA                 DEX
00263Dr 2  D0 D9              BNE   @copy_name
00263Fr 2               
00263Fr 2               @name_done:
00263Fr 2                     ; Write value after name
00263Fr 2                     ; Y is already at VAR_NAME + name_len = value_type offset
00263Fr 2  A5 rr              LDA   eval_type
002641r 2  91 rr              STA   (ptr_lo),Y
002643r 2  C8                 INY
002644r 2  A5 rr              LDA   eval_val_hi
002646r 2  91 rr              STA   (ptr_lo),Y
002648r 2  C8                 INY
002649r 2  A5 rr              LDA   eval_val_lo
00264Br 2  91 rr              STA   (ptr_lo),Y
00264Dr 2  C8                 INY
00264Er 2  A5 rr              LDA   eval_val_frac
002650r 2  91 rr              STA   (ptr_lo),Y
002652r 2  C8                 INY
002653r 2  A9 00              LDA   #0
002655r 2  91 rr              STA   (ptr_lo),Y           ; pad
002657r 2               
002657r 2                     ; Prepend to list: head = new entry
002657r 2  A5 rr              LDA   ptr_lo
002659r 2  85 rr              STA   var_head_lo
00265Br 2  A5 rr              LDA   ptr_hi
00265Dr 2  85 rr              STA   var_head_hi
00265Fr 2  60                 RTS
002660r 2               
002660r 2               @oom:
002660r 2  68                 PLA                         ; discard saved name_len
002661r 2  60                 RTS
002662r 2               
002662r 2               ; ---------------------------------------------------------------------
002662r 2               ; var_get — look up a variable by name
002662r 2               ;   Input: ptr_lo/hi → length-prefixed name string
002662r 2               ;   Output: Carry clear = found, eval_type/eval_val set
002662r 2               ;           Carry set = not found
002662r 2               ;   Clobbers: A, X, Y, ptr2, var_entry, var_name
002662r 2               ; ---------------------------------------------------------------------
002662r 2               var_get:
002662r 2                     ; Save name pointer
002662r 2  A5 rr              LDA   ptr_lo
002664r 2  85 rr              STA   var_name_lo
002666r 2  A5 rr              LDA   ptr_hi
002668r 2  85 rr              STA   var_name_hi
00266Ar 2               
00266Ar 2                     ; Walk the list
00266Ar 2  A5 rr              LDA   var_head_lo
00266Cr 2  85 rr              STA   var_entry_lo
00266Er 2  A5 rr              LDA   var_head_hi
002670r 2  85 rr              STA   var_entry_hi
002672r 2               
002672r 2               @walk:
002672r 2  A5 rr              LDA   var_entry_lo
002674r 2  05 rr              ORA   var_entry_hi
002676r 2  F0 40              BEQ   @not_found
002678r 2               
002678r 2  20 rr rr           JSR   var_names_equal
00267Br 2  B0 16              BCS   @found
00267Dr 2               
00267Dr 2                     ; Advance to next
00267Dr 2  A5 rr              LDA   var_entry_lo
00267Fr 2  85 rr              STA   ptr2_lo
002681r 2  A5 rr              LDA   var_entry_hi
002683r 2  85 rr              STA   ptr2_hi
002685r 2  A0 00              LDY   #VAR_NEXT_LO
002687r 2  B1 rr              LDA   (ptr2_lo),Y
002689r 2  AA                 TAX
00268Ar 2  C8                 INY
00268Br 2  B1 rr              LDA   (ptr2_lo),Y
00268Dr 2  85 rr              STA   var_entry_hi
00268Fr 2  86 rr              STX   var_entry_lo
002691r 2  80 DF              BRA   @walk
002693r 2               
002693r 2               @found:
002693r 2                     ; Read value from entry + 3 + name_len
002693r 2  A5 rr              LDA   var_entry_lo
002695r 2  85 rr              STA   ptr2_lo
002697r 2  A5 rr              LDA   var_entry_hi
002699r 2  85 rr              STA   ptr2_hi
00269Br 2  A0 02              LDY   #VAR_NAME_LEN
00269Dr 2  B1 rr              LDA   (ptr2_lo),Y
00269Fr 2  18                 CLC
0026A0r 2  69 03              ADC   #VAR_NAME
0026A2r 2  A8                 TAY
0026A3r 2  B1 rr              LDA   (ptr2_lo),Y          ; value_type
0026A5r 2  85 rr              STA   eval_type
0026A7r 2  C8                 INY
0026A8r 2  B1 rr              LDA   (ptr2_lo),Y          ; val_hi
0026AAr 2  85 rr              STA   eval_val_hi
0026ACr 2  C8                 INY
0026ADr 2  B1 rr              LDA   (ptr2_lo),Y          ; val_lo
0026AFr 2  85 rr              STA   eval_val_lo
0026B1r 2  C8                 INY
0026B2r 2  B1 rr              LDA   (ptr2_lo),Y          ; val_frac
0026B4r 2  85 rr              STA   eval_val_frac
0026B6r 2  18                 CLC
0026B7r 2  60                 RTS
0026B8r 2               
0026B8r 2               @not_found:
0026B8r 2  38                 SEC
0026B9r 2  60                 RTS
0026BAr 2               
0026BAr 2               ; ---------------------------------------------------------------------
0026BAr 2               ; var_names_equal — compare name at var_name_lo/hi against entry at var_entry
0026BAr 2               ;   The name source is length-prefixed (from token / quote).
0026BAr 2               ;   The entry stores: name_len at +2, chars at +3 (already uppercased).
0026BAr 2               ;   The source name chars are uppercased during comparison.
0026BAr 2               ;   Returns: Carry set = equal, Carry clear = not equal
0026BAr 2               ;   Clobbers: A, X, Y, ptr2
0026BAr 2               ; ---------------------------------------------------------------------
0026BAr 2               var_names_equal:
0026BAr 2                     ; Read source name length
0026BAr 2  A5 rr              LDA   var_name_lo
0026BCr 2  85 rr              STA   ptr2_lo
0026BEr 2  A5 rr              LDA   var_name_hi
0026C0r 2  85 rr              STA   ptr2_hi
0026C2r 2  A0 00              LDY   #0
0026C4r 2  B1 rr              LDA   (ptr2_lo),Y          ; source name_len
0026C6r 2  AA                 TAX                         ; X = source name_len
0026C7r 2               
0026C7r 2                     ; Read entry name length
0026C7r 2  A5 rr              LDA   var_entry_lo
0026C9r 2  85 rr              STA   ptr2_lo
0026CBr 2  A5 rr              LDA   var_entry_hi
0026CDr 2  85 rr              STA   ptr2_hi
0026CFr 2  A0 02              LDY   #VAR_NAME_LEN
0026D1r 2  B1 rr              LDA   (ptr2_lo),Y          ; entry name_len
0026D3r 2               
0026D3r 2                     ; Compare lengths
0026D3r 2  8E rr rr           STX   num_tmp_lo            ; save source length
0026D6r 2  CD rr rr           CMP   num_tmp_lo
0026D9r 2  D0 43              BNE   @ne
0026DBr 2               
0026DBr 2                     ; Lengths match — compare chars
0026DBr 2  E0 00              CPX   #0
0026DDr 2  F0 3B              BEQ   @eq                   ; both zero-length — equal
0026DFr 2  A0 00              LDY   #0                    ; char index
0026E1r 2               
0026E1r 2               @cmp_loop:
0026E1r 2  DA                 PHX
0026E2r 2  5A                 PHY
0026E3r 2                     ; Read source char (var_name + 1 + Y)
0026E3r 2  A5 rr              LDA   var_name_lo
0026E5r 2  85 rr              STA   ptr2_lo
0026E7r 2  A5 rr              LDA   var_name_hi
0026E9r 2  85 rr              STA   ptr2_hi
0026EBr 2  98                 TYA
0026ECr 2  1A                 INC                         ; skip length byte
0026EDr 2  A8                 TAY
0026EEr 2  B1 rr              LDA   (ptr2_lo),Y          ; source char
0026F0r 2                     ; Uppercase it
0026F0r 2  C9 61              CMP   #'a'
0026F2r 2  90 07              BCC   @noup
0026F4r 2  C9 7B              CMP   #'z'+1
0026F6r 2  B0 03              BCS   @noup
0026F8r 2  38                 SEC
0026F9r 2  E9 20              SBC   #$20
0026FBr 2               @noup:
0026FBr 2  8D rr rr           STA   num_tmp_hi            ; temp: uppercased source char
0026FEr 2               
0026FEr 2                     ; Read entry char (var_entry + VAR_NAME + Y)
0026FEr 2  7A                 PLY                         ; restore char index
0026FFr 2  5A                 PHY
002700r 2  A5 rr              LDA   var_entry_lo
002702r 2  85 rr              STA   ptr2_lo
002704r 2  A5 rr              LDA   var_entry_hi
002706r 2  85 rr              STA   ptr2_hi
002708r 2  98                 TYA
002709r 2  18                 CLC
00270Ar 2  69 03              ADC   #VAR_NAME
00270Cr 2  A8                 TAY
00270Dr 2  B1 rr              LDA   (ptr2_lo),Y          ; entry char (already uppercase)
00270Fr 2               
00270Fr 2  CD rr rr           CMP   num_tmp_hi
002712r 2                     ; 65C02: PLY/PLX clobber flags! Must branch BEFORE pulling.
002712r 2  D0 08              BNE   @ne_pull
002714r 2               
002714r 2  7A                 PLY
002715r 2  FA                 PLX
002716r 2  C8                 INY
002717r 2  CA                 DEX
002718r 2  D0 C7              BNE   @cmp_loop
00271Ar 2               
00271Ar 2               @eq:
00271Ar 2  38                 SEC                         ; equal
00271Br 2  60                 RTS
00271Cr 2               
00271Cr 2               @ne_pull:
00271Cr 2  7A                 PLY                         ; clean up stack
00271Dr 2  FA                 PLX
00271Er 2               @ne:
00271Er 2  18                 CLC                         ; not equal
00271Fr 2  60                 RTS
002720r 2               
002720r 1                     .include "procedures.s"
002720r 2               ; procedures.s — user-defined procedure storage and invocation
002720r 2               ;
002720r 2               ; Procedure record layout (heap-allocated linked list):
002720r 2               ;   +0: next_lo
002720r 2               ;   +1: next_hi    (pointer to next procedure, or $0000)
002720r 2               ;   +2: name_len   (1 byte)
002720r 2               ;   +3..3+NL-1: name chars (uppercased)
002720r 2               ;   +3+NL: param_count (1 byte)
002720r 2               ;   For each param:
002720r 2               ;     1 byte: param_name_len
002720r 2               ;     N bytes: param_name chars (uppercased)
002720r 2               ;   After all params:
002720r 2               ;     2 bytes: body_len_lo, body_len_hi (16-bit)
002720r 2               ;     body_len bytes: body text (lines separated by $0A)
002720r 2               
002720r 2               ; =====================================================================
002720r 2               ; ZEROPAGE segment — procedure variables
002720r 2               ; =====================================================================
002720r 2                     .segment "ZEROPAGE"
00003Cr 2               
00003Cr 2  xx           proc_head_lo:     .res 1        ; head of procedure directory
00003Dr 2  xx           proc_head_hi:     .res 1
00003Er 2  xx           proc_entry_lo:    .res 1        ; current entry pointer (walk scratch)
00003Fr 2  xx           proc_entry_hi:    .res 1
000040r 2  xx           proc_ptr_lo:      .res 1        ; scratch pointer for proc operations
000041r 2  xx           proc_ptr_hi:      .res 1
000042r 2  xx           proc_body_len_lo: .res 1        ; body length during collection / invocation
000043r 2  xx           proc_body_len_hi: .res 1
000044r 2  xx           proc_param_cnt:   .res 1        ; param count during define / invoke
000045r 2  xx           proc_name_len:    .res 1        ; name length scratch
000046r 2  xx           proc_rec_off:     .res 1        ; offset into record during invoke
000047r 2               
000047r 2               ; =====================================================================
000047r 2               ; BSS segment — temporary buffers
000047r 2               ; =====================================================================
000047r 2                     .segment "BSS"
00000Fr 2               
00000Fr 2  xx xx xx xx  proc_body_buf:    .res 2048     ; editor text buffer: "TO ..\n<body>\nEND\n"
000013r 2  xx xx xx xx  
000017r 2  xx xx xx xx  
00080Fr 2  xx xx xx xx  proc_name_buf:    .res 32       ; procedure name: length-prefixed
000813r 2  xx xx xx xx  
000817r 2  xx xx xx xx  
00082Fr 2  xx xx xx xx  proc_param_buf:   .res 128      ; packed: count, [len,chars]... each param
000833r 2  xx xx xx xx  
000837r 2  xx xx xx xx  
0008AFr 2  xx           proc_param_end:   .res 1        ; write offset into proc_param_buf
0008B0r 2  xx xx xx xx  proc_editor_title:.res 36       ; "TO <name>" + NUL, passed to the shared editor
0008B4r 2  xx xx xx xx  
0008B8r 2  xx xx xx xx  
0008D4r 2  xx           proc_body_src_lo: .res 1        ; pointer to the body text proc_build_record copies
0008D5r 2  xx           proc_body_src_hi: .res 1
0008D6r 2  xx           proc_edit_cur_lo: .res 1        ; initial editor cursor offset (start of body line)
0008D7r 2  xx           proc_edit_cur_hi: .res 1
0008D8r 2  xx           proc_scan_off_lo: .res 1        ; 16-bit scan offset for body extraction
0008D9r 2  xx           proc_scan_off_hi: .res 1
0008DAr 2               
0008DAr 2               ; Save area for eval state during procedure invocation
0008DAr 2  xx           save_eval_cur_lo: .res 1
0008DBr 2  xx           save_eval_cur_hi: .res 1
0008DCr 2  xx           save_tok_head_lo: .res 1
0008DDr 2  xx           save_tok_head_hi: .res 1
0008DEr 2  xx           save_tok_tail_lo: .res 1
0008DFr 2  xx           save_tok_tail_hi: .res 1
0008E0r 2  xx xx xx xx  save_input_buf:   .res 128      ; save outer input_buf during proc body exec
0008E4r 2  xx xx xx xx  
0008E8r 2  xx xx xx xx  
000960r 2  xx           save_heap_ptr_lo: .res 1        ; save heap for token re-use
000961r 2  xx           save_heap_ptr_hi: .res 1
000962r 2               
000962r 2               ; Param-binding scratch: length-prefixed name built here for var_set
000962r 2  xx xx xx xx  param_name_tmp:   .res 32
000966r 2  xx xx xx xx  
00096Ar 2  xx xx xx xx  
000982r 2               
000982r 2               ; =====================================================================
000982r 2               ; CODE segment — procedure routines
000982r 2               ; =====================================================================
000982r 2                     .segment "CODE"
002720r 2               
002720r 2               ; ---------------------------------------------------------------------
002720r 2               ; proc_init — initialize procedure directory to empty
002720r 2               ; ---------------------------------------------------------------------
002720r 2               proc_init:
002720r 2  64 rr              STZ   proc_head_lo
002722r 2  64 rr              STZ   proc_head_hi
002724r 2  64 rr              STZ   proc_stopped
002726r 2  60                 RTS
002727r 2               
002727r 2               ; ---------------------------------------------------------------------
002727r 2               ; proc_collect — enter TO/END multi-line collection mode
002727r 2               ;   Called from main_loop after detecting TO as first token.
002727r 2               ;   eval_cur_lo/hi has been advanced past the TO token.
002727r 2               ; ---------------------------------------------------------------------
002727r 2               proc_collect:
002727r 2                     ; Next token should be the procedure name (TOK_WORD)
002727r 2  A5 rr              LDA   eval_cur_lo
002729r 2  05 rr              ORA   eval_cur_hi
00272Br 2  D0 03              BNE   @have_name
00272Dr 2  4C rr rr           JMP   @err_noname
002730r 2               @have_name:
002730r 2  A5 rr              LDA   eval_cur_lo
002732r 2  85 rr              STA   ptr_lo
002734r 2  A5 rr              LDA   eval_cur_hi
002736r 2  85 rr              STA   ptr_hi
002738r 2  A0 00              LDY   #TOK_TAG
00273Ar 2  B1 rr              LDA   (ptr_lo),Y
00273Cr 2  C9 01              CMP   #TOK_WORD
00273Er 2  F0 03              BEQ   @name_ok
002740r 2  4C rr rr           JMP   @err_noname
002743r 2               @name_ok:
002743r 2                     ; Copy procedure name to proc_name_buf (length-prefixed)
002743r 2  A0 03              LDY   #TOK_PAYLOAD
002745r 2  B1 rr              LDA   (ptr_lo),Y           ; name length
002747r 2  8D rr rr           STA   proc_name_buf
00274Ar 2  85 rr              STA   proc_name_len
00274Cr 2  AA                 TAX                         ; X = char count
00274Dr 2  A0 04              LDY   #TOK_PAYLOAD+1
00274Fr 2  A9 00              LDA   #0
002751r 2  85 rr              STA   proc_rec_off          ; dest index in name_buf
002753r 2               @copy_name:
002753r 2  E0 00              CPX   #0
002755r 2  F0 0F              BEQ   @name_copied
002757r 2  B1 rr              LDA   (ptr_lo),Y           ; already uppercased by tokenizer
002759r 2  5A                 PHY
00275Ar 2  A4 rr              LDY   proc_rec_off
00275Cr 2  99 rr rr           STA   proc_name_buf+1,Y
00275Fr 2  E6 rr              INC   proc_rec_off
002761r 2  7A                 PLY
002762r 2  C8                 INY
002763r 2  CA                 DEX
002764r 2  80 ED              BRA   @copy_name
002766r 2               @name_copied:
002766r 2               
002766r 2                     ; Advance past the name token
002766r 2  20 rr rr           JSR   eval_advance
002769r 2               
002769r 2                     ; Parse parameter names (TOK_VARREF tokens: :SIZE :COLOR etc.)
002769r 2  64 rr              STZ   proc_param_cnt
00276Br 2  A9 01              LDA   #1                    ; dest offset (skip count byte at [0])
00276Dr 2  8D rr rr           STA   proc_param_end
002770r 2               
002770r 2               @parse_params:
002770r 2  A5 rr              LDA   eval_cur_lo
002772r 2  05 rr              ORA   eval_cur_hi
002774r 2  F0 47              BEQ   @params_done
002776r 2  A5 rr              LDA   eval_cur_lo
002778r 2  85 rr              STA   ptr_lo
00277Ar 2  A5 rr              LDA   eval_cur_hi
00277Cr 2  85 rr              STA   ptr_hi
00277Er 2  A0 00              LDY   #TOK_TAG
002780r 2  B1 rr              LDA   (ptr_lo),Y
002782r 2  C9 05              CMP   #TOK_VARREF
002784r 2  D0 37              BNE   @params_done
002786r 2               
002786r 2  E6 rr              INC   proc_param_cnt
002788r 2  A0 03              LDY   #TOK_PAYLOAD
00278Ar 2  B1 rr              LDA   (ptr_lo),Y           ; param name length
00278Cr 2  AE rr rr           LDX   proc_param_end
00278Fr 2  9D rr rr           STA   proc_param_buf,X     ; store length
002792r 2  E8                 INX
002793r 2  A8                 TAY                         ; Y = char count to copy
002794r 2  64 rr              STZ   proc_rec_off          ; source char index
002796r 2               
002796r 2               @copy_param_ch:
002796r 2  C0 00              CPY   #0
002798r 2  F0 1B              BEQ   @param_ch_done
00279Ar 2                     ; Read source char from token
00279Ar 2  A5 rr              LDA   eval_cur_lo
00279Cr 2  85 rr              STA   ptr_lo
00279Er 2  A5 rr              LDA   eval_cur_hi
0027A0r 2  85 rr              STA   ptr_hi
0027A2r 2  5A                 PHY
0027A3r 2  A5 rr              LDA   proc_rec_off
0027A5r 2  18                 CLC
0027A6r 2  69 04              ADC   #TOK_PAYLOAD+1
0027A8r 2  A8                 TAY
0027A9r 2  B1 rr              LDA   (ptr_lo),Y           ; already uppercased
0027ABr 2  7A                 PLY
0027ACr 2                     ; Write to proc_param_buf
0027ACr 2  9D rr rr           STA   proc_param_buf,X
0027AFr 2  E8                 INX
0027B0r 2  E6 rr              INC   proc_rec_off
0027B2r 2  88                 DEY
0027B3r 2  80 E1              BRA   @copy_param_ch
0027B5r 2               @param_ch_done:
0027B5r 2  8E rr rr           STX   proc_param_end
0027B8r 2               
0027B8r 2  20 rr rr           JSR   eval_advance
0027BBr 2  80 B3              BRA   @parse_params
0027BDr 2               
0027BDr 2               @params_done:
0027BDr 2  A5 rr              LDA   proc_param_cnt
0027BFr 2  8D rr rr           STA   proc_param_buf        ; count byte at [0]
0027C2r 2               
0027C2r 2                     ; Initialize body buffer
0027C2r 2  64 rr              STZ   proc_body_len_lo
0027C4r 2  64 rr              STZ   proc_body_len_hi
0027C6r 2               
0027C6r 2                     ; Open the shared EDITUI editor on an empty body buffer. Carry set means
0027C6r 2                     ; the user asked to save (Ctrl-S / "Save First") before exiting.
0027C6r 2  20 rr rr           JSR   proc_open_editor
0027C9r 2  B0 01              BCS   @body_done
0027CBr 2  60                 RTS
0027CCr 2               
0027CCr 2                     ; Print "NAME DEFINED\n"
0027CCr 2               @body_done:
0027CCr 2  A6 rr              LDX   proc_name_len
0027CEr 2  A0 00              LDY   #0
0027D0r 2               @print_name:
0027D0r 2  E0 00              CPX   #0
0027D2r 2  F0 0A              BEQ   @print_def
0027D4r 2  B9 rr rr           LDA   proc_name_buf+1,Y
0027D7r 2  8D 0E A0           STA   VGC_CHAROUT
0027DAr 2  C8                 INY
0027DBr 2  CA                 DEX
0027DCr 2  80 F2              BRA   @print_name
0027DEr 2               @print_def:
0027DEr 2  A2 00              LDX   #0
0027E0r 2               @pd_lp:
0027E0r 2  BD rr rr           LDA   str_defined,X
0027E3r 2  F0 06              BEQ   @pd_done
0027E5r 2  8D 0E A0           STA   VGC_CHAROUT
0027E8r 2  E8                 INX
0027E9r 2  D0 F5              BNE   @pd_lp
0027EBr 2               @pd_done:
0027EBr 2  20 rr rr           JSR   eval_newline
0027EEr 2  60                 RTS
0027EFr 2               
0027EFr 2               @err_noname:
0027EFr 2  A2 00              LDX   #0
0027F1r 2               @en_lp:
0027F1r 2  BD rr rr           LDA   str_to_needs_name,X
0027F4r 2  F0 06              BEQ   @en_done
0027F6r 2  8D 0E A0           STA   VGC_CHAROUT
0027F9r 2  E8                 INX
0027FAr 2  D0 F5              BNE   @en_lp
0027FCr 2               @en_done:
0027FCr 2  20 rr rr           JSR   eval_newline
0027FFr 2  60                 RTS
002800r 2               
002800r 2               ; ---------------------------------------------------------------------
002800r 2               ; proc_open_editor — run the shared EDITUI editor on an empty body buffer.
002800r 2               ;   Builds the editor title "TO <name>", hands the buffer/cap/title to the
002800r 2               ;   extension's EXT_CMD_EDIT, then on return builds the procedure record from
002800r 2               ;   the edited body when the user asked to save.
002800r 2               ;   Inputs:  proc_name_buf / proc_name_len, proc_param_buf (already parsed)
002800r 2               ;   Returns: carry set = saved (record built), carry clear = abandoned
002800r 2               ; ---------------------------------------------------------------------
002800r 2               proc_open_editor:
002800r 2                     ; --- build the scaffold "TO <name> :params\n  \nEND\n" in proc_body_buf.
002800r 2                     ; Y is the 8-bit write index (the scaffold is always < 256 bytes: name<=31,
002800r 2                     ; params<=127, plus a dozen structure bytes).
002800r 2  A0 00              LDY   #0
002802r 2  A9 54              LDA   #'T'
002804r 2  99 rr rr           STA   proc_body_buf,Y
002807r 2  C8                 INY
002808r 2  A9 4F              LDA   #'O'
00280Ar 2  99 rr rr           STA   proc_body_buf,Y
00280Dr 2  C8                 INY
00280Er 2  A9 20              LDA   #' '
002810r 2  99 rr rr           STA   proc_body_buf,Y
002813r 2  C8                 INY
002814r 2  A2 00              LDX   #0                     ; name source index
002816r 2               @nm:
002816r 2  E4 rr              CPX   proc_name_len
002818r 2  B0 0A              BCS   @nm_done
00281Ar 2  BD rr rr           LDA   proc_name_buf+1,X
00281Dr 2  99 rr rr           STA   proc_body_buf,Y
002820r 2  C8                 INY
002821r 2  E8                 INX
002822r 2  80 F2              BRA   @nm
002824r 2               @nm_done:
002824r 2                     ; params: " :" + chars, walking proc_param_buf[1..proc_param_end)
002824r 2  A2 01              LDX   #1
002826r 2               @pp:
002826r 2  EC rr rr           CPX   proc_param_end
002829r 2  B0 22              BCS   @pp_done
00282Br 2  A9 20              LDA   #' '
00282Dr 2  99 rr rr           STA   proc_body_buf,Y
002830r 2  C8                 INY
002831r 2  A9 3A              LDA   #':'
002833r 2  99 rr rr           STA   proc_body_buf,Y
002836r 2  C8                 INY
002837r 2  BD rr rr           LDA   proc_param_buf,X       ; this param's char count
00283Ar 2  85 rr              STA   proc_rec_off
00283Cr 2  E8                 INX
00283Dr 2               @ppc:
00283Dr 2  A5 rr              LDA   proc_rec_off
00283Fr 2  F0 E5              BEQ   @pp
002841r 2  BD rr rr           LDA   proc_param_buf,X
002844r 2  99 rr rr           STA   proc_body_buf,Y
002847r 2  C8                 INY
002848r 2  E8                 INX
002849r 2  C6 rr              DEC   proc_rec_off
00284Br 2  80 F0              BRA   @ppc
00284Dr 2               @pp_done:
00284Dr 2                     ; Y = line-1 length. The body line is line 1's '\n' + 2 indent spaces,
00284Dr 2                     ; so the cursor lands at offset (line1 + 3).
00284Dr 2  98                 TYA
00284Er 2  18                 CLC
00284Fr 2  69 03              ADC   #3
002851r 2  8D rr rr           STA   proc_edit_cur_lo
002854r 2  A9 00              LDA   #0
002856r 2  69 00              ADC   #0
002858r 2  8D rr rr           STA   proc_edit_cur_hi
00285Br 2                     ; append "\n  \nEND\n"
00285Br 2  A9 0A              LDA   #$0A
00285Dr 2  99 rr rr           STA   proc_body_buf,Y
002860r 2  C8                 INY
002861r 2  A9 20              LDA   #' '
002863r 2  99 rr rr           STA   proc_body_buf,Y
002866r 2  C8                 INY
002867r 2  99 rr rr           STA   proc_body_buf,Y
00286Ar 2  C8                 INY
00286Br 2  A9 0A              LDA   #$0A
00286Dr 2  99 rr rr           STA   proc_body_buf,Y
002870r 2  C8                 INY
002871r 2  A9 45              LDA   #'E'
002873r 2  99 rr rr           STA   proc_body_buf,Y
002876r 2  C8                 INY
002877r 2  A9 4E              LDA   #'N'
002879r 2  99 rr rr           STA   proc_body_buf,Y
00287Cr 2  C8                 INY
00287Dr 2  A9 44              LDA   #'D'
00287Fr 2  99 rr rr           STA   proc_body_buf,Y
002882r 2  C8                 INY
002883r 2  A9 0A              LDA   #$0A
002885r 2  99 rr rr           STA   proc_body_buf,Y
002888r 2  C8                 INY
002889r 2  84 rr              STY   proc_body_len_lo
00288Br 2  64 rr              STZ   proc_body_len_hi
00288Dr 2               
00288Dr 2                     ; --- title "TO <name>" + NUL for the editor's title band ---
00288Dr 2  A9 54              LDA   #'T'
00288Fr 2  8D rr rr           STA   proc_editor_title+0
002892r 2  A9 4F              LDA   #'O'
002894r 2  8D rr rr           STA   proc_editor_title+1
002897r 2  A9 20              LDA   #' '
002899r 2  8D rr rr           STA   proc_editor_title+2
00289Cr 2  A2 00              LDX   #0
00289Er 2  A0 03              LDY   #3
0028A0r 2               @tt:
0028A0r 2  E4 rr              CPX   proc_name_len
0028A2r 2  B0 0A              BCS   @tt_done
0028A4r 2  BD rr rr           LDA   proc_name_buf+1,X
0028A7r 2  99 rr rr           STA   proc_editor_title,Y
0028AAr 2  E8                 INX
0028ABr 2  C8                 INY
0028ACr 2  80 F2              BRA   @tt
0028AEr 2               @tt_done:
0028AEr 2  A9 00              LDA   #0
0028B0r 2  99 rr rr           STA   proc_editor_title,Y
0028B3r 2               
0028B3r 2                     ; --- mailbox: ARG0=buf ARG1=len ARG2=cap ARG3=title; cursor in FRAC bytes
0028B3r 2  A9 rr              LDA   #<proc_body_buf
0028B5r 2  85 84              STA   EXT_ARG0_LO
0028B7r 2  A9 rr              LDA   #>proc_body_buf
0028B9r 2  85 83              STA   EXT_ARG0_HI
0028BBr 2  A5 rr              LDA   proc_body_len_lo
0028BDr 2  85 88              STA   EXT_ARG1_LO
0028BFr 2  A5 rr              LDA   proc_body_len_hi
0028C1r 2  85 87              STA   EXT_ARG1_HI
0028C3r 2  A9 00              LDA   #<2048
0028C5r 2  85 8C              STA   EXT_ARG2_LO
0028C7r 2  A9 08              LDA   #>2048
0028C9r 2  85 8B              STA   EXT_ARG2_HI
0028CBr 2  A9 rr              LDA   #<proc_editor_title
0028CDr 2  85 A1              STA   EXT_ARG3_LO
0028CFr 2  A9 rr              LDA   #>proc_editor_title
0028D1r 2  85 A0              STA   EXT_ARG3_HI
0028D3r 2  AD rr rr           LDA   proc_edit_cur_lo
0028D6r 2  85 8D              STA   EXT_ARG2_FRAC          ; initial cursor offset (see ext_iface.inc)
0028D8r 2  AD rr rr           LDA   proc_edit_cur_hi
0028DBr 2  85 A2              STA   EXT_ARG3_FRAC
0028DDr 2               
0028DDr 2  A9 4B              LDA   #EXT_CMD_EDIT
0028DFr 2  85 80              STA   EXT_CMD
0028E1r 2  20 70 02           JSR   EXT_TRAMPOLINE         ; swap to ext ROM, run editor, swap back
0028E4r 2               
0028E4r 2                     ; editor returns the final buffer length in ARG1
0028E4r 2  A5 88              LDA   EXT_ARG1_LO
0028E6r 2  85 rr              STA   proc_body_len_lo
0028E8r 2  A5 87              LDA   EXT_ARG1_HI
0028EAr 2  85 rr              STA   proc_body_len_hi
0028ECr 2               
0028ECr 2  A5 8F              LDA   EXT_RESULT_HI
0028EEr 2  F0 08              BEQ   @abandoned
0028F0r 2                     ; Strip line 1 + the END line -> proc_body_src/proc_body_len = body only.
0028F0r 2  20 rr rr           JSR   proc_extract_body
0028F3r 2  20 rr rr           JSR   proc_build_record
0028F6r 2  38                 SEC
0028F7r 2  60                 RTS
0028F8r 2               @abandoned:
0028F8r 2  18                 CLC
0028F9r 2  60                 RTS
0028FAr 2               
0028FAr 2               ; ---------------------------------------------------------------------
0028FAr 2               ; proc_extract_body — narrow proc_body_buf/proc_body_len down to just the body:
0028FAr 2               ;   everything after the first '\n' (line 1) up to (not including) the line that
0028FAr 2               ;   reads "END". Sets proc_body_src_lo/hi + proc_body_len_lo/hi.
0028FAr 2               ; ---------------------------------------------------------------------
0028FAr 2               proc_extract_body:
0028FAr 2  A9 rr              LDA   #<proc_body_buf
0028FCr 2  85 rr              STA   proc_ptr_lo
0028FEr 2  A9 rr              LDA   #>proc_body_buf
002900r 2  85 rr              STA   proc_ptr_hi
002902r 2  9C rr rr           STZ   proc_scan_off_lo
002905r 2  9C rr rr           STZ   proc_scan_off_hi
002908r 2               @find_nl:
002908r 2  20 rr rr           JSR   proc_scan_at_end
00290Br 2  B0 4F              BCS   @whole                ; no newline -> whole buffer is the body
00290Dr 2  A0 00              LDY   #0
00290Fr 2  B1 rr              LDA   (proc_ptr_lo),Y
002911r 2  20 rr rr           JSR   proc_scan_advance
002914r 2  C9 0A              CMP   #$0A
002916r 2  D0 F0              BNE   @find_nl
002918r 2                     ; body starts here
002918r 2  A5 rr              LDA   proc_ptr_lo
00291Ar 2  8D rr rr           STA   proc_body_src_lo
00291Dr 2  A5 rr              LDA   proc_ptr_hi
00291Fr 2  8D rr rr           STA   proc_body_src_hi
002922r 2  AD rr rr           LDA   proc_scan_off_lo
002925r 2  8D rr rr           STA   num_tmp_lo            ; body-start offset
002928r 2  AD rr rr           LDA   proc_scan_off_hi
00292Br 2  8D rr rr           STA   num_tmp_hi
00292Er 2               @line:
00292Er 2  20 rr rr           JSR   proc_scan_at_end
002931r 2  B0 17              BCS   @body_end             ; ran off the end -> body = rest
002933r 2  20 rr rr           JSR   proc_line_is_end
002936r 2  B0 12              BCS   @body_end             ; this line is "END" -> stop
002938r 2               @skip:
002938r 2  20 rr rr           JSR   proc_scan_at_end
00293Br 2  B0 0D              BCS   @body_end
00293Dr 2  A0 00              LDY   #0
00293Fr 2  B1 rr              LDA   (proc_ptr_lo),Y
002941r 2  20 rr rr           JSR   proc_scan_advance
002944r 2  C9 0A              CMP   #$0A
002946r 2  D0 F0              BNE   @skip
002948r 2  80 E4              BRA   @line
00294Ar 2               @body_end:
00294Ar 2  38                 SEC
00294Br 2  AD rr rr           LDA   proc_scan_off_lo
00294Er 2  ED rr rr           SBC   num_tmp_lo
002951r 2  85 rr              STA   proc_body_len_lo
002953r 2  AD rr rr           LDA   proc_scan_off_hi
002956r 2  ED rr rr           SBC   num_tmp_hi
002959r 2  85 rr              STA   proc_body_len_hi
00295Br 2  60                 RTS
00295Cr 2               @whole:
00295Cr 2  A9 rr              LDA   #<proc_body_buf
00295Er 2  8D rr rr           STA   proc_body_src_lo
002961r 2  A9 rr              LDA   #>proc_body_buf
002963r 2  8D rr rr           STA   proc_body_src_hi
002966r 2  60                 RTS
002967r 2               
002967r 2               ; carry set if proc_scan_off >= proc_body_len
002967r 2               proc_scan_at_end:
002967r 2  AD rr rr           LDA   proc_scan_off_lo
00296Ar 2  C5 rr              CMP   proc_body_len_lo
00296Cr 2  AD rr rr           LDA   proc_scan_off_hi
00296Fr 2  E5 rr              SBC   proc_body_len_hi
002971r 2  60                 RTS
002972r 2               
002972r 2               ; advance the scan pointer + offset by one byte
002972r 2               proc_scan_advance:
002972r 2  E6 rr              INC   proc_ptr_lo
002974r 2  D0 02              BNE   :+
002976r 2  E6 rr              INC   proc_ptr_hi
002978r 2  EE rr rr     :     INC   proc_scan_off_lo
00297Br 2  D0 03              BNE   :+
00297Dr 2  EE rr rr           INC   proc_scan_off_hi
002980r 2  60           :     RTS
002981r 2               
002981r 2               ; proc_line_is_end — carry set if the line at proc_ptr is exactly "END" followed
002981r 2               ; by '\n' or end-of-buffer. Needs room for 3 chars (off+3 <= len). Non-destructive.
002981r 2               proc_line_is_end:
002981r 2                     ; proc_entry = proc_scan_off + 3
002981r 2  18                 CLC
002982r 2  AD rr rr           LDA   proc_scan_off_lo
002985r 2  69 03              ADC   #3
002987r 2  85 rr              STA   proc_entry_lo
002989r 2  AD rr rr           LDA   proc_scan_off_hi
00298Cr 2  69 00              ADC   #0
00298Er 2  85 rr              STA   proc_entry_hi
002990r 2                     ; need off+3 <= len, i.e. NOT (off+3 > len) == NOT (len < off+3)
002990r 2  A5 rr              LDA   proc_body_len_lo
002992r 2  C5 rr              CMP   proc_entry_lo
002994r 2  A5 rr              LDA   proc_body_len_hi
002996r 2  E5 rr              SBC   proc_entry_hi
002998r 2  90 2B              BCC   @no                   ; len < off+3 -> not enough room
00299Ar 2  A0 00              LDY   #0
00299Cr 2  B1 rr              LDA   (proc_ptr_lo),Y
00299Er 2  C9 45              CMP   #'E'
0029A0r 2  D0 23              BNE   @no
0029A2r 2  C8                 INY
0029A3r 2  B1 rr              LDA   (proc_ptr_lo),Y
0029A5r 2  C9 4E              CMP   #'N'
0029A7r 2  D0 1C              BNE   @no
0029A9r 2  C8                 INY
0029AAr 2  B1 rr              LDA   (proc_ptr_lo),Y
0029ACr 2  C9 44              CMP   #'D'
0029AEr 2  D0 15              BNE   @no
0029B0r 2                     ; 4th byte: '\n', or off+3 == len (END at buffer end)
0029B0r 2  A5 rr              LDA   proc_entry_lo
0029B2r 2  C5 rr              CMP   proc_body_len_lo
0029B4r 2  D0 06              BNE   @check_nl
0029B6r 2  A5 rr              LDA   proc_entry_hi
0029B8r 2  C5 rr              CMP   proc_body_len_hi
0029BAr 2  F0 07              BEQ   @yes                  ; off+3 == len
0029BCr 2               @check_nl:
0029BCr 2  C8                 INY
0029BDr 2  B1 rr              LDA   (proc_ptr_lo),Y
0029BFr 2  C9 0A              CMP   #$0A
0029C1r 2  D0 02              BNE   @no
0029C3r 2               @yes:
0029C3r 2  38                 SEC
0029C4r 2  60                 RTS
0029C5r 2               @no:
0029C5r 2  18                 CLC
0029C6r 2  60                 RTS
0029C7r 2               
0029C7r 2               ; ---------------------------------------------------------------------
0029C7r 2               ; heap_alloc_big — allocate for procedure records (16-bit payload)
0029C7r 2               ;   Input:  proc_ptr_lo/hi = record data size (16-bit)
0029C7r 2               ;   Output: proc_entry_lo/hi = pointer to record data (payload+2)
0029C7r 2               ;           Carry clear = success, Carry set = OOM
0029C7r 2               ;
0029C7r 2               ;   Layout: [GC_HDR_TAG, GC_HDR_SIZE=0, total_lo, total_hi, ...data...]
0029C7r 2               ;   GC header (2 bytes) + 16-bit size (2 bytes) + record data.
0029C7r 2               ;   Total allocation = record_data_size + 4.
0029C7r 2               ;   GC_HDR_SIZE = 0 tells GC to read 16-bit total from payload[0..1].
0029C7r 2               ;   proc_entry points to data (base+4).
0029C7r 2               ;
0029C7r 2               ;   Clobbers: A, Y, ptr_lo/hi
0029C7r 2               ; ---------------------------------------------------------------------
0029C7r 2               heap_alloc_big:
0029C7r 2                     ; Total allocation = data_size + 4 (2 hdr + 2 size field)
0029C7r 2  18                 CLC
0029C8r 2  A5 rr              LDA   proc_ptr_lo
0029CAr 2  69 04              ADC   #4
0029CCr 2  48                 PHA                        ; save total_lo
0029CDr 2  A5 rr              LDA   proc_ptr_hi
0029CFr 2  69 00              ADC   #0
0029D1r 2  48                 PHA                        ; save total_hi
0029D2r 2               
0029D2r 2                     ; Save current heap_ptr as base
0029D2r 2  A5 rr              LDA   heap_ptr
0029D4r 2  85 rr              STA   proc_entry_lo
0029D6r 2  A5 rr              LDA   heap_ptr+1
0029D8r 2  85 rr              STA   proc_entry_hi
0029DAr 2               
0029DAr 2                     ; Advance heap_ptr by total
0029DAr 2  BA                 TSX
0029DBr 2  18                 CLC
0029DCr 2  A5 rr              LDA   heap_ptr
0029DEr 2  7D 02 01           ADC   $0102,X              ; total_lo
0029E1r 2  85 rr              STA   heap_ptr
0029E3r 2  A5 rr              LDA   heap_ptr+1
0029E5r 2  7D 01 01           ADC   $0101,X              ; total_hi
0029E8r 2  85 rr              STA   heap_ptr+1
0029EAr 2               
0029EAr 2                     ; OOM check
0029EAr 2  C9 98              CMP   #>HEAP_END
0029ECr 2  90 16              BCC   @big_ok
0029EEr 2  D0 08              BNE   @big_oom
0029F0r 2  A5 rr              LDA   heap_ptr
0029F2r 2  C9 00              CMP   #<HEAP_END
0029F4r 2  90 0E              BCC   @big_ok
0029F6r 2  F0 0C              BEQ   @big_ok
0029F8r 2               @big_oom:
0029F8r 2  A5 rr              LDA   proc_entry_lo
0029FAr 2  85 rr              STA   heap_ptr
0029FCr 2  A5 rr              LDA   proc_entry_hi
0029FEr 2  85 rr              STA   heap_ptr+1
002A00r 2  68                 PLA
002A01r 2  68                 PLA
002A02r 2  38                 SEC
002A03r 2  60                 RTS
002A04r 2               @big_ok:
002A04r 2                     ; Write header at base (proc_entry = base here)
002A04r 2  A5 rr              LDA   proc_entry_lo
002A06r 2  85 rr              STA   ptr_lo
002A08r 2  A5 rr              LDA   proc_entry_hi
002A0Ar 2  85 rr              STA   ptr_hi
002A0Cr 2               
002A0Cr 2  A0 00              LDY   #GC_HDR_TAG
002A0Er 2  A9 04              LDA   #ATYPE_PROC
002A10r 2  91 rr              STA   (ptr_lo),Y
002A12r 2               
002A12r 2  A0 01              LDY   #GC_HDR_SIZE
002A14r 2  A9 00              LDA   #0                    ; 0 = 16-bit size at payload[0..1]
002A16r 2  91 rr              STA   (ptr_lo),Y
002A18r 2               
002A18r 2                     ; Write 16-bit total at payload offsets 0,1 (base+2, base+3)
002A18r 2  68                 PLA                        ; total_hi
002A19r 2  A0 03              LDY   #GC_HDR_BYTES+1       ; base+3
002A1Br 2  91 rr              STA   (ptr_lo),Y
002A1Dr 2  68                 PLA                        ; total_lo
002A1Er 2  A0 02              LDY   #GC_HDR_BYTES         ; base+2
002A20r 2  91 rr              STA   (ptr_lo),Y
002A22r 2               
002A22r 2                     ; Advance proc_entry to point past header+size field = base+4
002A22r 2                     ; This is where the record data starts
002A22r 2  18                 CLC
002A23r 2  A5 rr              LDA   proc_entry_lo
002A25r 2  69 04              ADC   #4
002A27r 2  85 rr              STA   proc_entry_lo
002A29r 2  A5 rr              LDA   proc_entry_hi
002A2Br 2  69 00              ADC   #0
002A2Dr 2  85 rr              STA   proc_entry_hi
002A2Fr 2               
002A2Fr 2  18                 CLC
002A30r 2  60                 RTS
002A31r 2               
002A31r 2               ; ---------------------------------------------------------------------
002A31r 2               ; proc_build_record — allocate and populate a procedure heap record
002A31r 2               ;   Uses: proc_name_buf, proc_param_buf/proc_param_end,
002A31r 2               ;         proc_body_buf/proc_body_len
002A31r 2               ; ---------------------------------------------------------------------
002A31r 2               proc_build_record:
002A31r 2                     ; Calculate total record size
002A31r 2                     ; 2 (next) + 1 (name_len) + name_len
002A31r 2                     ; + 1 (param_count) + (proc_param_end - 1) param packed bytes
002A31r 2                     ; + 2 (body_len) + body_len
002A31r 2                     ;
002A31r 2                     ; We build the total in proc_ptr_lo:proc_ptr_hi (16-bit)
002A31r 2               
002A31r 2  A9 04              LDA   #4                    ; 2(next) + 1(name_len) + 1(param_count)
002A33r 2  18                 CLC
002A34r 2  6D rr rr           ADC   proc_name_buf         ; + name_len
002A37r 2  85 rr              STA   proc_ptr_lo
002A39r 2  A9 00              LDA   #0
002A3Br 2  85 rr              STA   proc_ptr_hi
002A3Dr 2               
002A3Dr 2                     ; + param packed bytes (proc_param_end - 1)
002A3Dr 2  AD rr rr           LDA   proc_param_end
002A40r 2  38                 SEC
002A41r 2  E9 01              SBC   #1
002A43r 2  18                 CLC
002A44r 2  65 rr              ADC   proc_ptr_lo
002A46r 2  85 rr              STA   proc_ptr_lo
002A48r 2  90 02              BCC   :+
002A4Ar 2  E6 rr              INC   proc_ptr_hi
002A4Cr 2               :
002A4Cr 2                     ; + 2 (body_len field)
002A4Cr 2  18                 CLC
002A4Dr 2  A5 rr              LDA   proc_ptr_lo
002A4Fr 2  69 02              ADC   #2
002A51r 2  85 rr              STA   proc_ptr_lo
002A53r 2  90 02              BCC   :+
002A55r 2  E6 rr              INC   proc_ptr_hi
002A57r 2               :
002A57r 2                     ; + body_len
002A57r 2  18                 CLC
002A58r 2  A5 rr              LDA   proc_ptr_lo
002A5Ar 2  65 rr              ADC   proc_body_len_lo
002A5Cr 2  85 rr              STA   proc_ptr_lo
002A5Er 2  A5 rr              LDA   proc_ptr_hi
002A60r 2  65 rr              ADC   proc_body_len_hi
002A62r 2  85 rr              STA   proc_ptr_hi
002A64r 2               
002A64r 2                     ; Allocate with GC header (16-bit size via heap_alloc_big)
002A64r 2                     ; proc_ptr_lo/hi = payload size
002A64r 2  20 rr rr           JSR   heap_alloc_big
002A67r 2  90 01              BCC   @ok
002A69r 2  60                 RTS                        ; OOM
002A6Ar 2               @ok:
002A6Ar 2                     ; Fill the record using (ptr_lo),Y indirect addressing
002A6Ar 2                     ; We track Y as the write offset. For records > 256 bytes
002A6Ar 2                     ; we bump ptr_hi when Y wraps.
002A6Ar 2  A5 rr              LDA   proc_entry_lo
002A6Cr 2  85 rr              STA   ptr_lo
002A6Er 2  A5 rr              LDA   proc_entry_hi
002A70r 2  85 rr              STA   ptr_hi
002A72r 2               
002A72r 2                     ; +0,+1: next pointer = current proc_head
002A72r 2  A0 00              LDY   #0
002A74r 2  A5 rr              LDA   proc_head_lo
002A76r 2  91 rr              STA   (ptr_lo),Y
002A78r 2  C8                 INY
002A79r 2  A5 rr              LDA   proc_head_hi
002A7Br 2  91 rr              STA   (ptr_lo),Y
002A7Dr 2               
002A7Dr 2                     ; +2: name_len
002A7Dr 2  C8                 INY
002A7Er 2  AD rr rr           LDA   proc_name_buf
002A81r 2  91 rr              STA   (ptr_lo),Y
002A83r 2               
002A83r 2                     ; +3..+3+NL-1: name chars
002A83r 2  AE rr rr           LDX   proc_name_buf         ; X = char count
002A86r 2  64 rr              STZ   proc_rec_off          ; source index
002A88r 2               @bld_name:
002A88r 2  E0 00              CPX   #0
002A8Ar 2  F0 13              BEQ   @bld_name_done
002A8Cr 2  C8                 INY
002A8Dr 2  D0 02              BNE   :+
002A8Fr 2  E6 rr              INC   ptr_hi
002A91r 2  DA           :     PHX
002A92r 2  A6 rr              LDX   proc_rec_off
002A94r 2  BD rr rr           LDA   proc_name_buf+1,X
002A97r 2  FA                 PLX
002A98r 2  91 rr              STA   (ptr_lo),Y
002A9Ar 2  E6 rr              INC   proc_rec_off
002A9Cr 2  CA                 DEX
002A9Dr 2  80 E9              BRA   @bld_name
002A9Fr 2               @bld_name_done:
002A9Fr 2               
002A9Fr 2                     ; +3+NL: param_count
002A9Fr 2  C8                 INY
002AA0r 2  D0 02              BNE   :+
002AA2r 2  E6 rr              INC   ptr_hi
002AA4r 2  A5 rr        :     LDA   proc_param_cnt
002AA6r 2  91 rr              STA   (ptr_lo),Y
002AA8r 2               
002AA8r 2                     ; Copy packed param data from proc_param_buf[1..proc_param_end-1]
002AA8r 2  AD rr rr           LDA   proc_param_end
002AABr 2  C9 02              CMP   #2                    ; at least 1 = there are params
002AADr 2  90 14              BCC   @bld_params_done
002AAFr 2  A2 01              LDX   #1                    ; source index (skip count byte)
002AB1r 2               @bld_param:
002AB1r 2  EC rr rr           CPX   proc_param_end
002AB4r 2  B0 0D              BCS   @bld_params_done
002AB6r 2  C8                 INY
002AB7r 2  D0 02              BNE   :+
002AB9r 2  E6 rr              INC   ptr_hi
002ABBr 2  BD rr rr     :     LDA   proc_param_buf,X
002ABEr 2  91 rr              STA   (ptr_lo),Y
002AC0r 2  E8                 INX
002AC1r 2  80 EE              BRA   @bld_param
002AC3r 2               @bld_params_done:
002AC3r 2               
002AC3r 2                     ; body_len_lo, body_len_hi
002AC3r 2  C8                 INY
002AC4r 2  D0 02              BNE   :+
002AC6r 2  E6 rr              INC   ptr_hi
002AC8r 2  A5 rr        :     LDA   proc_body_len_lo
002ACAr 2  91 rr              STA   (ptr_lo),Y
002ACCr 2  C8                 INY
002ACDr 2  D0 02              BNE   :+
002ACFr 2  E6 rr              INC   ptr_hi
002AD1r 2  A5 rr        :     LDA   proc_body_len_hi
002AD3r 2  91 rr              STA   (ptr_lo),Y
002AD5r 2               
002AD5r 2                     ; Copy body text (proc_body_src points at the body region of the buffer)
002AD5r 2  A5 rr              LDA   proc_body_len_lo
002AD7r 2  05 rr              ORA   proc_body_len_hi
002AD9r 2  F0 3A              BEQ   @bld_body_done
002ADBr 2               
002ADBr 2  AD rr rr           LDA   proc_body_src_lo
002ADEr 2  85 rr              STA   proc_ptr_lo
002AE0r 2  AD rr rr           LDA   proc_body_src_hi
002AE3r 2  85 rr              STA   proc_ptr_hi
002AE5r 2                     ; 16-bit counter
002AE5r 2  A5 rr              LDA   proc_body_len_lo
002AE7r 2  8D rr rr           STA   num_tmp_lo
002AEAr 2  A5 rr              LDA   proc_body_len_hi
002AECr 2  8D rr rr           STA   num_tmp_hi
002AEFr 2               
002AEFr 2               @bld_body:
002AEFr 2  C8                 INY
002AF0r 2  D0 02              BNE   :+
002AF2r 2  E6 rr              INC   ptr_hi
002AF4r 2  5A           :     PHY
002AF5r 2  A0 00              LDY   #0
002AF7r 2  B1 rr              LDA   (proc_ptr_lo),Y
002AF9r 2  7A                 PLY
002AFAr 2  91 rr              STA   (ptr_lo),Y
002AFCr 2                     ; Advance source
002AFCr 2  E6 rr              INC   proc_ptr_lo
002AFEr 2  D0 02              BNE   :+
002B00r 2  E6 rr              INC   proc_ptr_hi
002B02r 2               :     ; Decrement counter
002B02r 2  AD rr rr           LDA   num_tmp_lo
002B05r 2  D0 03              BNE   @bld_dec_lo
002B07r 2  CE rr rr           DEC   num_tmp_hi
002B0Ar 2               @bld_dec_lo:
002B0Ar 2  CE rr rr           DEC   num_tmp_lo
002B0Dr 2  AD rr rr           LDA   num_tmp_lo
002B10r 2  0D rr rr           ORA   num_tmp_hi
002B13r 2  D0 DA              BNE   @bld_body
002B15r 2               
002B15r 2               @bld_body_done:
002B15r 2                     ; Prepend to directory
002B15r 2  A5 rr              LDA   proc_entry_lo
002B17r 2  85 rr              STA   proc_head_lo
002B19r 2  A5 rr              LDA   proc_entry_hi
002B1Br 2  85 rr              STA   proc_head_hi
002B1Dr 2  60                 RTS
002B1Er 2               
002B1Er 2               ; ---------------------------------------------------------------------
002B1Er 2               ; proc_lookup — search for a procedure by name
002B1Er 2               ;   Input: eval_cur_lo/hi points to a TOK_WORD token
002B1Er 2               ;   Output: carry clear = found, proc_entry_lo/hi = record
002B1Er 2               ;           carry set = not found
002B1Er 2               ; ---------------------------------------------------------------------
002B1Er 2               proc_lookup:
002B1Er 2  A5 rr              LDA   proc_head_lo
002B20r 2  85 rr              STA   proc_entry_lo
002B22r 2  A5 rr              LDA   proc_head_hi
002B24r 2  85 rr              STA   proc_entry_hi
002B26r 2               
002B26r 2               @walk:
002B26r 2  A5 rr              LDA   proc_entry_lo
002B28r 2  05 rr              ORA   proc_entry_hi
002B2Ar 2  F0 1D              BEQ   @not_found
002B2Cr 2               
002B2Cr 2  20 rr rr           JSR   proc_names_equal
002B2Fr 2  B0 16              BCS   @found
002B31r 2               
002B31r 2                     ; Follow next pointer
002B31r 2  A5 rr              LDA   proc_entry_lo
002B33r 2  85 rr              STA   ptr_lo
002B35r 2  A5 rr              LDA   proc_entry_hi
002B37r 2  85 rr              STA   ptr_hi
002B39r 2  A0 00              LDY   #0
002B3Br 2  B1 rr              LDA   (ptr_lo),Y
002B3Dr 2  AA                 TAX
002B3Er 2  C8                 INY
002B3Fr 2  B1 rr              LDA   (ptr_lo),Y
002B41r 2  85 rr              STA   proc_entry_hi
002B43r 2  86 rr              STX   proc_entry_lo
002B45r 2  80 DF              BRA   @walk
002B47r 2               
002B47r 2               @found:
002B47r 2  18                 CLC
002B48r 2  60                 RTS
002B49r 2               @not_found:
002B49r 2  38                 SEC
002B4Ar 2  60                 RTS
002B4Br 2               
002B4Br 2               ; ---------------------------------------------------------------------
002B4Br 2               ; proc_names_equal — compare token word vs record name
002B4Br 2               ;   Input: eval_cur_lo/hi = TOK_WORD, proc_entry_lo/hi = record
002B4Br 2               ;   Returns: carry set = equal, carry clear = not equal
002B4Br 2               ; ---------------------------------------------------------------------
002B4Br 2               proc_names_equal:
002B4Br 2                     ; Token name length
002B4Br 2  A5 rr              LDA   eval_cur_lo
002B4Dr 2  85 rr              STA   ptr_lo
002B4Fr 2  A5 rr              LDA   eval_cur_hi
002B51r 2  85 rr              STA   ptr_hi
002B53r 2  A0 03              LDY   #TOK_PAYLOAD
002B55r 2  B1 rr              LDA   (ptr_lo),Y
002B57r 2  85 rr              STA   proc_name_len         ; token name length
002B59r 2               
002B59r 2                     ; Record name length
002B59r 2  A5 rr              LDA   proc_entry_lo
002B5Br 2  85 rr              STA   ptr_lo
002B5Dr 2  A5 rr              LDA   proc_entry_hi
002B5Fr 2  85 rr              STA   ptr_hi
002B61r 2  A0 02              LDY   #2
002B63r 2  B1 rr              LDA   (ptr_lo),Y
002B65r 2               
002B65r 2  C5 rr              CMP   proc_name_len
002B67r 2  D0 37              BNE   @ne
002B69r 2               
002B69r 2                     ; Lengths match — compare chars
002B69r 2  AA                 TAX                         ; X = length
002B6Ar 2  F0 30              BEQ   @eq
002B6Cr 2  A0 00              LDY   #0                    ; char index
002B6Er 2               @cmp:
002B6Er 2  DA                 PHX
002B6Fr 2  5A                 PHY
002B70r 2                     ; Token char at eval_cur + TOK_PAYLOAD + 1 + charIdx
002B70r 2  A5 rr              LDA   eval_cur_lo
002B72r 2  85 rr              STA   ptr_lo
002B74r 2  A5 rr              LDA   eval_cur_hi
002B76r 2  85 rr              STA   ptr_hi
002B78r 2  98                 TYA
002B79r 2  18                 CLC
002B7Ar 2  69 04              ADC   #TOK_PAYLOAD+1
002B7Cr 2  A8                 TAY
002B7Dr 2  B1 rr              LDA   (ptr_lo),Y
002B7Fr 2  85 rr              STA   proc_rec_off          ; temp: token char
002B81r 2               
002B81r 2                     ; Record char at proc_entry + 3 + charIdx
002B81r 2  7A                 PLY
002B82r 2  5A                 PHY
002B83r 2  A5 rr              LDA   proc_entry_lo
002B85r 2  85 rr              STA   ptr_lo
002B87r 2  A5 rr              LDA   proc_entry_hi
002B89r 2  85 rr              STA   ptr_hi
002B8Br 2  98                 TYA
002B8Cr 2  18                 CLC
002B8Dr 2  69 03              ADC   #3
002B8Fr 2  A8                 TAY
002B90r 2  B1 rr              LDA   (ptr_lo),Y
002B92r 2               
002B92r 2  C5 rr              CMP   proc_rec_off
002B94r 2  D0 08              BNE   @ne_pop
002B96r 2  7A                 PLY
002B97r 2  FA                 PLX
002B98r 2  C8                 INY
002B99r 2  CA                 DEX
002B9Ar 2  D0 D2              BNE   @cmp
002B9Cr 2               @eq:
002B9Cr 2  38                 SEC
002B9Dr 2  60                 RTS
002B9Er 2               @ne_pop:
002B9Er 2  7A                 PLY
002B9Fr 2  FA                 PLX
002BA0r 2               @ne:
002BA0r 2  18                 CLC
002BA1r 2  60                 RTS
002BA2r 2               
002BA2r 2               ; ---------------------------------------------------------------------
002BA2r 2               ; proc_invoke — invoke a user-defined procedure
002BA2r 2               ;   Input: eval_cur_lo/hi = TOK_WORD token (the procedure name)
002BA2r 2               ;          proc_entry_lo/hi = matching procedure record
002BA2r 2               ;   On exit: JMPs to eval_loop or eval_body to continue.
002BA2r 2               ; ---------------------------------------------------------------------
002BA2r 2               proc_invoke:
002BA2r 2                     ; Save outer tokenizer and eval state on the hardware stack.
002BA2r 2                     ; We push: tok_head(2), tok_tail(2), eval_in_body(1),
002BA2r 2                     ;          proc_stopped(1) = 6 bytes.
002BA2r 2                     ; input_buf is saved to BSS (128 bytes too large for stack).
002BA2r 2  A5 rr              LDA   tok_head_lo
002BA4r 2  48                 PHA
002BA5r 2  A5 rr              LDA   tok_head_hi
002BA7r 2  48                 PHA
002BA8r 2  A5 rr              LDA   tok_tail_lo
002BAAr 2  48                 PHA
002BABr 2  A5 rr              LDA   tok_tail_hi
002BADr 2  48                 PHA
002BAEr 2  A5 rr              LDA   eval_in_body
002BB0r 2  48                 PHA
002BB1r 2  A5 rr              LDA   proc_stopped
002BB3r 2  48                 PHA
002BB4r 2               
002BB4r 2                     ; Save input_buf to BSS save area
002BB4r 2  A2 00              LDX   #0
002BB6r 2               @save_ib:
002BB6r 2  BD rr rr           LDA   input_buf,X
002BB9r 2  9D rr rr           STA   save_input_buf,X
002BBCr 2  E8                 INX
002BBDr 2  E0 80              CPX   #128
002BBFr 2  D0 F5              BNE   @save_ib
002BC1r 2               
002BC1r 2                     ; Advance eval_cur past the procedure name token
002BC1r 2  20 rr rr           JSR   eval_advance
002BC4r 2               
002BC4r 2                     ; --- Bind parameters ---
002BC4r 2                     ; Navigate to param_count in the record:
002BC4r 2                     ;   offset = 3 + name_len
002BC4r 2  A5 rr              LDA   proc_entry_lo
002BC6r 2  85 rr              STA   ptr_lo
002BC8r 2  A5 rr              LDA   proc_entry_hi
002BCAr 2  85 rr              STA   ptr_hi
002BCCr 2  A0 02              LDY   #2
002BCEr 2  B1 rr              LDA   (ptr_lo),Y           ; name_len
002BD0r 2  18                 CLC
002BD1r 2  69 03              ADC   #3
002BD3r 2  A8                 TAY                         ; Y = offset to param_count
002BD4r 2  B1 rr              LDA   (ptr_lo),Y           ; param_count
002BD6r 2  85 rr              STA   proc_param_cnt
002BD8r 2  C8                 INY                         ; Y = offset to first param name
002BD9r 2  84 rr              STY   proc_rec_off          ; save record offset
002BDBr 2               
002BDBr 2  A5 rr              LDA   proc_param_cnt
002BDDr 2  F0 5C              BEQ   @bind_done
002BDFr 2               
002BDFr 2  A6 rr              LDX   proc_param_cnt
002BE1r 2               @bind_loop:
002BE1r 2  DA                 PHX                         ; save remaining param count
002BE2r 2               
002BE2r 2                     ; First: evaluate the next argument from the caller's token stream.
002BE2r 2                     ; eval_cur still points into the caller's token list.
002BE2r 2  20 rr rr           JSR   eval_expr
002BE5r 2  90 03              BCC   @arg_ok
002BE7r 2  4C rr rr           JMP   @bind_err
002BEAr 2               @arg_ok:
002BEAr 2               
002BEAr 2                     ; eval_val now holds the argument value.
002BEAr 2                     ; Push value onto stack (type + 3 value bytes = 4 bytes)
002BEAr 2  A5 rr              LDA   eval_val_frac
002BECr 2  48                 PHA
002BEDr 2  A5 rr              LDA   eval_val_lo
002BEFr 2  48                 PHA
002BF0r 2  A5 rr              LDA   eval_val_hi
002BF2r 2  48                 PHA
002BF3r 2  A5 rr              LDA   eval_type
002BF5r 2  48                 PHA
002BF6r 2               
002BF6r 2                     ; Build the param name as a length-prefixed string in param_name_tmp
002BF6r 2                     ; Read from record at proc_entry + proc_rec_off
002BF6r 2  A5 rr              LDA   proc_entry_lo
002BF8r 2  85 rr              STA   ptr_lo
002BFAr 2  A5 rr              LDA   proc_entry_hi
002BFCr 2  85 rr              STA   ptr_hi
002BFEr 2  A4 rr              LDY   proc_rec_off
002C00r 2  B1 rr              LDA   (ptr_lo),Y           ; param name length
002C02r 2  8D rr rr           STA   param_name_tmp        ; length byte
002C05r 2  AA                 TAX                         ; X = char count
002C06r 2  A9 00              LDA   #0
002C08r 2  85 rr              STA   proc_name_len         ; dest offset in param_name_tmp
002C0Ar 2               @bind_ch:
002C0Ar 2  E0 00              CPX   #0
002C0Cr 2  F0 0F              BEQ   @bind_ch_done
002C0Er 2  C8                 INY
002C0Fr 2  B1 rr              LDA   (ptr_lo),Y
002C11r 2  DA                 PHX
002C12r 2  A6 rr              LDX   proc_name_len
002C14r 2  9D rr rr           STA   param_name_tmp+1,X
002C17r 2  E6 rr              INC   proc_name_len
002C19r 2  FA                 PLX
002C1Ar 2  CA                 DEX
002C1Br 2  80 ED              BRA   @bind_ch
002C1Dr 2               @bind_ch_done:
002C1Dr 2                     ; Advance proc_rec_off past this param
002C1Dr 2  C8                 INY
002C1Er 2  84 rr              STY   proc_rec_off
002C20r 2               
002C20r 2                     ; Pop value from stack back into eval_val
002C20r 2  68                 PLA
002C21r 2  85 rr              STA   eval_type
002C23r 2  68                 PLA
002C24r 2  85 rr              STA   eval_val_hi
002C26r 2  68                 PLA
002C27r 2  85 rr              STA   eval_val_lo
002C29r 2  68                 PLA
002C2Ar 2  85 rr              STA   eval_val_frac
002C2Cr 2               
002C2Cr 2                     ; Call var_set with ptr_lo/hi → param_name_tmp
002C2Cr 2  A9 rr              LDA   #<param_name_tmp
002C2Er 2  85 rr              STA   ptr_lo
002C30r 2  A9 rr              LDA   #>param_name_tmp
002C32r 2  85 rr              STA   ptr_hi
002C34r 2  20 rr rr           JSR   var_set
002C37r 2               
002C37r 2  FA                 PLX                         ; restore remaining count
002C38r 2  CA                 DEX
002C39r 2  D0 A6              BNE   @bind_loop
002C3Br 2               
002C3Br 2               @bind_done:
002C3Br 2                     ; Save heap pointer AFTER param binding so var_set allocations persist.
002C3Br 2                     ; Body tokenization will reuse heap from this point each line.
002C3Br 2  A5 rr              LDA   heap_ptr
002C3Dr 2  8D rr rr           STA   save_heap_ptr_lo
002C40r 2  A5 rr              LDA   heap_ptr+1
002C42r 2  8D rr rr           STA   save_heap_ptr_hi
002C45r 2               
002C45r 2                     ; Save eval_cur (resume point after all args consumed from caller)
002C45r 2  A5 rr              LDA   eval_cur_lo
002C47r 2  8D rr rr           STA   save_eval_cur_lo
002C4Ar 2  A5 rr              LDA   eval_cur_hi
002C4Cr 2  8D rr rr           STA   save_eval_cur_hi
002C4Fr 2               
002C4Fr 2                     ; --- Execute the body ---
002C4Fr 2                     ; Navigate to body in the record:
002C4Fr 2                     ;   proc_rec_off now points past all params.
002C4Fr 2                     ;   Next 2 bytes = body_len, then body text.
002C4Fr 2  A5 rr              LDA   proc_entry_lo
002C51r 2  85 rr              STA   ptr_lo
002C53r 2  A5 rr              LDA   proc_entry_hi
002C55r 2  85 rr              STA   ptr_hi
002C57r 2  A4 rr              LDY   proc_rec_off
002C59r 2  B1 rr              LDA   (ptr_lo),Y           ; body_len_lo
002C5Br 2  85 rr              STA   proc_body_len_lo
002C5Dr 2  C8                 INY
002C5Er 2  B1 rr              LDA   (ptr_lo),Y           ; body_len_hi
002C60r 2  85 rr              STA   proc_body_len_hi
002C62r 2  C8                 INY                         ; Y = offset to body text start
002C63r 2  84 rr              STY   proc_rec_off
002C65r 2               
002C65r 2                     ; Compute absolute pointer to body text start
002C65r 2  18                 CLC
002C66r 2  A5 rr              LDA   proc_entry_lo
002C68r 2  65 rr              ADC   proc_rec_off
002C6Ar 2  85 rr              STA   proc_ptr_lo
002C6Cr 2  A5 rr              LDA   proc_entry_hi
002C6Er 2  69 00              ADC   #0
002C70r 2  85 rr              STA   proc_ptr_hi
002C72r 2               
002C72r 2                     ; Process body line by line: find each $0A, copy line to input_buf,
002C72r 2                     ; tokenize, eval, repeat.
002C72r 2                     ; proc_ptr = current position in body text
002C72r 2                     ; proc_body_len = remaining bytes
002C72r 2               
002C72r 2                     ; Clear STOP/OUTPUT flag before executing body
002C72r 2  64 rr              STZ   proc_stopped
002C74r 2               
002C74r 2               @exec_line:
002C74r 2                     ; Any body text remaining?
002C74r 2  A5 rr              LDA   proc_body_len_lo
002C76r 2  05 rr              ORA   proc_body_len_hi
002C78r 2  D0 03              BNE   @have_body
002C7Ar 2  4C rr rr           JMP   @exec_done
002C7Dr 2               @have_body:
002C7Dr 2               
002C7Dr 2                     ; Reset heap for this line's tokens (reuse token heap each line)
002C7Dr 2  AD rr rr           LDA   save_heap_ptr_lo
002C80r 2  85 rr              STA   heap_ptr
002C82r 2  AD rr rr           LDA   save_heap_ptr_hi
002C85r 2  85 rr              STA   heap_ptr+1
002C87r 2               
002C87r 2                     ; Copy characters from body to input_buf until $0A or end
002C87r 2  A2 00              LDX   #0                    ; input_buf index
002C89r 2               @line_ch:
002C89r 2  A5 rr              LDA   proc_body_len_lo
002C8Br 2  05 rr              ORA   proc_body_len_hi
002C8Dr 2  F0 2A              BEQ   @line_end             ; no more body text
002C8Fr 2               
002C8Fr 2  A0 00              LDY   #0
002C91r 2  B1 rr              LDA   (proc_ptr_lo),Y      ; read body char
002C93r 2  C9 0A              CMP   #$0A
002C95r 2  F0 14              BEQ   @line_nl
002C97r 2               
002C97r 2                     ; Store in input_buf
002C97r 2  9D rr rr           STA   input_buf,X
002C9Ar 2  E8                 INX
002C9Br 2               
002C9Br 2                     ; Advance body pointer
002C9Br 2  E6 rr              INC   proc_ptr_lo
002C9Dr 2  D0 02              BNE   :+
002C9Fr 2  E6 rr              INC   proc_ptr_hi
002CA1r 2               :     ; Decrement remaining
002CA1r 2  A5 rr              LDA   proc_body_len_lo
002CA3r 2  D0 02              BNE   @ln_dec_lo
002CA5r 2  C6 rr              DEC   proc_body_len_hi
002CA7r 2               @ln_dec_lo:
002CA7r 2  C6 rr              DEC   proc_body_len_lo
002CA9r 2  80 DE              BRA   @line_ch
002CABr 2               
002CABr 2               @line_nl:
002CABr 2                     ; Skip the $0A
002CABr 2  E6 rr              INC   proc_ptr_lo
002CADr 2  D0 02              BNE   :+
002CAFr 2  E6 rr              INC   proc_ptr_hi
002CB1r 2  A5 rr        :     LDA   proc_body_len_lo
002CB3r 2  D0 02              BNE   @ln2_dec_lo
002CB5r 2  C6 rr              DEC   proc_body_len_hi
002CB7r 2               @ln2_dec_lo:
002CB7r 2  C6 rr              DEC   proc_body_len_lo
002CB9r 2               
002CB9r 2               @line_end:
002CB9r 2                     ; Null-terminate input_buf
002CB9r 2  9E rr rr           STZ   input_buf,X
002CBCr 2               
002CBCr 2                     ; Tokenize this line
002CBCr 2  20 rr rr           JSR   tokenize_line
002CBFr 2               
002CBFr 2                     ; Save body-loop state that recursive proc_invoke would clobber.
002CBFr 2                     ; BSS save areas (save_heap_ptr, save_eval_cur) plus ZP body-loop
002CBFr 2                     ; variables (proc_ptr, proc_body_len) all need protection.
002CBFr 2  A5 rr              LDA   proc_ptr_lo
002CC1r 2  48                 PHA
002CC2r 2  A5 rr              LDA   proc_ptr_hi
002CC4r 2  48                 PHA
002CC5r 2  A5 rr              LDA   proc_body_len_lo
002CC7r 2  48                 PHA
002CC8r 2  A5 rr              LDA   proc_body_len_hi
002CCAr 2  48                 PHA
002CCBr 2  AD rr rr           LDA   save_heap_ptr_lo
002CCEr 2  48                 PHA
002CCFr 2  AD rr rr           LDA   save_heap_ptr_hi
002CD2r 2  48                 PHA
002CD3r 2  AD rr rr           LDA   save_eval_cur_lo
002CD6r 2  48                 PHA
002CD7r 2  AD rr rr           LDA   save_eval_cur_hi
002CDAr 2  48                 PHA
002CDBr 2               
002CDBr 2                     ; Eval this line (full eval — not body mode)
002CDBr 2  20 rr rr           JSR   eval_line
002CDEr 2               
002CDEr 2                     ; Restore body-loop state
002CDEr 2  68                 PLA
002CDFr 2  8D rr rr           STA   save_eval_cur_hi
002CE2r 2  68                 PLA
002CE3r 2  8D rr rr           STA   save_eval_cur_lo
002CE6r 2  68                 PLA
002CE7r 2  8D rr rr           STA   save_heap_ptr_hi
002CEAr 2  68                 PLA
002CEBr 2  8D rr rr           STA   save_heap_ptr_lo
002CEEr 2  68                 PLA
002CEFr 2  85 rr              STA   proc_body_len_hi
002CF1r 2  68                 PLA
002CF2r 2  85 rr              STA   proc_body_len_lo
002CF4r 2  68                 PLA
002CF5r 2  85 rr              STA   proc_ptr_hi
002CF7r 2  68                 PLA
002CF8r 2  85 rr              STA   proc_ptr_lo
002CFAr 2               
002CFAr 2                     ; Check if STOP or OUTPUT was called — stop processing lines
002CFAr 2  A5 rr              LDA   proc_stopped
002CFCr 2  D0 03              BNE   @exec_done
002CFEr 2               
002CFEr 2  4C rr rr           JMP   @exec_line
002D01r 2               
002D01r 2               @exec_done:
002D01r 2                     ; Restore heap pointer (procedures stay, but per-line tokens freed)
002D01r 2  AD rr rr           LDA   save_heap_ptr_lo
002D04r 2  85 rr              STA   heap_ptr
002D06r 2  AD rr rr           LDA   save_heap_ptr_hi
002D09r 2  85 rr              STA   heap_ptr+1
002D0Br 2               
002D0Br 2                     ; Restore input_buf
002D0Br 2  A2 00              LDX   #0
002D0Dr 2               @rest_ib:
002D0Dr 2  BD rr rr           LDA   save_input_buf,X
002D10r 2  9D rr rr           STA   input_buf,X
002D13r 2  E8                 INX
002D14r 2  E0 80              CPX   #128
002D16r 2  D0 F5              BNE   @rest_ib
002D18r 2               
002D18r 2                     ; Restore eval_cur to the resume point in the caller's token stream
002D18r 2  AD rr rr           LDA   save_eval_cur_lo
002D1Br 2  85 rr              STA   eval_cur_lo
002D1Dr 2  AD rr rr           LDA   save_eval_cur_hi
002D20r 2  85 rr              STA   eval_cur_hi
002D22r 2               
002D22r 2                     ; Restore outer state from stack.
002D22r 2                     ; X returns this invocation's proc_stopped to the caller.
002D22r 2                     ; Stack layout (top to bottom):
002D22r 2                     ;   saved_proc_stopped, eval_in_body, tok_tail_hi, tok_tail_lo,
002D22r 2                     ;   tok_head_hi, tok_head_lo
002D22r 2  A6 rr              LDX   proc_stopped          ; X = this proc's exit state
002D24r 2  68                 PLA                         ; pop saved outer proc_stopped
002D25r 2  85 rr              STA   proc_stopped          ; restore outer proc_stopped
002D27r 2  68                 PLA
002D28r 2  85 rr              STA   eval_in_body
002D2Ar 2  68                 PLA
002D2Br 2  85 rr              STA   tok_tail_hi
002D2Dr 2  68                 PLA
002D2Er 2  85 rr              STA   tok_tail_lo
002D30r 2  68                 PLA
002D31r 2  85 rr              STA   tok_head_hi
002D33r 2  68                 PLA
002D34r 2  85 rr              STA   tok_head_lo
002D36r 2               
002D36r 2                     ; Return with X = exit status ($00=normal, $01=STOP, $02=OUTPUT)
002D36r 2  60                 RTS
002D37r 2               
002D37r 2               @bind_err:
002D37r 2  FA                 PLX                         ; discard remaining param count
002D38r 2                     ; Print error
002D38r 2  A2 00              LDX   #0
002D3Ar 2               @be_lp:
002D3Ar 2  BD rr rr           LDA   str_notenough,X
002D3Dr 2  F0 06              BEQ   @be_done
002D3Fr 2  8D 0E A0           STA   VGC_CHAROUT
002D42r 2  E8                 INX
002D43r 2  D0 F5              BNE   @be_lp
002D45r 2               @be_done:
002D45r 2  20 rr rr           JSR   eval_newline
002D48r 2                     ; Restore input_buf and stack, skip body execution
002D48r 2  A2 00              LDX   #0
002D4Ar 2               @be_rest_ib:
002D4Ar 2  BD rr rr           LDA   save_input_buf,X
002D4Dr 2  9D rr rr           STA   input_buf,X
002D50r 2  E8                 INX
002D51r 2  E0 80              CPX   #128
002D53r 2  D0 F5              BNE   @be_rest_ib
002D55r 2                     ; Restore stack (6 bytes: proc_stopped, eval_in_body, tok_tail, tok_head)
002D55r 2  A2 00              LDX   #$00                  ; X = normal exit status
002D57r 2  68                 PLA                         ; saved proc_stopped
002D58r 2  85 rr              STA   proc_stopped
002D5Ar 2  68                 PLA
002D5Br 2  85 rr              STA   eval_in_body
002D5Dr 2  68                 PLA
002D5Er 2  85 rr              STA   tok_tail_hi
002D60r 2  68                 PLA
002D61r 2  85 rr              STA   tok_tail_lo
002D63r 2  68                 PLA
002D64r 2  85 rr              STA   tok_head_hi
002D66r 2  68                 PLA
002D67r 2  85 rr              STA   tok_head_lo
002D69r 2  60                 RTS
002D6Ar 2               
002D6Ar 2               ; ---------------------------------------------------------------------
002D6Ar 2               ; proc_find_by_name — search proc_head for a procedure by name string
002D6Ar 2               ;   Input: ptr_lo/hi = length-prefixed name string (e.g. from eval_val)
002D6Ar 2               ;   Output: carry clear = found, proc_entry_lo/hi = record
002D6Ar 2               ;           carry set = not found
002D6Ar 2               ;   Clobbers: A, X, Y, proc_entry, proc_name_len, proc_rec_off
002D6Ar 2               ; ---------------------------------------------------------------------
002D6Ar 2               proc_find_by_name:
002D6Ar 2                     ; Save search name pointer
002D6Ar 2  A5 rr              LDA   ptr_lo
002D6Cr 2  85 rr              STA   var_name_lo             ; reuse var scratch as search ptr
002D6Er 2  A5 rr              LDA   ptr_hi
002D70r 2  85 rr              STA   var_name_hi
002D72r 2               
002D72r 2  A5 rr              LDA   proc_head_lo
002D74r 2  85 rr              STA   proc_entry_lo
002D76r 2  A5 rr              LDA   proc_head_hi
002D78r 2  85 rr              STA   proc_entry_hi
002D7Ar 2               
002D7Ar 2               @walk:
002D7Ar 2  A5 rr              LDA   proc_entry_lo
002D7Cr 2  05 rr              ORA   proc_entry_hi
002D7Er 2  F0 66              BEQ   @not_found
002D80r 2               
002D80r 2                     ; Compare name lengths
002D80r 2  A5 rr              LDA   var_name_lo
002D82r 2  85 rr              STA   ptr_lo
002D84r 2  A5 rr              LDA   var_name_hi
002D86r 2  85 rr              STA   ptr_hi
002D88r 2  A0 00              LDY   #0
002D8Ar 2  B1 rr              LDA   (ptr_lo),Y             ; search name length
002D8Cr 2  85 rr              STA   proc_name_len
002D8Er 2               
002D8Er 2  A5 rr              LDA   proc_entry_lo
002D90r 2  85 rr              STA   ptr_lo
002D92r 2  A5 rr              LDA   proc_entry_hi
002D94r 2  85 rr              STA   ptr_hi
002D96r 2  A0 02              LDY   #2
002D98r 2  B1 rr              LDA   (ptr_lo),Y             ; record name length
002D9Ar 2  C5 rr              CMP   proc_name_len
002D9Cr 2  D0 32              BNE   @next
002D9Er 2               
002D9Er 2                     ; Lengths match — compare chars
002D9Er 2  AA                 TAX                           ; X = length
002D9Fr 2  F0 2C              BEQ   @found                  ; both zero = match
002DA1r 2  A0 00              LDY   #0
002DA3r 2               @cmp:
002DA3r 2  DA                 PHX
002DA4r 2  5A                 PHY
002DA5r 2                     ; Search char
002DA5r 2  A5 rr              LDA   var_name_lo
002DA7r 2  85 rr              STA   ptr_lo
002DA9r 2  A5 rr              LDA   var_name_hi
002DABr 2  85 rr              STA   ptr_hi
002DADr 2  C8                 INY                           ; +1 for length byte
002DAEr 2  B1 rr              LDA   (ptr_lo),Y
002DB0r 2  85 rr              STA   proc_rec_off            ; temp: search char
002DB2r 2               
002DB2r 2                     ; Record char
002DB2r 2  7A                 PLY
002DB3r 2  A5 rr              LDA   proc_entry_lo
002DB5r 2  85 rr              STA   ptr_lo
002DB7r 2  A5 rr              LDA   proc_entry_hi
002DB9r 2  85 rr              STA   ptr_hi
002DBBr 2  5A                 PHY
002DBCr 2  98                 TYA
002DBDr 2  18                 CLC
002DBEr 2  69 03              ADC   #3                      ; record name starts at offset 3
002DC0r 2  A8                 TAY
002DC1r 2  B1 rr              LDA   (ptr_lo),Y
002DC3r 2  7A                 PLY
002DC4r 2  C5 rr              CMP   proc_rec_off
002DC6r 2  D0 07              BNE   @ne_pop
002DC8r 2  FA                 PLX
002DC9r 2  C8                 INY
002DCAr 2  CA                 DEX
002DCBr 2  D0 D6              BNE   @cmp
002DCDr 2               
002DCDr 2               @found:
002DCDr 2  18                 CLC
002DCEr 2  60                 RTS
002DCFr 2               
002DCFr 2               @ne_pop:
002DCFr 2  FA                 PLX
002DD0r 2               @next:
002DD0r 2                     ; Follow next pointer
002DD0r 2  A5 rr              LDA   proc_entry_lo
002DD2r 2  85 rr              STA   ptr_lo
002DD4r 2  A5 rr              LDA   proc_entry_hi
002DD6r 2  85 rr              STA   ptr_hi
002DD8r 2  A0 00              LDY   #0
002DDAr 2  B1 rr              LDA   (ptr_lo),Y
002DDCr 2  AA                 TAX
002DDDr 2  C8                 INY
002DDEr 2  B1 rr              LDA   (ptr_lo),Y
002DE0r 2  85 rr              STA   proc_entry_hi
002DE2r 2  86 rr              STX   proc_entry_lo
002DE4r 2  80 94              BRA   @walk
002DE6r 2               
002DE6r 2               @not_found:
002DE6r 2  38                 SEC
002DE7r 2  60                 RTS
002DE8r 2               
002DE8r 2               ; ---------------------------------------------------------------------
002DE8r 2               ; do_pots — POTS: print all procedure names
002DE8r 2               ;   Arity 0, no arguments.
002DE8r 2               ; ---------------------------------------------------------------------
002DE8r 2               do_pots:
002DE8r 2  A5 rr              LDA   proc_head_lo
002DEAr 2  85 rr              STA   proc_entry_lo
002DECr 2  A5 rr              LDA   proc_head_hi
002DEEr 2  85 rr              STA   proc_entry_hi
002DF0r 2               
002DF0r 2               @walk:
002DF0r 2  A5 rr              LDA   proc_entry_lo
002DF2r 2  05 rr              ORA   proc_entry_hi
002DF4r 2  F0 35              BEQ   @done
002DF6r 2               
002DF6r 2                     ; Print name
002DF6r 2  A5 rr              LDA   proc_entry_lo
002DF8r 2  85 rr              STA   ptr_lo
002DFAr 2  A5 rr              LDA   proc_entry_hi
002DFCr 2  85 rr              STA   ptr_hi
002DFEr 2  A0 02              LDY   #2
002E00r 2  B1 rr              LDA   (ptr_lo),Y             ; name_len
002E02r 2  AA                 TAX
002E03r 2  F0 0B              BEQ   @skip_name
002E05r 2  A0 03              LDY   #3
002E07r 2               @pch:
002E07r 2  B1 rr              LDA   (ptr_lo),Y
002E09r 2  8D 0E A0           STA   VGC_CHAROUT
002E0Cr 2  C8                 INY
002E0Dr 2  CA                 DEX
002E0Er 2  D0 F7              BNE   @pch
002E10r 2               @skip_name:
002E10r 2  A9 20              LDA   #' '
002E12r 2  8D 0E A0           STA   VGC_CHAROUT
002E15r 2               
002E15r 2                     ; Follow next
002E15r 2  A5 rr              LDA   proc_entry_lo
002E17r 2  85 rr              STA   ptr_lo
002E19r 2  A5 rr              LDA   proc_entry_hi
002E1Br 2  85 rr              STA   ptr_hi
002E1Dr 2  A0 00              LDY   #0
002E1Fr 2  B1 rr              LDA   (ptr_lo),Y
002E21r 2  AA                 TAX
002E22r 2  C8                 INY
002E23r 2  B1 rr              LDA   (ptr_lo),Y
002E25r 2  85 rr              STA   proc_entry_hi
002E27r 2  86 rr              STX   proc_entry_lo
002E29r 2  80 C5              BRA   @walk
002E2Br 2               
002E2Br 2               @done:
002E2Br 2  20 rr rr           JSR   eval_newline
002E2Er 2  4C rr rr           JMP   eval_continue
002E31r 2               
002E31r 2               ; ---------------------------------------------------------------------
002E31r 2               ; do_po — PO "name: print procedure definition
002E31r 2               ;   Arity 0 — evaluates its own argument
002E31r 2               ; ---------------------------------------------------------------------
002E31r 2               do_po:
002E31r 2  20 rr rr           JSR   eval_expr
002E34r 2  90 03              BCC   @po_type_ok
002E36r 2  4C rr rr           JMP   @err
002E39r 2               @po_type_ok:
002E39r 2  A5 rr              LDA   eval_type
002E3Br 2  C9 01              CMP   #VAL_WORD
002E3Dr 2  F0 03              BEQ   @po_word_ok
002E3Fr 2  4C rr rr           JMP   @err
002E42r 2               @po_word_ok:
002E42r 2               
002E42r 2                     ; Look up by name
002E42r 2  A5 rr              LDA   eval_val_lo
002E44r 2  85 rr              STA   ptr_lo
002E46r 2  A5 rr              LDA   eval_val_hi
002E48r 2  85 rr              STA   ptr_hi
002E4Ar 2  20 rr rr           JSR   proc_find_by_name
002E4Dr 2  90 03              BCC   @po_found
002E4Fr 2  4C rr rr           JMP   @err_notfound
002E52r 2               @po_found:
002E52r 2               
002E52r 2                     ; proc_entry_lo/hi = record
002E52r 2                     ; Print "TO "
002E52r 2  A9 54              LDA   #'T'
002E54r 2  8D 0E A0           STA   VGC_CHAROUT
002E57r 2  A9 4F              LDA   #'O'
002E59r 2  8D 0E A0           STA   VGC_CHAROUT
002E5Cr 2  A9 20              LDA   #' '
002E5Er 2  8D 0E A0           STA   VGC_CHAROUT
002E61r 2               
002E61r 2                     ; Print name
002E61r 2  A5 rr              LDA   proc_entry_lo
002E63r 2  85 rr              STA   ptr_lo
002E65r 2  A5 rr              LDA   proc_entry_hi
002E67r 2  85 rr              STA   ptr_hi
002E69r 2  A0 02              LDY   #2
002E6Br 2  B1 rr              LDA   (ptr_lo),Y             ; name_len
002E6Dr 2  AA                 TAX
002E6Er 2  85 rr              STA   proc_name_len
002E70r 2  F0 0B              BEQ   @po_params
002E72r 2  A0 03              LDY   #3
002E74r 2               @po_name_ch:
002E74r 2  B1 rr              LDA   (ptr_lo),Y
002E76r 2  8D 0E A0           STA   VGC_CHAROUT
002E79r 2  C8                 INY
002E7Ar 2  CA                 DEX
002E7Br 2  D0 F7              BNE   @po_name_ch
002E7Dr 2               
002E7Dr 2               @po_params:
002E7Dr 2                     ; Y = 3 + name_len = offset to param_count
002E7Dr 2  A5 rr              LDA   proc_name_len
002E7Fr 2  18                 CLC
002E80r 2  69 03              ADC   #3
002E82r 2  A8                 TAY
002E83r 2  B1 rr              LDA   (ptr_lo),Y             ; param_count
002E85r 2  85 rr              STA   proc_param_cnt
002E87r 2  C8                 INY                           ; offset to first param
002E88r 2  84 rr              STY   proc_rec_off
002E8Ar 2               
002E8Ar 2  A5 rr              LDA   proc_param_cnt
002E8Cr 2  F0 2E              BEQ   @po_header_done
002E8Er 2               
002E8Er 2  A6 rr              LDX   proc_param_cnt
002E90r 2               @po_param:
002E90r 2                     ; Print " :"
002E90r 2  A9 20              LDA   #' '
002E92r 2  8D 0E A0           STA   VGC_CHAROUT
002E95r 2  A9 3A              LDA   #':'
002E97r 2  8D 0E A0           STA   VGC_CHAROUT
002E9Ar 2               
002E9Ar 2                     ; Read param name length
002E9Ar 2  A5 rr              LDA   proc_entry_lo
002E9Cr 2  85 rr              STA   ptr_lo
002E9Er 2  A5 rr              LDA   proc_entry_hi
002EA0r 2  85 rr              STA   ptr_hi
002EA2r 2  A4 rr              LDY   proc_rec_off
002EA4r 2  B1 rr              LDA   (ptr_lo),Y             ; param name length
002EA6r 2  DA                 PHX
002EA7r 2  AA                 TAX                           ; X = chars to print
002EA8r 2  C8                 INY
002EA9r 2               @po_pch:
002EA9r 2  E0 00              CPX   #0
002EABr 2  F0 09              BEQ   @po_param_done
002EADr 2  B1 rr              LDA   (ptr_lo),Y
002EAFr 2  8D 0E A0           STA   VGC_CHAROUT
002EB2r 2  C8                 INY
002EB3r 2  CA                 DEX
002EB4r 2  80 F3              BRA   @po_pch
002EB6r 2               @po_param_done:
002EB6r 2  84 rr              STY   proc_rec_off
002EB8r 2  FA                 PLX
002EB9r 2  CA                 DEX
002EBAr 2  D0 D4              BNE   @po_param
002EBCr 2               
002EBCr 2               @po_header_done:
002EBCr 2  20 rr rr           JSR   eval_newline
002EBFr 2               
002EBFr 2                     ; Read body_len
002EBFr 2  A5 rr              LDA   proc_entry_lo
002EC1r 2  85 rr              STA   ptr_lo
002EC3r 2  A5 rr              LDA   proc_entry_hi
002EC5r 2  85 rr              STA   ptr_hi
002EC7r 2  A4 rr              LDY   proc_rec_off
002EC9r 2  B1 rr              LDA   (ptr_lo),Y             ; body_len_lo
002ECBr 2  85 rr              STA   proc_body_len_lo
002ECDr 2  C8                 INY
002ECEr 2  B1 rr              LDA   (ptr_lo),Y             ; body_len_hi
002ED0r 2  85 rr              STA   proc_body_len_hi
002ED2r 2  C8                 INY                           ; Y = offset to body text
002ED3r 2               
002ED3r 2                     ; Compute absolute pointer to body
002ED3r 2  84 rr              STY   proc_rec_off
002ED5r 2  18                 CLC
002ED6r 2  A5 rr              LDA   proc_entry_lo
002ED8r 2  65 rr              ADC   proc_rec_off
002EDAr 2  85 rr              STA   proc_ptr_lo
002EDCr 2  A5 rr              LDA   proc_entry_hi
002EDEr 2  69 00              ADC   #0
002EE0r 2  85 rr              STA   proc_ptr_hi
002EE2r 2               
002EE2r 2                     ; Print body text, converting $0A to CR+LF
002EE2r 2               @po_body:
002EE2r 2  A5 rr              LDA   proc_body_len_lo
002EE4r 2  05 rr              ORA   proc_body_len_hi
002EE6r 2  F0 20              BEQ   @po_end
002EE8r 2               
002EE8r 2  A0 00              LDY   #0
002EEAr 2  B1 rr              LDA   (proc_ptr_lo),Y
002EECr 2  C9 0A              CMP   #$0A
002EEEr 2  D0 05              BNE   @po_char
002EF0r 2  20 rr rr           JSR   eval_newline
002EF3r 2  80 03              BRA   @po_advance
002EF5r 2               @po_char:
002EF5r 2  8D 0E A0           STA   VGC_CHAROUT
002EF8r 2               @po_advance:
002EF8r 2  E6 rr              INC   proc_ptr_lo
002EFAr 2  D0 02              BNE   :+
002EFCr 2  E6 rr              INC   proc_ptr_hi
002EFEr 2  A5 rr        :     LDA   proc_body_len_lo
002F00r 2  D0 02              BNE   :+
002F02r 2  C6 rr              DEC   proc_body_len_hi
002F04r 2  C6 rr        :     DEC   proc_body_len_lo
002F06r 2  80 DA              BRA   @po_body
002F08r 2               
002F08r 2               @po_end:
002F08r 2                     ; Print "END"
002F08r 2  A9 45              LDA   #'E'
002F0Ar 2  8D 0E A0           STA   VGC_CHAROUT
002F0Dr 2  A9 4E              LDA   #'N'
002F0Fr 2  8D 0E A0           STA   VGC_CHAROUT
002F12r 2  A9 44              LDA   #'D'
002F14r 2  8D 0E A0           STA   VGC_CHAROUT
002F17r 2  20 rr rr           JSR   eval_newline
002F1Ar 2  4C rr rr           JMP   eval_continue
002F1Dr 2               
002F1Dr 2               @err:
002F1Dr 2  A2 rr              LDX   #<str_po_err
002F1Fr 2  A0 rr              LDY   #>str_po_err
002F21r 2  4C rr rr           JMP   list_print_err
002F24r 2               @err_notfound:
002F24r 2  A2 rr              LDX   #<str_idk
002F26r 2  A0 rr              LDY   #>str_idk
002F28r 2  4C rr rr           JMP   list_print_err
002F2Br 2               
002F2Br 2               ; ---------------------------------------------------------------------
002F2Br 2               ; do_erase — ERASE "name: remove procedure from directory
002F2Br 2               ;   Arity 0 — evaluates its own argument
002F2Br 2               ; ---------------------------------------------------------------------
002F2Br 2               do_erase:
002F2Br 2  20 rr rr           JSR   eval_expr
002F2Er 2  90 03              BCC   @er_type_ok
002F30r 2  4C rr rr           JMP   @err
002F33r 2               @er_type_ok:
002F33r 2  A5 rr              LDA   eval_type
002F35r 2  C9 01              CMP   #VAL_WORD
002F37r 2  F0 03              BEQ   @er_word_ok
002F39r 2  4C rr rr           JMP   @err
002F3Cr 2               @er_word_ok:
002F3Cr 2               
002F3Cr 2                     ; Save name pointer
002F3Cr 2  A5 rr              LDA   eval_val_lo
002F3Er 2  85 rr              STA   var_name_lo
002F40r 2  A5 rr              LDA   eval_val_hi
002F42r 2  85 rr              STA   var_name_hi
002F44r 2               
002F44r 2                     ; Walk proc_head with prev tracking
002F44r 2                     ; prev = address of "next" pointer to patch (starts as &proc_head)
002F44r 2  A9 rr              LDA   #<proc_head_lo
002F46r 2  85 rr              STA   proc_ptr_lo             ; prev_ptr_lo
002F48r 2  A9 rr              LDA   #>proc_head_lo
002F4Ar 2  85 rr              STA   proc_ptr_hi             ; prev_ptr_hi (ZP, so high byte = 0)
002F4Cr 2               
002F4Cr 2  A5 rr              LDA   proc_head_lo
002F4Er 2  85 rr              STA   proc_entry_lo
002F50r 2  A5 rr              LDA   proc_head_hi
002F52r 2  85 rr              STA   proc_entry_hi
002F54r 2               
002F54r 2               @walk:
002F54r 2  A5 rr              LDA   proc_entry_lo
002F56r 2  05 rr              ORA   proc_entry_hi
002F58r 2  D0 03              BNE   @walk_ok
002F5Ar 2  4C rr rr           JMP   @not_found
002F5Dr 2               @walk_ok:
002F5Dr 2               
002F5Dr 2                     ; Compare name
002F5Dr 2  A5 rr              LDA   var_name_lo
002F5Fr 2  85 rr              STA   ptr_lo
002F61r 2  A5 rr              LDA   var_name_hi
002F63r 2  85 rr              STA   ptr_hi
002F65r 2  A0 00              LDY   #0
002F67r 2  B1 rr              LDA   (ptr_lo),Y             ; search name len
002F69r 2  85 rr              STA   proc_name_len
002F6Br 2               
002F6Br 2  A5 rr              LDA   proc_entry_lo
002F6Dr 2  85 rr              STA   ptr_lo
002F6Fr 2  A5 rr              LDA   proc_entry_hi
002F71r 2  85 rr              STA   ptr_hi
002F73r 2  A0 02              LDY   #2
002F75r 2  B1 rr              LDA   (ptr_lo),Y             ; record name len
002F77r 2  C5 rr              CMP   proc_name_len
002F79r 2  D0 32              BNE   @erase_next
002F7Br 2               
002F7Br 2  AA                 TAX
002F7Cr 2  F0 4D              BEQ   @erase_match            ; both empty = match
002F7Er 2  A0 00              LDY   #0
002F80r 2               @ecmp:
002F80r 2  DA                 PHX
002F81r 2  5A                 PHY
002F82r 2  A5 rr              LDA   var_name_lo
002F84r 2  85 rr              STA   ptr_lo
002F86r 2  A5 rr              LDA   var_name_hi
002F88r 2  85 rr              STA   ptr_hi
002F8Ar 2  C8                 INY
002F8Br 2  B1 rr              LDA   (ptr_lo),Y             ; search char
002F8Dr 2  85 rr              STA   proc_rec_off
002F8Fr 2               
002F8Fr 2  7A                 PLY
002F90r 2  A5 rr              LDA   proc_entry_lo
002F92r 2  85 rr              STA   ptr_lo
002F94r 2  A5 rr              LDA   proc_entry_hi
002F96r 2  85 rr              STA   ptr_hi
002F98r 2  5A                 PHY
002F99r 2  98                 TYA
002F9Ar 2  18                 CLC
002F9Br 2  69 03              ADC   #3
002F9Dr 2  A8                 TAY
002F9Er 2  B1 rr              LDA   (ptr_lo),Y             ; record char
002FA0r 2  7A                 PLY
002FA1r 2  C5 rr              CMP   proc_rec_off
002FA3r 2  D0 07              BNE   @ecmp_ne
002FA5r 2  FA                 PLX
002FA6r 2  C8                 INY
002FA7r 2  CA                 DEX
002FA8r 2  D0 D6              BNE   @ecmp
002FAAr 2  80 1F              BRA   @erase_match
002FACr 2               
002FACr 2               @ecmp_ne:
002FACr 2  FA                 PLX
002FADr 2               
002FADr 2               @erase_next:
002FADr 2                     ; prev = &current->next (proc_entry + 0)
002FADr 2  A5 rr              LDA   proc_entry_lo
002FAFr 2  85 rr              STA   proc_ptr_lo
002FB1r 2  A5 rr              LDA   proc_entry_hi
002FB3r 2  85 rr              STA   proc_ptr_hi
002FB5r 2                     ; current = current->next
002FB5r 2  A5 rr              LDA   proc_entry_lo
002FB7r 2  85 rr              STA   ptr_lo
002FB9r 2  A5 rr              LDA   proc_entry_hi
002FBBr 2  85 rr              STA   ptr_hi
002FBDr 2  A0 00              LDY   #0
002FBFr 2  B1 rr              LDA   (ptr_lo),Y
002FC1r 2  AA                 TAX
002FC2r 2  C8                 INY
002FC3r 2  B1 rr              LDA   (ptr_lo),Y
002FC5r 2  85 rr              STA   proc_entry_hi
002FC7r 2  86 rr              STX   proc_entry_lo
002FC9r 2  80 89              BRA   @walk
002FCBr 2               
002FCBr 2               @erase_match:
002FCBr 2                     ; Unlink: *prev = current->next
002FCBr 2                     ; Read current->next
002FCBr 2  A5 rr              LDA   proc_entry_lo
002FCDr 2  85 rr              STA   ptr_lo
002FCFr 2  A5 rr              LDA   proc_entry_hi
002FD1r 2  85 rr              STA   ptr_hi
002FD3r 2  A0 00              LDY   #0
002FD5r 2  B1 rr              LDA   (ptr_lo),Y             ; next_lo
002FD7r 2  AA                 TAX
002FD8r 2  C8                 INY
002FD9r 2  B1 rr              LDA   (ptr_lo),Y             ; next_hi
002FDBr 2               
002FDBr 2                     ; Write to prev
002FDBr 2  A0 00              LDY   #0
002FDDr 2  A5 rr              LDA   proc_ptr_lo
002FDFr 2  85 rr              STA   ptr_lo
002FE1r 2  A5 rr              LDA   proc_ptr_hi
002FE3r 2  85 rr              STA   ptr_hi
002FE5r 2  8A                 TXA
002FE6r 2  91 rr              STA   (ptr_lo),Y             ; prev->next_lo = next_lo
002FE8r 2  C8                 INY
002FE9r 2  A5 rr              LDA   proc_entry_lo
002FEBr 2  85 rr              STA   ptr_lo
002FEDr 2  A5 rr              LDA   proc_entry_hi
002FEFr 2  85 rr              STA   ptr_hi
002FF1r 2  A0 01              LDY   #1
002FF3r 2  B1 rr              LDA   (ptr_lo),Y             ; re-read next_hi
002FF5r 2  A0 01              LDY   #1
002FF7r 2  A5 rr              LDA   proc_ptr_lo
002FF9r 2  85 rr              STA   ptr_lo
002FFBr 2  A5 rr              LDA   proc_ptr_hi
002FFDr 2  85 rr              STA   ptr_hi
002FFFr 2  A5 rr              LDA   proc_entry_lo
003001r 2  85 rr              STA   ptr2_lo
003003r 2  A5 rr              LDA   proc_entry_hi
003005r 2  85 rr              STA   ptr2_hi
003007r 2  A0 01              LDY   #1
003009r 2  B1 rr              LDA   (ptr2_lo),Y            ; next_hi
00300Br 2  91 rr              STA   (ptr_lo),Y             ; prev->next_hi = next_hi
00300Dr 2               
00300Dr 2  4C rr rr           JMP   eval_continue
003010r 2               
003010r 2               @not_found:
003010r 2  A2 rr              LDX   #<str_idk
003012r 2  A0 rr              LDY   #>str_idk
003014r 2  4C rr rr           JMP   list_print_err
003017r 2               @err:
003017r 2  A2 rr              LDX   #<str_erase_err
003019r 2  A0 rr              LDY   #>str_erase_err
00301Br 2  4C rr rr           JMP   list_print_err
00301Er 2               
00301Er 2               ; ---------------------------------------------------------------------
00301Er 2               ; do_apply — APPLY "proc [args]: call procedure with args from list
00301Er 2               ;   Arity 0 — evaluates its own arguments
00301Er 2               ;   Strategy: build "name arg1 arg2 ..." in input_buf, tokenize+eval.
00301Er 2               ; ---------------------------------------------------------------------
00301Er 2               do_apply:
00301Er 2                     ; Evaluate first arg: procedure name (quoted word)
00301Er 2  20 rr rr           JSR   eval_expr
003021r 2  90 03              BCC   @ap_type_ok
003023r 2  4C rr rr           JMP   @err
003026r 2               @ap_type_ok:
003026r 2  A5 rr              LDA   eval_type
003028r 2  C9 01              CMP   #VAL_WORD
00302Ar 2  F0 03              BEQ   @ap_word_ok
00302Cr 2  4C rr rr           JMP   @err
00302Fr 2               @ap_word_ok:
00302Fr 2               
00302Fr 2                     ; Copy proc name to input_buf
00302Fr 2  A5 rr              LDA   eval_val_lo
003031r 2  85 rr              STA   ptr_lo
003033r 2  A5 rr              LDA   eval_val_hi
003035r 2  85 rr              STA   ptr_hi
003037r 2  64 rr              STZ   z:buf_idx
003039r 2  A0 00              LDY   #0
00303Br 2  B1 rr              LDA   (ptr_lo),Y             ; name length
00303Dr 2  AA                 TAX
00303Er 2  F0 10              BEQ   @apply_args
003040r 2  C8                 INY
003041r 2               @apply_name:
003041r 2  B1 rr              LDA   (ptr_lo),Y
003043r 2  5A                 PHY
003044r 2  A4 rr              LDY   z:buf_idx
003046r 2  99 rr rr           STA   input_buf,Y
003049r 2  E6 rr              INC   z:buf_idx
00304Br 2  7A                 PLY
00304Cr 2  C8                 INY
00304Dr 2  CA                 DEX
00304Er 2  D0 F1              BNE   @apply_name
003050r 2               
003050r 2               @apply_args:
003050r 2                     ; Evaluate second arg: list of arguments
003050r 2  20 rr rr           JSR   eval_expr
003053r 2  B0 5B              BCS   @err
003055r 2  A5 rr              LDA   eval_type
003057r 2  C9 02              CMP   #VAL_LIST
003059r 2  D0 55              BNE   @err
00305Br 2               
00305Br 2                     ; Render list elements to input_buf (after name)
00305Br 2                     ; eval_val_lo/hi = list head
00305Br 2  A5 rr              LDA   eval_val_lo
00305Dr 2  05 rr              ORA   eval_val_hi
00305Fr 2  F0 11              BEQ   @apply_run              ; empty arg list, just run name
003061r 2               
003061r 2                     ; Use render_list_to_buf — it prepends space before elements
003061r 2                     ; but we need a space before the first arg too
003061r 2  A5 rr              LDA   z:buf_idx
003063r 2  C9 7E              CMP   #126
003065r 2  B0 0B              BCS   @apply_run
003067r 2  A8                 TAY
003068r 2  A9 20              LDA   #' '
00306Ar 2  99 rr rr           STA   input_buf,Y
00306Dr 2  E6 rr              INC   z:buf_idx
00306Fr 2               
00306Fr 2                     ; render_list_to_buf expects eval_val set
00306Fr 2  20 rr rr           JSR   render_list_to_buf
003072r 2               
003072r 2               @apply_run:
003072r 2                     ; Null-terminate
003072r 2  A6 rr              LDX   z:buf_idx
003074r 2  9E rr rr           STZ   input_buf,X
003077r 2               
003077r 2                     ; Save eval state and tokenize+eval (same pattern as do_run)
003077r 2  A5 rr              LDA   eval_cur_lo
003079r 2  48                 PHA
00307Ar 2  A5 rr              LDA   eval_cur_hi
00307Cr 2  48                 PHA
00307Dr 2  A5 rr              LDA   tok_head_lo
00307Fr 2  48                 PHA
003080r 2  A5 rr              LDA   tok_head_hi
003082r 2  48                 PHA
003083r 2  A5 rr              LDA   tok_tail_lo
003085r 2  48                 PHA
003086r 2  A5 rr              LDA   tok_tail_hi
003088r 2  48                 PHA
003089r 2  A5 rr              LDA   eval_in_body
00308Br 2  48                 PHA
00308Cr 2  A5 rr              LDA   eval_reporter
00308Er 2  48                 PHA
00308Fr 2               
00308Fr 2  20 rr rr           JSR   tokenize_line
003092r 2  20 rr rr           JSR   eval_line
003095r 2               
003095r 2  68                 PLA
003096r 2  85 rr              STA   eval_reporter
003098r 2  68                 PLA
003099r 2  85 rr              STA   eval_in_body
00309Br 2  68                 PLA
00309Cr 2  85 rr              STA   tok_tail_hi
00309Er 2  68                 PLA
00309Fr 2  85 rr              STA   tok_tail_lo
0030A1r 2  68                 PLA
0030A2r 2  85 rr              STA   tok_head_hi
0030A4r 2  68                 PLA
0030A5r 2  85 rr              STA   tok_head_lo
0030A7r 2  68                 PLA
0030A8r 2  85 rr              STA   eval_cur_hi
0030AAr 2  68                 PLA
0030ABr 2  85 rr              STA   eval_cur_lo
0030ADr 2               
0030ADr 2  4C rr rr           JMP   eval_continue
0030B0r 2               
0030B0r 2               @err:
0030B0r 2  A2 rr              LDX   #<str_apply_err
0030B2r 2  A0 rr              LDY   #>str_apply_err
0030B4r 2  4C rr rr           JMP   list_print_err
0030B7r 2               
0030B7r 2               ; =====================================================================
0030B7r 2               ; RODATA — procedure strings
0030B7r 2               ; =====================================================================
0030B7r 2                     .segment "RODATA"
0009DEr 2               
0009DEr 2               str_defined:
0009DEr 2  20 44 45 46        .byte " DEFINED", 0
0009E2r 2  49 4E 45 44  
0009E6r 2  00           
0009E7r 2               
0009E7r 2               str_to_needs_name:
0009E7r 2  54 4F 20 4E        .byte "TO NEEDS A NAME", 0
0009EBr 2  45 45 44 53  
0009EFr 2  20 41 20 4E  
0009F7r 2               
0009F7r 2               str_po_err:
0009F7r 2  4E 4F 54 20        .byte "NOT ENOUGH INPUTS TO PO", 0
0009FBr 2  45 4E 4F 55  
0009FFr 2  47 48 20 49  
000A0Fr 2               
000A0Fr 2               str_erase_err:
000A0Fr 2  4E 4F 54 20        .byte "NOT ENOUGH INPUTS TO ERASE", 0
000A13r 2  45 4E 4F 55  
000A17r 2  47 48 20 49  
000A2Ar 2               
000A2Ar 2               str_apply_err:
000A2Ar 2  4E 4F 54 20        .byte "NOT ENOUGH INPUTS TO APPLY", 0
000A2Er 2  45 4E 4F 55  
000A32r 2  47 48 20 49  
000A45r 2               
000A45r 2               ; Builtin name strings for workspace commands
000A45r 2               str_po_name:
000A45r 2  02 50 4F           .byte 2, "PO"
000A48r 2               str_printout_name:
000A48r 2  08 50 52 49        .byte 8, "PRINTOUT"
000A4Cr 2  4E 54 4F 55  
000A50r 2  54           
000A51r 2               str_pots_name:
000A51r 2  04 50 4F 54        .byte 4, "POTS"
000A55r 2  53           
000A56r 2               str_printtitles_name:
000A56r 2  0B 50 52 49        .byte 11, "PRINTTITLES"
000A5Ar 2  4E 54 54 49  
000A5Er 2  54 4C 45 53  
000A62r 2               str_erase_name:
000A62r 2  05 45 52 41        .byte 5, "ERASE"
000A66r 2  53 45        
000A68r 2               str_apply_name:
000A68r 2  05 41 50 50        .byte 5, "APPLY"
000A6Cr 2  4C 59        
000A6Er 2               
000A6Er 1                     .include "gc.s"
000A6Er 2               ; gc.s — mark-sweep garbage collector for NovaLogo
000A6Er 2               ;
000A6Er 2               ; Allocation header (prepended by heap_alloc):
000A6Er 2               ;   +0: alloc_tag  (bit 7 = mark, bits 6-0 = type)
000A6Er 2               ;   +1: alloc_size (total size including header; 0 = use 16-bit size at +2/+3)
000A6Er 2               ;
000A6Er 2               ; Type constants (bits 6-0 of alloc_tag):
000A6Er 2               ATYPE_FREE   = $00
000A6Er 2               ATYPE_TOKEN  = $01
000A6Er 2               ATYPE_CONS   = $02
000A6Er 2               ATYPE_VAR    = $03
000A6Er 2               ATYPE_PROC   = $04
000A6Er 2               ATYPE_STRING = $05
000A6Er 2               
000A6Er 2               ; Header layout offsets (relative to allocation base, NOT payload)
000A6Er 2               GC_HDR_TAG   = 0
000A6Er 2               GC_HDR_SIZE  = 1
000A6Er 2               GC_HDR_BYTES = 2              ; overhead per allocation
000A6Er 2               
000A6Er 2               ; Mark bit
000A6Er 2               ALLOC_MARK_BIT = $80
000A6Er 2               
000A6Er 2               ; =====================================================================
000A6Er 2               ; ZEROPAGE segment — GC variables
000A6Er 2               ; =====================================================================
000A6Er 2                     .segment "ZEROPAGE"
000047r 2               
000047r 2  xx           gc_ptr_lo:    .res 1          ; GC walk pointer low
000048r 2  xx           gc_ptr_hi:    .res 1          ; GC walk pointer high
000049r 2  xx           gc_tmp_lo:    .res 1          ; GC temp low
00004Ar 2  xx           gc_tmp_hi:    .res 1          ; GC temp high
00004Br 2  xx           gc_mark_lo:   .res 1          ; node-to-mark pointer low
00004Cr 2  xx           gc_mark_hi:   .res 1          ; node-to-mark pointer high
00004Dr 2               
00004Dr 2               ; =====================================================================
00004Dr 2               ; CODE segment — GC routines
00004Dr 2               ; =====================================================================
00004Dr 2                     .segment "CODE"
0030B7r 2               
0030B7r 2               ; ---------------------------------------------------------------------
0030B7r 2               ; gc_collect — run a full mark-sweep garbage collection cycle
0030B7r 2               ;   1. Clear all mark bits
0030B7r 2               ;   2. Mark all reachable objects from roots
0030B7r 2               ;   3. Sweep: coalesce all unmarked blocks and reset heap_ptr
0030B7r 2               ;
0030B7r 2               ;   Clobbers: A, X, Y, gc_ptr, gc_tmp, gc_mark, ptr_lo/hi, ptr2_lo/hi
0030B7r 2               ; ---------------------------------------------------------------------
0030B7r 2               gc_collect:
0030B7r 2                     ; Phase 1: Clear all mark bits by walking the heap linearly
0030B7r 2  A9 00              LDA   #<HEAP_START
0030B9r 2  85 rr              STA   gc_ptr_lo
0030BBr 2  A9 04              LDA   #>HEAP_START
0030BDr 2  85 rr              STA   gc_ptr_hi
0030BFr 2               
0030BFr 2               @clear_loop:
0030BFr 2                     ; Have we reached heap_ptr (end of allocated space)?
0030BFr 2  A5 rr              LDA   gc_ptr_hi
0030C1r 2  C5 rr              CMP   heap_ptr+1
0030C3r 2  90 08              BCC   @clear_one
0030C5r 2  D0 41              BNE   @clear_done
0030C7r 2  A5 rr              LDA   gc_ptr_lo
0030C9r 2  C5 rr              CMP   heap_ptr
0030CBr 2  B0 3B              BCS   @clear_done
0030CDr 2               
0030CDr 2               @clear_one:
0030CDr 2                     ; Clear mark bit on this allocation
0030CDr 2  A5 rr              LDA   gc_ptr_lo
0030CFr 2  85 rr              STA   ptr_lo
0030D1r 2  A5 rr              LDA   gc_ptr_hi
0030D3r 2  85 rr              STA   ptr_hi
0030D5r 2  A0 00              LDY   #GC_HDR_TAG
0030D7r 2  B1 rr              LDA   (ptr_lo),Y
0030D9r 2  29 7F              AND   #<~ALLOC_MARK_BIT    ; clear bit 7
0030DBr 2  91 rr              STA   (ptr_lo),Y
0030DDr 2               
0030DDr 2                     ; Advance by alloc_size
0030DDr 2  A0 01              LDY   #GC_HDR_SIZE
0030DFr 2  B1 rr              LDA   (ptr_lo),Y
0030E1r 2  F0 0B              BEQ   @clear_big           ; size=0 means 16-bit size at +2/+3
0030E3r 2  18                 CLC
0030E4r 2  65 rr              ADC   gc_ptr_lo
0030E6r 2  85 rr              STA   gc_ptr_lo
0030E8r 2  90 D5              BCC   @clear_loop
0030EAr 2  E6 rr              INC   gc_ptr_hi
0030ECr 2  80 D1              BRA   @clear_loop
0030EEr 2               
0030EEr 2               @clear_big:
0030EEr 2                     ; 16-bit size at payload offset 0 and 1 (header +2 and +3)
0030EEr 2  A0 02              LDY   #GC_HDR_BYTES
0030F0r 2  B1 rr              LDA   (ptr_lo),Y
0030F2r 2  85 rr              STA   gc_tmp_lo
0030F4r 2  C8                 INY
0030F5r 2  B1 rr              LDA   (ptr_lo),Y
0030F7r 2  85 rr              STA   gc_tmp_hi
0030F9r 2  18                 CLC
0030FAr 2  A5 rr              LDA   gc_ptr_lo
0030FCr 2  65 rr              ADC   gc_tmp_lo
0030FEr 2  85 rr              STA   gc_ptr_lo
003100r 2  A5 rr              LDA   gc_ptr_hi
003102r 2  65 rr              ADC   gc_tmp_hi
003104r 2  85 rr              STA   gc_ptr_hi
003106r 2  80 B7              BRA   @clear_loop
003108r 2               
003108r 2               @clear_done:
003108r 2               
003108r 2                     ; Phase 2: Mark all reachable objects
003108r 2                     ; Root 1: variable list (var_head)
003108r 2  20 rr rr           JSR   gc_mark_vars
00310Br 2               
00310Br 2                     ; Root 2: procedure list (proc_head)
00310Br 2  20 rr rr           JSR   gc_mark_procs
00310Er 2               
00310Er 2                     ; Root 3: current token list (tok_head)
00310Er 2  20 rr rr           JSR   gc_mark_token_list
003111r 2               
003111r 2                     ; Phase 3: Sweep — find the highest marked allocation,
003111r 2                     ; reset heap_ptr to just past it. This works because we
003111r 2                     ; use a bump allocator with no free list; all unmarked
003111r 2                     ; allocations between marked ones become wasted space,
003111r 2                     ; but in practice the permanent objects (vars, procs) are
003111r 2                     ; allocated early and the ephemeral ones (tokens, cons,
003111r 2                     ; strings) are allocated later and all unmarked — so
003111r 2                     ; heap_ptr shrinks back dramatically.
003111r 2                     ;
003111r 2                     ; Walk the heap forward; track the highest end-address
003111r 2                     ; of any marked allocation.
003111r 2  A9 00              LDA   #<HEAP_START
003113r 2  85 rr              STA   gc_ptr_lo
003115r 2  A9 04              LDA   #>HEAP_START
003117r 2  85 rr              STA   gc_ptr_hi
003119r 2                     ; gc_tmp = highest marked end (start at HEAP_START = nothing marked)
003119r 2  A9 00              LDA   #<HEAP_START
00311Br 2  85 rr              STA   gc_tmp_lo
00311Dr 2  A9 04              LDA   #>HEAP_START
00311Fr 2  85 rr              STA   gc_tmp_hi
003121r 2               
003121r 2               @sweep_loop:
003121r 2                     ; Reached end of allocated space?
003121r 2  A5 rr              LDA   gc_ptr_hi
003123r 2  C5 rr              CMP   heap_ptr+1
003125r 2  90 08              BCC   @sweep_one
003127r 2  D0 49              BNE   @sweep_done
003129r 2  A5 rr              LDA   gc_ptr_lo
00312Br 2  C5 rr              CMP   heap_ptr
00312Dr 2  B0 43              BCS   @sweep_done
00312Fr 2               
00312Fr 2               @sweep_one:
00312Fr 2  A5 rr              LDA   gc_ptr_lo
003131r 2  85 rr              STA   ptr_lo
003133r 2  A5 rr              LDA   gc_ptr_hi
003135r 2  85 rr              STA   ptr_hi
003137r 2               
003137r 2                     ; Get size of this allocation
003137r 2  A0 01              LDY   #GC_HDR_SIZE
003139r 2  B1 rr              LDA   (ptr_lo),Y
00313Br 2  F0 06              BEQ   @sweep_big
00313Dr 2  85 rr              STA   gc_mark_lo            ; use gc_mark_lo as temp for size
00313Fr 2  64 rr              STZ   gc_mark_hi
003141r 2  80 0B              BRA   @sweep_check_mark
003143r 2               
003143r 2               @sweep_big:
003143r 2  A0 02              LDY   #GC_HDR_BYTES
003145r 2  B1 rr              LDA   (ptr_lo),Y
003147r 2  85 rr              STA   gc_mark_lo
003149r 2  C8                 INY
00314Ar 2  B1 rr              LDA   (ptr_lo),Y
00314Cr 2  85 rr              STA   gc_mark_hi
00314Er 2               
00314Er 2               @sweep_check_mark:
00314Er 2                     ; Is this allocation marked?
00314Er 2  A0 00              LDY   #GC_HDR_TAG
003150r 2  B1 rr              LDA   (ptr_lo),Y
003152r 2  29 80              AND   #ALLOC_MARK_BIT
003154r 2  F0 0D              BEQ   @sweep_advance        ; not marked — skip
003156r 2               
003156r 2                     ; Marked — compute end address = gc_ptr + size
003156r 2  18                 CLC
003157r 2  A5 rr              LDA   gc_ptr_lo
003159r 2  65 rr              ADC   gc_mark_lo
00315Br 2  85 rr              STA   gc_tmp_lo             ; update highest end
00315Dr 2  A5 rr              LDA   gc_ptr_hi
00315Fr 2  65 rr              ADC   gc_mark_hi
003161r 2  85 rr              STA   gc_tmp_hi
003163r 2               
003163r 2               @sweep_advance:
003163r 2                     ; Advance gc_ptr by size
003163r 2  18                 CLC
003164r 2  A5 rr              LDA   gc_ptr_lo
003166r 2  65 rr              ADC   gc_mark_lo
003168r 2  85 rr              STA   gc_ptr_lo
00316Ar 2  A5 rr              LDA   gc_ptr_hi
00316Cr 2  65 rr              ADC   gc_mark_hi
00316Er 2  85 rr              STA   gc_ptr_hi
003170r 2  80 AF              BRA   @sweep_loop
003172r 2               
003172r 2               @sweep_done:
003172r 2                     ; Set heap_ptr to highest marked end
003172r 2  A5 rr              LDA   gc_tmp_lo
003174r 2  85 rr              STA   heap_ptr
003176r 2  A5 rr              LDA   gc_tmp_hi
003178r 2  85 rr              STA   heap_ptr+1
00317Ar 2  60                 RTS
00317Br 2               
00317Br 2               ; ---------------------------------------------------------------------
00317Br 2               ; gc_mark_node — mark a single allocation given a payload pointer
00317Br 2               ;   Input: gc_mark_lo/hi = pointer to payload (header is at -2)
00317Br 2               ;   If pointer is $0000 or below HEAP_START, skip.
00317Br 2               ;   Clobbers: A, Y (preserves gc_mark_lo/hi)
00317Br 2               ; ---------------------------------------------------------------------
00317Br 2               gc_mark_node:
00317Br 2                     ; Null check
00317Br 2  A5 rr              LDA   gc_mark_lo
00317Dr 2  05 rr              ORA   gc_mark_hi
00317Fr 2  F0 21              BEQ   @done
003181r 2               
003181r 2                     ; Compute header address = payload - 2
003181r 2  A5 rr              LDA   gc_mark_lo
003183r 2  38                 SEC
003184r 2  E9 02              SBC   #GC_HDR_BYTES
003186r 2  85 rr              STA   ptr_lo
003188r 2  A5 rr              LDA   gc_mark_hi
00318Ar 2  E9 00              SBC   #0
00318Cr 2  85 rr              STA   ptr_hi
00318Er 2               
00318Er 2                     ; Range check: must be >= HEAP_START
00318Er 2  C9 04              CMP   #>HEAP_START
003190r 2  90 10              BCC   @done
003192r 2  D0 06              BNE   @in_range
003194r 2  A5 rr              LDA   ptr_lo
003196r 2  C9 00              CMP   #<HEAP_START
003198r 2  90 08              BCC   @done
00319Ar 2               @in_range:
00319Ar 2               
00319Ar 2                     ; Set mark bit
00319Ar 2  A0 00              LDY   #GC_HDR_TAG
00319Cr 2  B1 rr              LDA   (ptr_lo),Y
00319Er 2  09 80              ORA   #ALLOC_MARK_BIT
0031A0r 2  91 rr              STA   (ptr_lo),Y
0031A2r 2               @done:
0031A2r 2  60                 RTS
0031A3r 2               
0031A3r 2               ; ---------------------------------------------------------------------
0031A3r 2               ; gc_mark_vars — walk the variable linked list and mark each entry
0031A3r 2               ;   Also marks any list values pointed to by variables.
0031A3r 2               ;   Clobbers: A, X, Y, gc_ptr, gc_mark, ptr_lo/hi, ptr2_lo/hi
0031A3r 2               ; ---------------------------------------------------------------------
0031A3r 2               gc_mark_vars:
0031A3r 2  A5 rr              LDA   var_head_lo
0031A5r 2  85 rr              STA   gc_ptr_lo
0031A7r 2  A5 rr              LDA   var_head_hi
0031A9r 2  85 rr              STA   gc_ptr_hi
0031ABr 2               
0031ABr 2               @walk:
0031ABr 2  A5 rr              LDA   gc_ptr_lo
0031ADr 2  05 rr              ORA   gc_ptr_hi
0031AFr 2  D0 01              BNE   @have_var
0031B1r 2  60                 RTS
0031B2r 2               @have_var:
0031B2r 2               
0031B2r 2                     ; Mark this var entry
0031B2r 2  A5 rr              LDA   gc_ptr_lo
0031B4r 2  85 rr              STA   gc_mark_lo
0031B6r 2  A5 rr              LDA   gc_ptr_hi
0031B8r 2  85 rr              STA   gc_mark_hi
0031BAr 2  20 rr rr           JSR   gc_mark_node
0031BDr 2               
0031BDr 2                     ; Read the variable's value — if it's a list, mark the list
0031BDr 2  A5 rr              LDA   gc_ptr_lo
0031BFr 2  85 rr              STA   ptr_lo
0031C1r 2  A5 rr              LDA   gc_ptr_hi
0031C3r 2  85 rr              STA   ptr_hi
0031C5r 2  A0 02              LDY   #VAR_NAME_LEN
0031C7r 2  B1 rr              LDA   (ptr_lo),Y           ; name_len
0031C9r 2  18                 CLC
0031CAr 2  69 03              ADC   #VAR_NAME             ; offset to value_type
0031CCr 2  A8                 TAY
0031CDr 2  B1 rr              LDA   (ptr_lo),Y           ; value_type
0031CFr 2  C9 02              CMP   #VAL_LIST
0031D1r 2  D0 23              BNE   @var_check_word
0031D3r 2                     ; It's a list — get the list head pointer and mark the list
0031D3r 2  C8                 INY
0031D4r 2  B1 rr              LDA   (ptr_lo),Y           ; val_hi (actually car_hi)
0031D6r 2  85 rr              STA   gc_tmp_hi
0031D8r 2  C8                 INY
0031D9r 2  B1 rr              LDA   (ptr_lo),Y           ; val_lo
0031DBr 2  85 rr              STA   gc_tmp_lo
0031DDr 2                     ; Save gc_ptr across recursive mark
0031DDr 2  A5 rr              LDA   gc_ptr_lo
0031DFr 2  48                 PHA
0031E0r 2  A5 rr              LDA   gc_ptr_hi
0031E2r 2  48                 PHA
0031E3r 2  A5 rr              LDA   gc_tmp_lo
0031E5r 2  85 rr              STA   gc_mark_lo
0031E7r 2  A5 rr              LDA   gc_tmp_hi
0031E9r 2  85 rr              STA   gc_mark_hi
0031EBr 2  20 rr rr           JSR   gc_mark_list
0031EEr 2  68                 PLA
0031EFr 2  85 rr              STA   gc_ptr_hi
0031F1r 2  68                 PLA
0031F2r 2  85 rr              STA   gc_ptr_lo
0031F4r 2  80 25              BRA   @var_next
0031F6r 2               
0031F6r 2               @var_check_word:
0031F6r 2  C9 01              CMP   #VAL_WORD
0031F8r 2  D0 21              BNE   @var_next
0031FAr 2                     ; It's a word — mark the string allocation
0031FAr 2  C8                 INY
0031FBr 2  B1 rr              LDA   (ptr_lo),Y           ; ptr_hi for word
0031FDr 2  85 rr              STA   gc_tmp_hi
0031FFr 2  C8                 INY
003200r 2  B1 rr              LDA   (ptr_lo),Y           ; ptr_lo for word
003202r 2  85 rr              STA   gc_tmp_lo
003204r 2  A5 rr              LDA   gc_ptr_lo
003206r 2  48                 PHA
003207r 2  A5 rr              LDA   gc_ptr_hi
003209r 2  48                 PHA
00320Ar 2  A5 rr              LDA   gc_tmp_lo
00320Cr 2  85 rr              STA   gc_mark_lo
00320Er 2  A5 rr              LDA   gc_tmp_hi
003210r 2  85 rr              STA   gc_mark_hi
003212r 2  20 rr rr           JSR   gc_mark_node
003215r 2  68                 PLA
003216r 2  85 rr              STA   gc_ptr_hi
003218r 2  68                 PLA
003219r 2  85 rr              STA   gc_ptr_lo
00321Br 2               
00321Br 2               @var_next:
00321Br 2                     ; Follow next pointer
00321Br 2  A5 rr              LDA   gc_ptr_lo
00321Dr 2  85 rr              STA   ptr_lo
00321Fr 2  A5 rr              LDA   gc_ptr_hi
003221r 2  85 rr              STA   ptr_hi
003223r 2  A0 00              LDY   #VAR_NEXT_LO
003225r 2  B1 rr              LDA   (ptr_lo),Y
003227r 2  AA                 TAX
003228r 2  C8                 INY
003229r 2  B1 rr              LDA   (ptr_lo),Y
00322Br 2  85 rr              STA   gc_ptr_hi
00322Dr 2  86 rr              STX   gc_ptr_lo
00322Fr 2  4C rr rr           JMP   @walk
003232r 2               
003232r 2               ; ---------------------------------------------------------------------
003232r 2               ; gc_mark_procs — walk the procedure list and mark each record
003232r 2               ;   Clobbers: A, Y, gc_ptr, gc_mark, ptr_lo/hi
003232r 2               ; ---------------------------------------------------------------------
003232r 2               gc_mark_procs:
003232r 2  A5 rr              LDA   proc_head_lo
003234r 2  85 rr              STA   gc_ptr_lo
003236r 2  A5 rr              LDA   proc_head_hi
003238r 2  85 rr              STA   gc_ptr_hi
00323Ar 2               
00323Ar 2               @walk:
00323Ar 2  A5 rr              LDA   gc_ptr_lo
00323Cr 2  05 rr              ORA   gc_ptr_hi
00323Er 2  F0 2B              BEQ   @done
003240r 2               
003240r 2                     ; Mark this procedure record.
003240r 2                     ; proc_entry points to record data (base+4); header is at base+0.
003240r 2                     ; Subtract 4 to get the header address for marking.
003240r 2  A5 rr              LDA   gc_ptr_lo
003242r 2  38                 SEC
003243r 2  E9 04              SBC   #4
003245r 2  85 rr              STA   ptr_lo
003247r 2  A5 rr              LDA   gc_ptr_hi
003249r 2  E9 00              SBC   #0
00324Br 2  85 rr              STA   ptr_hi
00324Dr 2                     ; Set mark bit directly at the header
00324Dr 2  A0 00              LDY   #GC_HDR_TAG
00324Fr 2  B1 rr              LDA   (ptr_lo),Y
003251r 2  09 80              ORA   #ALLOC_MARK_BIT
003253r 2  91 rr              STA   (ptr_lo),Y
003255r 2               
003255r 2                     ; Follow next pointer (at record data offset 0)
003255r 2  A5 rr              LDA   gc_ptr_lo
003257r 2  85 rr              STA   ptr_lo
003259r 2  A5 rr              LDA   gc_ptr_hi
00325Br 2  85 rr              STA   ptr_hi
00325Dr 2  A0 00              LDY   #0                    ; next_lo at offset 0
00325Fr 2  B1 rr              LDA   (ptr_lo),Y
003261r 2  AA                 TAX
003262r 2  C8                 INY
003263r 2  B1 rr              LDA   (ptr_lo),Y
003265r 2  85 rr              STA   gc_ptr_hi
003267r 2  86 rr              STX   gc_ptr_lo
003269r 2  80 CF              BRA   @walk
00326Br 2               
00326Br 2               @done:
00326Br 2  60                 RTS
00326Cr 2               
00326Cr 2               ; ---------------------------------------------------------------------
00326Cr 2               ; gc_mark_token_list — walk tok_head linked list and mark each token
00326Cr 2               ;   Clobbers: A, Y, gc_ptr, gc_mark, ptr_lo/hi
00326Cr 2               ; ---------------------------------------------------------------------
00326Cr 2               gc_mark_token_list:
00326Cr 2  A5 rr              LDA   tok_head_lo
00326Er 2  85 rr              STA   gc_ptr_lo
003270r 2  A5 rr              LDA   tok_head_hi
003272r 2  85 rr              STA   gc_ptr_hi
003274r 2               
003274r 2               @walk:
003274r 2  A5 rr              LDA   gc_ptr_lo
003276r 2  05 rr              ORA   gc_ptr_hi
003278r 2  F0 21              BEQ   @done
00327Ar 2               
00327Ar 2                     ; Mark this token
00327Ar 2  A5 rr              LDA   gc_ptr_lo
00327Cr 2  85 rr              STA   gc_mark_lo
00327Er 2  A5 rr              LDA   gc_ptr_hi
003280r 2  85 rr              STA   gc_mark_hi
003282r 2  20 rr rr           JSR   gc_mark_node
003285r 2               
003285r 2                     ; Follow next pointer (at payload offsets TOK_NEXT_LO/HI)
003285r 2  A5 rr              LDA   gc_ptr_lo
003287r 2  85 rr              STA   ptr_lo
003289r 2  A5 rr              LDA   gc_ptr_hi
00328Br 2  85 rr              STA   ptr_hi
00328Dr 2  A0 01              LDY   #TOK_NEXT_LO
00328Fr 2  B1 rr              LDA   (ptr_lo),Y
003291r 2  AA                 TAX
003292r 2  C8                 INY
003293r 2  B1 rr              LDA   (ptr_lo),Y
003295r 2  85 rr              STA   gc_ptr_hi
003297r 2  86 rr              STX   gc_ptr_lo
003299r 2  80 D9              BRA   @walk
00329Br 2               
00329Br 2               @done:
00329Br 2  60                 RTS
00329Cr 2               
00329Cr 2               ; ---------------------------------------------------------------------
00329Cr 2               ; gc_mark_list — recursively mark a cons-pair list
00329Cr 2               ;   Input: gc_mark_lo/hi = head cons pair pointer (payload)
00329Cr 2               ;   Marks each cons cell, and recursively marks sublists and word strings.
00329Cr 2               ;   Clobbers: A, X, Y, gc_mark, gc_ptr, ptr_lo/hi
00329Cr 2               ; ---------------------------------------------------------------------
00329Cr 2               gc_mark_list:
00329Cr 2                     ; Use gc_ptr to walk the list, gc_mark for marking
00329Cr 2  A5 rr              LDA   gc_mark_lo
00329Er 2  85 rr              STA   gc_ptr_lo
0032A0r 2  A5 rr              LDA   gc_mark_hi
0032A2r 2  85 rr              STA   gc_ptr_hi
0032A4r 2               
0032A4r 2               @walk:
0032A4r 2  A5 rr              LDA   gc_ptr_lo
0032A6r 2  05 rr              ORA   gc_ptr_hi
0032A8r 2  F0 70              BEQ   @done
0032AAr 2               
0032AAr 2                     ; Mark this cons pair
0032AAr 2  A5 rr              LDA   gc_ptr_lo
0032ACr 2  85 rr              STA   gc_mark_lo
0032AEr 2  A5 rr              LDA   gc_ptr_hi
0032B0r 2  85 rr              STA   gc_mark_hi
0032B2r 2  20 rr rr           JSR   gc_mark_node
0032B5r 2               
0032B5r 2                     ; Check car_type: if list, recursively mark sublist
0032B5r 2                     ; if word, mark the string
0032B5r 2  A5 rr              LDA   gc_ptr_lo
0032B7r 2  85 rr              STA   ptr_lo
0032B9r 2  A5 rr              LDA   gc_ptr_hi
0032BBr 2  85 rr              STA   ptr_hi
0032BDr 2  A0 01              LDY   #CONS_CAR_TYPE
0032BFr 2  B1 rr              LDA   (ptr_lo),Y
0032C1r 2  C9 02              CMP   #VAL_LIST
0032C3r 2  F0 23              BEQ   @car_list
0032C5r 2  C9 01              CMP   #VAL_WORD
0032C7r 2  F0 02              BEQ   @car_word
0032C9r 2  80 38              BRA   @follow_cdr
0032CBr 2               
0032CBr 2               @car_word:
0032CBr 2                     ; Mark the word string allocation
0032CBr 2  A0 03              LDY   #CONS_CAR_LO
0032CDr 2  B1 rr              LDA   (ptr_lo),Y
0032CFr 2  85 rr              STA   gc_mark_lo
0032D1r 2  A0 02              LDY   #CONS_CAR_HI
0032D3r 2  B1 rr              LDA   (ptr_lo),Y
0032D5r 2  85 rr              STA   gc_mark_hi
0032D7r 2                     ; Save gc_ptr across mark
0032D7r 2  A5 rr              LDA   gc_ptr_lo
0032D9r 2  48                 PHA
0032DAr 2  A5 rr              LDA   gc_ptr_hi
0032DCr 2  48                 PHA
0032DDr 2  20 rr rr           JSR   gc_mark_node
0032E0r 2  68                 PLA
0032E1r 2  85 rr              STA   gc_ptr_hi
0032E3r 2  68                 PLA
0032E4r 2  85 rr              STA   gc_ptr_lo
0032E6r 2  80 1B              BRA   @follow_cdr
0032E8r 2               
0032E8r 2               @car_list:
0032E8r 2                     ; Recursively mark the sublist
0032E8r 2  A0 03              LDY   #CONS_CAR_LO
0032EAr 2  B1 rr              LDA   (ptr_lo),Y
0032ECr 2  85 rr              STA   gc_mark_lo
0032EEr 2  A0 02              LDY   #CONS_CAR_HI
0032F0r 2  B1 rr              LDA   (ptr_lo),Y
0032F2r 2  85 rr              STA   gc_mark_hi
0032F4r 2                     ; Save gc_ptr across recursive call
0032F4r 2  A5 rr              LDA   gc_ptr_lo
0032F6r 2  48                 PHA
0032F7r 2  A5 rr              LDA   gc_ptr_hi
0032F9r 2  48                 PHA
0032FAr 2  20 rr rr           JSR   gc_mark_list          ; recursive
0032FDr 2  68                 PLA
0032FEr 2  85 rr              STA   gc_ptr_hi
003300r 2  68                 PLA
003301r 2  85 rr              STA   gc_ptr_lo
003303r 2               
003303r 2               @follow_cdr:
003303r 2                     ; Follow cdr to next cons pair
003303r 2  A5 rr              LDA   gc_ptr_lo
003305r 2  85 rr              STA   ptr_lo
003307r 2  A5 rr              LDA   gc_ptr_hi
003309r 2  85 rr              STA   ptr_hi
00330Br 2  A0 05              LDY   #CONS_CDR_LO
00330Dr 2  B1 rr              LDA   (ptr_lo),Y
00330Fr 2  AA                 TAX
003310r 2  A0 06              LDY   #CONS_CDR_HI
003312r 2  B1 rr              LDA   (ptr_lo),Y
003314r 2  85 rr              STA   gc_ptr_hi
003316r 2  86 rr              STX   gc_ptr_lo
003318r 2  80 8A              BRA   @walk
00331Ar 2               
00331Ar 2               @done:
00331Ar 2  60                 RTS
00331Br 2               
00331Br 1               
00331Br 1               ; =====================================================================
00331Br 1               ; ZEROPAGE segment — interpreter zero-page variables
00331Br 1               ; =====================================================================
00331Br 1                     .segment "ZEROPAGE"
00004Dr 1               
00004Dr 1  xx           buf_idx:      .res 1          ; current position in input_buf
00004Er 1               
00004Er 1               ; =====================================================================
00004Er 1               ; BSS segment — runtime buffers
00004Er 1               ; =====================================================================
00004Er 1                     .segment "BSS"
000982r 1               
000982r 1  xx xx xx xx  input_buf:    .res 128        ; input line buffer
000986r 1  xx xx xx xx  
00098Ar 1  xx xx xx xx  
000A02r 1               
000A02r 1               ; =====================================================================
000A02r 1               ; CODE segment — cold start and main loop
000A02r 1               ; =====================================================================
000A02r 1                     .segment "CODE"
00331Br 1               
00331Br 1               cold_start:
00331Br 1                     ; Copy extension ROM trampoline to RAM
00331Br 1  A2 0D              LDX   #EXT_TRAMP_SIZE-1
00331Dr 1               @copy_tramp:
00331Dr 1  BD rr rr           LDA   ext_tramp_src,X
003320r 1  9D 70 02           STA   EXT_TRAMPOLINE,X
003323r 1  CA                 DEX
003324r 1  10 F7              BPL   @copy_tramp
003326r 1               
003326r 1                     ; Zero NovaLogo turtle/graphics state ($9F00..$9F1F) so each session starts
003326r 1                     ; in a known mode. The extension pins its turtle state here (extension.s
003326r 1                     ; TURTLE_STATE_BASE=$9F00); RAM is stale across soft-reboot on HW, and a
003326r 1                     ; stale graphics-mode/inited flag breaks auto-switch and re-init.
003326r 1  A2 1F              LDX   #$1F
003328r 1               @zero_turtle:
003328r 1  9E 00 9F           STZ   $9F00,X
00332Br 1  CA                 DEX
00332Cr 1  10 FA              BPL   @zero_turtle
00332Er 1               
00332Er 1  20 rr rr           JSR   heap_init
003331r 1  20 rr rr           JSR   var_init
003334r 1  20 rr rr           JSR   proc_init
003337r 1  64 rr              STZ   catch_active
003339r 1  9C 0A A0           STZ   VGC_CURSEN
00333Cr 1  20 rr rr           JSR   print_banner
00333Fr 1  20 rr rr           JSR   print_prompt
003342r 1               
003342r 1               main_loop:
003342r 1  20 rr rr           JSR   read_line
003345r 1  9C 0A A0           STZ   VGC_CURSEN
003348r 1  20 rr rr           JSR   tokenize_line
00334Br 1  20 rr rr           JSR   check_to_command
00334Er 1  B0 03              BCS   @was_to               ; carry set = TO was handled
003350r 1  20 rr rr           JSR   eval_line
003353r 1               @was_to:
003353r 1                     ; Reclaim dead heap objects (tokens, list cells, etc.)
003353r 1  20 rr rr           JSR   gc_collect
003356r 1  20 rr rr           JSR   print_prompt
003359r 1  80 E7              BRA   main_loop
00335Br 1               
00335Br 1               ; ---------------------------------------------------------------------
00335Br 1               ; check_to_command — check if first token is TO; if so, collect procedure
00335Br 1               ;   Output: carry set = was TO (proc_collect called), carry clear = not TO
00335Br 1               ;   Clobbers: A, Y, ptr_lo/hi, eval_cur
00335Br 1               ; ---------------------------------------------------------------------
00335Br 1               check_to_command:
00335Br 1                     ; Is there a token list?
00335Br 1  A5 rr              LDA   tok_head_lo
00335Dr 1  05 rr              ORA   tok_head_hi
00335Fr 1  F0 37              BEQ   @not_to
003361r 1               
003361r 1                     ; Check first token: must be TOK_WORD
003361r 1  A5 rr              LDA   tok_head_lo
003363r 1  85 rr              STA   ptr_lo
003365r 1  A5 rr              LDA   tok_head_hi
003367r 1  85 rr              STA   ptr_hi
003369r 1  A0 00              LDY   #TOK_TAG
00336Br 1  B1 rr              LDA   (ptr_lo),Y
00336Dr 1  C9 01              CMP   #TOK_WORD
00336Fr 1  D0 27              BNE   @not_to
003371r 1               
003371r 1                     ; Check if word is "TO" (2 chars, 'T','O')
003371r 1  A0 03              LDY   #TOK_PAYLOAD
003373r 1  B1 rr              LDA   (ptr_lo),Y           ; length
003375r 1  C9 02              CMP   #2
003377r 1  D0 1F              BNE   @not_to
003379r 1  A0 04              LDY   #TOK_PAYLOAD+1
00337Br 1  B1 rr              LDA   (ptr_lo),Y
00337Dr 1  C9 54              CMP   #'T'
00337Fr 1  D0 17              BNE   @not_to
003381r 1  C8                 INY
003382r 1  B1 rr              LDA   (ptr_lo),Y
003384r 1  C9 4F              CMP   #'O'
003386r 1  D0 10              BNE   @not_to
003388r 1               
003388r 1                     ; It's TO — set up eval_cur past the TO token and call proc_collect
003388r 1  A5 rr              LDA   tok_head_lo
00338Ar 1  85 rr              STA   eval_cur_lo
00338Cr 1  A5 rr              LDA   tok_head_hi
00338Er 1  85 rr              STA   eval_cur_hi
003390r 1  20 rr rr           JSR   eval_advance          ; advance past TO token
003393r 1  20 rr rr           JSR   proc_collect
003396r 1  38                 SEC
003397r 1  60                 RTS
003398r 1               
003398r 1               @not_to:
003398r 1  18                 CLC
003399r 1  60                 RTS
00339Ar 1               
00339Ar 1               ; ---------------------------------------------------------------------
00339Ar 1               ; read_line — read a line of input into input_buf, null-terminated
00339Ar 1               ;   On return: input_buf contains the line, buf_idx = length
00339Ar 1               ; ---------------------------------------------------------------------
00339Ar 1               read_line:
00339Ar 1  64 rr              STZ   buf_idx            ; reset buffer index to 0
00339Cr 1  A9 01              LDA   #$01
00339Er 1  8D 0A A0           STA   VGC_CURSEN
0033A1r 1               
0033A1r 1               @poll:
0033A1r 1  AD 0F A0           LDA   VGC_CHARIN         ; poll keyboard
0033A4r 1  F0 FB              BEQ   @poll              ; no key waiting — spin
0033A6r 1               
0033A6r 1                     ; --- handle CR ($0D) ---
0033A6r 1  C9 0D              CMP   #$0D
0033A8r 1  D0 10              BNE   @not_cr
0033AAr 1  A6 rr              LDX   buf_idx
0033ACr 1  9E rr rr           STZ   input_buf,X        ; null-terminate
0033AFr 1  A9 0D              LDA   #$0D
0033B1r 1  8D 0E A0           STA   VGC_CHAROUT        ; carriage return
0033B4r 1  A9 0A              LDA   #$0A
0033B6r 1  8D 0E A0           STA   VGC_CHAROUT        ; line feed
0033B9r 1  60                 RTS
0033BAr 1               
0033BAr 1               @not_cr:
0033BAr 1                     ; --- handle backspace ($08, $14, $7F) ---
0033BAr 1  C9 08              CMP   #$08
0033BCr 1  F0 18              BEQ   @backspace
0033BEr 1  C9 14              CMP   #$14
0033C0r 1  F0 14              BEQ   @backspace
0033C2r 1  C9 7F              CMP   #$7F
0033C4r 1  F0 10              BEQ   @backspace
0033C6r 1               
0033C6r 1                     ; --- buffer full? ---
0033C6r 1  A6 rr              LDX   buf_idx
0033C8r 1  E0 7F              CPX   #127
0033CAr 1  B0 D5              BCS   @poll              ; at capacity — ignore keystroke
0033CCr 1               
0033CCr 1                     ; --- store and echo printable character ---
0033CCr 1  9D rr rr           STA   input_buf,X        ; store in buffer
0033CFr 1  8D 0E A0           STA   VGC_CHAROUT        ; echo to screen
0033D2r 1  E6 rr              INC   buf_idx
0033D4r 1  80 CB              BRA   @poll
0033D6r 1               
0033D6r 1               @backspace:
0033D6r 1  A6 rr              LDX   buf_idx
0033D8r 1  F0 C7              BEQ   @poll              ; nothing to delete — ignore
0033DAr 1  CA                 DEX
0033DBr 1  86 rr              STX   buf_idx
0033DDr 1  A9 08              LDA   #$08
0033DFr 1  8D 0E A0           STA   VGC_CHAROUT        ; move cursor left and erase
0033E2r 1  80 BD              BRA   @poll
0033E4r 1               
0033E4r 1               ; ---------------------------------------------------------------------
0033E4r 1               ; print_prompt — prints "? " to the screen
0033E4r 1               ; ---------------------------------------------------------------------
0033E4r 1               print_prompt:
0033E4r 1  A2 00              LDX   #0
0033E6r 1  BD rr rr     @lp:  LDA   str_prompt,X
0033E9r 1  F0 06              BEQ   @done
0033EBr 1  8D 0E A0           STA   VGC_CHAROUT
0033EEr 1  E8                 INX
0033EFr 1  D0 F5              BNE   @lp
0033F1r 1               @done:
0033F1r 1  A9 01              LDA   #$01
0033F3r 1  8D 0A A0           STA   VGC_CURSEN
0033F6r 1  60                 RTS
0033F7r 1               
0033F7r 1               ; ---------------------------------------------------------------------
0033F7r 1               ; print_banner — prints title and current available heap bytes
0033F7r 1               ; ---------------------------------------------------------------------
0033F7r 1               print_banner:
0033F7r 1  A2 00              LDX   #0
0033F9r 1               @title:
0033F9r 1  BD rr rr           LDA   str_banner_title,X
0033FCr 1  F0 06              BEQ   @free
0033FEr 1  8D 0E A0           STA   VGC_CHAROUT
003401r 1  E8                 INX
003402r 1  D0 F5              BNE   @title
003404r 1               
003404r 1               @free:
003404r 1  38                 SEC
003405r 1  A9 00              LDA   #<HEAP_END
003407r 1  E5 rr              SBC   heap_ptr
003409r 1  85 rr              STA   eval_val_lo
00340Br 1  A9 98              LDA   #>HEAP_END
00340Dr 1  E5 rr              SBC   heap_ptr+1
00340Fr 1  85 rr              STA   eval_val_hi
003411r 1  38                 SEC
003412r 1  A5 rr              LDA   eval_val_lo
003414r 1  E9 02              SBC   #GC_HDR_BYTES
003416r 1  85 rr              STA   eval_val_lo
003418r 1  A5 rr              LDA   eval_val_hi
00341Ar 1  E9 00              SBC   #0
00341Cr 1  85 rr              STA   eval_val_hi
00341Er 1  64 rr              STZ   eval_val_frac
003420r 1  20 rr rr           JSR   print_uint16
003423r 1               
003423r 1  A2 00              LDX   #0
003425r 1               @suffix:
003425r 1  BD rr rr           LDA   str_bytes_free,X
003428r 1  F0 06              BEQ   @done
00342Ar 1  8D 0E A0           STA   VGC_CHAROUT
00342Dr 1  E8                 INX
00342Er 1  D0 F5              BNE   @suffix
003430r 1               @done:
003430r 1  60                 RTS
003431r 1               
003431r 1               ; =====================================================================
003431r 1               ; RODATA segment — string constants
003431r 1               ; =====================================================================
003431r 1                     .segment "RODATA"
000A6Er 1               
000A6Er 1               str_banner_title:
000A6Er 1  4E 6F 76 61        .byte "Nova LOGO v1.0", $0D, $0A
000A72r 1  20 4C 4F 47  
000A76r 1  4F 20 76 31  
000A7Er 1  00                 .byte 0
000A7Fr 1               str_bytes_free:
000A7Fr 1  20 42 59 54        .byte " BYTES FREE", $0D, $0A, $0D, $0A
000A83r 1  45 53 20 46  
000A87r 1  52 45 45 0D  
000A8Er 1  00                 .byte 0
000A8Fr 1               
000A8Fr 1               str_prompt:
000A8Fr 1  3F 20 00           .byte "? ", 0
000A92r 1               
000A92r 1               ; Extension ROM trampoline — copied to RAM at $0270 during cold_start.
000A92r 1               ; Swaps to extension ROM, calls entry, swaps back to Logo ROM.
000A92r 1               ext_tramp_src:
000A92r 1  A9 04              .byte $A9, ROMSWAP_EXTENSION  ; LDA #ROMSWAP_EXTENSION
000A94r 1  8D 3F A0           .byte $8D, <REG_ROMSWAP, >REG_ROMSWAP  ; STA REG_ROMSWAP
000A97r 1  20 00 C0           .byte $20, $00, $C0          ; JSR $C000
000A9Ar 1  A9 05              .byte $A9, ROMSWAP_LOGO      ; LDA #ROMSWAP_LOGO
000A9Cr 1  8D 3F A0           .byte $8D, <REG_ROMSWAP, >REG_ROMSWAP  ; STA REG_ROMSWAP
000A9Fr 1  60                 .byte $60                     ; RTS
000AA0r 1               
000AA0r 1               ; =====================================================================
000AA0r 1               ; MONITOR segment — reset handler at $FFD7
000AA0r 1               ; =====================================================================
000AA0r 1                     .segment "MONITOR"
000000r 1                     .org  $FFD7
00FFD7  1               
00FFD7  1               RES_vec:
00FFD7  1  D8                 CLD                     ; clear decimal mode
00FFD8  1  A2 FF              LDX   #$FF              ; empty stack
00FFDA  1  9A                 TXS                     ; set the stack
00FFDB  1  4C rr rr           JMP   cold_start
00FFDE  1               
00FFDE  1               ; IRQ/NMI stubs
00FFDE  1               NMI_stub:
00FFDE  1  40                 RTI
00FFDF  1               
00FFDF  1               IRQ_stub:
00FFDF  1  40                 RTI
00FFE0  1               
00FFE0  1               ; =====================================================================
00FFE0  1               ; VECTORS segment — 6502 hardware vectors at $FFFA
00FFE0  1               ; =====================================================================
00FFE0  1                     .segment "VECTORS"
00FFE0  1                     .org  $FFFA
00FFFA  1               
00FFFA  1  DE FF              .word NMI_stub           ; $FFFA — NMI vector
00FFFC  1  D7 FF              .word RES_vec            ; $FFFC — RESET vector
00FFFE  1  DF FF              .word IRQ_stub           ; $FFFE — IRQ vector
00FFFE  1               
