// Auto-generated from basic.bin by nova arty sync-payloads - do not edit.
// Size: 16384 bytes
#pragma once

#include <stdint.h>
#include <stddef.h>

static const size_t EHBASIC_ROM_LEN = 16384;
static const uint8_t EHBASIC_ROM[16384] = {
    0xA0, 0x04, 0xB9, 0xC2, 0xE9, 0x99, 0x00, 0x02, 0x88, 0x10, 0xF7, 0xA9, 0x02, 0x8D, 0x17, 0x03,
    0xA9, 0xFF, 0x8D, 0x18, 0x03, 0xA2, 0xFF, 0x86, 0x88, 0x9A, 0xA9, 0x4C, 0x85, 0xA1, 0xA2, 0x1C,
    0xBD, 0x07, 0xF7, 0x95, 0xBB, 0xCA, 0xD0, 0xF8, 0xA2, 0x12, 0xBD, 0x24, 0xF7, 0x95, 0x00, 0xCA,
    0x10, 0xF8, 0x64, 0xDC, 0x64, 0xDF, 0x64, 0xB2, 0x64, 0x67, 0xA9, 0x07, 0x8D, 0x10, 0xA0, 0x9C,
    0x01, 0xA0, 0xA9, 0x0F, 0x8D, 0x02, 0xA0, 0xA9, 0x0B, 0x8D, 0x0D, 0xA0, 0x9C, 0x00, 0xA0, 0xA9,
    0x0C, 0x20, 0xB9, 0xE9, 0xA9, 0x0E, 0x85, 0x64, 0xA9, 0x03, 0x85, 0xA0, 0xA2, 0x68, 0x86, 0x65,
    0xA0, 0x00, 0xA9, 0x00, 0x85, 0x11, 0xA9, 0x09, 0x85, 0x12, 0xE6, 0x11, 0xD0, 0x08, 0xE6, 0x12,
    0xA5, 0x12, 0xC9, 0xA0, 0xF0, 0x14, 0xA9, 0x55, 0x91, 0x11, 0xD1, 0x11, 0xD0, 0x0C, 0x0A, 0x91,
    0x11, 0xD1, 0x11, 0xD0, 0x05, 0x98, 0x91, 0x11, 0xF0, 0xE0, 0xA5, 0x11, 0xA4, 0x12, 0x85, 0x85,
    0x84, 0x86, 0x85, 0x81, 0x84, 0x82, 0xA0, 0x00, 0xA2, 0x09, 0x84, 0x79, 0x86, 0x7A, 0x98, 0x91,
    0x79, 0xE6, 0x79, 0x20, 0x36, 0xC4, 0x20, 0xC6, 0xE1, 0x20, 0xD0, 0xE9, 0xA5, 0x85, 0x38, 0xE5,
    0x79, 0xAA, 0xA5, 0x86, 0xE5, 0x7A, 0x20, 0x7B, 0xDF, 0xA9, 0x37, 0xA0, 0xF7, 0x20, 0x00, 0xCB,
    0xAD, 0x0D, 0xBA, 0xF0, 0x19, 0xAA, 0x4A, 0x4A, 0x48, 0x8A, 0x29, 0x03, 0x0A, 0x0A, 0x0A, 0x0A,
    0x0A, 0x0A, 0xAA, 0x68, 0x20, 0x7B, 0xDF, 0xA9, 0x45, 0xA0, 0xF7, 0x20, 0x00, 0xCB, 0xA9, 0x58,
    0xA0, 0xF7, 0x20, 0x00, 0xCB, 0xA9, 0x9B, 0xA0, 0xC1, 0x85, 0x01, 0x84, 0x02, 0x20, 0x6C, 0xF6,
    0x6C, 0x01, 0x00, 0x20, 0x40, 0xC1, 0x85, 0x7F, 0x84, 0x80, 0x38, 0xA5, 0xA6, 0xE5, 0xAA, 0xA8,
    0xA5, 0xA7, 0xE5, 0xAB, 0xAA, 0xE8, 0x98, 0xF0, 0x24, 0x38, 0x49, 0xFF, 0x65, 0xA6, 0x85, 0xA6,
    0xB0, 0x03, 0xC6, 0xA7, 0x38, 0x98, 0x49, 0xFF, 0x65, 0xA4, 0x85, 0xA4, 0xB0, 0x08, 0xC6, 0xA5,
    0x90, 0x04, 0xB1, 0xA6, 0x91, 0xA4, 0x88, 0xD0, 0xF9, 0xB1, 0xA6, 0x91, 0xA4, 0xC6, 0xA7, 0xC6,
    0xA5, 0xCA, 0xD0, 0xF2, 0x60, 0x18, 0x69, 0x10, 0x85, 0x78, 0xBA, 0xE4, 0x78, 0x90, 0x2F, 0x60,
    0xC4, 0x82, 0x90, 0x29, 0xD0, 0x04, 0xC5, 0x81, 0x90, 0x23, 0x48, 0xA2, 0x08, 0x98, 0x48, 0xB5,
    0xA3, 0xCA, 0x10, 0xFA, 0x20, 0xDF, 0xD6, 0xA2, 0x00, 0x68, 0x95, 0xA4, 0xE8, 0xE0, 0x08, 0x30,
    0xF8, 0x7A, 0x68, 0xC4, 0x82, 0x90, 0x06, 0xD0, 0x05, 0xC5, 0x81, 0xB0, 0x01, 0x60, 0xA2, 0x0C,
    0xAD, 0xF1, 0xB9, 0xF0, 0x08, 0x9C, 0xF1, 0xB9, 0x20, 0x36, 0xC4, 0x80, 0x1E, 0x20, 0xBF, 0xCA,
    0xBD, 0xD9, 0xFD, 0xBC, 0xDA, 0xFD, 0x20, 0x00, 0xCB, 0x20, 0x72, 0xC4, 0xA9, 0x16, 0xA0, 0xFF,
    0x20, 0x00, 0xCB, 0xA4, 0x88, 0xC8, 0xF0, 0x03, 0x20, 0x70, 0xDF, 0x9C, 0xF1, 0xB9, 0x64, 0xDF,
    0x64, 0xDC, 0xA9, 0x27, 0xA0, 0xFF, 0x20, 0x00, 0xCB, 0x20, 0x8A, 0xC2, 0x86, 0xC3, 0x84, 0xC4,
    0x20, 0xC2, 0x00, 0xF0, 0xF4, 0xA2, 0xFF, 0x86, 0x88, 0x90, 0x06, 0x20, 0xC4, 0xC2, 0x4C, 0x16,
    0xC6, 0x20, 0x88, 0xC9, 0x20, 0xC4, 0xC2, 0x84, 0x5D, 0x20, 0x0A, 0xC4, 0x90, 0x44, 0xA0, 0x01,
    0xB1, 0xAA, 0x85, 0x72, 0xA5, 0x7B, 0x85, 0x71, 0xA5, 0xAB, 0x85, 0x74, 0xA5, 0xAA, 0x88, 0xF1,
    0xAA, 0x18, 0x65, 0x7B, 0x85, 0x7B, 0x85, 0x73, 0xA5, 0x7C, 0x69, 0xFF, 0x85, 0x7C, 0xE5, 0xAB,
    0xAA, 0x38, 0xA5, 0xAA, 0xE5, 0x7B, 0xA8, 0xB0, 0x03, 0xE8, 0xC6, 0x74, 0x18, 0x65, 0x71, 0x90,
    0x03, 0xC6, 0x72, 0x18, 0xB1, 0x71, 0x91, 0x73, 0xC8, 0xD0, 0xF9, 0xE6, 0x72, 0xE6, 0x74, 0xCA,
    0xD0, 0xF2, 0xAD, 0x75, 0x02, 0xF0, 0x3F, 0xA5, 0x85, 0xA4, 0x86, 0x85, 0x81, 0x84, 0x82, 0xA5,
    0x7B, 0x85, 0xA6, 0xA4, 0x7C, 0x84, 0xA7, 0x65, 0x5D, 0x90, 0x01, 0xC8, 0x85, 0xA4, 0x84, 0xA5,
    0x20, 0xF3, 0xC0, 0xA5, 0x7F, 0xA4, 0x80, 0x85, 0x7B, 0x84, 0x7C, 0xA4, 0x5D, 0x88, 0xB9, 0x71,
    0x02, 0x91, 0xAA, 0x88, 0xC0, 0x03, 0xD0, 0xF6, 0xA5, 0x12, 0x91, 0xAA, 0x88, 0xA5, 0x11, 0x91,
    0xAA, 0x88, 0xA9, 0xFF, 0x91, 0xAA, 0x20, 0x4B, 0xC4, 0xA6, 0x79, 0xA5, 0x7A, 0xA0, 0x01, 0x86,
    0x71, 0x85, 0x72, 0xB1, 0x71, 0xF0, 0x18, 0xA0, 0x04, 0xC8, 0xB1, 0x71, 0xD0, 0xFB, 0x38, 0x98,
    0x65, 0x71, 0xAA, 0xA0, 0x00, 0x91, 0x71, 0x98, 0x65, 0x72, 0xC8, 0x91, 0x71, 0x90, 0xE0, 0x4C,
    0xA9, 0xC1, 0x20, 0x18, 0xCB, 0x20, 0x15, 0xCB, 0xD0, 0x00, 0xA9, 0x75, 0x8D, 0x03, 0x03, 0xA9,
    0x02, 0x8D, 0x04, 0x03, 0xA9, 0x7F, 0x8D, 0x05, 0x03, 0x9C, 0x06, 0x03, 0x9C, 0x13, 0x03, 0x9C,
    0x75, 0x02, 0xA9, 0x03, 0xA2, 0x12, 0x20, 0x17, 0xEA, 0xAE, 0x13, 0x03, 0xA9, 0x00, 0x9D, 0x75,
    0x02, 0x9C, 0x0A, 0xA0, 0xA2, 0x75, 0xA0, 0x02, 0x60, 0xC9, 0x61, 0x90, 0x06, 0xC9, 0x7B, 0xB0,
    0x02, 0x29, 0xDF, 0x60, 0xA0, 0xFF, 0x38, 0xA5, 0xC3, 0xE9, 0x75, 0xAA, 0x86, 0x60, 0xBD, 0x75,
    0x02, 0xF0, 0x67, 0x20, 0xB9, 0xC2, 0x9D, 0x75, 0x02, 0xC9, 0x5F, 0xB0, 0x5D, 0xC9, 0x3C, 0xB0,
    0x0E, 0xC9, 0x30, 0xB0, 0x55, 0x85, 0x5C, 0xC9, 0x22, 0xF0, 0x77, 0xC9, 0x2A, 0x90, 0x4B, 0x24,
    0x60, 0x70, 0x47, 0x20, 0x7B, 0xC3, 0xB0, 0xD6, 0x86, 0x78, 0x84, 0xBA, 0xA0, 0x4D, 0x84, 0x73,
    0xA0, 0xF9, 0x84, 0x74, 0xA0, 0x00, 0xD1, 0x73, 0xF0, 0x05, 0x90, 0x2C, 0xC8, 0xD0, 0xF7, 0x98,
    0x0A, 0xAA, 0xBD, 0x6B, 0xF9, 0x85, 0x73, 0xBD, 0x6C, 0xF9, 0x85, 0x74, 0xA0, 0xFF, 0xA6, 0x78,
    0xC8, 0xB1, 0x73, 0x30, 0x13, 0xE8, 0xBD, 0x75, 0x02, 0x20, 0xB9, 0xC2, 0x9D, 0x75, 0x02, 0xB1,
    0x73, 0xDD, 0x75, 0x02, 0xF0, 0xEA, 0xD0, 0x31, 0xA4, 0xBA, 0xE8, 0xC8, 0x99, 0x75, 0x02, 0xC9,
    0x00, 0xD0, 0x03, 0x4C, 0xFF, 0xC3, 0xE9, 0x3A, 0xF0, 0x04, 0xC9, 0x49, 0xD0, 0x02, 0x85, 0x60,
    0x49, 0x57, 0xF0, 0x03, 0x4C, 0xCE, 0xC2, 0x85, 0x5C, 0xBD, 0x75, 0x02, 0xF0, 0xDC, 0xC5, 0x5C,
    0xF0, 0xD8, 0xC8, 0x99, 0x75, 0x02, 0xE8, 0xD0, 0xF0, 0xA6, 0x78, 0xB1, 0x73, 0x08, 0xC8, 0x28,
    0x10, 0xF9, 0xB1, 0x73, 0xD0, 0xAD, 0xBD, 0x75, 0x02, 0x10, 0xBD, 0x84, 0xBA, 0x86, 0x78, 0x64,
    0x5D, 0xA6, 0x78, 0xA5, 0x5D, 0xC9, 0x74, 0xB0, 0x6D, 0x0A, 0xA8, 0xB9, 0x6F, 0xE6, 0x85, 0x73,
    0xB9, 0x70, 0xE6, 0x85, 0x74, 0xA0, 0x00, 0xB1, 0x73, 0xF0, 0x0B, 0x5D, 0x75, 0x02, 0x29, 0xDF,
    0xD0, 0x50, 0xC8, 0xE8, 0xD0, 0xF1, 0x98, 0xF0, 0x38, 0x88, 0xB1, 0x73, 0xC8, 0xC9, 0x28, 0xF0,
    0x30, 0xBD, 0x75, 0x02, 0xC9, 0x30, 0x90, 0x29, 0xC9, 0x3A, 0x90, 0x36, 0xC9, 0x24, 0xF0, 0x32,
    0x29, 0xDF, 0xC9, 0x41, 0x90, 0x1B, 0xC9, 0x5B, 0xB0, 0x17, 0xA4, 0x5D, 0xC0, 0x16, 0xD0, 0x22,
    0xA0, 0x04, 0xD9, 0xDC, 0xC3, 0xF0, 0x0A, 0x88, 0x10, 0xF8, 0x80, 0x16, 0x41, 0x43, 0x4C, 0x4F,
    0x55, 0xA4, 0xBA, 0xC8, 0xA9, 0x01, 0x99, 0x75, 0x02, 0xC8, 0xA5, 0x5D, 0x1A, 0x99, 0x75, 0x02,
    0x38, 0x60, 0xE6, 0x5D, 0x80, 0x8B, 0xA4, 0xBA, 0xA6, 0x78, 0xBD, 0x75, 0x02, 0x18, 0x60, 0xC8,
    0xC8, 0x99, 0x75, 0x02, 0xC8, 0xC8, 0xC8, 0xC6, 0xC3, 0x60, 0xA5, 0x79, 0xA6, 0x7A, 0xA0, 0x01,
    0x85, 0xAA, 0x86, 0xAB, 0xB1, 0xAA, 0xF0, 0x1A, 0xA0, 0x03, 0xB1, 0xAA, 0x88, 0xC5, 0x12, 0xD0,
    0x04, 0xB1, 0xAA, 0xC5, 0x11, 0xB0, 0x09, 0x88, 0xB1, 0xAA, 0xAA, 0x88, 0xB1, 0xAA, 0x90, 0xDE,
    0xF0, 0x01, 0x18, 0x60, 0xD0, 0xFD, 0xA9, 0x00, 0xA8, 0x91, 0x79, 0xC8, 0x91, 0x79, 0x18, 0xA5,
    0x79, 0x69, 0x02, 0x85, 0x7B, 0xA5, 0x7A, 0x69, 0x00, 0x85, 0x7C, 0x9C, 0x0A, 0xA0, 0x18, 0xA5,
    0x79, 0x69, 0xFF, 0x85, 0xC3, 0xA5, 0x7A, 0x69, 0xFF, 0x85, 0xC4, 0xA5, 0x85, 0xA4, 0x86, 0x85,
    0x81, 0x84, 0x82, 0xA5, 0x7B, 0xA4, 0x7C, 0x85, 0x7D, 0x84, 0x7E, 0x85, 0x7F, 0x84, 0x80, 0x20,
    0x6E, 0xC7, 0xA2, 0x68, 0x86, 0x65, 0xFA, 0x68, 0x8E, 0xFE, 0x01, 0x8D, 0xFF, 0x01, 0xA2, 0xFD,
    0x9A, 0x64, 0x61, 0x60, 0xF0, 0xD5, 0x60, 0x90, 0x06, 0xF0, 0x04, 0xC9, 0xCD, 0xD0, 0xF4, 0x20,
    0x88, 0xC9, 0x20, 0x0A, 0xC4, 0x20, 0xC2, 0x00, 0xF0, 0x0C, 0xC9, 0xCD, 0xD0, 0x95, 0x20, 0xBC,
    0x00, 0x20, 0x88, 0xC9, 0xD0, 0x8D, 0xA5, 0x11, 0x05, 0x12, 0xD0, 0x06, 0xA9, 0xFF, 0x85, 0x11,
    0x85, 0x12, 0xA0, 0x01, 0x84, 0x60, 0x20, 0xBF, 0xCA, 0xB1, 0xAA, 0xF0, 0x3E, 0x20, 0x44, 0xC7,
    0xC8, 0xB1, 0xAA, 0xAA, 0xC8, 0xB1, 0xAA, 0xC5, 0x12, 0xD0, 0x04, 0xE4, 0x11, 0xF0, 0x02, 0xB0,
    0x2A, 0x84, 0x97, 0x20, 0x7B, 0xDF, 0xA9, 0x20, 0xA4, 0x97, 0x29, 0x7F, 0x20, 0x1A, 0xCB, 0xC9,
    0x22, 0xD0, 0x06, 0xA5, 0x60, 0x49, 0xFF, 0x85, 0x60, 0xC8, 0xB1, 0xAA, 0xD0, 0x0E, 0xA8, 0xB1,
    0xAA, 0xAA, 0xC8, 0xB1, 0xAA, 0x86, 0xAA, 0x85, 0xAB, 0xD0, 0xB7, 0x60, 0xC9, 0x01, 0xF0, 0x42,
    0xC9, 0x80, 0x90, 0xD8, 0x24, 0x60, 0x30, 0xD4, 0xA2, 0xFB, 0x0A, 0x0A, 0x90, 0x02, 0xE8, 0x18,
    0x69, 0xD9, 0x90, 0x01, 0xE8, 0x85, 0x73, 0x86, 0x74, 0x84, 0x97, 0xA0, 0x00, 0xB1, 0x73, 0xAA,
    0xC8, 0xB1, 0x73, 0xCA, 0xF0, 0xB2, 0x20, 0x1A, 0xCB, 0xC8, 0xB1, 0x73, 0x48, 0xC8, 0xB1, 0x73,
    0xA0, 0x00, 0x85, 0x74, 0x68, 0x85, 0x73, 0xB1, 0x73, 0xCA, 0xF0, 0x9C, 0x20, 0x1A, 0xCB, 0xC8,
    0xD0, 0xF5, 0x24, 0x60, 0x30, 0x96, 0x84, 0x97, 0xC8, 0xB1, 0xAA, 0xC9, 0x75, 0xB0, 0x23, 0xC9,
    0x01, 0x90, 0x1F, 0x3A, 0x0A, 0xAA, 0xBD, 0x6F, 0xE6, 0x85, 0x73, 0xBD, 0x70, 0xE6, 0x85, 0x74,
    0xA0, 0x00, 0xB1, 0x73, 0xF0, 0x06, 0x20, 0x1A, 0xCB, 0xC8, 0xD0, 0xF6, 0xA4, 0x97, 0xC8, 0x4C,
    0xE9, 0xC4, 0xA4, 0x97, 0x4C, 0xDC, 0xC4, 0xA9, 0x80, 0x85, 0x61, 0x20, 0xE5, 0xC9, 0x68, 0x68,
    0xA9, 0x10, 0x20, 0x35, 0xC1, 0x20, 0xC6, 0xC8, 0x18, 0x98, 0x65, 0xC3, 0x48, 0xA5, 0xC4, 0x69,
    0x00, 0x48, 0xA5, 0x88, 0x48, 0xA5, 0x87, 0x48, 0xA9, 0xC3, 0x20, 0x10, 0xCE, 0x20, 0xEB, 0xCC,
    0x20, 0xE8, 0xCC, 0x20, 0xDA, 0xDD, 0xA5, 0xB0, 0x09, 0x7F, 0x25, 0xAD, 0x85, 0xAD, 0xA9, 0xB9,
    0xA0, 0xC5, 0x85, 0x71, 0x84, 0x72, 0x4C, 0x9F, 0xCD, 0xA9, 0xE1, 0xA0, 0xF7, 0x20, 0x7E, 0xDD,
    0x20, 0xC2, 0x00, 0xC9, 0xC8, 0xD0, 0x06, 0x20, 0xBC, 0x00, 0x20, 0xE8, 0xCC, 0x20, 0xEA, 0xDD,
    0x85, 0xB0, 0x20, 0x91, 0xCD, 0xA5, 0x98, 0x48, 0xA5, 0x97, 0x48, 0xA9, 0x81, 0x48, 0x20, 0x44,
    0xC7, 0xA5, 0xC3, 0xA4, 0xC4, 0xA6, 0x88, 0xE8, 0x85, 0x8B, 0x84, 0x8C, 0xA0, 0x00, 0xB1, 0xC3,
    0xF0, 0x07, 0xC9, 0x3A, 0xF0, 0x20, 0x4C, 0x21, 0xCE, 0xA0, 0x02, 0xB1, 0xC3, 0x18, 0xD0, 0x03,
    0x4C, 0x60, 0xC7, 0xC8, 0xB1, 0xC3, 0x85, 0x87, 0xC8, 0xB1, 0xC3, 0x85, 0x88, 0x98, 0x65, 0xC3,
    0x85, 0xC3, 0x90, 0x02, 0xE6, 0xC4, 0x20, 0xBC, 0x00, 0x20, 0x1E, 0xC6, 0x80, 0xC0, 0xD0, 0x03,
    0x4C, 0x7C, 0xC7, 0xC9, 0x01, 0xF0, 0x16, 0x0A, 0xB0, 0x03, 0x4C, 0xE5, 0xC9, 0xC9, 0x82, 0xB0,
    0xC5, 0xA8, 0xB9, 0x09, 0xF8, 0x48, 0xB9, 0x08, 0xF8, 0x48, 0x4C, 0xBC, 0x00, 0x20, 0xBC, 0x00,
    0xA0, 0x00, 0xB1, 0xC3, 0xC9, 0x75, 0xB0, 0x12, 0xC9, 0x01, 0x90, 0x0E, 0x3A, 0x0A, 0xAA, 0xBD,
    0x5D, 0xC6, 0x48, 0xBD, 0x5C, 0xC6, 0x48, 0x4C, 0xBC, 0x00, 0x80, 0x9A, 0x44, 0xF5, 0x94, 0xF4,
    0x9E, 0xF5, 0xA3, 0xF5, 0xA8, 0xF5, 0xF5, 0xC5, 0xC9, 0xF5, 0x03, 0xF6, 0x3D, 0xF6, 0x42, 0xF6,
    0x47, 0xF6, 0x4C, 0xF6, 0x51, 0xF6, 0x61, 0xF6, 0x66, 0xF6, 0x7F, 0xEF, 0xBC, 0xEF, 0x6D, 0xF0,
    0x90, 0xF0, 0xB8, 0xF0, 0xF5, 0xC5, 0xF5, 0xC5, 0x7D, 0xF1, 0xF7, 0xF2, 0xFF, 0xF2, 0x34, 0xF3,
    0xF5, 0xC5, 0xF5, 0xC5, 0x42, 0xF3, 0xF5, 0xC5, 0xF5, 0xC5, 0xF5, 0xC5, 0xF5, 0xC5, 0xF5, 0xC5,
    0xD3, 0xF3, 0xFD, 0xF3, 0xF5, 0xC5, 0xF5, 0xC5, 0xF5, 0xC5, 0xF5, 0xC5, 0x98, 0xF0, 0xA9, 0xF0,
    0xF5, 0xC5, 0xF5, 0xC5, 0xF5, 0xC5, 0xF5, 0xC5, 0xF5, 0xC5, 0xF5, 0xC5, 0x14, 0xF0, 0x3E, 0xF0,
    0xF5, 0xC5, 0xF5, 0xC5, 0xF5, 0xC5, 0xF5, 0xC5, 0xF5, 0xC5, 0xF5, 0xC5, 0xF5, 0xC5, 0xF5, 0xC5,
    0xF5, 0xC5, 0xF5, 0xC5, 0xF5, 0xC5, 0xF5, 0xC5, 0xF5, 0xC5, 0x20, 0xF4, 0x62, 0xF4, 0xF5, 0xC5,
    0xF5, 0xC5, 0xF5, 0xC5, 0xDB, 0xE2, 0xF5, 0xC5, 0x94, 0xF4, 0x82, 0xEB, 0xA2, 0xF4, 0xB0, 0xF4,
    0xBE, 0xF4, 0xF5, 0xC5, 0xF5, 0xC5, 0xF5, 0xC5, 0xCC, 0xF4, 0xD1, 0xF4, 0x28, 0xEC, 0xF5, 0xC5,
    0xF5, 0xC5, 0xF5, 0xC5, 0xF5, 0xC5, 0xF5, 0xC5, 0xF5, 0xC5, 0xF5, 0xC5, 0xF5, 0xC5, 0xF5, 0xC5,
    0xF5, 0xC5, 0xF5, 0xC5, 0xF5, 0xC5, 0xF5, 0xC5, 0xF5, 0xC5, 0xF5, 0xC5, 0xF5, 0xC5, 0xF5, 0xC5,
    0xF5, 0xC5, 0xF5, 0xC5, 0xF5, 0xC5, 0x4E, 0xEB, 0x52, 0xEB, 0x44, 0xF5, 0xF5, 0xC5, 0xF5, 0xC5,
    0x2E, 0xEB, 0x33, 0xEB, 0x3C, 0xEB, 0x45, 0xEB, 0x58, 0xEB, 0xF5, 0xC5, 0xDF, 0xF4, 0xF5, 0xC5,
    0xF5, 0xC5, 0xF5, 0xC5, 0x6C, 0x03, 0x02, 0xC9, 0x03, 0xB0, 0x01, 0x18, 0xD0, 0x5C, 0xA5, 0xC4,
    0xA4, 0xC3, 0x84, 0x8B, 0x85, 0x8C, 0xA5, 0x87, 0xA4, 0x88, 0x85, 0x89, 0x84, 0x8A, 0x68, 0x68,
    0x90, 0x07, 0xA9, 0x0E, 0xA0, 0xFF, 0x4C, 0x90, 0xC1, 0x4C, 0x9B, 0xC1, 0xD0, 0x0F, 0x38, 0xA5,
    0x79, 0xE9, 0x01, 0xA4, 0x7A, 0xB0, 0x01, 0x88, 0x85, 0x8F, 0x84, 0x90, 0x60, 0x20, 0x88, 0xC9,
    0x20, 0xC9, 0xC8, 0xA5, 0x88, 0xC5, 0x12, 0xB0, 0x0B, 0x98, 0x38, 0x65, 0xC3, 0xA6, 0xC4, 0x90,
    0x07, 0xE8, 0xB0, 0x04, 0xA5, 0x79, 0xA6, 0x7A, 0x20, 0x0E, 0xC4, 0xB0, 0x03, 0x4C, 0x9B, 0xC8,
    0xA5, 0xAA, 0xE9, 0x01, 0xA4, 0xAB, 0xB0, 0xD0, 0x90, 0xCD, 0x60, 0xD0, 0xFD, 0xA4, 0x8C, 0xC0,
    0x02, 0xD0, 0x05, 0xA2, 0x1E, 0x4C, 0x70, 0xC1, 0x9C, 0x0A, 0xA0, 0xA9, 0x93, 0x20, 0x64, 0xE4,
    0xA9, 0x93, 0x20, 0x67, 0xE4, 0x84, 0xC4, 0xA5, 0x8B, 0x85, 0xC3, 0xA5, 0x89, 0xA4, 0x8A, 0x85,
    0x87, 0x84, 0x88, 0x60, 0xD0, 0x03, 0x4C, 0x4B, 0xC4, 0x20, 0x5B, 0xC4, 0xF0, 0x2E, 0xA9, 0x05,
    0x20, 0x35, 0xC1, 0xA5, 0xC4, 0x48, 0xA5, 0xC3, 0x48, 0xA5, 0x88, 0x48, 0xA5, 0x87, 0x48, 0xA9,
    0x9D, 0x48, 0x20, 0xC2, 0x00, 0x4C, 0xDE, 0xC5, 0xA9, 0x05, 0x20, 0x35, 0xC1, 0xA5, 0xC4, 0x48,
    0xA5, 0xC3, 0x48, 0xA5, 0x88, 0x48, 0xA5, 0x87, 0x48, 0xA9, 0x8D, 0x48, 0x20, 0xC2, 0x00, 0x20,
    0x15, 0xC8, 0x4C, 0xDE, 0xC5, 0x20, 0x88, 0xC9, 0x20, 0xC9, 0xC8, 0xA5, 0x88, 0xC5, 0x12, 0xB0,
    0x0B, 0x98, 0x38, 0x65, 0xC3, 0xA6, 0xC4, 0x90, 0x07, 0xE8, 0xB0, 0x04, 0xA5, 0x79, 0xA6, 0x7A,
    0x20, 0x0E, 0xC4, 0x90, 0x66, 0xA5, 0xAA, 0xE9, 0x01, 0x85, 0xC3, 0xA5, 0xAB, 0xE9, 0x00, 0x85,
    0xC4, 0x60, 0xA2, 0x22, 0x4C, 0x70, 0xC1, 0xA8, 0xBA, 0xBD, 0x03, 0x01, 0xC9, 0x9D, 0xD0, 0xF2,
    0xE8, 0xE8, 0x9A, 0x98, 0xF0, 0x20, 0xC9, 0x3A, 0xF0, 0x1C, 0xE9, 0xC9, 0xAA, 0xF0, 0x04, 0xCA,
    0xD0, 0x61, 0xCA, 0x86, 0x98, 0x20, 0xBC, 0x00, 0x20, 0xFC, 0xCC, 0xA5, 0xAC, 0xF0, 0x02, 0xA9,
    0xFF, 0xBA, 0x45, 0x98, 0xD0, 0x1A, 0xBD, 0x02, 0x01, 0x85, 0x87, 0xBD, 0x03, 0x01, 0x85, 0x88,
    0xBD, 0x04, 0x01, 0x85, 0xC3, 0xBD, 0x05, 0x01, 0x85, 0xC4, 0x20, 0xC2, 0x00, 0x4C, 0xDE, 0xC5,
    0xE8, 0xE8, 0xE8, 0xE8, 0xE8, 0x9A, 0x80, 0x1D, 0xA2, 0x04, 0x2C, 0xA2, 0x0E, 0x4C, 0x70, 0xC1,
    0xD0, 0x9F, 0x68, 0x68, 0x68, 0xC9, 0x8D, 0xD0, 0xEF, 0x68, 0x85, 0x87, 0x68, 0x85, 0x88, 0x68,
    0x85, 0xC3, 0x68, 0x85, 0xC4, 0x20, 0xC6, 0xC8, 0x98, 0x18, 0x65, 0xC3, 0x85, 0xC3, 0x90, 0x02,
    0xE6, 0xC4, 0x60, 0x4C, 0x21, 0xCE, 0xA2, 0x3A, 0x2C, 0xA2, 0x00, 0xA0, 0x00, 0x84, 0x5C, 0x8A,
    0x45, 0x5C, 0x85, 0x5C, 0xB1, 0xC3, 0xF0, 0xEA, 0xC5, 0x5C, 0xF0, 0xE6, 0xC8, 0xC9, 0x22, 0xD0,
    0xF3, 0xF0, 0xEC, 0x20, 0xFC, 0xCC, 0x20, 0xC2, 0x00, 0xC9, 0xC6, 0xF0, 0x11, 0xC9, 0x89, 0xD0,
    0xD2, 0xA6, 0xC3, 0xA4, 0xC4, 0x20, 0xBC, 0x00, 0xB0, 0xC9, 0x86, 0xC3, 0x84, 0xC4, 0xA5, 0xAC,
    0xF0, 0x1E, 0x20, 0xBC, 0x00, 0xB0, 0x03, 0x4C, 0x15, 0xC8, 0x68, 0x68, 0x20, 0xC2, 0x00, 0x20,
    0x1E, 0xC6, 0xA0, 0x00, 0xB1, 0xC3, 0xC9, 0xC2, 0xD0, 0x03, 0x20, 0xB5, 0xC8, 0x4C, 0xDE, 0xC5,
    0xA0, 0x00, 0xA2, 0x01, 0xC8, 0xB1, 0xC3, 0xF0, 0x0F, 0xC9, 0x8B, 0xD0, 0x03, 0xE8, 0xD0, 0xF4,
    0xC9, 0xC2, 0xD0, 0xF0, 0xCA, 0xD0, 0xED, 0xC8, 0x98, 0x18, 0x65, 0xC3, 0x85, 0xC3, 0x90, 0x02,
    0xE6, 0xC4, 0x20, 0xC2, 0x00, 0x90, 0xC0, 0x4C, 0x1E, 0xC6, 0x20, 0xC9, 0xC8, 0x4C, 0xB8, 0xC8,
    0x4C, 0x21, 0xCE, 0xC9, 0xA9, 0xD0, 0x03, 0x4C, 0x88, 0xE4, 0xC9, 0xAA, 0xD0, 0x03, 0x4C, 0x8C,
    0xE4, 0xC9, 0xB8, 0xD0, 0x03, 0x4C, 0xB5, 0xE4, 0x20, 0x87, 0xD9, 0x48, 0xC9, 0x8D, 0xF0, 0x04,
    0xC9, 0x89, 0xD0, 0xDC, 0xC6, 0xAF, 0xD0, 0x04, 0x68, 0x4C, 0x27, 0xC6, 0x20, 0xBC, 0x00, 0x20,
    0x88, 0xC9, 0xC9, 0x2C, 0xF0, 0xEE, 0x68, 0x60, 0xA2, 0x00, 0x86, 0x11, 0x86, 0x12, 0xB0, 0xF7,
    0xE0, 0x19, 0xA8, 0xB0, 0xDD, 0xE9, 0x2F, 0xA8, 0xA5, 0x11, 0x0A, 0x26, 0x12, 0x0A, 0x26, 0x12,
    0x65, 0x11, 0x85, 0x11, 0x8A, 0x65, 0x12, 0x06, 0x11, 0x2A, 0xAA, 0x98, 0x65, 0x11, 0x85, 0x11,
    0x90, 0x01, 0xE8, 0x20, 0xBC, 0x00, 0x80, 0xD4, 0xA9, 0xE5, 0x2C, 0xA9, 0xE1, 0x48, 0x20, 0xA1,
    0xD2, 0xA6, 0x5F, 0x30, 0x1D, 0x85, 0x97, 0x84, 0x98, 0x20, 0x7E, 0xDD, 0x68, 0x48, 0xA0, 0xF7,
    0x20, 0xC3, 0xDA, 0x20, 0xA4, 0xDD, 0x20, 0xC2, 0x00, 0xC9, 0x2C, 0xD0, 0xA9, 0x20, 0xBC, 0x00,
    0x80, 0xDC, 0x4C, 0xF7, 0xCC, 0x20, 0xA1, 0xD2, 0x85, 0x97, 0x84, 0x98, 0xA9, 0xD7, 0x20, 0x10,
    0xCE, 0xA5, 0x5F, 0x48, 0x20, 0xFC, 0xCC, 0x68, 0x2A, 0x20, 0xEE, 0xCC, 0xB0, 0x03, 0x4C, 0xA4,
    0xDD, 0xA0, 0x02, 0xB1, 0xAE, 0xC5, 0x82, 0x90, 0x17, 0xD0, 0x07, 0x88, 0xB1, 0xAE, 0xC5, 0x81,
    0x90, 0x0E, 0xA4, 0xAF, 0xC4, 0x7C, 0x90, 0x08, 0xD0, 0x0C, 0xA5, 0xAE, 0xC5, 0x7B, 0xB0, 0x06,
    0xA5, 0xAE, 0xA4, 0xAF, 0x80, 0x16, 0xA0, 0x00, 0xB1, 0xAE, 0x20, 0x30, 0xD6, 0xA5, 0x9E, 0xA4,
    0x9F, 0x85, 0xB8, 0x84, 0xB9, 0x20, 0x15, 0xD8, 0xA9, 0xAC, 0xA0, 0x00, 0x85, 0x9E, 0x84, 0x9F,
    0x20, 0x77, 0xD8, 0xA0, 0x00, 0xB1, 0x9E, 0x91, 0x97, 0xC8, 0xB1, 0x9E, 0x91, 0x97, 0xC8, 0xB1,
    0x9E, 0x91, 0x97, 0x60, 0x20, 0xA1, 0xD2, 0x85, 0x97, 0x84, 0x98, 0x20, 0x50, 0xE4, 0xA6, 0x5F,
    0x30, 0x07, 0xA8, 0x20, 0x66, 0xD5, 0x4C, 0xA4, 0xDD, 0x48, 0xA9, 0x01, 0xB0, 0x01, 0x68, 0x20,
    0x38, 0xD6, 0xF0, 0x05, 0x68, 0xA0, 0x00, 0x91, 0xAD, 0x20, 0x85, 0xD6, 0x80, 0x83, 0x20, 0x03,
    0xCB, 0x20, 0xC2, 0x00, 0xF0, 0x39, 0xC9, 0xC1, 0xF0, 0x54, 0xC9, 0xC5, 0xF0, 0x50, 0xC9, 0x2C,
    0xF0, 0x36, 0xC9, 0x3B, 0xF0, 0x64, 0x20, 0xFC, 0xCC, 0x24, 0x5F, 0x30, 0xE1, 0x20, 0x8E, 0xDF,
    0x20, 0x42, 0xD6, 0xA0, 0x00, 0xA5, 0x0F, 0xF0, 0x0A, 0x38, 0xE5, 0x0E, 0xF1, 0xAE, 0xB0, 0x03,
    0x20, 0xBF, 0xCA, 0x20, 0x03, 0xCB, 0xF0, 0xC9, 0x9E, 0x75, 0x02, 0xA2, 0x75, 0xA0, 0x02, 0xA9,
    0x0D, 0x20, 0x1A, 0xCB, 0xA9, 0x0A, 0xD0, 0x52, 0xA5, 0x0E, 0xC5, 0x10, 0x90, 0x05, 0x20, 0xBF,
    0xCA, 0xD0, 0x27, 0x38, 0xE5, 0x64, 0xB0, 0xFC, 0x49, 0xFF, 0x69, 0x01, 0xD0, 0x12, 0x48, 0x20,
    0x72, 0xD9, 0xC9, 0x29, 0xD0, 0x6B, 0x68, 0xC9, 0xC1, 0xD0, 0x06, 0x8A, 0xE5, 0x0E, 0x90, 0x0A,
    0xAA, 0x8A, 0xF0, 0x06, 0x20, 0x15, 0xCB, 0xCA, 0xD0, 0xFA, 0x20, 0xBC, 0x00, 0xD0, 0x87, 0x60,
    0x20, 0x42, 0xD6, 0x20, 0x42, 0xD8, 0xA0, 0x00, 0xAA, 0xF0, 0x39, 0xB1, 0x71, 0x20, 0x1A, 0xCB,
    0xC8, 0xCA, 0xD0, 0xF7, 0x60, 0xA9, 0x20, 0x2C, 0xA9, 0x3F, 0xC9, 0x20, 0x90, 0x19, 0x48, 0xA5,
    0x0F, 0xD0, 0x0A, 0xA5, 0x0E, 0xE5, 0x64, 0xD0, 0x0B, 0x85, 0x0E, 0xF0, 0x07, 0xC5, 0x0E, 0xD0,
    0x03, 0x20, 0xBF, 0xCA, 0xE6, 0x0E, 0x68, 0x20, 0xB9, 0xE9, 0xC9, 0x0D, 0xD0, 0x04, 0x48, 0x64,
    0x0E, 0x68, 0x29, 0xFF, 0x60, 0xA5, 0x62, 0x10, 0x0B, 0xA5, 0x8D, 0xA4, 0x8E, 0x85, 0x87, 0x84,
    0x88, 0x4C, 0x21, 0xCE, 0xA9, 0x42, 0xA0, 0xFF, 0x20, 0x00, 0xCB, 0xA5, 0x8B, 0xA4, 0x8C, 0x85,
    0xC3, 0x84, 0xC4, 0x60, 0xC9, 0x22, 0xD0, 0x0B, 0x20, 0xD6, 0xCD, 0xA9, 0x3B, 0x20, 0x10, 0xCE,
    0x20, 0x03, 0xCB, 0x20, 0x6A, 0xD5, 0x20, 0x82, 0xC2, 0xA9, 0x00, 0xCD, 0x75, 0x02, 0xD0, 0x09,
    0x4C, 0x56, 0xC7, 0xA6, 0x8F, 0xA4, 0x90, 0xA9, 0x80, 0x85, 0x62, 0x86, 0x91, 0x84, 0x92, 0x20,
    0xA1, 0xD2, 0x85, 0x97, 0x84, 0x98, 0xA5, 0xC3, 0xA4, 0xC4, 0x85, 0x11, 0x84, 0x12, 0xA6, 0x91,
    0xA4, 0x92, 0x86, 0xC3, 0x84, 0xC4, 0x20, 0xC2, 0x00, 0xD0, 0x11, 0x24, 0x62, 0x30, 0x64, 0x20,
    0x18, 0xCB, 0x20, 0x82, 0xC2, 0x86, 0xC3, 0x84, 0xC4, 0x20, 0xC2, 0x00, 0x24, 0x5F, 0x10, 0x23,
    0x85, 0x5B, 0xC9, 0x22, 0xF0, 0x07, 0xA9, 0x3A, 0x85, 0x5B, 0xA9, 0x2C, 0x18, 0x85, 0x5C, 0xA5,
    0xC3, 0xA4, 0xC4, 0x69, 0x00, 0x90, 0x01, 0xC8, 0x20, 0x48, 0xD6, 0x20, 0xC3, 0xD9, 0x20, 0x01,
    0xCA, 0x80, 0x06, 0x20, 0xA2, 0xDE, 0x20, 0xA4, 0xDD, 0x20, 0xC2, 0x00, 0xF0, 0x0A, 0xC9, 0x2C,
    0xF0, 0x03, 0x4C, 0x45, 0xCB, 0x20, 0xBC, 0x00, 0xA5, 0xC3, 0xA4, 0xC4, 0x85, 0x91, 0x84, 0x92,
    0xA5, 0x11, 0xA4, 0x12, 0x85, 0xC3, 0x84, 0xC4, 0x20, 0xC2, 0x00, 0xF0, 0x2C, 0x20, 0x1D, 0xCE,
    0x4C, 0x8F, 0xCB, 0x20, 0xC6, 0xC8, 0xC8, 0xAA, 0xD0, 0x12, 0xA2, 0x06, 0xC8, 0xB1, 0xC3, 0xF0,
    0x73, 0xC8, 0xB1, 0xC3, 0x85, 0x8D, 0xC8, 0xB1, 0xC3, 0xC8, 0x85, 0x8E, 0xB1, 0xC3, 0xC8, 0xAA,
    0x20, 0xB8, 0xC8, 0xE0, 0x83, 0xF0, 0x82, 0xD0, 0xDA, 0xA5, 0x91, 0xA4, 0x92, 0xA6, 0x62, 0x10,
    0x03, 0x4C, 0x78, 0xC7, 0xA0, 0x00, 0xB1, 0x91, 0xD0, 0x01, 0x60, 0xA9, 0x31, 0xA0, 0xFF, 0x4C,
    0x00, 0xCB, 0xBA, 0xE8, 0xE8, 0xE8, 0xE8, 0xBD, 0x01, 0x01, 0xC9, 0x81, 0xD0, 0x21, 0xA5, 0x98,
    0xD0, 0x0A, 0xBD, 0x02, 0x01, 0x85, 0x97, 0xBD, 0x03, 0x01, 0x85, 0x98, 0xDD, 0x03, 0x01, 0xD0,
    0x07, 0xA5, 0x97, 0xDD, 0x02, 0x01, 0xF0, 0x07, 0x8A, 0x18, 0x69, 0x10, 0xAA, 0xD0, 0xD8, 0x60,
    0xD0, 0x04, 0xA0, 0x00, 0xF0, 0x03, 0x20, 0xA1, 0xD2, 0x85, 0x97, 0x84, 0x98, 0x20, 0x52, 0xCC,
    0xF0, 0x04, 0xA2, 0x00, 0xF0, 0x63, 0x9A, 0x8A, 0x38, 0xE9, 0xF7, 0x85, 0x73, 0x69, 0xFB, 0xA0,
    0x01, 0x20, 0x7E, 0xDD, 0xBA, 0xBD, 0x08, 0x01, 0x85, 0xB0, 0xA5, 0x97, 0xA4, 0x98, 0x20, 0xC3,
    0xDA, 0x20, 0xA4, 0xDD, 0xA0, 0x01, 0x20, 0x16, 0xDE, 0xBA, 0xDD, 0x08, 0x01, 0xF0, 0x17, 0xBD,
    0x0D, 0x01, 0x85, 0x87, 0xBD, 0x0E, 0x01, 0x85, 0x88, 0xBD, 0x10, 0x01, 0x85, 0xC3, 0xBD, 0x0F,
    0x01, 0x85, 0xC4, 0x4C, 0xDE, 0xC5, 0x8A, 0x69, 0x0F, 0xAA, 0x9A, 0x20, 0xC2, 0x00, 0xC9, 0x2C,
    0xD0, 0xF1, 0x20, 0xBC, 0x00, 0x20, 0x86, 0xCC, 0x20, 0xFC, 0xCC, 0x18, 0x24, 0x38, 0x24, 0x5F,
    0x30, 0x03, 0xB0, 0x03, 0x60, 0xB0, 0xFD, 0xA2, 0x18, 0x4C, 0x70, 0xC1, 0xA6, 0xC3, 0xD0, 0x02,
    0xC6, 0xC4, 0xC6, 0xC3, 0xA9, 0x00, 0x48, 0xA9, 0x02, 0x20, 0x35, 0xC1, 0x20, 0xE5, 0xCD, 0x64,
    0x9B, 0x20, 0xC2, 0x00, 0x38, 0xE9, 0xD6, 0x90, 0x16, 0xC9, 0x03, 0xB0, 0x12, 0xC9, 0x01, 0x2A,
    0x49, 0x01, 0x45, 0x9B, 0xC5, 0x9B, 0x90, 0x66, 0x85, 0x9B, 0x20, 0xBC, 0x00, 0x80, 0xE5, 0xA6,
    0x9B, 0xD0, 0x2C, 0xB0, 0x79, 0x69, 0x0A, 0x90, 0x75, 0xD0, 0x07, 0x24, 0x5F, 0x10, 0x03, 0x4C,
    0xD8, 0xD7, 0x85, 0x71, 0x0A, 0x65, 0x71, 0xA8, 0x68, 0xD9, 0x26, 0xF9, 0xB0, 0x65, 0x20, 0xEB,
    0xCC, 0x48, 0x20, 0x7A, 0xCD, 0x68, 0xA4, 0x99, 0x10, 0x19, 0xAA, 0xF0, 0x76, 0xD0, 0x5D, 0x26,
    0x5F, 0x8A, 0x85, 0x5F, 0x2A, 0xA6, 0xC3, 0xD0, 0x02, 0xC6, 0xC4, 0xC6, 0xC3, 0xA0, 0x24, 0x85,
    0x9B, 0xD0, 0xD5, 0xD9, 0x26, 0xF9, 0xB0, 0x44, 0x90, 0xD7, 0xB9, 0x28, 0xF9, 0x48, 0xB9, 0x27,
    0xF9, 0x48, 0x20, 0x91, 0xCD, 0xA5, 0x9B, 0x48, 0xB9, 0x26, 0xF9, 0x4C, 0x06, 0xCD, 0x4C, 0x21,
    0xCE, 0x68, 0x85, 0x71, 0xE6, 0x71, 0x68, 0x85, 0x72, 0xA5, 0xB0, 0x48, 0x20, 0xDA, 0xDD, 0xA5,
    0xAF, 0x48, 0xA5, 0xAE, 0x48, 0xA5, 0xAD, 0x48, 0xA5, 0xAC, 0x48, 0x6C, 0x71, 0x00, 0xA0, 0xFF,
    0x68, 0xF0, 0x20, 0xC9, 0x64, 0xF0, 0x03, 0x20, 0xEB, 0xCC, 0x84, 0x99, 0x68, 0x4A, 0x85, 0x63,
    0x68, 0x85, 0xB3, 0x68, 0x85, 0xB4, 0x68, 0x85, 0xB5, 0x68, 0x85, 0xB6, 0x68, 0x85, 0xB7, 0x45,
    0xB0, 0x85, 0xB8, 0xA5, 0xAC, 0x60, 0xA5, 0xC3, 0xA4, 0xC4, 0x69, 0x00, 0x90, 0x01, 0xC8, 0x20,
    0x42, 0xD6, 0x4C, 0xC3, 0xD9, 0x20, 0xBC, 0x00, 0xB0, 0x03, 0x4C, 0xA2, 0xDE, 0xC9, 0x01, 0xF0,
    0x5F, 0xAA, 0x30, 0x32, 0xC9, 0x24, 0xF0, 0xF2, 0xC9, 0x25, 0xF0, 0xEE, 0xC9, 0x2E, 0xF0, 0xEA,
    0xC9, 0x22, 0xF0, 0xD2, 0xC9, 0x28, 0xF0, 0x03, 0x4C, 0x32, 0xD1, 0x20, 0x04, 0xCD, 0xA9, 0x29,
    0xA0, 0x00, 0xD1, 0xC3, 0xD0, 0x0B, 0x4C, 0xBC, 0x00, 0xA9, 0x28, 0xD0, 0xF3, 0xA9, 0x2C, 0xD0,
    0xEF, 0xA2, 0x02, 0x4C, 0x70, 0xC1, 0xC9, 0xCD, 0xD0, 0x03, 0x4C, 0x1F, 0xD1, 0xC9, 0xCC, 0xF0,
    0xB4, 0xC9, 0xC7, 0xD0, 0x14, 0xA0, 0x21, 0x4C, 0x21, 0xD1, 0x20, 0x9B, 0xD3, 0xA5, 0xAF, 0x49,
    0xFF, 0xA8, 0xA5, 0xAE, 0x49, 0xFF, 0x4C, 0x59, 0xD5, 0xC9, 0xC4, 0xD0, 0x03, 0x4C, 0xB3, 0xD5,
    0xC9, 0x01, 0xF0, 0x03, 0x4C, 0x17, 0xD1, 0x20, 0xBC, 0x00, 0xA0, 0x00, 0xB1, 0xC3, 0xA2, 0x23,
    0xDD, 0x76, 0xCE, 0xF0, 0x05, 0xCA, 0x10, 0xF8, 0x80, 0xB7, 0x8A, 0x0A, 0xAA, 0xBD, 0x9B, 0xCE,
    0x48, 0xBD, 0x9A, 0xCE, 0x48, 0x60, 0x15, 0x16, 0x06, 0x1E, 0x1F, 0x21, 0x25, 0x27, 0x28, 0x42,
    0x43, 0x44, 0x52, 0x53, 0x54, 0x55, 0x56, 0x57, 0x58, 0x59, 0x5A, 0x5B, 0x5C, 0x5D, 0x5E, 0x5F,
    0x60, 0x61, 0x62, 0x63, 0x64, 0x65, 0x70, 0x72, 0x73, 0x74, 0x08, 0xCF, 0x18, 0xCF, 0xF9, 0xCE,
    0x35, 0xCF, 0x68, 0xCF, 0x7E, 0xCF, 0xA1, 0xCF, 0xAF, 0xCF, 0xBD, 0xCF, 0xCB, 0xCF, 0xD9, 0xCF,
    0xE7, 0xCF, 0xF5, 0xCF, 0xFD, 0xCF, 0x05, 0xD0, 0x0D, 0xD0, 0x15, 0xD0, 0x85, 0xD0, 0x9E, 0xD0,
    0x1D, 0xD0, 0x25, 0xD0, 0x2D, 0xD0, 0x35, 0xD0, 0x3D, 0xD0, 0x45, 0xD0, 0x4D, 0xD0, 0x55, 0xD0,
    0x5D, 0xD0, 0x65, 0xD0, 0x6D, 0xD0, 0x75, 0xD0, 0x7D, 0xD0, 0xE4, 0xD0, 0xEC, 0xD0, 0xE1, 0xCE,
    0xED, 0xCE, 0x20, 0xBC, 0x00, 0xAD, 0x9C, 0xBA, 0x29, 0x7E, 0xA8, 0x4C, 0xE2, 0xD0, 0x20, 0xBC,
    0x00, 0xAD, 0x9D, 0xBA, 0x29, 0x0F, 0xA8, 0x4C, 0xE2, 0xD0, 0xA9, 0x2B, 0x20, 0x26, 0x02, 0xE0,
    0x00, 0xF0, 0x03, 0x4C, 0x29, 0xD4, 0x4C, 0xE2, 0xD0, 0x20, 0xBC, 0x00, 0xAD, 0x50, 0xBA, 0x29,
    0x02, 0xF0, 0x02, 0xA9, 0x01, 0xA8, 0x4C, 0xE2, 0xD0, 0x20, 0xBC, 0x00, 0x20, 0x87, 0xD9, 0x86,
    0x27, 0x20, 0x0E, 0xCE, 0xA6, 0x27, 0xCA, 0xE0, 0x0E, 0xB0, 0x05, 0xBD, 0x51, 0xBA, 0x80, 0x02,
    0xA9, 0x00, 0xA8, 0x4C, 0xE2, 0xD0, 0x20, 0x8F, 0xEA, 0x20, 0xBC, 0x00, 0x20, 0xE8, 0xCC, 0x20,
    0x0E, 0xCE, 0x20, 0x8A, 0xD9, 0x8E, 0x0F, 0x03, 0xA9, 0xFF, 0x20, 0x38, 0xD6, 0xA5, 0xAD, 0x8D,
    0x03, 0x03, 0xA5, 0xAE, 0x8D, 0x04, 0x03, 0xA2, 0x05, 0x20, 0x45, 0xEA, 0xA2, 0x08, 0x20, 0x45,
    0xEA, 0xAD, 0x13, 0x03, 0x85, 0xAC, 0x4C, 0x85, 0xD6, 0x20, 0xBC, 0x00, 0x20, 0x87, 0xD9, 0x86,
    0x27, 0x20, 0x0E, 0xCE, 0xA5, 0x27, 0x29, 0x03, 0xAA, 0xBC, 0x18, 0xA1, 0x4C, 0xE2, 0xD0, 0x20,
    0xBC, 0x00, 0x20, 0x87, 0xD9, 0x86, 0x27, 0x20, 0x0E, 0xCE, 0xA5, 0x27, 0x29, 0x03, 0xAA, 0xBD,
    0x18, 0xA1, 0x29, 0x02, 0xF0, 0x06, 0xA9, 0xFF, 0xA8, 0x4C, 0x59, 0xD5, 0xA9, 0x00, 0xA8, 0x4C,
    0x59, 0xD5, 0x20, 0x8F, 0xEA, 0xA2, 0x59, 0x20, 0x24, 0xEA, 0x20, 0xAF, 0xEA, 0x4C, 0xE2, 0xD0,
    0x20, 0x8F, 0xEA, 0xA2, 0x5A, 0x20, 0x24, 0xEA, 0x20, 0xAF, 0xEA, 0x4C, 0xE2, 0xD0, 0x20, 0x8F,
    0xEA, 0xA2, 0x5B, 0x20, 0x24, 0xEA, 0x20, 0xAF, 0xEA, 0x4C, 0x59, 0xD5, 0x20, 0x8F, 0xEA, 0xA2,
    0x56, 0x20, 0x24, 0xEA, 0x20, 0xAF, 0xEA, 0x4C, 0xE2, 0xD0, 0x20, 0x8F, 0xEA, 0xA2, 0x57, 0x20,
    0x24, 0xEA, 0x20, 0xAF, 0xEA, 0x4C, 0xE2, 0xD0, 0x20, 0x8F, 0xEA, 0xA2, 0x58, 0x20, 0x24, 0xEA,
    0x20, 0xAF, 0xEA, 0x4C, 0x59, 0xD5, 0xA9, 0x17, 0x20, 0x26, 0x02, 0x4C, 0xC7, 0xD0, 0xA9, 0x18,
    0x20, 0x26, 0x02, 0x4C, 0xB8, 0xD0, 0xA9, 0x19, 0x20, 0x26, 0x02, 0x4C, 0xC4, 0xD0, 0xA9, 0x1A,
    0x20, 0x26, 0x02, 0x4C, 0xC4, 0xD0, 0xA9, 0x1B, 0x20, 0x26, 0x02, 0x4C, 0xE2, 0xD0, 0xA9, 0x1C,
    0x20, 0x26, 0x02, 0x4C, 0xC7, 0xD0, 0xA9, 0x1D, 0x20, 0x26, 0x02, 0x4C, 0xC7, 0xD0, 0xA9, 0x1E,
    0x20, 0x26, 0x02, 0x4C, 0xE2, 0xD0, 0xA9, 0x1F, 0x20, 0x26, 0x02, 0x4C, 0xC7, 0xD0, 0xA9, 0x20,
    0x20, 0x26, 0x02, 0x4C, 0xB8, 0xD0, 0xA9, 0x21, 0x20, 0x26, 0x02, 0x4C, 0xC7, 0xD0, 0xA9, 0x22,
    0x20, 0x26, 0x02, 0x4C, 0xC7, 0xD0, 0xA9, 0x11, 0x20, 0x26, 0x02, 0x4C, 0xB8, 0xD0, 0xA9, 0x12,
    0x20, 0x26, 0x02, 0x4C, 0xC7, 0xD0, 0xA9, 0x13, 0x20, 0x26, 0x02, 0x4C, 0xB8, 0xD0, 0xA9, 0x14,
    0x20, 0x26, 0x02, 0x4C, 0xC7, 0xD0, 0xA9, 0x15, 0x20, 0x26, 0x02, 0x4C, 0xB8, 0xD0, 0xA9, 0x16,
    0x20, 0x26, 0x02, 0x4C, 0xC7, 0xD0, 0x20, 0xBC, 0x00, 0xAC, 0x0B, 0xA0, 0xAD, 0xEB, 0xA0, 0x48,
    0x9C, 0x0B, 0xA0, 0x9C, 0xEB, 0xA0, 0xA9, 0x20, 0x8D, 0xF1, 0xA0, 0x68, 0x4C, 0x59, 0xD5, 0x20,
    0xBC, 0x00, 0xAC, 0x0C, 0xA0, 0xAD, 0xEC, 0xA0, 0x48, 0x9C, 0x0C, 0xA0, 0x9C, 0xEC, 0xA0, 0xA9,
    0x40, 0x8D, 0xF1, 0xA0, 0x68, 0x4C, 0x59, 0xD5, 0x46, 0x5F, 0x85, 0xAD, 0x84, 0xAE, 0xA2, 0x90,
    0x38, 0x4C, 0x06, 0xDE, 0x4C, 0xFB, 0xDD, 0x10, 0x14, 0x85, 0x5C, 0x84, 0x5B, 0x38, 0xA9, 0x00,
    0xE5, 0x5B, 0xA8, 0xA9, 0x00, 0xE5, 0x5C, 0x20, 0x59, 0xD5, 0x4C, 0xED, 0xE0, 0x4C, 0x59, 0xD5,
    0xA0, 0x00, 0x4C, 0x8D, 0xD2, 0xA9, 0x38, 0x20, 0x26, 0x02, 0x4C, 0xE2, 0xD0, 0x20, 0xBC, 0x00,
    0x20, 0xFC, 0xCC, 0x20, 0x3F, 0xD8, 0x8E, 0x03, 0x03, 0x8C, 0x04, 0x03, 0x8D, 0x05, 0x03, 0x9C,
    0x06, 0x03, 0x20, 0x0E, 0xCE, 0xA9, 0x03, 0xA2, 0x11, 0x20, 0x17, 0xEA, 0xD0, 0x06, 0x20, 0xAF,
    0xEA, 0x4C, 0x59, 0xD5, 0x4C, 0x29, 0xD4, 0x38, 0xE9, 0xD9, 0xB0, 0x27, 0x4C, 0x21, 0xCE, 0xA0,
    0x1E, 0x68, 0xAA, 0x68, 0xE0, 0xE0, 0xD0, 0x04, 0xC9, 0xD7, 0xF0, 0x03, 0x4C, 0x52, 0xCD, 0x4C,
    0xF7, 0xCC, 0x20, 0xA1, 0xD2, 0x85, 0xAE, 0x84, 0xAF, 0xA6, 0x5F, 0x30, 0x03, 0x4C, 0x7E, 0xDD,
    0x46, 0xB9, 0x60, 0x0A, 0xA8, 0xB9, 0xD9, 0xF8, 0x48, 0xB9, 0xD8, 0xF8, 0x48, 0xB9, 0x8B, 0xF8,
    0xF0, 0x05, 0x48, 0xB9, 0x8A, 0xF8, 0x48, 0x60, 0x20, 0x0B, 0xCE, 0x4C, 0xED, 0xCC, 0x20, 0x0B,
    0xCE, 0x4C, 0xEB, 0xCC, 0x46, 0x5F, 0x4C, 0xBC, 0x00, 0x20, 0x04, 0xCD, 0x20, 0x1D, 0xCE, 0x20,
    0xED, 0xCC, 0xFA, 0x7A, 0xA5, 0xAF, 0x48, 0xA5, 0xAE, 0x48, 0x5A, 0xDA, 0x20, 0x87, 0xD9, 0x8A,
    0x60, 0x20, 0x04, 0xCD, 0x20, 0xEB, 0xCC, 0xA5, 0xAC, 0xC9, 0x98, 0xB0, 0x20, 0x20, 0x4C, 0xDE,
    0xA2, 0x02, 0xB5, 0xAD, 0x95, 0x11, 0xCA, 0x10, 0xF9, 0x20, 0xC2, 0x00, 0xA2, 0x00, 0xC9, 0x29,
    0xF0, 0x0A, 0x20, 0xD2, 0xD9, 0x20, 0xC2, 0x00, 0xC9, 0x29, 0xD0, 0x01, 0x60, 0x4C, 0x29, 0xD4,
    0x20, 0xD7, 0xD1, 0x45, 0x5B, 0xA8, 0xA5, 0xAE, 0x45, 0x5C, 0x4C, 0x59, 0xD5, 0x20, 0xD7, 0xD1,
    0x05, 0x5B, 0xA8, 0xA5, 0xAE, 0x05, 0x5C, 0x4C, 0x59, 0xD5, 0x20, 0xD7, 0xD1, 0x25, 0x5B, 0xA8,
    0xA5, 0xAE, 0x25, 0x5C, 0x4C, 0x59, 0xD5, 0x20, 0x9B, 0xD3, 0xA5, 0xAE, 0x85, 0x5C, 0xA5, 0xAF,
    0x85, 0x5B, 0x20, 0xC8, 0xDA, 0x20, 0x9B, 0xD3, 0xA5, 0xAF, 0x60, 0x20, 0xEE, 0xCC, 0xB0, 0x12,
    0xA5, 0xB7, 0x09, 0x7F, 0x25, 0xB4, 0x85, 0xB4, 0xA9, 0xB3, 0xA0, 0x00, 0x20, 0x14, 0xDE, 0xAA,
    0x80, 0x31, 0x46, 0x5F, 0xC6, 0x9B, 0x20, 0x42, 0xD8, 0x85, 0xAC, 0x86, 0xAD, 0x84, 0xAE, 0xA5,
    0xB5, 0xA4, 0xB6, 0x20, 0x46, 0xD8, 0x86, 0xB5, 0x84, 0xB6, 0xAA, 0x38, 0xE5, 0xAC, 0xF0, 0x08,
    0xA9, 0x01, 0x90, 0x04, 0xA6, 0xAC, 0xA9, 0xFF, 0x85, 0xB0, 0xA0, 0xFF, 0xE8, 0xC8, 0xCA, 0xD0,
    0x07, 0xA6, 0xB0, 0x30, 0x0F, 0x18, 0x90, 0x0C, 0xB1, 0xB5, 0xD1, 0xAD, 0xF0, 0xEF, 0xA2, 0xFF,
    0xB0, 0x02, 0xA2, 0x01, 0xE8, 0x8A, 0x2A, 0x25, 0x63, 0xF0, 0x02, 0xA9, 0xFF, 0x4C, 0xFB, 0xDD,
    0x20, 0x1D, 0xCE, 0xAA, 0x20, 0xA6, 0xD2, 0x20, 0xC2, 0x00, 0xD0, 0xF4, 0x60, 0x20, 0x96, 0xD2,
    0xA5, 0xAE, 0xA6, 0x78, 0xF0, 0x22, 0xE0, 0x10, 0xB0, 0x28, 0x06, 0xAF, 0x2A, 0xCA, 0xD0, 0xFA,
    0xA4, 0xAF, 0x4C, 0x59, 0xD5, 0x20, 0x96, 0xD2, 0xA5, 0xAE, 0xA6, 0x78, 0xF0, 0x0A, 0xE0, 0x10,
    0xB0, 0x10, 0x4A, 0x66, 0xAF, 0xCA, 0xD0, 0xFA, 0xA4, 0xAF, 0x4C, 0x59, 0xD5, 0xA9, 0x00, 0x4C,
    0x59, 0xD5, 0xA0, 0x00, 0x80, 0xF7, 0x20, 0x8A, 0xD9, 0x86, 0x78, 0x20, 0xC8, 0xDA, 0x4C, 0x9B,
    0xD3, 0xA2, 0x00, 0x20, 0xC2, 0x00, 0x86, 0x5E, 0x85, 0x93, 0x29, 0x7F, 0x20, 0x13, 0xD3, 0xB0,
    0x03, 0x4C, 0x21, 0xCE, 0xA2, 0x00, 0x86, 0x5F, 0x20, 0xBC, 0x00, 0x90, 0x05, 0x20, 0x13, 0xD3,
    0x90, 0x0B, 0xAA, 0x20, 0xBC, 0x00, 0x90, 0xFB, 0x20, 0x13, 0xD3, 0xB0, 0xF6, 0xC9, 0x24, 0xD0,
    0x0B, 0xA9, 0xFF, 0x85, 0x5F, 0x8A, 0x09, 0x80, 0xAA, 0x20, 0xBC, 0x00, 0x86, 0x94, 0x05, 0x61,
    0xC9, 0x28, 0xD0, 0x03, 0x4C, 0xBA, 0xD3, 0x64, 0x61, 0xA5, 0x7B, 0xA6, 0x7C, 0xA0, 0x00, 0x86,
    0xAB, 0x85, 0xAA, 0xE4, 0x7E, 0xD0, 0x04, 0xC5, 0x7D, 0xF0, 0x2C, 0xA5, 0x93, 0xD1, 0xAA, 0xD0,
    0x08, 0xA5, 0x94, 0xC8, 0xD1, 0xAA, 0xF0, 0x69, 0x88, 0x18, 0xA5, 0xAA, 0x69, 0x06, 0x90, 0xE1,
    0xE8, 0xD0, 0xDC, 0xC9, 0x61, 0xB0, 0x0A, 0xC9, 0x41, 0x90, 0x05, 0xE9, 0x5B, 0x38, 0xE9, 0xA5,
    0x60, 0xE9, 0x7B, 0x38, 0xE9, 0x85, 0x60, 0x68, 0x48, 0xC9, 0x34, 0xD0, 0x05, 0xA9, 0xE2, 0xA0,
    0xF7, 0x60, 0xA5, 0x7D, 0xA4, 0x7E, 0x85, 0xAA, 0x84, 0xAB, 0xA5, 0x7F, 0xA4, 0x80, 0x85, 0xA6,
    0x84, 0xA7, 0x18, 0x69, 0x06, 0x90, 0x01, 0xC8, 0x85, 0xA4, 0x84, 0xA5, 0x20, 0xF3, 0xC0, 0xA5,
    0xA4, 0xA4, 0xA5, 0xC8, 0x85, 0x7D, 0x84, 0x7E, 0xA0, 0x00, 0xA5, 0x93, 0x91, 0xAA, 0xC8, 0xA5,
    0x94, 0x91, 0xAA, 0xA9, 0x00, 0xC8, 0x91, 0xAA, 0xC8, 0x91, 0xAA, 0xC8, 0x91, 0xAA, 0xC8, 0x91,
    0xAA, 0xA5, 0xAA, 0x18, 0x69, 0x02, 0xA4, 0xAB, 0x90, 0x01, 0xC8, 0x85, 0x95, 0x84, 0x96, 0x60,
    0xA5, 0x5D, 0x0A, 0x69, 0x05, 0x65, 0xAA, 0xA4, 0xAB, 0x90, 0x01, 0xC8, 0x85, 0xA4, 0x84, 0xA5,
    0x60, 0x20, 0xBC, 0x00, 0x20, 0xE8, 0xCC, 0xA5, 0xB0, 0x30, 0x0D, 0xA5, 0xAC, 0xC9, 0x90, 0x90,
    0x09, 0xA9, 0xE9, 0xA0, 0xF7, 0x20, 0x14, 0xDE, 0xD0, 0x7F, 0x4C, 0x4C, 0xDE, 0xA5, 0xB0, 0x30,
    0xF7, 0xA5, 0xAC, 0xC9, 0x91, 0xB0, 0x72, 0x4C, 0xE5, 0xD9, 0xA5, 0x5E, 0x48, 0xA5, 0x5F, 0x48,
    0xA0, 0x00, 0x5A, 0xA5, 0x94, 0x48, 0xA5, 0x93, 0x48, 0x20, 0x91, 0xD3, 0x68, 0x85, 0x93, 0x68,
    0x85, 0x94, 0x7A, 0xBA, 0xBD, 0x02, 0x01, 0x48, 0xBD, 0x01, 0x01, 0x48, 0xA5, 0xAE, 0x9D, 0x02,
    0x01, 0xA5, 0xAF, 0x9D, 0x01, 0x01, 0xC8, 0x20, 0xC2, 0x00, 0xC9, 0x2C, 0xF0, 0xD4, 0x84, 0x5D,
    0x20, 0x0E, 0xCE, 0x68, 0x85, 0x5F, 0x68, 0x85, 0x5E, 0xA6, 0x7D, 0xA5, 0x7E, 0x86, 0xAA, 0x85,
    0xAB, 0xC5, 0x80, 0xD0, 0x04, 0xE4, 0x7F, 0xF0, 0x39, 0xA0, 0x00, 0xB1, 0xAA, 0xC8, 0xC5, 0x93,
    0xD0, 0x06, 0xA5, 0x94, 0xD1, 0xAA, 0xF0, 0x16, 0xC8, 0xB1, 0xAA, 0x18, 0x65, 0xAA, 0xAA, 0xC8,
    0xB1, 0xAA, 0x65, 0xAB, 0x90, 0xD7, 0xA2, 0x10, 0x2C, 0xA2, 0x08, 0x4C, 0x70, 0xC1, 0xA2, 0x12,
    0xA5, 0x5E, 0xD0, 0xF7, 0x20, 0x80, 0xD3, 0xA5, 0x5D, 0xA0, 0x04, 0xD1, 0xAA, 0xD0, 0xE7, 0x4C,
    0xC5, 0xD4, 0x20, 0x80, 0xD3, 0x20, 0x40, 0xC1, 0xA0, 0x00, 0x84, 0xBB, 0xA5, 0x93, 0x91, 0xAA,
    0xC8, 0xA5, 0x94, 0x91, 0xAA, 0xA5, 0x5D, 0xA0, 0x04, 0x84, 0xBA, 0x91, 0xAA, 0x18, 0xA2, 0x0B,
    0xA9, 0x00, 0x24, 0x5E, 0x50, 0x07, 0x68, 0x69, 0x01, 0xAA, 0x68, 0x69, 0x00, 0xC8, 0x91, 0xAA,
    0xC8, 0x8A, 0x91, 0xAA, 0x20, 0x14, 0xD5, 0x86, 0xBA, 0x85, 0xBB, 0xA4, 0x71, 0xC6, 0x5D, 0xD0,
    0xDD, 0x65, 0xA5, 0xB0, 0x5D, 0x85, 0xA5, 0xA8, 0x8A, 0x65, 0xA4, 0x90, 0x03, 0xC8, 0xF0, 0x52,
    0x20, 0x40, 0xC1, 0x85, 0x7F, 0x84, 0x80, 0xA9, 0x00, 0xE6, 0xBB, 0xA4, 0xBA, 0xF0, 0x05, 0x88,
    0x91, 0xA4, 0xD0, 0xFB, 0xC6, 0xA5, 0xC6, 0xBB, 0xD0, 0xF5, 0xE6, 0xA5, 0x38, 0xA0, 0x02, 0xA5,
    0x7F, 0xE5, 0xAA, 0x91, 0xAA, 0xC8, 0xA5, 0x80, 0xE5, 0xAB, 0x91, 0xAA, 0xA5, 0x5E, 0xD0, 0x53,
    0xC8, 0xB1, 0xAA, 0x85, 0x5D, 0xA9, 0x00, 0x85, 0xBA, 0x85, 0xBB, 0xC8, 0x68, 0xAA, 0x85, 0xAE,
    0x68, 0x85, 0xAF, 0xD1, 0xAA, 0x90, 0x0E, 0xD0, 0x06, 0xC8, 0x8A, 0xD1, 0xAA, 0x90, 0x07, 0x4C,
    0x26, 0xD4, 0x4C, 0x6E, 0xC1, 0xC8, 0xA5, 0xBB, 0x05, 0xBA, 0xF0, 0x0A, 0x20, 0x14, 0xD5, 0x8A,
    0x65, 0xAE, 0xAA, 0x98, 0xA4, 0x71, 0x65, 0xAF, 0x86, 0xBA, 0xC6, 0x5D, 0xD0, 0xCB, 0x06, 0xBA,
    0x2A, 0x06, 0xBA, 0x2A, 0xA8, 0xA5, 0xBA, 0x65, 0xA4, 0x85, 0x95, 0x98, 0x65, 0xA5, 0x85, 0x96,
    0xA8, 0xA5, 0x95, 0x60, 0x84, 0x71, 0xB1, 0xAA, 0x85, 0x76, 0x88, 0xB1, 0xAA, 0x85, 0x77, 0xA9,
    0x10, 0x85, 0xA8, 0xA2, 0x00, 0xA0, 0x00, 0x8A, 0x0A, 0xAA, 0x98, 0x2A, 0xA8, 0xB0, 0xB3, 0x06,
    0xBA, 0x26, 0xBB, 0x90, 0x0B, 0x18, 0x8A, 0x65, 0x76, 0xAA, 0x98, 0x65, 0x77, 0xA8, 0xB0, 0xA2,
    0xC6, 0xA8, 0xD0, 0xE3, 0x60, 0xA5, 0x5F, 0x10, 0x03, 0x20, 0x42, 0xD8, 0x20, 0xDF, 0xD6, 0x38,
    0xA5, 0x81, 0xE5, 0x7F, 0xA8, 0xA5, 0x82, 0xE5, 0x80, 0x46, 0x5F, 0x85, 0xAD, 0x84, 0xAE, 0xA2,
    0x90, 0x4C, 0x01, 0xDE, 0xA4, 0x0E, 0xA9, 0x00, 0xF0, 0xEF, 0xA6, 0x88, 0xE8, 0xD0, 0xA4, 0xA2,
    0x16, 0x4C, 0x70, 0xC1, 0x20, 0xA4, 0xD5, 0x85, 0x9C, 0x84, 0x9D, 0x20, 0x6A, 0xD5, 0x20, 0x19,
    0xCE, 0xA9, 0x80, 0x85, 0x61, 0x20, 0xA1, 0xD2, 0x20, 0xEB, 0xCC, 0x20, 0x0E, 0xCE, 0xA9, 0xD7,
    0x20, 0x10, 0xCE, 0xA5, 0x96, 0x48, 0xA5, 0x95, 0x48, 0xA5, 0xC4, 0x48, 0xA5, 0xC3, 0x48, 0x20,
    0xB5, 0xC8, 0x80, 0x6E, 0xA9, 0xC4, 0x20, 0x10, 0xCE, 0x09, 0x80, 0x85, 0x61, 0x20, 0xA8, 0xD2,
    0x4C, 0xEB, 0xCC, 0x20, 0xA4, 0xD5, 0x48, 0x5A, 0x20, 0x19, 0xCE, 0x20, 0xFC, 0xCC, 0x20, 0x0E,
    0xCE, 0x20, 0xEB, 0xCC, 0x68, 0x85, 0x9D, 0x68, 0x85, 0x9C, 0xA2, 0x20, 0xA0, 0x03, 0xB1, 0x9C,
    0xF0, 0x9F, 0x85, 0x96, 0x88, 0xB1, 0x9C, 0x85, 0x95, 0xAA, 0xC8, 0xB1, 0x95, 0x48, 0x88, 0x10,
    0xFA, 0xA4, 0x96, 0x20, 0xA8, 0xDD, 0xA5, 0xC4, 0x48, 0xA5, 0xC3, 0x48, 0xB1, 0x9C, 0x85, 0xC3,
    0xC8, 0xB1, 0x9C, 0x85, 0xC4, 0xA5, 0x96, 0x48, 0xA5, 0x95, 0x48, 0x20, 0xE8, 0xCC, 0x68, 0x85,
    0x9C, 0x68, 0x85, 0x9D, 0x20, 0xC2, 0x00, 0xF0, 0x03, 0x4C, 0x21, 0xCE, 0x68, 0x85, 0xC3, 0x68,
    0x85, 0xC4, 0xA0, 0x00, 0x68, 0x91, 0x9C, 0xC8, 0x68, 0x91, 0x9C, 0xC8, 0x68, 0x91, 0x9C, 0xC8,
    0x68, 0x91, 0x9C, 0x60, 0x20, 0xEB, 0xCC, 0x20, 0x8E, 0xDF, 0xA9, 0xF0, 0xA0, 0x00, 0xF0, 0x12,
    0xA6, 0xAE, 0xA4, 0xAF, 0x86, 0x9E, 0x84, 0x9F, 0x20, 0xAD, 0xD6, 0x86, 0xAD, 0x84, 0xAE, 0x85,
    0xAC, 0x60, 0xA2, 0x22, 0x86, 0x5B, 0x86, 0x5C, 0x85, 0xB8, 0x84, 0xB9, 0x85, 0xAD, 0x84, 0xAE,
    0xA0, 0xFF, 0xC8, 0xB1, 0xB8, 0xF0, 0x0C, 0xC5, 0x5B, 0xF0, 0x04, 0xC5, 0x5C, 0xD0, 0xF3, 0xC9,
    0x22, 0xF0, 0x01, 0x18, 0x84, 0xAC, 0x98, 0x65, 0xB8, 0x85, 0xBA, 0xA6, 0xB9, 0x90, 0x01, 0xE8,
    0x86, 0xBB, 0xA5, 0xB9, 0xF0, 0x04, 0xC9, 0x02, 0xD0, 0x0B, 0x98, 0x20, 0x30, 0xD6, 0xA6, 0xB8,
    0xA4, 0xB9, 0x20, 0x23, 0xD8, 0xA6, 0x65, 0xE0, 0x71, 0xD0, 0x05, 0xA2, 0x1C, 0x4C, 0x70, 0xC1,
    0xA5, 0xAC, 0x95, 0x00, 0xA5, 0xAD, 0x95, 0x01, 0xA5, 0xAE, 0x95, 0x02, 0xA0, 0x00, 0x86, 0xAE,
    0x84, 0xAF, 0x88, 0x84, 0x5F, 0x86, 0x66, 0xE8, 0xE8, 0xE8, 0x86, 0x65, 0x60, 0x46, 0x60, 0x48,
    0x49, 0xFF, 0x38, 0x65, 0x81, 0xA4, 0x82, 0xB0, 0x01, 0x88, 0xC4, 0x80, 0x90, 0x11, 0xD0, 0x04,
    0xC5, 0x7F, 0x90, 0x0B, 0x85, 0x81, 0x84, 0x82, 0x85, 0x83, 0x84, 0x84, 0xAA, 0x68, 0x60, 0xA2,
    0x0C, 0xA5, 0x60, 0x30, 0xB8, 0x20, 0xDF, 0xD6, 0xA9, 0x80, 0x85, 0x60, 0x68, 0xD0, 0xD0, 0xA6,
    0x85, 0xA5, 0x86, 0x86, 0x81, 0x85, 0x82, 0xA0, 0x00, 0x84, 0x9D, 0x84, 0x9C, 0xA5, 0x7F, 0xA6,
    0x80, 0x85, 0xAA, 0x86, 0xAB, 0xA9, 0x68, 0x85, 0x71, 0x84, 0x72, 0xC5, 0x65, 0xF0, 0x05, 0x20,
    0x65, 0xD7, 0xF0, 0xF7, 0x06, 0xA0, 0xA5, 0x7B, 0xA6, 0x7C, 0x85, 0x71, 0x86, 0x72, 0xE4, 0x7E,
    0xD0, 0x04, 0xC5, 0x7D, 0xF0, 0x05, 0x20, 0x5F, 0xD7, 0xF0, 0xF3, 0x85, 0xA4, 0x86, 0xA5, 0xA9,
    0x04, 0x85, 0xA0, 0xA5, 0xA4, 0xA6, 0xA5, 0xE4, 0x80, 0xD0, 0x04, 0xC5, 0x7F, 0xF0, 0x75, 0x85,
    0x71, 0x86, 0x72, 0xA0, 0x02, 0xB1, 0x71, 0x65, 0xA4, 0x85, 0xA4, 0xC8, 0xB1, 0x71, 0x65, 0xA5,
    0x85, 0xA5, 0xA0, 0x01, 0xB1, 0x71, 0x10, 0xDB, 0xA0, 0x04, 0xB1, 0x71, 0x0A, 0x69, 0x05, 0x20,
    0x97, 0xD7, 0xE4, 0xA5, 0xD0, 0x04, 0xC5, 0xA4, 0xF0, 0xCD, 0x20, 0x65, 0xD7, 0xF0, 0xF3, 0xC8,
    0xB1, 0x71, 0x10, 0x30, 0xC8, 0xB1, 0x71, 0xF0, 0x2B, 0xC8, 0xB1, 0x71, 0xAA, 0xC8, 0xB1, 0x71,
    0xC5, 0x82, 0x90, 0x06, 0xD0, 0x1E, 0xE4, 0x81, 0xB0, 0x1A, 0xC5, 0xAB, 0x90, 0x17, 0xD0, 0x04,
    0xE4, 0xAA, 0x90, 0x11, 0x86, 0xAA, 0x85, 0xAB, 0xA5, 0x71, 0xA6, 0x72, 0x85, 0x9C, 0x86, 0x9D,
    0x88, 0x88, 0x84, 0xA2, 0x18, 0xA5, 0xA0, 0x65, 0x71, 0x85, 0x71, 0x90, 0x02, 0xE6, 0x72, 0xA6,
    0x72, 0xA0, 0x00, 0x60, 0xC6, 0xA0, 0xA5, 0x9D, 0x05, 0x9C, 0xF0, 0xF3, 0xA4, 0xA2, 0x18, 0xB1,
    0x9C, 0x65, 0xAA, 0x85, 0xA6, 0xA5, 0xAB, 0x69, 0x00, 0x85, 0xA7, 0xA5, 0x81, 0xA6, 0x82, 0x85,
    0xA4, 0x86, 0xA5, 0x20, 0xFA, 0xC0, 0xA4, 0xA2, 0xC8, 0xA5, 0xA4, 0x91, 0x9C, 0xAA, 0xE6, 0xA5,
    0xA5, 0xA5, 0xC8, 0x91, 0x9C, 0x4C, 0xE3, 0xD6, 0xA5, 0xAF, 0x48, 0xA5, 0xAE, 0x48, 0x20, 0xE5,
    0xCD, 0x20, 0xED, 0xCC, 0x68, 0x85, 0xB8, 0x68, 0x85, 0xB9, 0xA0, 0x00, 0xB1, 0xB8, 0x18, 0x71,
    0xAE, 0x90, 0x05, 0xA2, 0x1A, 0x4C, 0x70, 0xC1, 0x20, 0x30, 0xD6, 0x20, 0x15, 0xD8, 0xA5, 0x9E,
    0xA4, 0x9F, 0x20, 0x46, 0xD8, 0x20, 0x27, 0xD8, 0xA5, 0xB8, 0xA4, 0xB9, 0x20, 0x46, 0xD8, 0x20,
    0x85, 0xD6, 0x4C, 0x11, 0xCD, 0xA0, 0x00, 0xB1, 0xB8, 0x48, 0xC8, 0xB1, 0xB8, 0xAA, 0xC8, 0xB1,
    0xB8, 0xA8, 0x68, 0x86, 0x71, 0x84, 0x72, 0xAA, 0xF0, 0x14, 0xA0, 0x00, 0xB1, 0x71, 0x91, 0x83,
    0xC8, 0xCA, 0xD0, 0xF8, 0x98, 0x18, 0x65, 0x83, 0x85, 0x83, 0x90, 0x02, 0xE6, 0x84, 0x60, 0x20,
    0xED, 0xCC, 0xA5, 0xAE, 0xA4, 0xAF, 0x85, 0x71, 0x84, 0x72, 0x20, 0x77, 0xD8, 0x08, 0xA0, 0x00,
    0xB1, 0x71, 0x48, 0xC8, 0xB1, 0x71, 0xAA, 0xC8, 0xB1, 0x71, 0xA8, 0x68, 0x28, 0xD0, 0x13, 0xC4,
    0x82, 0xD0, 0x0F, 0xE4, 0x81, 0xD0, 0x0B, 0x48, 0x18, 0x65, 0x81, 0x85, 0x81, 0x90, 0x02, 0xE6,
    0x82, 0x68, 0x86, 0x71, 0x84, 0x72, 0x60, 0xC4, 0x67, 0xD0, 0x0C, 0xC5, 0x66, 0xD0, 0x08, 0x85,
    0x65, 0xE9, 0x03, 0x85, 0x66, 0xA0, 0x00, 0x60, 0x20, 0x8A, 0xD9, 0xDA, 0xA9, 0x01, 0x20, 0x38,
    0xD6, 0x68, 0xA0, 0x00, 0x91, 0xAD, 0x4C, 0x85, 0xD6, 0x48, 0x20, 0xF9, 0xD8, 0xD1, 0x9E, 0x98,
    0xF0, 0x09, 0x48, 0x20, 0xF9, 0xD8, 0x18, 0xF1, 0x9E, 0x49, 0xFF, 0x90, 0x04, 0xB1, 0x9E, 0xAA,
    0x98, 0x48, 0x8A, 0x48, 0x20, 0x38, 0xD6, 0xA5, 0x9E, 0xA4, 0x9F, 0x20, 0x46, 0xD8, 0x7A, 0x68,
    0x18, 0x65, 0x71, 0x85, 0x71, 0x90, 0x02, 0xE6, 0x72, 0x98, 0x20, 0x27, 0xD8, 0x4C, 0x85, 0xD6,
    0x48, 0xA9, 0xFF, 0x85, 0xAF, 0x20, 0xC2, 0x00, 0xC9, 0x29, 0xF0, 0x06, 0x20, 0x1D, 0xCE, 0x20,
    0x87, 0xD9, 0x20, 0xF9, 0xD8, 0xCA, 0x8A, 0x48, 0x18, 0xA2, 0x00, 0xF1, 0x9E, 0xB0, 0xC3, 0x49,
    0xFF, 0xC5, 0xAF, 0x90, 0xBE, 0xA5, 0xAF, 0xB0, 0xBA, 0x20, 0x0E, 0xCE, 0x68, 0x85, 0xA2, 0x68,
    0x85, 0xA3, 0x68, 0xAA, 0x68, 0x85, 0x9E, 0x68, 0x85, 0x9F, 0xA0, 0x00, 0x8A, 0xF0, 0x60, 0xE6,
    0xA2, 0x6C, 0xA2, 0x00, 0x20, 0x3F, 0xD8, 0x85, 0xAC, 0xA8, 0xF0, 0x38, 0x20, 0x38, 0xD6, 0x86,
    0xAD, 0x84, 0xAE, 0xA8, 0x88, 0xB1, 0x71, 0x20, 0x17, 0xD3, 0x90, 0x02, 0x09, 0x20, 0x91, 0x83,
    0x98, 0xD0, 0xF1, 0xF0, 0x1F, 0x20, 0x3F, 0xD8, 0x85, 0xAC, 0xA8, 0xF0, 0x17, 0x20, 0x38, 0xD6,
    0x86, 0xAD, 0x84, 0xAE, 0xA8, 0x88, 0xB1, 0x71, 0x20, 0x13, 0xD3, 0x90, 0x02, 0x29, 0xDF, 0x91,
    0x83, 0x98, 0xD0, 0xF1, 0x4C, 0x85, 0xD6, 0x20, 0x5D, 0xD9, 0x4C, 0x66, 0xD5, 0x20, 0x3F, 0xD8,
    0xA8, 0x60, 0x20, 0x5D, 0xD9, 0xF0, 0x08, 0xA0, 0x00, 0xB1, 0x71, 0xA8, 0x4C, 0x66, 0xD5, 0x4C,
    0x29, 0xD4, 0x20, 0xBC, 0x00, 0x20, 0xE8, 0xCC, 0x20, 0xAD, 0xD3, 0x4C, 0xC2, 0x00, 0x20, 0xE8,
    0xCC, 0x20, 0x9B, 0xD3, 0x4C, 0xC2, 0x00, 0x20, 0xE8, 0xCC, 0x20, 0x97, 0xD3, 0xA4, 0xAE, 0xD0,
    0xDE, 0xA6, 0xAF, 0x4C, 0xC2, 0x00, 0x20, 0x5D, 0xD9, 0xD0, 0x03, 0x4C, 0x55, 0xDB, 0x48, 0xC8,
    0x98, 0x20, 0x38, 0xD6, 0x68, 0x20, 0x27, 0xD8, 0xA9, 0x00, 0xA8, 0x91, 0x83, 0xA6, 0xC3, 0xA4,
    0xC4, 0x86, 0xBA, 0x84, 0xBB, 0xA6, 0xAD, 0xA4, 0xAE, 0x86, 0xC3, 0x84, 0xC4, 0x20, 0xC2, 0x00,
    0x20, 0xA2, 0xDE, 0xA6, 0xBA, 0xA4, 0xBB, 0x86, 0xC3, 0x84, 0xC4, 0x60, 0x20, 0xE8, 0xCC, 0x20,
    0xE5, 0xD9, 0x20, 0x1D, 0xCE, 0xA5, 0x12, 0x48, 0xA5, 0x11, 0x48, 0x20, 0x87, 0xD9, 0x68, 0x85,
    0x11, 0x68, 0x85, 0x12, 0x60, 0xA5, 0xAC, 0xC9, 0x98, 0xB0, 0x84, 0x20, 0x4C, 0xDE, 0xA5, 0xAE,
    0xA4, 0xAF, 0x84, 0x11, 0x85, 0x12, 0x60, 0x20, 0xE5, 0xD9, 0xA2, 0x00, 0xA1, 0x11, 0xA8, 0x4C,
    0x66, 0xD5, 0x20, 0xCC, 0xD9, 0x8A, 0xA2, 0x00, 0x81, 0x11, 0x60, 0x20, 0xE5, 0xD9, 0xA2, 0x00,
    0xA1, 0x11, 0xA8, 0xE6, 0x11, 0xD0, 0x02, 0xE6, 0x12, 0xA1, 0x11, 0x4C, 0x59, 0xD5, 0x20, 0xE8,
    0xCC, 0x20, 0xE5, 0xD9, 0x84, 0x97, 0x85, 0x98, 0x20, 0x1D, 0xCE, 0x20, 0xE8, 0xCC, 0x20, 0xE5,
    0xD9, 0x98, 0xA2, 0x00, 0x81, 0x97, 0xE6, 0x97, 0xD0, 0x02, 0xE6, 0x98, 0xA5, 0x12, 0x81, 0x97,
    0x4C, 0xC2, 0x00, 0x20, 0xE8, 0xCC, 0x20, 0xE5, 0xD9, 0xA5, 0x11, 0x85, 0xE5, 0xA5, 0x12, 0x85,
    0xE6, 0x64, 0xE7, 0x64, 0xE8, 0x64, 0xE9, 0x20, 0xC2, 0x00, 0xC9, 0x2C, 0xD0, 0x26, 0x20, 0x1D,
    0xCE, 0x20, 0x87, 0xD9, 0x86, 0xE7, 0x20, 0xC2, 0x00, 0xC9, 0x2C, 0xD0, 0x17, 0x20, 0x1D, 0xCE,
    0x20, 0x87, 0xD9, 0x86, 0xE8, 0x20, 0xC2, 0x00, 0xC9, 0x2C, 0xD0, 0x08, 0x20, 0x1D, 0xCE, 0x20,
    0x87, 0xD9, 0x86, 0xE9, 0xA9, 0xDA, 0x48, 0xA9, 0x92, 0x48, 0xA4, 0xE9, 0xA6, 0xE8, 0xA5, 0xE7,
    0x6C, 0xE5, 0x00, 0x85, 0xE7, 0x86, 0xE8, 0x84, 0xE9, 0x4C, 0xC2, 0x00, 0xA9, 0x01, 0x8D, 0x0A,
    0xA0, 0x60, 0x9C, 0x0A, 0xA0, 0x4C, 0xB8, 0xCA, 0x60, 0x20, 0x8E, 0xDC, 0xA5, 0xB0, 0x49, 0xFF,
    0x85, 0xB0, 0x45, 0xB7, 0x85, 0xB8, 0xA5, 0xAC, 0x80, 0x0C, 0x20, 0xDF, 0xDB, 0x90, 0x4D, 0xA9,
    0xEA, 0xA0, 0xF7, 0x20, 0x8E, 0xDC, 0xD0, 0x10, 0xA5, 0xB7, 0x85, 0xB0, 0xA2, 0x04, 0xB5, 0xB2,
    0x95, 0xAB, 0xCA, 0xD0, 0xF9, 0x86, 0xB9, 0x60, 0xA6, 0xB9, 0x86, 0xA3, 0xA2, 0xB3, 0xA5, 0xB3,
    0xA8, 0xF0, 0xC5, 0x38, 0xE5, 0xAC, 0xF0, 0x24, 0x90, 0x12, 0x84, 0xAC, 0xA4, 0xB7, 0x84, 0xB0,
    0x49, 0xFF, 0x69, 0x00, 0xA0, 0x00, 0x84, 0xA3, 0xA2, 0xAC, 0xD0, 0x04, 0xA0, 0x00, 0x84, 0xB9,
    0xC9, 0xF9, 0x30, 0xB6, 0xA8, 0xA5, 0xB9, 0x56, 0x01, 0x20, 0xF6, 0xDB, 0x24, 0xB8, 0x10, 0x4C,
    0xA0, 0xAC, 0xE0, 0xB3, 0xF0, 0x02, 0xA0, 0xB3, 0x38, 0x49, 0xFF, 0x65, 0xA3, 0x85, 0xB9, 0xB9,
    0x03, 0x00, 0xF5, 0x03, 0x85, 0xAF, 0xB9, 0x02, 0x00, 0xF5, 0x02, 0x85, 0xAE, 0xB9, 0x01, 0x00,
    0xF5, 0x01, 0x85, 0xAD, 0xB0, 0x03, 0x20, 0x9B, 0xDB, 0xA0, 0x00, 0x98, 0x18, 0xA6, 0xAD, 0xD0,
    0x3E, 0xA6, 0xAE, 0x86, 0xAD, 0xA6, 0xAF, 0x86, 0xAE, 0xA6, 0xB9, 0x86, 0xAF, 0x84, 0xB9, 0x69,
    0x08, 0xC9, 0x18, 0xD0, 0xE8, 0xA9, 0x00, 0x85, 0xAC, 0x85, 0xB0, 0x60, 0x65, 0xA3, 0x85, 0xB9,
    0xA5, 0xAF, 0x65, 0xB6, 0x85, 0xAF, 0xA5, 0xAE, 0x65, 0xB5, 0x85, 0xAE, 0xA5, 0xAD, 0x65, 0xB4,
    0x85, 0xAD, 0xB0, 0x1A, 0x60, 0x69, 0x01, 0x06, 0xB9, 0x26, 0xAF, 0x26, 0xAE, 0x26, 0xAD, 0x10,
    0xF4, 0x38, 0xE5, 0xAC, 0xB0, 0xCF, 0x49, 0xFF, 0x69, 0x01, 0x85, 0xAC, 0x90, 0x0C, 0xE6, 0xAC,
    0xF0, 0x36, 0x66, 0xAD, 0x66, 0xAE, 0x66, 0xAF, 0x66, 0xB9, 0x60, 0xA5, 0xB0, 0x49, 0xFF, 0x85,
    0xB0, 0xA5, 0xAD, 0x49, 0xFF, 0x85, 0xAD, 0xA5, 0xAE, 0x49, 0xFF, 0x85, 0xAE, 0xA5, 0xAF, 0x49,
    0xFF, 0x85, 0xAF, 0xA5, 0xB9, 0x49, 0xFF, 0x85, 0xB9, 0xE6, 0xB9, 0xD0, 0x0A, 0xE6, 0xAF, 0xD0,
    0x06, 0xE6, 0xAE, 0xD0, 0x02, 0xE6, 0xAD, 0x60, 0xA2, 0x0A, 0x4C, 0x70, 0xC1, 0xA2, 0x74, 0xB4,
    0x03, 0x84, 0xB9, 0xB4, 0x02, 0x94, 0x03, 0xB4, 0x01, 0x94, 0x02, 0xA4, 0xB2, 0x94, 0x01, 0x69,
    0x08, 0x30, 0xEC, 0xF0, 0xEA, 0xE9, 0x08, 0xA8, 0xA5, 0xB9, 0xB0, 0x12, 0x16, 0x01, 0x90, 0x02,
    0xF6, 0x01, 0x76, 0x01, 0x76, 0x01, 0x76, 0x02, 0x76, 0x03, 0x6A, 0xC8, 0xD0, 0xEE, 0x18, 0x60,
    0x20, 0xEA, 0xDD, 0xF0, 0x02, 0x10, 0x03, 0x4C, 0x29, 0xD4, 0xA5, 0xAC, 0xE9, 0x7F, 0x48, 0xA9,
    0x80, 0x85, 0xAC, 0xA9, 0x6A, 0xA0, 0xF7, 0x20, 0xC3, 0xDA, 0xA9, 0x6E, 0xA0, 0xF7, 0x20, 0x03,
    0xDD, 0xA9, 0xE1, 0xA0, 0xF7, 0x20, 0xA9, 0xDA, 0xA9, 0x5D, 0xA0, 0xF7, 0x20, 0x46, 0xE1, 0xA9,
    0x72, 0xA0, 0xF7, 0x20, 0xC3, 0xDA, 0x68, 0x20, 0x3F, 0xDF, 0xA9, 0x76, 0xA0, 0xF7, 0x20, 0x8E,
    0xDC, 0xF0, 0x4A, 0x20, 0xB4, 0xDC, 0x64, 0x75, 0x64, 0x76, 0x64, 0x77, 0xA5, 0xB9, 0x20, 0x63,
    0xDC, 0xA5, 0xAF, 0x20, 0x63, 0xDC, 0xA5, 0xAE, 0x20, 0x63, 0xDC, 0xA5, 0xAD, 0x20, 0x69, 0xDC,
    0x4C, 0x6F, 0xDD, 0xD0, 0x04, 0x38, 0x4C, 0xCD, 0xDB, 0x38, 0x6A, 0xA8, 0x90, 0x13, 0x18, 0xA5,
    0x77, 0x65, 0xB6, 0x85, 0x77, 0xA5, 0x76, 0x65, 0xB5, 0x85, 0x76, 0xA5, 0x75, 0x65, 0xB4, 0x85,
    0x75, 0x66, 0x75, 0x66, 0x76, 0x66, 0x77, 0x66, 0xB9, 0x98, 0x4A, 0xD0, 0xDE, 0x60, 0x85, 0x71,
    0x84, 0x72, 0xA0, 0x03, 0xB1, 0x71, 0x85, 0xB6, 0x88, 0xB1, 0x71, 0x85, 0xB5, 0x88, 0xB1, 0x71,
    0x85, 0xB7, 0x45, 0xB0, 0x85, 0xB8, 0xA5, 0xB7, 0x09, 0x80, 0x85, 0xB4, 0x88, 0xB1, 0x71, 0x85,
    0xB3, 0xA5, 0xAC, 0x60, 0xA5, 0xB3, 0xF0, 0x1D, 0x18, 0x65, 0xAC, 0x90, 0x04, 0x30, 0x31, 0x18,
    0x2C, 0x10, 0x12, 0x69, 0x80, 0x85, 0xAC, 0xD0, 0x03, 0x4C, 0x59, 0xDB, 0xA5, 0xB8, 0x85, 0xB0,
    0x60, 0xA5, 0xB0, 0x10, 0x1B, 0x68, 0x68, 0x4C, 0x55, 0xDB, 0x20, 0xCB, 0xDD, 0xAA, 0xF0, 0xF0,
    0x18, 0x69, 0x02, 0xB0, 0x0B, 0xA2, 0x00, 0x86, 0xB8, 0x20, 0xE0, 0xDA, 0xE6, 0xAC, 0xD0, 0xE0,
    0x4C, 0xC8, 0xDB, 0x20, 0xCB, 0xDD, 0xA9, 0xF2, 0xA0, 0xF7, 0xA2, 0x00, 0x86, 0xB8, 0x20, 0x7E,
    0xDD, 0x80, 0x03, 0x20, 0x8E, 0xDC, 0xF0, 0x62, 0x20, 0xDA, 0xDD, 0xA9, 0x00, 0x38, 0xE5, 0xAC,
    0x85, 0xAC, 0x20, 0xB4, 0xDC, 0xE6, 0xAC, 0xF0, 0xD7, 0xA2, 0xFF, 0xA9, 0x01, 0xA4, 0xB4, 0xC4,
    0xAD, 0xD0, 0x0A, 0xA4, 0xB5, 0xC4, 0xAE, 0xD0, 0x04, 0xA4, 0xB6, 0xC4, 0xAF, 0x08, 0x2A, 0x90,
    0x0E, 0xA0, 0x01, 0xE8, 0xE0, 0x02, 0x30, 0x04, 0xD0, 0x28, 0xA0, 0x40, 0x95, 0x75, 0x98, 0x28,
    0x90, 0x14, 0xA8, 0xA5, 0xB6, 0xE5, 0xAF, 0x85, 0xB6, 0xA5, 0xB5, 0xE5, 0xAE, 0x85, 0xB5, 0xA5,
    0xB4, 0xE5, 0xAD, 0x85, 0xB4, 0x98, 0x06, 0xB6, 0x26, 0xB5, 0x26, 0xB4, 0xB0, 0xCF, 0x30, 0xBD,
    0x10, 0xCB, 0x4A, 0x6A, 0x6A, 0x85, 0xB9, 0x28, 0x80, 0x05, 0xA2, 0x14, 0x4C, 0x70, 0xC1, 0xA5,
    0x75, 0x85, 0xAD, 0xA5, 0x76, 0x85, 0xAE, 0xA5, 0x77, 0x85, 0xAF, 0x4C, 0x39, 0xDB, 0x85, 0x71,
    0x84, 0x72, 0xA0, 0x03, 0xB1, 0x71, 0x85, 0xAF, 0x88, 0xB1, 0x71, 0x85, 0xAE, 0x88, 0xB1, 0x71,
    0x85, 0xB0, 0x09, 0x80, 0x85, 0xAD, 0x88, 0xB1, 0x71, 0x85, 0xAC, 0x84, 0xB9, 0x60, 0xA2, 0xA4,
    0xA0, 0x00, 0xF0, 0x04, 0xA6, 0x97, 0xA4, 0x98, 0x20, 0xDA, 0xDD, 0x86, 0x71, 0x84, 0x72, 0xA0,
    0x03, 0xA5, 0xAF, 0x91, 0x71, 0x88, 0xA5, 0xAE, 0x91, 0x71, 0x88, 0xA5, 0xB0, 0x09, 0x7F, 0x25,
    0xAD, 0x91, 0x71, 0x88, 0xA5, 0xAC, 0x91, 0x71, 0x84, 0xB9, 0x60, 0x20, 0xDA, 0xDD, 0xA2, 0x05,
    0xB5, 0xAB, 0x95, 0xB2, 0xCA, 0xD0, 0xF9, 0x86, 0xB9, 0x60, 0xA5, 0xAC, 0xF0, 0xFB, 0x06, 0xB9,
    0x90, 0xF7, 0x20, 0xBD, 0xDB, 0xD0, 0xF2, 0x4C, 0x8E, 0xDB, 0xA5, 0xAC, 0xF0, 0x09, 0xA5, 0xB0,
    0x2A, 0xA9, 0xFF, 0xB0, 0x02, 0xA9, 0x01, 0x60, 0x20, 0xEA, 0xDD, 0x85, 0xAD, 0x64, 0xAE, 0xA2,
    0x88, 0xA5, 0xAD, 0x49, 0xFF, 0x2A, 0x64, 0xAF, 0x86, 0xAC, 0x64, 0xB9, 0x64, 0xB0, 0x4C, 0x34,
    0xDB, 0x46, 0xB0, 0x60, 0x85, 0x73, 0x84, 0x74, 0xA0, 0x00, 0xB1, 0x73, 0xC8, 0xAA, 0xF0, 0xCA,
    0xB1, 0x73, 0x45, 0xB0, 0x30, 0xC8, 0xE4, 0xAC, 0xD0, 0x1A, 0xB1, 0x73, 0x09, 0x80, 0xC5, 0xAD,
    0xD0, 0x12, 0xC8, 0xB1, 0x73, 0xC5, 0xAE, 0xD0, 0x0B, 0xC8, 0xA9, 0x7F, 0xC5, 0xB9, 0xB1, 0x73,
    0xE5, 0xAF, 0xF0, 0x27, 0xA5, 0xB0, 0x90, 0x02, 0x49, 0xFF, 0x80, 0xA4, 0xA5, 0xAC, 0xF0, 0x4A,
    0x38, 0xE9, 0x98, 0x24, 0xB0, 0x10, 0x09, 0xAA, 0xA9, 0xFF, 0x85, 0xB2, 0x20, 0xA1, 0xDB, 0x8A,
    0xA2, 0xAC, 0xC9, 0xF9, 0x10, 0x06, 0x20, 0xDF, 0xDB, 0x84, 0xB2, 0x60, 0xA8, 0xA5, 0xB0, 0x29,
    0x80, 0x46, 0xAD, 0x05, 0xAD, 0x85, 0xAD, 0x20, 0xF6, 0xDB, 0x84, 0xB2, 0x60, 0xA5, 0xAC, 0xC9,
    0x98, 0xB0, 0x1E, 0x20, 0x4C, 0xDE, 0x84, 0xB9, 0xA5, 0xB0, 0x84, 0xB0, 0x49, 0x80, 0x2A, 0xA9,
    0x98, 0x85, 0xAC, 0xA5, 0xAF, 0x85, 0x5B, 0x4C, 0x34, 0xDB, 0x85, 0xAD, 0x85, 0xAE, 0x85, 0xAF,
    0xA8, 0x60, 0xA0, 0x00, 0x84, 0x5F, 0xA2, 0x09, 0x94, 0xA8, 0xCA, 0x10, 0xFB, 0x90, 0x7E, 0xC9,
    0x2D, 0xD0, 0x04, 0x86, 0xB1, 0xF0, 0x04, 0xC9, 0x2B, 0xD0, 0x05, 0x20, 0xBC, 0x00, 0x90, 0x6D,
    0xC9, 0x24, 0xD0, 0x03, 0x4C, 0xBE, 0xE3, 0xC9, 0x25, 0xD0, 0x08, 0x4C, 0xEC, 0xE3, 0x20, 0xBC,
    0x00, 0x90, 0x5A, 0xC9, 0x2E, 0xF0, 0x2D, 0xC9, 0x45, 0xD0, 0x2F, 0x20, 0xBC, 0x00, 0x90, 0x17,
    0xC9, 0xCD, 0xF0, 0x0E, 0xC9, 0x2D, 0xF0, 0x0A, 0xC9, 0xCC, 0xF0, 0x08, 0xC9, 0x2B, 0xF0, 0x04,
    0xD0, 0x07, 0x66, 0xAB, 0x20, 0xBC, 0x00, 0x90, 0x59, 0x24, 0xAB, 0x10, 0x0D, 0xA9, 0x00, 0x38,
    0xE5, 0xA9, 0x80, 0x08, 0x66, 0xAA, 0x24, 0xAA, 0x50, 0xC4, 0xA5, 0xA9, 0x38, 0xE5, 0xA8, 0x85,
    0xA9, 0xF0, 0x12, 0x10, 0x09, 0x20, 0xF3, 0xDC, 0xE6, 0xA9, 0xD0, 0xF9, 0xF0, 0x07, 0x20, 0xDA,
    0xDC, 0xC6, 0xA9, 0xD0, 0xF9, 0xA5, 0xB1, 0x30, 0x01, 0x60, 0x4C, 0xED, 0xE0, 0x48, 0x24, 0xAA,
    0x10, 0x02, 0xE6, 0xA8, 0x20, 0xDA, 0xDC, 0x68, 0x29, 0x0F, 0x20, 0x3F, 0xDF, 0x80, 0x8F, 0x48,
    0x20, 0xCB, 0xDD, 0x68, 0x20, 0xFB, 0xDD, 0xA5, 0xB7, 0x45, 0xB0, 0x85, 0xB8, 0xA6, 0xAC, 0x4C,
    0xC6, 0xDA, 0xA5, 0xA9, 0xC9, 0x0A, 0x90, 0x09, 0xA9, 0x64, 0x24, 0xAB, 0x30, 0x0E, 0x4C, 0xC8,
    0xDB, 0x0A, 0x0A, 0x65, 0xA9, 0x0A, 0xA0, 0x00, 0x71, 0xC3, 0xE9, 0x2F, 0x85, 0xA9, 0x80, 0x84,
    0xA9, 0x1D, 0xA0, 0xFF, 0x20, 0x00, 0xCB, 0xA5, 0x88, 0xA6, 0x87, 0x85, 0xAD, 0x86, 0xAE, 0xA2,
    0x90, 0x38, 0x20, 0x06, 0xDE, 0xA0, 0x00, 0x98, 0x20, 0x9B, 0xDF, 0x4C, 0x00, 0xCB, 0xA0, 0x01,
    0xA9, 0x20, 0x24, 0xB0, 0x10, 0x02, 0xA9, 0x2D, 0x99, 0xEF, 0x00, 0x85, 0xB0, 0x84, 0xBA, 0xC8,
    0xA6, 0xAC, 0xD0, 0x05, 0xA9, 0x30, 0x4C, 0xA7, 0xE0, 0xA9, 0x00, 0xE0, 0x81, 0xB0, 0x09, 0xA9,
    0x82, 0xA0, 0xF7, 0x20, 0x3E, 0xDC, 0xA9, 0xFA, 0x85, 0xA8, 0xA9, 0x7E, 0xA0, 0xF7, 0x20, 0x14,
    0xDE, 0xF0, 0x1E, 0x10, 0x12, 0xA9, 0x7A, 0xA0, 0xF7, 0x20, 0x14, 0xDE, 0xF0, 0x02, 0x10, 0x0E,
    0x20, 0xDA, 0xDC, 0xC6, 0xA8, 0xD0, 0xEE, 0x20, 0xF3, 0xDC, 0xE6, 0xA8, 0xD0, 0xDC, 0x20, 0xBF,
    0xDA, 0x20, 0x4C, 0xDE, 0xA2, 0x01, 0xA5, 0xA8, 0x18, 0x69, 0x07, 0x30, 0x09, 0xC9, 0x08, 0xB0,
    0x06, 0x69, 0xFF, 0xAA, 0xA9, 0x02, 0x38, 0xE9, 0x02, 0x85, 0xA9, 0x86, 0xA8, 0x8A, 0xF0, 0x02,
    0x10, 0x13, 0xA4, 0xBA, 0xA9, 0x2E, 0xC8, 0x99, 0xEF, 0x00, 0x8A, 0xF0, 0x06, 0xA9, 0x30, 0xC8,
    0x99, 0xEF, 0x00, 0x84, 0xBA, 0xA0, 0x00, 0xA2, 0x80, 0xA5, 0xAF, 0x18, 0x79, 0xF8, 0xF7, 0x85,
    0xAF, 0xA5, 0xAE, 0x79, 0xF7, 0xF7, 0x85, 0xAE, 0xA5, 0xAD, 0x79, 0xF6, 0xF7, 0x85, 0xAD, 0xE8,
    0xB0, 0x04, 0x10, 0xE5, 0x30, 0x02, 0x30, 0xE1, 0x8A, 0x90, 0x04, 0x49, 0xFF, 0x69, 0x0A, 0x69,
    0x2F, 0xC8, 0xC8, 0xC8, 0x84, 0x95, 0xA4, 0xBA, 0xC8, 0xAA, 0x29, 0x7F, 0x99, 0xEF, 0x00, 0xC6,
    0xA8, 0xD0, 0x06, 0xA9, 0x2E, 0xC8, 0x99, 0xEF, 0x00, 0x84, 0xBA, 0xA4, 0x95, 0x8A, 0x49, 0xFF,
    0x29, 0x80, 0xAA, 0xC0, 0x12, 0xD0, 0xB2, 0xA4, 0xBA, 0xB9, 0xEF, 0x00, 0x88, 0xC9, 0x30, 0xF0,
    0xF8, 0xC9, 0x2E, 0xF0, 0x01, 0xC8, 0xA9, 0x2B, 0xA6, 0xA9, 0xF0, 0x2E, 0x10, 0x08, 0xA9, 0x00,
    0x38, 0xE5, 0xA9, 0xAA, 0xA9, 0x2D, 0x99, 0xF1, 0x00, 0xA9, 0x45, 0x99, 0xF0, 0x00, 0x8A, 0xA2,
    0x2F, 0x38, 0xE8, 0xE9, 0x0A, 0xB0, 0xFB, 0x69, 0x3A, 0x99, 0xF3, 0x00, 0x8A, 0x99, 0xF2, 0x00,
    0xA9, 0x00, 0x99, 0xF4, 0x00, 0xF0, 0x08, 0x99, 0xEF, 0x00, 0xA9, 0x00, 0x99, 0xF0, 0x00, 0xA9,
    0xF0, 0xA0, 0x00, 0x60, 0xF0, 0x42, 0xA5, 0xB3, 0xD0, 0x03, 0x4C, 0x57, 0xDB, 0xA2, 0x9C, 0xA0,
    0x00, 0x20, 0xA8, 0xDD, 0xA5, 0xB7, 0x10, 0x0F, 0x20, 0x7D, 0xDE, 0xA9, 0x9C, 0xA0, 0x00, 0x20,
    0x14, 0xDE, 0xD0, 0x03, 0x98, 0xA4, 0x5B, 0x20, 0xCA, 0xDA, 0x98, 0x48, 0x20, 0x00, 0xDC, 0xA9,
    0x9C, 0xA0, 0x00, 0x20, 0x3E, 0xDC, 0x20, 0xF8, 0xE0, 0x68, 0x4A, 0x90, 0x0A, 0xA5, 0xAC, 0xF0,
    0x06, 0xA5, 0xB0, 0x49, 0xFF, 0x85, 0xB0, 0x60, 0xA9, 0x86, 0xA0, 0xF7, 0x20, 0x3E, 0xDC, 0xA5,
    0xB9, 0x69, 0x50, 0x90, 0x03, 0x20, 0xE2, 0xDD, 0x85, 0xA3, 0x20, 0xCE, 0xDD, 0xA5, 0xAC, 0xC9,
    0x88, 0x90, 0x03, 0x20, 0xD1, 0xDC, 0x20, 0x7D, 0xDE, 0xA5, 0x5B, 0x18, 0x69, 0x81, 0xF0, 0xF3,
    0x3A, 0x48, 0xA2, 0x04, 0xB5, 0xB3, 0xB4, 0xAC, 0x95, 0xAC, 0x94, 0xB3, 0xCA, 0x10, 0xF5, 0xA5,
    0xA3, 0x85, 0xB9, 0x20, 0xAC, 0xDA, 0x20, 0xED, 0xE0, 0xA9, 0x8A, 0xA0, 0xF7, 0x20, 0x5C, 0xE1,
    0x64, 0xB8, 0x68, 0x4C, 0xB6, 0xDC, 0x85, 0xBA, 0x84, 0xBB, 0x20, 0x9E, 0xDD, 0xA9, 0xA4, 0x20,
    0x3E, 0xDC, 0x20, 0x60, 0xE1, 0xA9, 0xA4, 0xA0, 0x00, 0x4C, 0x3E, 0xDC, 0x85, 0xBA, 0x84, 0xBB,
    0xA2, 0xA8, 0x20, 0xA0, 0xDD, 0xB1, 0xBA, 0x85, 0xB1, 0xA4, 0xBA, 0xC8, 0x98, 0xD0, 0x02, 0xE6,
    0xBB, 0x85, 0xBA, 0xA4, 0xBB, 0x20, 0x3E, 0xDC, 0xA5, 0xBA, 0xA4, 0xBB, 0x18, 0x69, 0x04, 0x90,
    0x01, 0xC8, 0x85, 0xBA, 0x84, 0xBB, 0x20, 0xC3, 0xDA, 0xA9, 0xA8, 0xA0, 0x00, 0xC6, 0xB1, 0xD0,
    0xE4, 0x60, 0xA5, 0xAC, 0xF0, 0x07, 0xA2, 0xD8, 0xA0, 0x00, 0x20, 0xA8, 0xDD, 0xA2, 0xAF, 0xA0,
    0x13, 0x06, 0xD9, 0x26, 0xDA, 0x26, 0xDB, 0x26, 0xD8, 0x90, 0x05, 0x8A, 0x45, 0xD9, 0x85, 0xD9,
    0x88, 0xD0, 0xEE, 0xA2, 0x02, 0xB5, 0xD9, 0x95, 0xAD, 0xCA, 0x10, 0xF9, 0xA9, 0x80, 0x85, 0xAC,
    0x0A, 0x85, 0xB0, 0x4C, 0x39, 0xDB, 0x9C, 0xA1, 0xB9, 0x9C, 0xA2, 0xB9, 0xA9, 0x2A, 0x8D, 0xA0,
    0xB9, 0xA2, 0x80, 0xA0, 0x00, 0xAD, 0xA1, 0xB9, 0xD0, 0x0B, 0x88, 0xD0, 0xF8, 0xCA, 0xD0, 0xF3,
    0x9C, 0xA0, 0xB9, 0x80, 0x19, 0xC9, 0x02, 0xD0, 0x15, 0xAD, 0xA4, 0xB9, 0x85, 0xD8, 0xAD, 0xA5,
    0xB9, 0x85, 0xD9, 0xAD, 0xA6, 0xB9, 0x85, 0xDA, 0xAD, 0xA7, 0xB9, 0x85, 0xDB, 0x60, 0xAD, 0x08,
    0xA0, 0x49, 0x4D, 0x85, 0xD8, 0xAD, 0x08, 0xA0, 0x49, 0x21, 0x85, 0xD9, 0xA9, 0xAF, 0x85, 0xDA,
    0xA9, 0x13, 0x85, 0xDB, 0x60, 0xA9, 0xA7, 0xA0, 0xF7, 0x20, 0xC3, 0xDA, 0x20, 0xCB, 0xDD, 0xA9,
    0xBC, 0xA0, 0xF7, 0xA6, 0xB7, 0x20, 0xFC, 0xDC, 0x20, 0xCB, 0xDD, 0x20, 0x7D, 0xDE, 0x64, 0xB8,
    0x20, 0xAC, 0xDA, 0xA9, 0xEE, 0xA0, 0xF7, 0x20, 0xA9, 0xDA, 0xA5, 0xB0, 0x48, 0x10, 0x0D, 0x20,
    0xBF, 0xDA, 0xA5, 0xB0, 0x30, 0x09, 0xA5, 0x63, 0x49, 0xFF, 0x85, 0x63, 0x20, 0xED, 0xE0, 0xA9,
    0xEE, 0xA0, 0xF7, 0x20, 0xC3, 0xDA, 0x68, 0x10, 0x03, 0x20, 0xED, 0xE0, 0xA9, 0xAB, 0xA0, 0xF7,
    0x4C, 0x46, 0xE1, 0x20, 0x9E, 0xDD, 0x64, 0x63, 0x20, 0x1C, 0xE2, 0xA2, 0x9C, 0xA0, 0x00, 0x20,
    0xA8, 0xDD, 0xA9, 0xA4, 0xA0, 0x00, 0x20, 0x7E, 0xDD, 0x64, 0xB0, 0xA5, 0x63, 0x20, 0x87, 0xE2,
    0xA9, 0x9C, 0xA0, 0x00, 0x4C, 0x03, 0xDD, 0x48, 0x80, 0xC2, 0x20, 0x0A, 0x00, 0x4C, 0x0E, 0xCE,
    0xA5, 0xB0, 0x48, 0x10, 0x03, 0x20, 0xED, 0xE0, 0xA5, 0xAC, 0x48, 0xC9, 0x81, 0x90, 0x07, 0xA9,
    0xE1, 0xA0, 0xF7, 0x20, 0x03, 0xDD, 0xA9, 0xC0, 0xA0, 0xF7, 0x20, 0x46, 0xE1, 0x68, 0xC9, 0x81,
    0x90, 0x07, 0xA9, 0xA7, 0xA0, 0xF7, 0x20, 0xA9, 0xDA, 0x68, 0x10, 0x10, 0x4C, 0xED, 0xE0, 0x20,
    0xE9, 0xE2, 0x8A, 0xA0, 0x00, 0x11, 0x20, 0x91, 0x20, 0xA9, 0x00, 0x60, 0x60, 0x20, 0xE9, 0xE2,
    0x8A, 0x49, 0xFF, 0xA0, 0x00, 0x31, 0x20, 0x91, 0x20, 0xA9, 0x00, 0x60, 0x20, 0xE9, 0xE2, 0x8A,
    0xA0, 0x00, 0x51, 0x20, 0x91, 0x20, 0xA9, 0x00, 0x60, 0x20, 0x75, 0xD9, 0xA5, 0xAF, 0x85, 0x20,
    0xA5, 0xAE, 0x85, 0x21, 0x20, 0x1D, 0xCE, 0x4C, 0x87, 0xD9, 0x20, 0xBC, 0x00, 0x20, 0xCC, 0xD9,
    0x20, 0xC2, 0x00, 0xC9, 0x29, 0xF0, 0x03, 0x4C, 0x21, 0xCE, 0x20, 0xBC, 0x00, 0xA0, 0x00, 0x8A,
    0x31, 0x11, 0x85, 0x11, 0xE4, 0x11, 0xD0, 0x05, 0xA9, 0xFF, 0x4C, 0xFB, 0xDD, 0xA9, 0x00, 0x4C,
    0xFB, 0xDD, 0xE0, 0x19, 0xB0, 0x48, 0x86, 0x78, 0xA9, 0x18, 0x20, 0x38, 0xD6, 0xA0, 0x17, 0xA2,
    0x18, 0x46, 0x11, 0x66, 0x12, 0x66, 0x13, 0x8A, 0x2A, 0x91, 0xAD, 0x88, 0x10, 0xF3, 0xA5, 0x78,
    0xF0, 0x0A, 0xAA, 0x38, 0x49, 0xFF, 0x69, 0x18, 0xF0, 0x1C, 0xD0, 0x0F, 0xA8, 0xB1, 0xAD, 0xC9,
    0x30, 0xD0, 0x07, 0xCA, 0xF0, 0x03, 0xC8, 0x10, 0xF4, 0xE8, 0x98, 0x18, 0x65, 0xAD, 0x85, 0xAD,
    0xA9, 0x00, 0x65, 0xAE, 0x85, 0xAE, 0x86, 0xAC, 0x20, 0xBC, 0x00, 0x4C, 0x85, 0xD6, 0x4C, 0x29,
    0xD4, 0xE0, 0x07, 0xB0, 0xF9, 0x86, 0x78, 0xA9, 0x06, 0x20, 0x38, 0xD6, 0xA0, 0x05, 0xA5, 0x13,
    0x20, 0x9D, 0xE3, 0xA5, 0x12, 0x20, 0x9D, 0xE3, 0xA5, 0x11, 0x20, 0x9D, 0xE3, 0xA2, 0x06, 0xA5,
    0x78, 0xF0, 0xB9, 0xAA, 0x38, 0x49, 0xFF, 0x69, 0x06, 0xF0, 0xCB, 0xD0, 0xBE, 0xAA, 0x29, 0x0F,
    0x20, 0xA8, 0xE3, 0x8A, 0x4A, 0x4A, 0x4A, 0x4A, 0xC9, 0x0A, 0x90, 0x02, 0x69, 0x06, 0x69, 0x30,
    0x91, 0xAD, 0x88, 0x60, 0x85, 0xAC, 0xA9, 0x00, 0x85, 0xB8, 0x8A, 0x20, 0x3F, 0xDF, 0x20, 0xBC,
    0x00, 0x90, 0x0A, 0x09, 0x20, 0xE9, 0x61, 0xC9, 0x06, 0xB0, 0x2A, 0x69, 0x0A, 0x29, 0x0F, 0xAA,
    0xA5, 0xAC, 0xF0, 0xE4, 0x69, 0x04, 0x90, 0xDC, 0x4C, 0xC8, 0xDB, 0xAA, 0xA5, 0xAC, 0xF0, 0x06,
    0xE6, 0xAC, 0xF0, 0xF4, 0xA9, 0x00, 0x85, 0xB8, 0x8A, 0x20, 0x3F, 0xDF, 0x20, 0xBC, 0x00, 0x49,
    0x30, 0xC9, 0x02, 0x90, 0xE6, 0x4C, 0x25, 0xDF, 0xAD, 0x00, 0x02, 0xD0, 0x18, 0x20, 0xB6, 0xE9,
    0x90, 0x0B, 0x8D, 0x01, 0x02, 0xA2, 0x20, 0x8E, 0x02, 0x02, 0x4C, 0x47, 0xC7, 0xAE, 0x02, 0x02,
    0xF0, 0x03, 0xCE, 0x02, 0x02, 0xA2, 0xDC, 0x20, 0x20, 0xE4, 0xA2, 0xDF, 0x20, 0x20, 0xE4, 0x60,
    0xB5, 0x00, 0x10, 0xFB, 0x0A, 0x29, 0x40, 0xF0, 0xF6, 0x95, 0x00, 0x8A, 0xA8, 0x68, 0x68, 0xA9,
    0x05, 0x20, 0x35, 0xC1, 0xA5, 0xC4, 0x48, 0xA5, 0xC3, 0x48, 0xA5, 0x88, 0x48, 0xA5, 0x87, 0x48,
    0xA9, 0x8D, 0x48, 0xB9, 0x01, 0x00, 0x85, 0xC3, 0xB9, 0x02, 0x00, 0x85, 0xC4, 0x4C, 0xDE, 0xC5,
    0x20, 0xB6, 0xE9, 0xB0, 0x09, 0xAD, 0x02, 0x02, 0xF0, 0x09, 0xAD, 0x01, 0x02, 0x38, 0xA2, 0x00,
    0x8E, 0x02, 0x02, 0x60, 0xA2, 0xDF, 0x2C, 0xA2, 0xDC, 0xC9, 0x93, 0xF0, 0x11, 0xC9, 0xCB, 0xF0,
    0x07, 0x49, 0xA2, 0xF0, 0x0E, 0x4C, 0x21, 0xCE, 0xA9, 0x7F, 0x35, 0x00, 0x10, 0x05, 0xB5, 0x00,
    0x0A, 0x15, 0x00, 0x95, 0x00, 0x4C, 0xBC, 0x00, 0x58, 0xA2, 0xDF, 0x2C, 0xA2, 0xDC, 0x86, 0x78,
    0x20, 0xBC, 0x00, 0x20, 0x88, 0xC9, 0xA5, 0x79, 0xA6, 0x7A, 0x20, 0x0E, 0xC4, 0xB0, 0x03, 0x4C,
    0x9B, 0xC8, 0xA6, 0x78, 0xA5, 0xAA, 0xE9, 0x01, 0x95, 0x01, 0xA5, 0xAB, 0xE9, 0x00, 0x95, 0x02,
    0xA9, 0xC0, 0x95, 0x00, 0x60, 0x20, 0xBC, 0x00, 0xC9, 0xFE, 0xD0, 0x44, 0x20, 0xBC, 0x00, 0xC9,
    0x8D, 0xD0, 0x3D, 0x20, 0xBC, 0x00, 0xA2, 0xDF, 0x86, 0x78, 0x20, 0x88, 0xC9, 0xA5, 0x79, 0xA6,
    0x7A, 0x20, 0x0E, 0xC4, 0xB0, 0x03, 0x4C, 0x9B, 0xC8, 0xA6, 0x78, 0xA5, 0xAA, 0xE9, 0x01, 0x95,
    0x01, 0xA5, 0xAB, 0xE9, 0x00, 0x95, 0x02, 0xA9, 0xC0, 0x95, 0x00, 0x9C, 0x0B, 0xA0, 0x9C, 0xEB,
    0xA0, 0xA9, 0x20, 0x8D, 0xF1, 0xA0, 0xAD, 0xF0, 0xA0, 0x09, 0x20, 0x8D, 0xF0, 0xA0, 0x58, 0x60,
    0x4C, 0x21, 0xCE, 0xD0, 0xAF, 0xA5, 0xDF, 0x0A, 0x05, 0xDF, 0x85, 0xDF, 0x4C, 0xA2, 0xC8, 0xD0,
    0xA3, 0xA5, 0xDC, 0x0A, 0x05, 0xDC, 0x85, 0xDC, 0x4C, 0xA2, 0xC8, 0x20, 0x04, 0xCD, 0x4C, 0xEB,
    0xCC, 0x20, 0x4F, 0xE5, 0x10, 0xFB, 0xA5, 0xB4, 0x09, 0x80, 0x85, 0xB4, 0x20, 0xC8, 0xDA, 0xF0,
    0xF0, 0x20, 0x4F, 0xE5, 0x30, 0xFB, 0xF0, 0xF9, 0xA5, 0xB4, 0x09, 0x80, 0x85, 0xB4, 0x20, 0xC8,
    0xDA, 0xF0, 0xEE, 0xC9, 0x29, 0xD0, 0x05, 0x68, 0x68, 0x4C, 0xBC, 0x00, 0x4C, 0x21, 0xCE, 0x20,
    0xC2, 0x00, 0xC9, 0x2C, 0xD0, 0xED, 0x20, 0xDA, 0xDD, 0xA5, 0xB0, 0x09, 0x7F, 0x25, 0xAD, 0x48,
    0xA5, 0xAE, 0x48, 0xA5, 0xAF, 0x48, 0xA5, 0xAC, 0x48, 0x20, 0xBC, 0x00, 0x20, 0xE8, 0xCC, 0x68,
    0x85, 0xB3, 0x68, 0x85, 0xB6, 0x68, 0x85, 0xB5, 0x68, 0x85, 0xB4, 0x85, 0xB7, 0xA9, 0xB3, 0xA0,
    0x00, 0x4C, 0x14, 0xDE, 0xC9, 0x2C, 0xF0, 0x1B, 0x20, 0x87, 0xD9, 0x8A, 0xF0, 0x0A, 0xE0, 0x10,
    0x90, 0x45, 0xE4, 0x64, 0xB0, 0x02, 0x86, 0x64, 0x86, 0x0F, 0x20, 0xC2, 0x00, 0xF0, 0x1A, 0xC9,
    0x2C, 0xD0, 0xA9, 0x20, 0x72, 0xD9, 0x8A, 0x30, 0x2E, 0xE0, 0x01, 0x90, 0x2A, 0xA5, 0x0F, 0xF0,
    0x06, 0xE4, 0x0F, 0xF0, 0x02, 0xB0, 0x20, 0x86, 0x64, 0xA5, 0x0F, 0xF0, 0x06, 0xC5, 0x64, 0xB0,
    0x03, 0x85, 0x64, 0x38, 0xE5, 0x64, 0xB0, 0xFC, 0x65, 0x64, 0x18, 0x65, 0x64, 0x85, 0x10, 0xA5,
    0x0F, 0x38, 0xE5, 0x10, 0x85, 0x10, 0x60, 0x4C, 0x29, 0xD4, 0xA5, 0xB0, 0x30, 0xF9, 0xA5, 0xAC,
    0xF0, 0xF4, 0x20, 0xCB, 0xDD, 0x64, 0x77, 0x64, 0x76, 0x64, 0x75, 0x64, 0x78, 0x64, 0xAF, 0x64,
    0xAE, 0x64, 0xAD, 0xA2, 0x18, 0xA5, 0xB3, 0x4A, 0xB0, 0x0E, 0x06, 0xB6, 0x26, 0xB5, 0x26, 0xB4,
    0x26, 0x77, 0x26, 0x76, 0x26, 0x75, 0x26, 0x78, 0x06, 0xB6, 0x26, 0xB5, 0x26, 0xB4, 0x26, 0x77,
    0x26, 0x76, 0x26, 0x75, 0x26, 0x78, 0x06, 0xAF, 0x26, 0xAE, 0x26, 0xAD, 0xA5, 0xAF, 0x2A, 0x85,
    0x5B, 0xA5, 0xAE, 0x2A, 0x85, 0x5C, 0xA5, 0xAD, 0x2A, 0x85, 0x5D, 0xA9, 0x00, 0x2A, 0x85, 0x5E,
    0xA5, 0x77, 0xE5, 0x5B, 0x85, 0x5B, 0xA5, 0x76, 0xE5, 0x5C, 0x85, 0x5C, 0xA5, 0x75, 0xE5, 0x5D,
    0xA8, 0xA5, 0x78, 0xE5, 0x5E, 0x90, 0x0E, 0x85, 0x78, 0x84, 0x75, 0xA5, 0x5C, 0x85, 0x76, 0xA5,
    0x5B, 0x85, 0x77, 0xE6, 0xAF, 0xCA, 0xD0, 0xA2, 0x38, 0xA5, 0xB3, 0xE9, 0x80, 0x6A, 0x69, 0x00,
    0x85, 0xAC, 0x4C, 0x39, 0xDB, 0xA9, 0xBC, 0xA0, 0xF7, 0x20, 0x7E, 0xDD, 0xC6, 0xAC, 0x60, 0x57,
    0xE7, 0x5B, 0xE7, 0x5F, 0xE7, 0x64, 0xE7, 0x6A, 0xE7, 0x70, 0xE7, 0x77, 0xE7, 0x7D, 0xE7, 0x83,
    0xE7, 0x89, 0xE7, 0x90, 0xE7, 0x97, 0xE7, 0x9C, 0xE7, 0xA1, 0xE7, 0xA6, 0xE7, 0xAD, 0xE7, 0xB3,
    0xE7, 0xB9, 0xE7, 0xC1, 0xE7, 0xC9, 0xE7, 0xCF, 0xE7, 0xD7, 0xE7, 0xDE, 0xE7, 0xE5, 0xE7, 0xEB,
    0xE7, 0xF1, 0xE7, 0x41, 0xE8, 0x41, 0xE8, 0xF8, 0xE7, 0xFE, 0xE7, 0x06, 0xE8, 0x41, 0xE8, 0x0F,
    0xE8, 0x41, 0xE8, 0x17, 0xE8, 0x1F, 0xE8, 0x27, 0xE8, 0x41, 0xE8, 0x31, 0xE8, 0x38, 0xE8, 0x43,
    0xE8, 0x4B, 0xE8, 0x41, 0xE8, 0x41, 0xE8, 0x41, 0xE8, 0x41, 0xE8, 0x41, 0xE8, 0x41, 0xE8, 0x53,
    0xE8, 0x59, 0xE8, 0x41, 0xE8, 0x41, 0xE8, 0x41, 0xE8, 0x41, 0xE8, 0x41, 0xE8, 0x41, 0xE8, 0x41,
    0xE8, 0x41, 0xE8, 0x41, 0xE8, 0x41, 0xE8, 0x41, 0xE8, 0x41, 0xE8, 0x41, 0xE8, 0x5F, 0xE8, 0x68,
    0xE8, 0x71, 0xE8, 0x7C, 0xE8, 0x84, 0xE8, 0x8E, 0xE8, 0x41, 0xE8, 0xA7, 0xE9, 0x95, 0xE8, 0x9A,
    0xE8, 0x9D, 0xE8, 0xA3, 0xE8, 0x41, 0xE8, 0x41, 0xE8, 0x41, 0xE8, 0xA9, 0xE8, 0xAD, 0xE8, 0xB4,
    0xE8, 0xBA, 0xE8, 0xC2, 0xE8, 0xC9, 0xE8, 0xCF, 0xE8, 0xD5, 0xE8, 0xDA, 0xE8, 0xE2, 0xE8, 0xE8,
    0xE8, 0xEE, 0xE8, 0xF4, 0xE8, 0xFC, 0xE8, 0x04, 0xE9, 0x0B, 0xE9, 0x13, 0xE9, 0x1B, 0xE9, 0x24,
    0xE9, 0x2D, 0xE9, 0x37, 0xE9, 0x41, 0xE9, 0x4A, 0xE9, 0x53, 0xE9, 0x5A, 0xE9, 0xAE, 0xE9, 0x41,
    0xE8, 0x41, 0xE8, 0x64, 0xE9, 0x6C, 0xE9, 0x77, 0xE9, 0x7D, 0xE9, 0x86, 0xE9, 0x8C, 0xE9, 0x93,
    0xE9, 0x9A, 0xE9, 0xA0, 0xE9, 0xA4, 0xE9, 0x44, 0x49, 0x52, 0x00, 0x44, 0x45, 0x4C, 0x00, 0x58,
    0x4D, 0x45, 0x4D, 0x00, 0x58, 0x42, 0x41, 0x4E, 0x4B, 0x00, 0x58, 0x50, 0x4F, 0x4B, 0x45, 0x00,
    0x58, 0x50, 0x45, 0x45, 0x4B, 0x28, 0x00, 0x53, 0x54, 0x41, 0x53, 0x48, 0x00, 0x46, 0x45, 0x54,
    0x43, 0x48, 0x00, 0x58, 0x46, 0x52, 0x45, 0x45, 0x00, 0x58, 0x52, 0x45, 0x53, 0x45, 0x54, 0x00,
    0x58, 0x41, 0x4C, 0x4C, 0x4F, 0x43, 0x00, 0x58, 0x44, 0x49, 0x52, 0x00, 0x58, 0x44, 0x45, 0x4C,
    0x00, 0x58, 0x4D, 0x41, 0x50, 0x00, 0x58, 0x55, 0x4E, 0x4D, 0x41, 0x50, 0x00, 0x47, 0x53, 0x41,
    0x56, 0x45, 0x00, 0x47, 0x4C, 0x4F, 0x41, 0x44, 0x00, 0x53, 0x49, 0x44, 0x50, 0x4C, 0x41, 0x59,
    0x00, 0x53, 0x49, 0x44, 0x53, 0x54, 0x4F, 0x50, 0x00, 0x4D, 0x55, 0x53, 0x49, 0x43, 0x00, 0x50,
    0x4C, 0x41, 0x59, 0x49, 0x4E, 0x47, 0x00, 0x4D, 0x4E, 0x4F, 0x54, 0x45, 0x28, 0x00, 0x43, 0x4F,
    0x50, 0x50, 0x45, 0x52, 0x00, 0x52, 0x45, 0x53, 0x45, 0x54, 0x00, 0x4E, 0x4F, 0x50, 0x45, 0x4E,
    0x00, 0x4E, 0x43, 0x4C, 0x4F, 0x53, 0x45, 0x00, 0x4E, 0x53, 0x45, 0x4E, 0x44, 0x00, 0x4E, 0x52,
    0x45, 0x43, 0x56, 0x24, 0x28, 0x00, 0x4E, 0x53, 0x54, 0x41, 0x54, 0x55, 0x53, 0x28, 0x00, 0x4E,
    0x52, 0x45, 0x41, 0x44, 0x59, 0x28, 0x00, 0x44, 0x4D, 0x41, 0x43, 0x4F, 0x50, 0x59, 0x00, 0x44,
    0x4D, 0x41, 0x46, 0x49, 0x4C, 0x4C, 0x00, 0x44, 0x4D, 0x41, 0x53, 0x54, 0x41, 0x54, 0x55, 0x53,
    0x00, 0x44, 0x4D, 0x41, 0x45, 0x52, 0x52, 0x00, 0x44, 0x4D, 0x41, 0x43, 0x4F, 0x55, 0x4E, 0x54,
    0x00, 0xFF, 0x00, 0x4D, 0x49, 0x44, 0x50, 0x4C, 0x41, 0x59, 0x00, 0x4D, 0x49, 0x44, 0x53, 0x54,
    0x4F, 0x50, 0x00, 0x58, 0x4C, 0x4F, 0x41, 0x44, 0x00, 0x58, 0x53, 0x41, 0x56, 0x45, 0x00, 0x42,
    0x4C, 0x49, 0x54, 0x43, 0x4F, 0x50, 0x59, 0x00, 0x42, 0x4C, 0x49, 0x54, 0x46, 0x49, 0x4C, 0x4C,
    0x00, 0x42, 0x4C, 0x49, 0x54, 0x53, 0x54, 0x41, 0x54, 0x55, 0x53, 0x00, 0x42, 0x4C, 0x49, 0x54,
    0x45, 0x52, 0x52, 0x00, 0x42, 0x4C, 0x49, 0x54, 0x43, 0x4F, 0x55, 0x4E, 0x54, 0x00, 0x42, 0x49,
    0x54, 0x54, 0x47, 0x4C, 0x00, 0x46, 0x4F, 0x4E, 0x54, 0x00, 0x43, 0x44, 0x00, 0x4D, 0x4B, 0x44,
    0x49, 0x52, 0x00, 0x52, 0x4D, 0x44, 0x49, 0x52, 0x00, 0x50, 0x57, 0x44, 0x00, 0x53, 0x46, 0x4C,
    0x4F, 0x41, 0x44, 0x00, 0x47, 0x54, 0x45, 0x58, 0x54, 0x00, 0x4D, 0x4D, 0x55, 0x4C, 0x46, 0x58,
    0x28, 0x00, 0x4D, 0x44, 0x49, 0x53, 0x54, 0x28, 0x00, 0x4D, 0x53, 0x49, 0x4E, 0x28, 0x00, 0x4D,
    0x43, 0x4F, 0x53, 0x28, 0x00, 0x4D, 0x52, 0x4E, 0x44, 0x00, 0x53, 0x50, 0x52, 0x43, 0x4F, 0x4C,
    0x4C, 0x00, 0x53, 0x50, 0x52, 0x42, 0x47, 0x00, 0x4D, 0x44, 0x49, 0x56, 0x28, 0x00, 0x4D, 0x52,
    0x45, 0x4D, 0x28, 0x00, 0x4D, 0x41, 0x54, 0x41, 0x4E, 0x32, 0x28, 0x00, 0x4D, 0x44, 0x4F, 0x54,
    0x46, 0x58, 0x28, 0x00, 0x4D, 0x4C, 0x45, 0x4E, 0x32, 0x28, 0x00, 0x4D, 0x53, 0x43, 0x41, 0x4C,
    0x58, 0x28, 0x00, 0x4D, 0x53, 0x43, 0x41, 0x4C, 0x59, 0x28, 0x00, 0x4D, 0x4D, 0x55, 0x4C, 0x31,
    0x36, 0x4C, 0x28, 0x00, 0x4D, 0x4D, 0x55, 0x4C, 0x31, 0x36, 0x48, 0x28, 0x00, 0x4D, 0x44, 0x4F,
    0x54, 0x53, 0x31, 0x36, 0x4C, 0x28, 0x00, 0x4D, 0x44, 0x4F, 0x54, 0x53, 0x31, 0x36, 0x48, 0x28,
    0x00, 0x4D, 0x43, 0x52, 0x4F, 0x53, 0x53, 0x4C, 0x28, 0x00, 0x4D, 0x43, 0x52, 0x4F, 0x53, 0x53,
    0x48, 0x28, 0x00, 0x43, 0x48, 0x41, 0x52, 0x42, 0x47, 0x00, 0x43, 0x48, 0x41, 0x52, 0x42, 0x47,
    0x4F, 0x46, 0x46, 0x00, 0x52, 0x45, 0x56, 0x45, 0x52, 0x53, 0x45, 0x00, 0x52, 0x45, 0x56, 0x45,
    0x52, 0x53, 0x45, 0x4F, 0x46, 0x46, 0x00, 0x46, 0x4C, 0x41, 0x53, 0x48, 0x00, 0x46, 0x4C, 0x41,
    0x53, 0x48, 0x4F, 0x46, 0x46, 0x00, 0x56, 0x50, 0x4F, 0x4B, 0x45, 0x00, 0x56, 0x50, 0x45, 0x45,
    0x4B, 0x28, 0x00, 0x46, 0x49, 0x4F, 0x43, 0x4C, 0x52, 0x00, 0x41, 0x44, 0x44, 0x52, 0x28, 0x00,
    0x4A, 0x4F, 0x59, 0x00, 0x53, 0x57, 0x00, 0x44, 0x45, 0x4C, 0x45, 0x54, 0x45, 0x00, 0x43, 0x41,
    0x54, 0x41, 0x4C, 0x4F, 0x47, 0x00, 0x6C, 0x05, 0x02, 0x6C, 0x07, 0x02, 0x6C, 0x09, 0x02, 0x6C,
    0x0B, 0x02, 0x00, 0x00, 0x00, 0xF8, 0xE3, 0x8D, 0x03, 0xA0, 0x85, 0x0E, 0x8C, 0x04, 0xA0, 0x60,
    0xA9, 0x21, 0xA0, 0x01, 0x20, 0xC7, 0xE9, 0xA9, 0xF3, 0xA0, 0xE9, 0x20, 0x00, 0xCB, 0xA9, 0x1E,
    0xA0, 0x03, 0x20, 0xC7, 0xE9, 0xA9, 0x02, 0xA0, 0xEA, 0x20, 0x00, 0xCB, 0xA9, 0x14, 0xA0, 0x05,
    0x4C, 0xC7, 0xE9, 0x4E, 0x6F, 0x76, 0x61, 0x42, 0x41, 0x53, 0x49, 0x43, 0x20, 0x76, 0x31, 0x2E,
    0x30, 0x00, 0x44, 0x65, 0x72, 0x69, 0x76, 0x65, 0x64, 0x20, 0x66, 0x72, 0x6F, 0x6D, 0x20, 0x45,
    0x68, 0x42, 0x41, 0x53, 0x49, 0x43, 0x00, 0x8D, 0x00, 0x03, 0x8E, 0x01, 0x03, 0x20, 0x20, 0x03,
    0xAD, 0x02, 0x03, 0x60, 0xA9, 0x01, 0x80, 0xEF, 0x20, 0x24, 0xEA, 0xAD, 0x64, 0xBA, 0xC9, 0x02,
    0xD0, 0x0C, 0x60, 0x20, 0x24, 0xEA, 0xAD, 0x84, 0xBA, 0xC9, 0x02, 0xD0, 0x01, 0x60, 0x4C, 0x29,
    0xD4, 0xA9, 0x02, 0x80, 0xD2, 0xA9, 0x06, 0x80, 0xCE, 0xA9, 0x04, 0x80, 0xCA, 0xDA, 0x20, 0x8F,
    0xEA, 0x20, 0x57, 0xEA, 0xFA, 0x80, 0xF2, 0xA9, 0xB0, 0x8D, 0x03, 0x03, 0xA9, 0xB9, 0x8D, 0x04,
    0x03, 0xAD, 0xA3, 0xB9, 0x8D, 0x07, 0x03, 0x60, 0xA5, 0x28, 0xF0, 0x16, 0xC9, 0x40, 0xB0, 0x12,
    0x8D, 0xA3, 0xB9, 0xAA, 0xA0, 0x00, 0xB1, 0x29, 0x99, 0xB0, 0xB9, 0xC8, 0xCA, 0xD0, 0xF7, 0xA9,
    0x00, 0x60, 0xA9, 0x03, 0x8D, 0xA1, 0xB9, 0xA9, 0x02, 0x8D, 0xA2, 0xB9, 0xA9, 0x01, 0x60, 0xA2,
    0x0F, 0x9E, 0x03, 0x03, 0xCA, 0x10, 0xFA, 0x60, 0xA5, 0xAF, 0x99, 0x03, 0x03, 0xA5, 0xAE, 0x99,
    0x04, 0x03, 0x29, 0x80, 0xF0, 0x02, 0xA9, 0xFF, 0x99, 0x05, 0x03, 0x99, 0x06, 0x03, 0x60, 0xAD,
    0x14, 0x03, 0xAC, 0x13, 0x03, 0x60, 0x20, 0xBE, 0xEA, 0xA2, 0x08, 0x4C, 0x41, 0xEA, 0xA9, 0x03,
    0xA2, 0x02, 0x4C, 0x17, 0xEA, 0xAD, 0x18, 0x03, 0xC9, 0xFF, 0xF0, 0x23, 0xA9, 0x00, 0x8D, 0x78,
    0xBA, 0xA9, 0xC0, 0x8D, 0x79, 0xBA, 0xA9, 0x07, 0x8D, 0x7A, 0xBA, 0xA9, 0x00, 0x8D, 0x7B, 0xBA,
    0xA9, 0x20, 0x8D, 0x7C, 0xBA, 0xA9, 0x01, 0x8D, 0x76, 0xBA, 0xA9, 0xFF, 0x8D, 0x18, 0x03, 0x60,
    0xA9, 0x42, 0x4C, 0x26, 0x02, 0x20, 0x8F, 0xEA, 0xAD, 0x01, 0xA0, 0x8D, 0x07, 0x03, 0xAD, 0x0D,
    0xA0, 0x8D, 0x0B, 0x03, 0x20, 0x87, 0xD9, 0x8E, 0x03, 0x03, 0x20, 0xC2, 0x00, 0xC9, 0x2C, 0xD0,
    0x19, 0x20, 0xBC, 0x00, 0x20, 0x87, 0xD9, 0x8E, 0x07, 0x03, 0x20, 0xC2, 0x00, 0xC9, 0x2C, 0xD0,
    0x09, 0x20, 0xBC, 0x00, 0x20, 0x87, 0xD9, 0x8E, 0x0B, 0x03, 0xA2, 0x10, 0x4C, 0x24, 0xEA, 0xA9,
    0x3C, 0x4C, 0x26, 0x02, 0xAD, 0xE6, 0xA0, 0x29, 0xFC, 0x8D, 0xE6, 0xA0, 0x60, 0xAD, 0xE6, 0xA0,
    0x09, 0x04, 0x8D, 0xE6, 0xA0, 0x60, 0xAD, 0xE6, 0xA0, 0x29, 0xFB, 0x8D, 0xE6, 0xA0, 0x60, 0x20,
    0x87, 0xD9, 0x2C, 0xA2, 0x10, 0x8E, 0xC0, 0xA0, 0x60, 0xA9, 0x40, 0x4C, 0x26, 0x02, 0x20, 0x8F,
    0xEA, 0x20, 0x87, 0xD9, 0x8E, 0x03, 0x03, 0x20, 0x1D, 0xCE, 0x20, 0x87, 0xD9, 0x8E, 0x07, 0x03,
    0xA2, 0x17, 0x4C, 0x24, 0xEA, 0x20, 0x8F, 0xEA, 0x20, 0x87, 0xD9, 0x8E, 0x03, 0x03, 0xA2, 0x12,
    0x4C, 0x24, 0xEA, 0x20, 0x8F, 0xEA, 0x20, 0x87, 0xD9, 0x8E, 0x03, 0x03, 0xA2, 0x11, 0x4C, 0x24,
    0xEA, 0x20, 0xB6, 0xEA, 0x20, 0x8F, 0xEA, 0xA2, 0x00, 0x4C, 0x24, 0xEA, 0x20, 0x8F, 0xEA, 0x20,
    0x87, 0xD9, 0x8E, 0x03, 0x03, 0xA2, 0x01, 0x4C, 0x24, 0xEA, 0x20, 0x75, 0xD9, 0xA0, 0x00, 0x20,
    0x98, 0xEA, 0x20, 0x1D, 0xCE, 0x20, 0x87, 0xD9, 0x8E, 0x07, 0x03, 0x60, 0x20, 0xAA, 0xEB, 0x20,
    0x1D, 0xCE, 0x20, 0x75, 0xD9, 0xA0, 0x08, 0x20, 0x98, 0xEA, 0x20, 0x1D, 0xCE, 0x20, 0x87, 0xD9,
    0x8E, 0x0F, 0x03, 0x60, 0x20, 0x8F, 0xEA, 0x20, 0xAA, 0xEB, 0x20, 0xB6, 0xEA, 0xA2, 0x02, 0x4C,
    0x24, 0xEA, 0x20, 0x8F, 0xEA, 0x20, 0xAA, 0xEB, 0x20, 0xB6, 0xEA, 0xA2, 0x03, 0x4C, 0x24, 0xEA,
    0x20, 0x8F, 0xEA, 0x20, 0xBC, 0xEB, 0x20, 0xB6, 0xEA, 0xA2, 0x04, 0x4C, 0x24, 0xEA, 0x20, 0x8F,
    0xEA, 0x20, 0xAA, 0xEB, 0x20, 0x1D, 0xCE, 0x20, 0x75, 0xD9, 0xA0, 0x08, 0x20, 0x98, 0xEA, 0x20,
    0xC2, 0x00, 0xC9, 0x2C, 0xD0, 0x0B, 0x20, 0x1D, 0xCE, 0x20, 0x75, 0xD9, 0xA0, 0x0C, 0x20, 0x98,
    0xEA, 0x20, 0xB6, 0xEA, 0xA2, 0x05, 0x4C, 0x24, 0xEA, 0x20, 0x75, 0xD9, 0xA5, 0xAF, 0x8D, 0x11,
    0xA0, 0xA5, 0xAE, 0x8D, 0x12, 0xA0, 0x20, 0x1D, 0xCE, 0x20, 0x87, 0xD9, 0x8E, 0x13, 0xA0, 0x9C,
    0x14, 0xA0, 0x20, 0x1D, 0xCE, 0x20, 0x87, 0xD9, 0x8E, 0x15, 0xA0, 0x20, 0x1D, 0xCE, 0x20, 0x87,
    0xD9, 0x8E, 0x16, 0xA0, 0x20, 0x1D, 0xCE, 0x20, 0xE3, 0xF4, 0x20, 0xB6, 0xEA, 0xA9, 0x0A, 0x8D,
    0x10, 0xA0, 0x60, 0x20, 0x8F, 0xEA, 0x20, 0xBC, 0xEB, 0x20, 0xB6, 0xEA, 0xA2, 0x06, 0x4C, 0x24,
    0xEA, 0x20, 0x8F, 0xEA, 0x20, 0xBC, 0xEB, 0x20, 0xB6, 0xEA, 0xA2, 0x07, 0x4C, 0x24, 0xEA, 0x20,
    0x8F, 0xEA, 0x20, 0xAA, 0xEB, 0x20, 0xB6, 0xEA, 0xA2, 0x08, 0x4C, 0x24, 0xEA, 0x20, 0xC2, 0x00,
    0xC9, 0xFE, 0xF0, 0x51, 0x20, 0x87, 0xD9, 0x86, 0x11, 0x20, 0x1D, 0xCE, 0x20, 0xC2, 0x00, 0xC9,
    0x93, 0xF0, 0x22, 0xC9, 0xCB, 0xF0, 0x2E, 0x20, 0x8F, 0xEA, 0xA5, 0x11, 0x8D, 0x03, 0x03, 0x20,
    0x75, 0xD9, 0xA0, 0x04, 0x20, 0x98, 0xEA, 0x20, 0x1D, 0xCE, 0x20, 0x87, 0xD9, 0x8E, 0x0B, 0x03,
    0xA2, 0x24, 0x4C, 0x24, 0xEA, 0x20, 0xBC, 0x00, 0x20, 0x8F, 0xEA, 0xA5, 0x11, 0x8D, 0x03, 0x03,
    0xA2, 0x25, 0x4C, 0x24, 0xEA, 0x20, 0xBC, 0x00, 0x20, 0x8F, 0xEA, 0xA5, 0x11, 0x8D, 0x03, 0x03,
    0xA2, 0x26, 0x4C, 0x24, 0xEA, 0x20, 0xBC, 0x00, 0xC9, 0x93, 0xF0, 0x0B, 0xC9, 0xCB, 0xF0, 0x12,
    0xC9, 0xA2, 0xF0, 0x19, 0x4C, 0x21, 0xCE, 0x20, 0xBC, 0x00, 0x20, 0x8F, 0xEA, 0xA2, 0x34, 0x4C,
    0x24, 0xEA, 0x20, 0xBC, 0x00, 0x20, 0x8F, 0xEA, 0xA2, 0x35, 0x4C, 0x24, 0xEA, 0x20, 0xBC, 0x00,
    0x20, 0x8F, 0xEA, 0xA2, 0x32, 0x4C, 0x24, 0xEA, 0x20, 0x8F, 0xEA, 0x20, 0x87, 0xD9, 0x8E, 0x03,
    0x03, 0x20, 0x1D, 0xCE, 0x20, 0x87, 0xD9, 0x8E, 0x07, 0x03, 0xA2, 0x29, 0x4C, 0x24, 0xEA, 0x20,
    0x8F, 0xEA, 0x20, 0x87, 0xD9, 0x8E, 0x03, 0x03, 0x20, 0x1D, 0xCE, 0x20, 0x87, 0xD9, 0x8E, 0x07,
    0x03, 0x86, 0x12, 0x20, 0x1D, 0xCE, 0xA5, 0x12, 0xF0, 0x0B, 0x20, 0x87, 0xD9, 0x8E, 0x0B, 0x03,
    0xA2, 0x2A, 0x4C, 0x24, 0xEA, 0x20, 0x75, 0xD9, 0xA5, 0xAF, 0x8D, 0x0B, 0x03, 0xA5, 0xAE, 0x8D,
    0x0C, 0x03, 0xA2, 0x2B, 0x4C, 0x24, 0xEA, 0x20, 0x8F, 0xEA, 0x20, 0x87, 0xD9, 0x8E, 0x03, 0x03,
    0x20, 0x1D, 0xCE, 0x20, 0x87, 0xD9, 0x8E, 0x07, 0x03, 0x20, 0x1D, 0xCE, 0x20, 0x87, 0xD9, 0x8E,
    0x0B, 0x03, 0x20, 0x1D, 0xCE, 0x20, 0x87, 0xD9, 0x8E, 0x0C, 0x03, 0x20, 0xC2, 0x00, 0xC9, 0x2C,
    0xD0, 0x59, 0x20, 0xBC, 0x00, 0x20, 0x87, 0xD9, 0x8E, 0x0D, 0x03, 0x20, 0xC2, 0x00, 0xC9, 0x2C,
    0xD0, 0x49, 0x20, 0xBC, 0x00, 0x20, 0x87, 0xD9, 0x8E, 0x0E, 0x03, 0x20, 0xC2, 0x00, 0xC9, 0x2C,
    0xD0, 0x39, 0x20, 0xBC, 0x00, 0x20, 0x87, 0xD9, 0x8E, 0x0F, 0x03, 0x20, 0xC2, 0x00, 0xC9, 0x2C,
    0xD0, 0x29, 0x20, 0xBC, 0x00, 0x20, 0x87, 0xD9, 0x8E, 0x10, 0x03, 0x20, 0xC2, 0x00, 0xC9, 0x2C,
    0xD0, 0x19, 0x20, 0xBC, 0x00, 0x20, 0x87, 0xD9, 0x8E, 0x11, 0x03, 0x20, 0xC2, 0x00, 0xC9, 0x2C,
    0xD0, 0x09, 0x20, 0xBC, 0x00, 0x20, 0x87, 0xD9, 0x8E, 0x12, 0x03, 0xA2, 0x21, 0x4C, 0x24, 0xEA,
    0x20, 0x8F, 0xEA, 0x20, 0x87, 0xD9, 0x8E, 0x03, 0x03, 0x20, 0x1D, 0xCE, 0x20, 0x87, 0xD9, 0x8E,
    0x07, 0x03, 0x20, 0xC2, 0x00, 0xC9, 0x2C, 0xD0, 0x09, 0x20, 0xBC, 0x00, 0x20, 0x87, 0xD9, 0x8E,
    0x0B, 0x03, 0xA2, 0x04, 0x4C, 0x41, 0xEA, 0x20, 0x8F, 0xEA, 0x20, 0x87, 0xD9, 0x8E, 0x03, 0x03,
    0x20, 0xC2, 0x00, 0xC9, 0x2C, 0xD0, 0x09, 0x20, 0xBC, 0x00, 0x20, 0x87, 0xD9, 0x8E, 0x07, 0x03,
    0xA2, 0x05, 0x4C, 0x41, 0xEA, 0x20, 0x8F, 0xEA, 0x20, 0x87, 0xD9, 0x8E, 0x03, 0x03, 0x20, 0x1D,
    0xCE, 0x20, 0x87, 0xD9, 0x8E, 0x07, 0x03, 0x20, 0x1D, 0xCE, 0x20, 0x87, 0xD9, 0x8E, 0x0B, 0x03,
    0x20, 0x1D, 0xCE, 0x20, 0x87, 0xD9, 0x8E, 0x0F, 0x03, 0x20, 0x1D, 0xCE, 0x20, 0x87, 0xD9, 0x8E,
    0x10, 0x03, 0x20, 0x1D, 0xCE, 0x20, 0x87, 0xD9, 0x8E, 0x11, 0x03, 0xA2, 0x06, 0x4C, 0x41, 0xEA,
    0x4C, 0xF6, 0xC5, 0x20, 0xE5, 0xD9, 0x20, 0x8F, 0xEA, 0xA5, 0x11, 0x8D, 0x03, 0x03, 0xA2, 0x2C,
    0x20, 0x24, 0xEA, 0x20, 0xAF, 0xEA, 0x4C, 0x59, 0xD5, 0x20, 0xE5, 0xD9, 0x20, 0x8F, 0xEA, 0xA5,
    0x11, 0x8D, 0x03, 0x03, 0xA2, 0x2D, 0x20, 0x24, 0xEA, 0x20, 0xAF, 0xEA, 0x4C, 0x8D, 0xD2, 0x20,
    0x8F, 0xEA, 0xA2, 0x30, 0x20, 0x24, 0xEA, 0x20, 0xAF, 0xEA, 0x4C, 0x8D, 0xD2, 0x20, 0x8F, 0xEA,
    0xA2, 0x36, 0x20, 0x24, 0xEA, 0x20, 0xAF, 0xEA, 0x4C, 0x8D, 0xD2, 0x20, 0xE3, 0xF4, 0x20, 0x8F,
    0xEA, 0x20, 0x57, 0xEA, 0x20, 0xC2, 0x00, 0xC9, 0x2C, 0xF0, 0x16, 0xA5, 0x79, 0x8D, 0x0B, 0x03,
    0xA5, 0x7A, 0x8D, 0x0C, 0x03, 0xA5, 0x7B, 0x8D, 0x0F, 0x03, 0xA5, 0x7C, 0x8D, 0x10, 0x03, 0x80,
    0x27, 0x20, 0x1D, 0xCE, 0x20, 0x75, 0xD9, 0xA5, 0xAF, 0x8D, 0x0B, 0x03, 0xA5, 0xAE, 0x8D, 0x0C,
    0x03, 0x20, 0x1D, 0xCE, 0x20, 0x75, 0xD9, 0x18, 0xAD, 0x0B, 0x03, 0x65, 0xAF, 0x8D, 0x0F, 0x03,
    0xAD, 0x0C, 0x03, 0x65, 0xAE, 0x8D, 0x10, 0x03, 0xA2, 0x00, 0x20, 0x49, 0xEA, 0xF0, 0x03, 0x4C,
    0x18, 0xF5, 0x60, 0x20, 0xE3, 0xF4, 0x20, 0x8F, 0xEA, 0x20, 0x57, 0xEA, 0xA5, 0x79, 0x8D, 0x0B,
    0x03, 0xA5, 0x7A, 0x8D, 0x0C, 0x03, 0xA2, 0x01, 0x20, 0x49, 0xEA, 0xD0, 0x42, 0xAD, 0xAF, 0xB9,
    0xC9, 0x02, 0xF0, 0x1E, 0x18, 0xA5, 0x79, 0x6D, 0xA8, 0xB9, 0x85, 0x7B, 0xA5, 0x7A, 0x6D, 0xA9,
    0xB9, 0x85, 0x7C, 0xA5, 0x7B, 0x85, 0x7D, 0x85, 0x7F, 0xA5, 0x7C, 0x85, 0x7E, 0x85, 0x80, 0x4C,
    0x9B, 0xC1, 0xA5, 0x88, 0xC9, 0xFF, 0xD0, 0x16, 0xA9, 0x72, 0xA0, 0xEF, 0x20, 0x00, 0xCB, 0xAD,
    0xA5, 0xB9, 0x20, 0xFB, 0xF4, 0xAD, 0xA4, 0xB9, 0x20, 0xFB, 0xF4, 0x4C, 0x9B, 0xC1, 0x60, 0x4C,
    0x11, 0xF5, 0x0D, 0x0A, 0x4C, 0x6F, 0x61, 0x64, 0x65, 0x64, 0x20, 0x61, 0x74, 0x20, 0x24, 0x00,
    0x20, 0xE3, 0xF4, 0x20, 0x8F, 0xEA, 0x20, 0x57, 0xEA, 0x20, 0x1D, 0xCE, 0x20, 0x87, 0xD9, 0x8E,
    0x0B, 0x03, 0x20, 0x1D, 0xCE, 0x20, 0x75, 0xD9, 0xA5, 0xAF, 0x8D, 0x0C, 0x03, 0xA5, 0xAE, 0x8D,
    0x0D, 0x03, 0x20, 0x1D, 0xCE, 0x20, 0x75, 0xD9, 0xA5, 0xAF, 0x8D, 0x0F, 0x03, 0xA5, 0xAE, 0x8D,
    0x10, 0x03, 0xA2, 0x05, 0x20, 0x49, 0xEA, 0xF0, 0x03, 0x4C, 0x18, 0xF5, 0x60, 0x20, 0xE3, 0xF4,
    0x20, 0x8F, 0xEA, 0x20, 0x57, 0xEA, 0x20, 0x1D, 0xCE, 0x20, 0x87, 0xD9, 0x8E, 0x0B, 0x03, 0x20,
    0x1D, 0xCE, 0x20, 0x75, 0xD9, 0xA5, 0xAF, 0x8D, 0x0C, 0x03, 0xA5, 0xAE, 0x8D, 0x0D, 0x03, 0x20,
    0xC2, 0x00, 0xC9, 0x2C, 0xD0, 0x10, 0x20, 0x1D, 0xCE, 0x20, 0x75, 0xD9, 0xA5, 0xAF, 0x8D, 0x0F,
    0x03, 0xA5, 0xAE, 0x8D, 0x10, 0x03, 0xA2, 0x06, 0x20, 0x49, 0xEA, 0xF0, 0x03, 0x4C, 0x11, 0xF5,
    0x60, 0x20, 0x75, 0xD9, 0xA5, 0xAF, 0x8D, 0xAB, 0xB9, 0xA5, 0xAE, 0x8D, 0xAC, 0xB9, 0xAD, 0x0C,
    0xBA, 0x8D, 0xAA, 0xB9, 0x60, 0x20, 0xE3, 0xF4, 0x20, 0x1D, 0xCE, 0x20, 0x01, 0xF0, 0x9C, 0xAD,
    0xB9, 0x9C, 0xAE, 0xB9, 0x20, 0xC2, 0x00, 0xC9, 0x2C, 0xD0, 0x10, 0x20, 0x1D, 0xCE, 0x20, 0x75,
    0xD9, 0xA5, 0xAF, 0x8D, 0xAD, 0xB9, 0xA5, 0xAE, 0x8D, 0xAE, 0xB9, 0xA9, 0x0D, 0x80, 0x1D, 0x20,
    0xE3, 0xF4, 0x20, 0x1D, 0xCE, 0x20, 0x01, 0xF0, 0x20, 0x1D, 0xCE, 0x20, 0x75, 0xD9, 0xA5, 0xAF,
    0x8D, 0xAD, 0xB9, 0xA5, 0xAE, 0x8D, 0xAE, 0xB9, 0xA9, 0x0E, 0x80, 0x00, 0x20, 0x26, 0x02, 0xD0,
    0x01, 0x60, 0x4C, 0x11, 0xF5, 0x20, 0x26, 0x02, 0xD0, 0x01, 0x60, 0x4C, 0x29, 0xD4, 0x20, 0xE3,
    0xF4, 0x20, 0x8F, 0xEA, 0xA2, 0x01, 0x20, 0xC2, 0x00, 0xC9, 0x2C, 0xD0, 0x06, 0x20, 0x1D, 0xCE,
    0x20, 0x87, 0xD9, 0x8E, 0x03, 0x03, 0xA2, 0x09, 0x20, 0x41, 0xEA, 0xD0, 0x01, 0x60, 0x4C, 0x11,
    0xF5, 0x20, 0x8F, 0xEA, 0xA2, 0x0A, 0x4C, 0x41, 0xEA, 0x20, 0xE3, 0xF4, 0x20, 0x8F, 0xEA, 0xA2,
    0x0B, 0x20, 0x41, 0xEA, 0xD0, 0x01, 0x60, 0x4C, 0x11, 0xF5, 0x20, 0x8F, 0xEA, 0xA2, 0x0C, 0x4C,
    0x41, 0xEA, 0x20, 0xBC, 0x00, 0xCA, 0xD0, 0xFA, 0x60, 0x20, 0xC2, 0x00, 0xC9, 0x50, 0xF0, 0x0F,
    0xC9, 0x92, 0xF0, 0x1F, 0xC9, 0x54, 0xF0, 0x26, 0xC9, 0x9E, 0xF0, 0x37, 0x4C, 0x51, 0xF1, 0x20,
    0xBC, 0x00, 0xC9, 0x52, 0xF0, 0x56, 0xA2, 0x03, 0x20, 0xB2, 0xF0, 0x20, 0x8F, 0xEA, 0xA2, 0x12,
    0x4C, 0x41, 0xEA, 0x20, 0xBC, 0x00, 0x20, 0x8F, 0xEA, 0xA2, 0x13, 0x4C, 0x41, 0xEA, 0xA2, 0x05,
    0x20, 0xB2, 0xF0, 0x20, 0x8F, 0xEA, 0x20, 0x75, 0xD9, 0xA0, 0x00, 0x20, 0x98, 0xEA, 0xA2, 0x14,
    0x4C, 0x41, 0xEA, 0x20, 0xBC, 0x00, 0x20, 0xC2, 0x00, 0xC9, 0x93, 0xF0, 0x07, 0xC9, 0xCB, 0xF0,
    0x10, 0x4C, 0xF6, 0xC5, 0x20, 0xBC, 0x00, 0x20, 0x8F, 0xEA, 0xA9, 0x01, 0x8D, 0x03, 0x03, 0x80,
    0x06, 0x20, 0xBC, 0x00, 0x20, 0x8F, 0xEA, 0xA2, 0x15, 0x4C, 0x41, 0xEA, 0x20, 0xBC, 0x00, 0xC9,
    0x41, 0xB0, 0xF9, 0x20, 0x87, 0xD9, 0x86, 0x11, 0x20, 0xC2, 0x00, 0xC9, 0x2C, 0xD0, 0x05, 0x20,
    0xBC, 0x00, 0x80, 0xEF, 0x20, 0x8F, 0xEA, 0xA5, 0x11, 0x8D, 0x03, 0x03, 0xA2, 0x16, 0x4C, 0x41,
    0xEA, 0x20, 0x8F, 0xEA, 0x20, 0x87, 0xD9, 0x8E, 0x03, 0x03, 0x20, 0x1D, 0xCE, 0x20, 0xFC, 0xCC,
    0x20, 0x3F, 0xD8, 0xAA, 0xF0, 0x15, 0x8E, 0x0B, 0x03, 0xA5, 0x71, 0x8D, 0x07, 0x03, 0xA5, 0x72,
    0x8D, 0x08, 0x03, 0xA2, 0x11, 0x20, 0x41, 0xEA, 0xD0, 0x01, 0x60, 0x4C, 0x18, 0xF5, 0x20, 0xC2,
    0x00, 0xC9, 0xA2, 0xF0, 0x17, 0xC9, 0x93, 0xF0, 0x1B, 0xC9, 0xCB, 0xF0, 0x1F, 0xC9, 0x41, 0xF0,
    0x56, 0xC9, 0xA1, 0xF0, 0x1F, 0xC9, 0x55, 0xF0, 0x3B, 0x4C, 0xF6, 0xC5, 0x20, 0xBC, 0x00, 0xA2,
    0x42, 0x4C, 0x24, 0xEA, 0x20, 0xBC, 0x00, 0xA2, 0x43, 0x4C, 0x24, 0xEA, 0x20, 0xBC, 0x00, 0xA2,
    0x44, 0x4C, 0x24, 0xEA, 0x20, 0xBC, 0x00, 0x20, 0xC2, 0x00, 0xC9, 0x80, 0xF0, 0x0E, 0x20, 0x8F,
    0xEA, 0x20, 0x87, 0xD9, 0x8E, 0x03, 0x03, 0xA2, 0x40, 0x4C, 0x24, 0xEA, 0x20, 0xBC, 0x00, 0xA2,
    0x46, 0x4C, 0x24, 0xEA, 0xA2, 0x03, 0x20, 0xB2, 0xF0, 0x20, 0x8F, 0xEA, 0x20, 0x87, 0xD9, 0x8E,
    0x03, 0x03, 0xA2, 0x45, 0x4C, 0x24, 0xEA, 0xA2, 0x03, 0x20, 0xB2, 0xF0, 0x20, 0x8F, 0xEA, 0x20,
    0x75, 0xD9, 0xA0, 0x00, 0x20, 0x98, 0xEA, 0x20, 0x1D, 0xCE, 0x20, 0x87, 0xD9, 0x8E, 0x07, 0x03,
    0x20, 0x1D, 0xCE, 0x20, 0xC2, 0x00, 0xC9, 0x42, 0xF0, 0x0F, 0xC9, 0xB5, 0xF0, 0x15, 0xC9, 0x53,
    0xF0, 0x19, 0x20, 0x87, 0xD9, 0x8A, 0x4C, 0x5C, 0xF2, 0xA2, 0x05, 0x20, 0xB2, 0xF0, 0xA9, 0x01,
    0x4C, 0x5C, 0xF2, 0x20, 0xBC, 0x00, 0xA9, 0x00, 0x4C, 0x5C, 0xF2, 0x20, 0xBC, 0x00, 0x20, 0xC2,
    0x00, 0xC9, 0x43, 0xF0, 0x07, 0xC9, 0x50, 0xF0, 0x2E, 0x4C, 0xF6, 0xC5, 0xA2, 0x05, 0x20, 0xB2,
    0xF0, 0x20, 0xC2, 0x00, 0xC9, 0x58, 0xF0, 0x07, 0xC9, 0x59, 0xF0, 0x0B, 0x4C, 0xF6, 0xC5, 0x20,
    0xBC, 0x00, 0xA9, 0x05, 0x4C, 0x5C, 0xF2, 0x20, 0xBC, 0x00, 0xA9, 0x06, 0x8D, 0x0B, 0x03, 0x20,
    0xEE, 0xF2, 0xA2, 0x48, 0x4C, 0x24, 0xEA, 0x20, 0xBC, 0x00, 0x20, 0xBC, 0x00, 0x20, 0xC2, 0x00,
    0xC9, 0x58, 0xF0, 0x13, 0xC9, 0x59, 0xF0, 0x26, 0xC9, 0x53, 0xF0, 0x39, 0xC9, 0x46, 0xF0, 0x3F,
    0xC9, 0x50, 0xF0, 0x45, 0x4C, 0xF6, 0xC5, 0x20, 0xBC, 0x00, 0x20, 0xC2, 0x00, 0xC9, 0x48, 0xF0,
    0x05, 0xA9, 0x00, 0x4C, 0xD0, 0xF2, 0x20, 0xBC, 0x00, 0xA9, 0x01, 0x4C, 0xD0, 0xF2, 0x20, 0xBC,
    0x00, 0x20, 0xC2, 0x00, 0xC9, 0x48, 0xF0, 0x05, 0xA9, 0x02, 0x4C, 0xD0, 0xF2, 0x20, 0xBC, 0x00,
    0xA9, 0x03, 0x4C, 0xD0, 0xF2, 0xA2, 0x05, 0x20, 0xB2, 0xF0, 0xA9, 0x04, 0x4C, 0xD0, 0xF2, 0xA2,
    0x05, 0x20, 0xB2, 0xF0, 0xA9, 0x05, 0x4C, 0xD0, 0xF2, 0xA2, 0x03, 0x20, 0xB2, 0xF0, 0xA9, 0x06,
    0x8D, 0x0C, 0x03, 0x20, 0xBC, 0x00, 0x20, 0x87, 0xD9, 0xE0, 0x10, 0x90, 0x03, 0x4C, 0xF6, 0xC5,
    0x8E, 0x0B, 0x03, 0x20, 0xBC, 0x00, 0x20, 0xEE, 0xF2, 0xA2, 0x49, 0x4C, 0x24, 0xEA, 0x20, 0x1D,
    0xCE, 0x20, 0x87, 0xD9, 0x8E, 0x0F, 0x03, 0x60, 0xA9, 0x1F, 0x8D, 0x10, 0xA0, 0x6C, 0xFC, 0xFF,
    0x20, 0x8F, 0xEA, 0x20, 0x87, 0xD9, 0x8E, 0x0F, 0x03, 0x20, 0x1D, 0xCE, 0x20, 0xFC, 0xCC, 0x20,
    0x3F, 0xD8, 0x8D, 0x05, 0x03, 0xA5, 0x71, 0x8D, 0x03, 0x03, 0xA5, 0x72, 0x8D, 0x04, 0x03, 0x20,
    0x1D, 0xCE, 0x20, 0x75, 0xD9, 0xA0, 0x04, 0x20, 0x98, 0xEA, 0xA2, 0x00, 0x20, 0x45, 0xEA, 0xD0,
    0x01, 0x60, 0x4C, 0x29, 0xD4, 0x20, 0x8F, 0xEA, 0x20, 0x87, 0xD9, 0x8E, 0x0F, 0x03, 0xA2, 0x01,
    0x4C, 0x45, 0xEA, 0x20, 0x8F, 0xEA, 0x20, 0x87, 0xD9, 0x8E, 0x0F, 0x03, 0x20, 0x1D, 0xCE, 0x20,
    0xFC, 0xCC, 0x20, 0x3F, 0xD8, 0xAA, 0xF0, 0x12, 0x8E, 0x05, 0x03, 0xA5, 0x71, 0x8D, 0x03, 0x03,
    0xA5, 0x72, 0x8D, 0x04, 0x03, 0xA2, 0x04, 0x4C, 0x45, 0xEA, 0x4C, 0x29, 0xD4, 0xA5, 0x24, 0xC9,
    0x05, 0xD0, 0x04, 0xAD, 0x0C, 0xBA, 0x60, 0xA9, 0x00, 0x60, 0x5A, 0x20, 0x1D, 0xCE, 0x20, 0x75,
    0xD9, 0x7A, 0xA5, 0xAF, 0x99, 0x03, 0x03, 0xA5, 0xAE, 0x99, 0x04, 0x03, 0x20, 0x6D, 0xF3, 0x99,
    0x05, 0x03, 0xA9, 0x00, 0x99, 0x06, 0x03, 0x60, 0x5A, 0x20, 0x1D, 0xCE, 0x20, 0x75, 0xD9, 0x7A,
    0xA5, 0xAF, 0x99, 0x03, 0x03, 0xA5, 0xAE, 0x99, 0x04, 0x03, 0xA9, 0x00, 0x99, 0x05, 0x03, 0x99,
    0x06, 0x03, 0x60, 0x86, 0x20, 0x85, 0x21, 0x20, 0x1D, 0xCE, 0x20, 0x75, 0xD9, 0xA0, 0x00, 0xA5,
    0xAF, 0x91, 0x20, 0xC8, 0xA5, 0xAE, 0x91, 0x20, 0x60, 0x20, 0xB3, 0xF3, 0x20, 0x6D, 0xF3, 0xA0,
    0x02, 0x91, 0x20, 0x60, 0x20, 0x8F, 0xEA, 0x20, 0x87, 0xD9, 0x8E, 0x03, 0x03, 0x86, 0x24, 0xA0,
    0x04, 0x20, 0x7A, 0xF3, 0x20, 0x1D, 0xCE, 0x20, 0x87, 0xD9, 0x8E, 0x04, 0x03, 0x86, 0x24, 0xA0,
    0x08, 0x20, 0x7A, 0xF3, 0xA0, 0x0C, 0x20, 0x98, 0xF3, 0xA2, 0x54, 0x4C, 0x28, 0xEA, 0x20, 0x8F,
    0xEA, 0x20, 0x87, 0xD9, 0x8E, 0x04, 0x03, 0x86, 0x24, 0xA0, 0x08, 0x20, 0x7A, 0xF3, 0xA0, 0x0C,
    0x20, 0x98, 0xF3, 0x20, 0x1D, 0xCE, 0x20, 0x87, 0xD9, 0x8E, 0x05, 0x03, 0xA2, 0x55, 0x4C, 0x28,
    0xEA, 0x20, 0x87, 0xD9, 0x8E, 0x86, 0xBA, 0x86, 0x24, 0xA2, 0x88, 0xA9, 0xBA, 0x20, 0xC9, 0xF3,
    0xA2, 0x92, 0xA9, 0xBA, 0x20, 0xB3, 0xF3, 0x20, 0x1D, 0xCE, 0x20, 0x87, 0xD9, 0x8E, 0x87, 0xBA,
    0x86, 0x24, 0xA2, 0x8B, 0xA9, 0xBA, 0x20, 0xC9, 0xF3, 0xA2, 0x94, 0xA9, 0xBA, 0x20, 0xB3, 0xF3,
    0xA2, 0x8E, 0xA9, 0xBA, 0x20, 0xB3, 0xF3, 0xA2, 0x90, 0xA9, 0xBA, 0x20, 0xB3, 0xF3, 0xA2, 0x52,
    0x4C, 0x33, 0xEA, 0x20, 0x87, 0xD9, 0x8E, 0x87, 0xBA, 0x86, 0x24, 0xA2, 0x8B, 0xA9, 0xBA, 0x20,
    0xC9, 0xF3, 0xA2, 0x94, 0xA9, 0xBA, 0x20, 0xB3, 0xF3, 0xA2, 0x8E, 0xA9, 0xBA, 0x20, 0xB3, 0xF3,
    0xA2, 0x90, 0xA9, 0xBA, 0x20, 0xB3, 0xF3, 0x20, 0x1D, 0xCE, 0x20, 0x87, 0xD9, 0x8E, 0x97, 0xBA,
    0xA2, 0x5C, 0x4C, 0x33, 0xEA, 0x20, 0xE3, 0xF4, 0xA2, 0x04, 0x20, 0x4D, 0xEA, 0xF0, 0x03, 0x4C,
    0x11, 0xF5, 0x60, 0x20, 0xE3, 0xF4, 0xA2, 0x07, 0x20, 0x4D, 0xEA, 0xF0, 0x03, 0x4C, 0x11, 0xF5,
    0x60, 0x20, 0xE3, 0xF4, 0xA2, 0x08, 0x20, 0x4D, 0xEA, 0xF0, 0x03, 0x4C, 0x11, 0xF5, 0x60, 0x20,
    0xE3, 0xF4, 0xA2, 0x09, 0x20, 0x4D, 0xEA, 0xF0, 0x03, 0x4C, 0x11, 0xF5, 0x60, 0xA9, 0x03, 0x4C,
    0x26, 0x02, 0x20, 0xE3, 0xF4, 0xA9, 0x01, 0x20, 0x26, 0x02, 0xD0, 0x01, 0x60, 0x4C, 0x11, 0xF5,
    0x4C, 0xC5, 0xFF, 0x20, 0xFC, 0xCC, 0x20, 0x3F, 0xD8, 0x85, 0x28, 0xA5, 0x71, 0x85, 0x29, 0xA5,
    0x72, 0x85, 0x2A, 0x20, 0x68, 0xEA, 0xD0, 0x01, 0x60, 0x80, 0x1D, 0x48, 0x4A, 0x4A, 0x4A, 0x4A,
    0x20, 0x06, 0xF5, 0x68, 0x29, 0x0F, 0xC9, 0x0A, 0x90, 0x02, 0x69, 0x06, 0x69, 0x30, 0x4C, 0x1A,
    0xCB, 0xAD, 0xA2, 0xB9, 0xC9, 0x01, 0xF0, 0x06, 0xA9, 0x28, 0xA0, 0xF5, 0x80, 0x04, 0xA9, 0x34,
    0xA0, 0xF5, 0x20, 0x00, 0xCB, 0x4C, 0x9B, 0xC1, 0x0D, 0x0A, 0x49, 0x2F, 0x4F, 0x20, 0x45, 0x72,
    0x72, 0x6F, 0x72, 0x00, 0x0D, 0x0A, 0x46, 0x69, 0x6C, 0x65, 0x20, 0x6E, 0x6F, 0x74, 0x20, 0x66,
    0x6F, 0x75, 0x6E, 0x64, 0x00, 0x20, 0xC2, 0x00, 0xF0, 0x0F, 0xC9, 0x3A, 0xF0, 0x0B, 0x20, 0xE3,
    0xF4, 0x20, 0x8F, 0xEA, 0x20, 0x57, 0xEA, 0x80, 0x03, 0x20, 0x8F, 0xEA, 0xA2, 0x1C, 0x4C, 0x49,
    0xEA, 0xA9, 0x0B, 0x20, 0x26, 0x02, 0xD0, 0x01, 0x60, 0x4C, 0x29, 0xD4, 0x20, 0x75, 0xD9, 0xA5,
    0xAF, 0x8D, 0x04, 0xBA, 0xA5, 0xAE, 0x8D, 0x05, 0xBA, 0xAD, 0x0C, 0xBA, 0x8D, 0x06, 0xBA, 0x60,
    0x20, 0xFC, 0xCC, 0x20, 0x3F, 0xD8, 0xAA, 0xF0, 0x14, 0xE0, 0x1D, 0xB0, 0x10, 0x8E, 0x12, 0xBA,
    0xA0, 0x00, 0xB1, 0x71, 0x99, 0x24, 0xBA, 0xC8, 0xCA, 0xD0, 0xF7, 0x18, 0x60, 0x38, 0x60, 0xA9,
    0x04, 0x4C, 0x26, 0x02, 0xA9, 0x24, 0x4C, 0x65, 0xF0, 0xA9, 0x25, 0x4C, 0x65, 0xF0, 0x20, 0x75,
    0xD9, 0xA5, 0xAF, 0x8D, 0x07, 0xBA, 0xA5, 0xAE, 0x8D, 0x08, 0xBA, 0x60, 0x20, 0x75, 0xD9, 0xA5,
    0xAF, 0x8D, 0x09, 0xBA, 0xA5, 0xAE, 0x8D, 0x0A, 0xBA, 0x60, 0x20, 0xC2, 0x00, 0xC9, 0x22, 0xD0,
    0x1C, 0x20, 0x80, 0xF5, 0x90, 0x03, 0x4C, 0x29, 0xD4, 0x20, 0x1D, 0xCE, 0x20, 0xAE, 0xF5, 0x20,
    0x1D, 0xCE, 0x20, 0xBC, 0xF5, 0xA9, 0x0B, 0x8D, 0x00, 0xBA, 0x4C, 0x61, 0xF5, 0x20, 0xAE, 0xF5,
    0x20, 0x1D, 0xCE, 0x20, 0x6C, 0xF5, 0x20, 0x1D, 0xCE, 0x20, 0xBC, 0xF5, 0xA9, 0x03, 0x8D, 0x00,
    0xBA, 0x4C, 0x61, 0xF5, 0x20, 0xC2, 0x00, 0xC9, 0x22, 0xD0, 0x1C, 0x20, 0x80, 0xF5, 0x90, 0x03,
    0x4C, 0x29, 0xD4, 0x20, 0x1D, 0xCE, 0x20, 0xAE, 0xF5, 0x9C, 0x09, 0xBA, 0x9C, 0x0A, 0xBA, 0xA9,
    0x0C, 0x8D, 0x00, 0xBA, 0x4C, 0x61, 0xF5, 0x20, 0xAE, 0xF5, 0x20, 0x1D, 0xCE, 0x20, 0x6C, 0xF5,
    0x20, 0x1D, 0xCE, 0x20, 0xBC, 0xF5, 0xA9, 0x04, 0x8D, 0x00, 0xBA, 0x4C, 0x61, 0xF5, 0xA9, 0x26,
    0x4C, 0x65, 0xF0, 0xA9, 0x27, 0x4C, 0x65, 0xF0, 0xA9, 0x28, 0x4C, 0x65, 0xF0, 0xA9, 0x05, 0x4C,
    0x26, 0x02, 0x20, 0x80, 0xF5, 0x90, 0x03, 0x4C, 0x29, 0xD4, 0xA9, 0x0D, 0x8D, 0x00, 0xBA, 0x4C,
    0x61, 0xF5, 0xA9, 0x29, 0x4C, 0x65, 0xF0, 0xA9, 0x2A, 0x4C, 0x65, 0xF0, 0x9C, 0xF1, 0xB9, 0xAD,
    0xF0, 0xB9, 0xF0, 0x03, 0x4C, 0xF2, 0xF6, 0xA2, 0x07, 0xBD, 0xF3, 0xF6, 0x9D, 0xB0, 0xB9, 0xCA,
    0x10, 0xF7, 0xA9, 0x08, 0x8D, 0xA3, 0xB9, 0xA5, 0x79, 0x8D, 0xA4, 0xB9, 0xA5, 0x7A, 0x8D, 0xA5,
    0xB9, 0x9C, 0xA1, 0xB9, 0xA9, 0x02, 0x8D, 0xA0, 0xB9, 0xAD, 0xA1, 0xB9, 0xF0, 0xFB, 0x4A, 0x90,
    0x06, 0x20, 0xC5, 0xFF, 0x4C, 0xF2, 0xF6, 0xA9, 0xFB, 0xA0, 0xF6, 0x20, 0x00, 0xCB, 0xAD, 0xAF,
    0xB9, 0xC9, 0x02, 0xF0, 0x2B, 0x18, 0xA5, 0x79, 0x6D, 0xA8, 0xB9, 0x85, 0x7B, 0xA5, 0x7A, 0x6D,
    0xA9, 0xB9, 0x85, 0x7C, 0xA5, 0x7B, 0x85, 0x7D, 0x85, 0x7F, 0xA5, 0x7C, 0x85, 0x7E, 0x85, 0x80,
    0xA9, 0x01, 0x8D, 0xF1, 0xB9, 0x68, 0x68, 0xA9, 0xC6, 0x48, 0xA9, 0x1B, 0x48, 0x4C, 0x4B, 0xC4,
    0xA9, 0x01, 0x8D, 0xF1, 0xB9, 0xAD, 0xA4, 0xB9, 0x85, 0x71, 0xAD, 0xA5, 0xB9, 0x85, 0x72, 0x6C,
    0x71, 0x00, 0x60, 0x41, 0x55, 0x54, 0x4F, 0x42, 0x4F, 0x4F, 0x54, 0x42, 0x6F, 0x6F, 0x74, 0x69,
    0x6E, 0x67, 0x2E, 0x2E, 0x2E, 0x0D, 0x0A, 0x00, 0xE6, 0xC3, 0xD0, 0x02, 0xE6, 0xC4, 0xAD, 0xFF,
    0xFF, 0xC9, 0xC2, 0xF0, 0x0E, 0xC9, 0x3A, 0xB0, 0x0A, 0xC9, 0x20, 0xF0, 0xEB, 0x38, 0xE9, 0x30,
    0x38, 0xE9, 0xD0, 0x60, 0x4C, 0x00, 0xC0, 0x00, 0x00, 0x00, 0x00, 0x00, 0x00, 0x00, 0x4C, 0x29,
    0xD4, 0x00, 0x00, 0x00, 0xF2, 0x00, 0x09, 0x20, 0x62, 0x79, 0x74, 0x65, 0x73, 0x20, 0x66, 0x72,
    0x65, 0x65, 0x20, 0x20, 0x00, 0x4B, 0x20, 0x65, 0x78, 0x70, 0x61, 0x6E, 0x73, 0x69, 0x6F, 0x6E,
    0x20, 0x6D, 0x65, 0x6D, 0x6F, 0x72, 0x79, 0x00, 0x0D, 0x0A, 0x0D, 0x0A, 0x00, 0x02, 0x80, 0x19,
    0x56, 0x62, 0x80, 0x76, 0x22, 0xF3, 0x82, 0x38, 0xAA, 0x40, 0x80, 0x35, 0x04, 0xF3, 0x81, 0x35,
    0x04, 0xF3, 0x80, 0x80, 0x00, 0x00, 0x80, 0x31, 0x72, 0x18, 0x91, 0x43, 0x4F, 0xF8, 0x94, 0x74,
    0x23, 0xF7, 0x94, 0x74, 0x24, 0x00, 0x81, 0x38, 0xAA, 0x3B, 0x06, 0x74, 0x63, 0x90, 0x8C, 0x77,
    0x23, 0x0C, 0xAB, 0x7A, 0x1E, 0x94, 0x00, 0x7C, 0x63, 0x42, 0x80, 0x7E, 0x75, 0xFE, 0xD0, 0x80,
    0x31, 0x72, 0x15, 0x81, 0x00, 0x00, 0x00, 0x81, 0x49, 0x0F, 0xDB, 0x04, 0x86, 0x1E, 0xD7, 0xFB,
    0x87, 0x99, 0x26, 0x65, 0x87, 0x23, 0x34, 0x58, 0x86, 0xA5, 0x5D, 0xE1, 0x83, 0x49, 0x0F, 0xDB,
    0x08, 0x78, 0x3A, 0xC5, 0x37, 0x7B, 0x83, 0xA2, 0x5C, 0x7C, 0x2E, 0xDD, 0x4D, 0x7D, 0x99, 0xB0,
    0x1E, 0x7D, 0x59, 0xED, 0x24, 0x7E, 0x91, 0x72, 0x00, 0x7E, 0x4C, 0xB9, 0x73, 0x7F, 0xAA, 0xAA,
    0x53, 0x81, 0x00, 0x00, 0x00, 0x81, 0x80, 0x00, 0x00, 0x90, 0x80, 0x00, 0x00, 0x00, 0x7F, 0x00,
    0x00, 0x00, 0x84, 0x20, 0x00, 0x00, 0xFE, 0x79, 0x60, 0x00, 0x27, 0x10, 0xFF, 0xFC, 0x18, 0x00,
    0x00, 0x64, 0xFF, 0xFF, 0xF6, 0x00, 0x00, 0x01, 0x4A, 0xC7, 0x76, 0xC5, 0x7F, 0xCC, 0xB4, 0xC8,
    0x63, 0xCB, 0x52, 0xD2, 0x82, 0xCB, 0xE4, 0xC9, 0xB7, 0xC9, 0x14, 0xC8, 0xD3, 0xC7, 0xE2, 0xC8,
    0x6B, 0xC7, 0xF7, 0xC7, 0x02, 0xE5, 0x0E, 0xE5, 0x9F, 0xC8, 0x49, 0xC9, 0x48, 0xC7, 0x52, 0xC9,
    0xF5, 0xC5, 0xBA, 0xC9, 0xF5, 0xC5, 0xBB, 0xE9, 0xBE, 0xE9, 0x73, 0xD5, 0x01, 0xDA, 0x1D, 0xDA,
    0x42, 0xDA, 0xDD, 0xC7, 0x46, 0xC8, 0x83, 0xCA, 0xAA, 0xC7, 0x86, 0xC4, 0x83, 0xC4, 0x33, 0xC4,
    0x83, 0xE5, 0x53, 0xCA, 0xF5, 0xC5, 0xBE, 0xE2, 0xCC, 0xE2, 0x63, 0xE4, 0x66, 0xE4, 0xEF, 0xEA,
    0xF4, 0xEA, 0x5D, 0xEB, 0xD3, 0xEB, 0xE1, 0xEB, 0xEF, 0xEB, 0xFD, 0xEB, 0x62, 0xEC, 0x70, 0xEC,
    0x7E, 0xEC, 0x74, 0xEB, 0x90, 0xEB, 0x9B, 0xEB, 0x8C, 0xEC, 0x17, 0xED, 0x2E, 0xED, 0x66, 0xED,
    0xEF, 0xED, 0x16, 0xEE, 0x34, 0xEE, 0x6F, 0xEE, 0xB5, 0xEA, 0x5D, 0xD1, 0x5D, 0xD1, 0x5D, 0xD1,
    0x03, 0xCD, 0x0A, 0xCE, 0x0A, 0xCE, 0x5D, 0xD1, 0x5D, 0xD1, 0x5D, 0xD1, 0x5D, 0xD1, 0x5D, 0xD1,
    0x5D, 0xD1, 0x5D, 0xD1, 0x5D, 0xD1, 0x5D, 0xD1, 0x5D, 0xD1, 0x00, 0x00, 0x57, 0xD1, 0x5D, 0xD1,
    0x57, 0xD1, 0x57, 0xD1, 0x57, 0xD1, 0x57, 0xD1, 0x5D, 0xD1, 0x80, 0xD1, 0x80, 0xD1, 0x00, 0x00,
    0x1A, 0xE5, 0x1A, 0xE5, 0x63, 0xD1, 0x00, 0x00, 0x00, 0x00, 0x68, 0xD1, 0x68, 0xD1, 0x68, 0xD1,
    0x5D, 0xD1, 0x5D, 0xD1, 0x5D, 0xD1, 0x5D, 0xD1, 0xF7, 0xDD, 0x7C, 0xDE, 0x10, 0xDE, 0x89, 0xE2,
    0x44, 0xD5, 0x63, 0xD5, 0xD9, 0xE5, 0x91, 0xE1, 0xFF, 0xDB, 0xF7, 0xE0, 0x14, 0xE2, 0x1B, 0xE2,
    0x62, 0xE2, 0x8F, 0xE2, 0xF6, 0xD9, 0x0A, 0xDA, 0xF5, 0xC5, 0x56, 0xD9, 0x23, 0xD6, 0x95, 0xD9,
    0x61, 0xD9, 0x34, 0xD9, 0x13, 0xD9, 0x87, 0xD8, 0x70, 0xE3, 0x21, 0xE3, 0xF9, 0xE2, 0x20, 0xE5,
    0x30, 0xE5, 0x64, 0xE6, 0xF5, 0xC5, 0xF5, 0xC5, 0x98, 0xD8, 0xA1, 0xD8, 0xCF, 0xD8, 0x72, 0xEE,
    0x88, 0xEE, 0x9E, 0xEE, 0xAC, 0xEE, 0x79, 0xC5, 0xDA, 0x79, 0xAB, 0xDA, 0x7B, 0x40, 0xDC, 0x7B,
    0x05, 0xDD, 0x7F, 0xB3, 0xE0, 0x50, 0xC9, 0xD1, 0x46, 0xAF, 0xD1, 0x46, 0xBC, 0xD1, 0x56, 0x74,
    0xD2, 0x56, 0x5C, 0xD2, 0x7D, 0xEC, 0xE0, 0x5A, 0x39, 0xCE, 0x64, 0xEA, 0xD1, 0x2A, 0x2B, 0x2D,
    0x2F, 0x3C, 0x3D, 0x3E, 0x3F, 0x41, 0x42, 0x43, 0x44, 0x45, 0x46, 0x47, 0x48, 0x49, 0x4C, 0x4D,
    0x4E, 0x4F, 0x50, 0x52, 0x53, 0x54, 0x55, 0x56, 0x57, 0x5E, 0x00, 0xA5, 0xF9, 0xA7, 0xF9, 0xA9,
    0xF9, 0xAB, 0xF9, 0xAD, 0xF9, 0xB1, 0xF9, 0xB3, 0xF9, 0xB7, 0xF9, 0xB9, 0xF9, 0xC9, 0xF9, 0xE9,
    0xF9, 0x1D, 0xFA, 0x36, 0xFA, 0x45, 0xFA, 0x53, 0xFA, 0x6A, 0xFA, 0x70, 0xFA, 0x8C, 0xFA, 0xBB,
    0xFA, 0xCD, 0xFA, 0xDB, 0xFA, 0xE3, 0xFA, 0x01, 0xFB, 0x34, 0xFB, 0x92, 0xFB, 0xA1, 0xFB, 0xB8,
    0xFB, 0xC8, 0xFB, 0xD7, 0xFB, 0xCE, 0x00, 0xCC, 0x00, 0xCD, 0x00, 0xCF, 0x00, 0x3C, 0xD5, 0xD8,
    0x00, 0xD7, 0x00, 0x3E, 0xD4, 0xD6, 0x00, 0x9F, 0x00, 0x42, 0x53, 0x28, 0xDB, 0x4E, 0x44, 0xD1,
    0x53, 0x43, 0x28, 0xED, 0x54, 0x4E, 0x28, 0xE6, 0x00, 0x49, 0x4E, 0x24, 0x28, 0xF2, 0x49, 0x54,
    0x43, 0x4C, 0x52, 0xA8, 0x49, 0x54, 0x53, 0x45, 0x54, 0xA7, 0x49, 0x54, 0x54, 0x53, 0x54, 0x28,
    0xF3, 0x55, 0x4D, 0x50, 0x45, 0x44, 0x28, 0xFF, 0x00, 0x48, 0x52, 0x24, 0x28, 0xF0, 0x49, 0x52,
    0x43, 0x4C, 0x45, 0xB1, 0x4C, 0x45, 0x41, 0x52, 0xA2, 0x4C, 0x53, 0xAB, 0x4F, 0x4C, 0x4C, 0x49,
    0x53, 0x49, 0x4F, 0x4E, 0x28, 0xFE, 0x4F, 0x4C, 0x4C, 0x49, 0x53, 0x49, 0x4F, 0x4E, 0xFE, 0x4F,
    0x4C, 0x4F, 0x52, 0xAC, 0x4F, 0x4E, 0x54, 0xA0, 0x4F, 0x53, 0x28, 0xE3, 0x00, 0x41, 0x54, 0x41,
    0x83, 0x45, 0x43, 0x88, 0x45, 0x45, 0x4B, 0x28, 0xE8, 0x45, 0x46, 0x99, 0x49, 0x4D, 0x85, 0x4F,
    0x4B, 0x45, 0x9B, 0x4F, 0x9D, 0x00, 0x4C, 0x53, 0x45, 0xC2, 0x4E, 0x44, 0x80, 0x4F, 0x52, 0xD2,
    0x58, 0x50, 0x28, 0xE2, 0x00, 0x49, 0x4C, 0x4C, 0xB3, 0x4E, 0xC4, 0x4F, 0x52, 0x81, 0x52, 0x45,
    0x28, 0xDD, 0x00, 0x45, 0x54, 0xA5, 0x4F, 0x53, 0x55, 0x42, 0x8D, 0x4F, 0x54, 0x4F, 0x89, 0x43,
    0x4C, 0x53, 0xB6, 0x43, 0x4F, 0x4C, 0x4F, 0x52, 0xB7, 0x00, 0x45, 0x58, 0x24, 0x28, 0xF1, 0x00,
    0x46, 0x8B, 0x4E, 0x43, 0x95, 0x4E, 0x50, 0x55, 0x54, 0x84, 0x4E, 0x53, 0x54, 0x52, 0x55, 0x4D,
    0x45, 0x4E, 0x54, 0xBE, 0x4E, 0x54, 0x28, 0xDA, 0x52, 0x51, 0xA9, 0x00, 0x43, 0x41, 0x53, 0x45,
    0x24, 0x28, 0xEF, 0x45, 0x46, 0x54, 0x24, 0x28, 0xF9, 0x45, 0x4E, 0x28, 0xEA, 0x45, 0x54, 0x87,
    0x49, 0x4E, 0x45, 0xB0, 0x49, 0x53, 0x54, 0xA1, 0x4F, 0x41, 0x44, 0x97, 0x4F, 0x43, 0x41, 0x54,
    0x45, 0xAD, 0x4F, 0x47, 0x28, 0xE1, 0x4F, 0x4F, 0x50, 0x9E, 0x00, 0x41, 0x58, 0x28, 0xF4, 0x49,
    0x44, 0x24, 0x28, 0xFB, 0x49, 0x4E, 0x28, 0xF5, 0x4F, 0x44, 0x45, 0xB5, 0x00, 0x45, 0x57, 0xA3,
    0x45, 0x58, 0x54, 0x82, 0x4D, 0x49, 0xAA, 0x4F, 0x54, 0xC7, 0x00, 0x46, 0x46, 0xCB, 0x4E, 0x93,
    0x52, 0xD3, 0x00, 0x41, 0x49, 0x4E, 0x54, 0xB4, 0x45, 0x45, 0x4B, 0x28, 0xE7, 0x49, 0xF6, 0x4C,
    0x4F, 0x54, 0xAE, 0x4F, 0x4B, 0x45, 0x9A, 0x4F, 0x53, 0x28, 0xDE, 0x52, 0x49, 0x4E, 0x54, 0x9F,
    0x00, 0x45, 0x41, 0x44, 0x86, 0x45, 0x43, 0x54, 0xB2, 0x45, 0x4D, 0x91, 0x45, 0x53, 0x54, 0x4F,
    0x52, 0x45, 0x8C, 0x45, 0x54, 0x49, 0x52, 0x51, 0x8E, 0x45, 0x54, 0x4E, 0x4D, 0x49, 0x8F, 0x45,
    0x54, 0x55, 0x52, 0x4E, 0x90, 0x49, 0x47, 0x48, 0x54, 0x24, 0x28, 0xFA, 0x4E, 0x44, 0x28, 0xE0,
    0x55, 0x4E, 0x8A, 0x00, 0x41, 0x56, 0x45, 0x98, 0x47, 0x4E, 0x28, 0xD9, 0x49, 0x4E, 0x28, 0xE4,
    0x4F, 0x55, 0x4E, 0x44, 0xBC, 0x50, 0x43, 0x28, 0xC5, 0x50, 0x52, 0x49, 0x54, 0x45, 0x53, 0x45,
    0x54, 0xBA, 0x50, 0x52, 0x49, 0x54, 0x45, 0x44, 0x41, 0x54, 0x41, 0xBB, 0x50, 0x52, 0x49, 0x54,
    0x45, 0x53, 0x48, 0x41, 0x50, 0x45, 0xB9, 0x50, 0x52, 0x49, 0x54, 0x45, 0x58, 0x28, 0xFC, 0x50,
    0x52, 0x49, 0x54, 0x45, 0x59, 0x28, 0xFD, 0x50, 0x52, 0x49, 0x54, 0x45, 0xB8, 0x51, 0x52, 0x28,
    0xDF, 0x54, 0x45, 0x50, 0xC8, 0x54, 0x4F, 0x50, 0x92, 0x54, 0x52, 0x24, 0x28, 0xEB, 0x59, 0x53,
    0x9C, 0x00, 0x41, 0x42, 0x28, 0xC1, 0x41, 0x4E, 0x28, 0xE5, 0x48, 0x45, 0x4E, 0xC6, 0x4F, 0xC3,
    0x00, 0x43, 0x41, 0x53, 0x45, 0x24, 0x28, 0xEE, 0x4E, 0x50, 0x4C, 0x4F, 0x54, 0xAF, 0x4E, 0x54,
    0x49, 0x4C, 0xC9, 0x53, 0x52, 0x28, 0xDC, 0x00, 0x41, 0x4C, 0x28, 0xEC, 0x4F, 0x4C, 0x55, 0x4D,
    0x45, 0xBD, 0x53, 0x59, 0x4E, 0x43, 0xC0, 0x00, 0x41, 0x56, 0x45, 0xBF, 0x48, 0x49, 0x4C, 0x45,
    0xCA, 0x49, 0x44, 0x54, 0x48, 0xA4, 0x00, 0xD0, 0x00, 0x03, 0x45, 0x3A, 0xFA, 0x03, 0x46, 0x4B,
    0xFA, 0x04, 0x4E, 0xD0, 0xFA, 0x04, 0x44, 0x1D, 0xFA, 0x05, 0x49, 0x75, 0xFA, 0x03, 0x44, 0x2C,
    0xFA, 0x04, 0x52, 0x01, 0xFB, 0x03, 0x4C, 0x9D, 0xFA, 0x03, 0x44, 0x21, 0xFA, 0x04, 0x47, 0x5B,
    0xFA, 0x03, 0x52, 0x30, 0xFB, 0x02, 0x49, 0x70, 0xFA, 0x07, 0x52, 0x0C, 0xFB, 0x05, 0x47, 0x56,
    0xFA, 0x06, 0x52, 0x13, 0xFB, 0x06, 0x52, 0x19, 0xFB, 0x06, 0x52, 0x1F, 0xFB, 0x03, 0x52, 0x09,
    0xFB, 0x04, 0x53, 0x85, 0xFB, 0x02, 0x4F, 0xDE, 0xFA, 0x01, 0x3F, 0x00, 0x00, 0x03, 0x49, 0x72,
    0xFA, 0x01, 0x3F, 0x00, 0x00, 0x04, 0x4C, 0xA8, 0xFA, 0x04, 0x53, 0x34, 0xFB, 0x03, 0x44, 0x29,
    0xFA, 0x04, 0x50, 0xF3, 0xFA, 0x04, 0x44, 0x2F, 0xFA, 0x03, 0x53, 0x8E, 0xFB, 0x02, 0x44, 0x33,
    0xFA, 0x04, 0x4C, 0xB6, 0xFA, 0x05, 0x50, 0xFB, 0xFA, 0x04, 0x43, 0x14, 0xFA, 0x04, 0x4C, 0xA4,
    0xFA, 0x05, 0x43, 0xF4, 0xF9, 0x03, 0x4E, 0xCD, 0xFA, 0x05, 0x57, 0xD1, 0xFB, 0x03, 0x47, 0x53,
    0xFA, 0x01, 0x3F, 0x00, 0x00, 0x06, 0x42, 0xD4, 0xF9, 0x06, 0x42, 0xCE, 0xF9, 0x03, 0x49, 0x88,
    0xFA, 0x03, 0x4E, 0xD4, 0xFA, 0x03, 0x43, 0xF9, 0xF9, 0x05, 0x43, 0x0F, 0xFA, 0x06, 0x4C, 0xAC,
    0xFA, 0x04, 0x50, 0xEF, 0xFA, 0x06, 0x55, 0xA8, 0xFB, 0x04, 0x4C, 0xA0, 0xFA, 0x06, 0x43, 0xEE,
    0xF9, 0x04, 0x52, 0x05, 0xFB, 0x04, 0x46, 0x45, 0xFA, 0x05, 0x50, 0xE3, 0xFA, 0x04, 0x4D, 0xC8,
    0xFA, 0x04, 0x47, 0x5F, 0xFA, 0x06, 0x47, 0x63, 0xFA, 0x06, 0x53, 0x77, 0xFB, 0x0B, 0x53, 0x5C,
    0xFB, 0x09, 0x53, 0x49, 0xFB, 0x0A, 0x53, 0x52, 0xFB, 0x05, 0x53, 0x40, 0xFB, 0x06, 0x56, 0xBC,
    0xFB, 0x0A, 0x49, 0x7A, 0xFA, 0x04, 0x57, 0xC8, 0xFB, 0x05, 0x56, 0xC2, 0xFB, 0x04, 0x54, 0x92,
    0xFB, 0x04, 0x45, 0x36, 0xFA, 0x02, 0x54, 0x9E, 0xFB, 0x02, 0x46, 0x49, 0xFA, 0x04, 0x53, 0x45,
    0xFB, 0x04, 0x54, 0x9A, 0xFB, 0x03, 0x4E, 0xD7, 0xFA, 0x04, 0x53, 0x81, 0xFB, 0x05, 0x55, 0xAE,
    0xFB, 0x05, 0x57, 0xCC, 0xFB, 0x03, 0x4F, 0xDB, 0xFA, 0x01, 0x2B, 0x00, 0x00, 0x01, 0x2D, 0x00,
    0x00, 0x01, 0x2A, 0x00, 0x00, 0x01, 0x2F, 0x00, 0x00, 0x01, 0x5E, 0x00, 0x00, 0x03, 0x41, 0xBD,
    0xF9, 0x03, 0x45, 0x3D, 0xFA, 0x02, 0x4F, 0xE0, 0xFA, 0x02, 0x3E, 0xB3, 0xF9, 0x02, 0x3C, 0xAD,
    0xF9, 0x01, 0x3E, 0x00, 0x00, 0x01, 0x3D, 0x00, 0x00, 0x01, 0x3C, 0x00, 0x00, 0x04, 0x53, 0x38,
    0xFB, 0x04, 0x49, 0x84, 0xFA, 0x04, 0x41, 0xB9, 0xF9, 0x04, 0x55, 0xB3, 0xFB, 0x04, 0x46, 0x4E,
    0xFA, 0x04, 0x50, 0xF7, 0xFA, 0x04, 0x53, 0x7D, 0xFB, 0x04, 0x52, 0x2C, 0xFB, 0x04, 0x4C, 0xB2,
    0xFA, 0x04, 0x45, 0x40, 0xFA, 0x04, 0x43, 0x18, 0xFA, 0x04, 0x53, 0x3C, 0xFB, 0x04, 0x54, 0x96,
    0xFB, 0x04, 0x41, 0xC4, 0xF9, 0x05, 0x50, 0xE8, 0xFA, 0x05, 0x44, 0x24, 0xFA, 0x01, 0x3F, 0x00,
    0x00, 0x04, 0x4C, 0x99, 0xFA, 0x05, 0x53, 0x89, 0xFB, 0x04, 0x56, 0xB8, 0xFB, 0x04, 0x41, 0xC0,
    0xF9, 0x07, 0x55, 0xA1, 0xFB, 0x07, 0x4C, 0x8C, 0xFA, 0x05, 0x43, 0xE9, 0xF9, 0x05, 0x48, 0x6A,
    0xFA, 0x05, 0x42, 0xC9, 0xF9, 0x07, 0x42, 0xDA, 0xF9, 0x04, 0x4D, 0xBB, 0xFA, 0x04, 0x4D, 0xC4,
    0xFA, 0x02, 0x50, 0xED, 0xFA, 0x01, 0x3F, 0x00, 0x00, 0x01, 0x3F, 0x00, 0x00, 0x06, 0x4C, 0x93,
    0xFA, 0x07, 0x52, 0x25, 0xFB, 0x05, 0x4D, 0xBF, 0xFA, 0x08, 0x53, 0x67, 0xFB, 0x08, 0x53, 0x6F,
    0xFB, 0x0A, 0x43, 0xFC, 0xF9, 0x07, 0x42, 0xE1, 0xF9, 0xFD, 0xFD, 0x0E, 0xFE, 0x15, 0xFE, 0x2A,
    0xFE, 0x36, 0xFE, 0x44, 0xFE, 0x4D, 0xFE, 0x5B, 0xFE, 0x6F, 0xFE, 0x7C, 0xFE, 0x8D, 0xFE, 0x9C,
    0xFE, 0xAB, 0xFE, 0xB9, 0xFE, 0xC9, 0xFE, 0xDC, 0xFE, 0xEB, 0xFE, 0xFE, 0xFE, 0x4E, 0x45, 0x58,
    0x54, 0x20, 0x77, 0x69, 0x74, 0x68, 0x6F, 0x75, 0x74, 0x20, 0x46, 0x4F, 0x52, 0x00, 0x53, 0x79,
    0x6E, 0x74, 0x61, 0x78, 0x00, 0x52, 0x45, 0x54, 0x55, 0x52, 0x4E, 0x20, 0x77, 0x69, 0x74, 0x68,
    0x6F, 0x75, 0x74, 0x20, 0x47, 0x4F, 0x53, 0x55, 0x42, 0x00, 0x4F, 0x75, 0x74, 0x20, 0x6F, 0x66,
    0x20, 0x44, 0x41, 0x54, 0x41, 0x00, 0x46, 0x75, 0x6E, 0x63, 0x74, 0x69, 0x6F, 0x6E, 0x20, 0x63,
    0x61, 0x6C, 0x6C, 0x00, 0x4F, 0x76, 0x65, 0x72, 0x66, 0x6C, 0x6F, 0x77, 0x00, 0x4F, 0x75, 0x74,
    0x20, 0x6F, 0x66, 0x20, 0x6D, 0x65, 0x6D, 0x6F, 0x72, 0x79, 0x00, 0x55, 0x6E, 0x64, 0x65, 0x66,
    0x69, 0x6E, 0x65, 0x64, 0x20, 0x73, 0x74, 0x61, 0x74, 0x65, 0x6D, 0x65, 0x6E, 0x74, 0x00, 0x41,
    0x72, 0x72, 0x61, 0x79, 0x20, 0x62, 0x6F, 0x75, 0x6E, 0x64, 0x73, 0x00, 0x44, 0x6F, 0x75, 0x62,
    0x6C, 0x65, 0x20, 0x64, 0x69, 0x6D, 0x65, 0x6E, 0x73, 0x69, 0x6F, 0x6E, 0x00, 0x44, 0x69, 0x76,
    0x69, 0x64, 0x65, 0x20, 0x62, 0x79, 0x20, 0x7A, 0x65, 0x72, 0x6F, 0x00, 0x49, 0x6C, 0x6C, 0x65,
    0x67, 0x61, 0x6C, 0x20, 0x64, 0x69, 0x72, 0x65, 0x63, 0x74, 0x00, 0x54, 0x79, 0x70, 0x65, 0x20,
    0x6D, 0x69, 0x73, 0x6D, 0x61, 0x74, 0x63, 0x68, 0x00, 0x53, 0x74, 0x72, 0x69, 0x6E, 0x67, 0x20,
    0x74, 0x6F, 0x6F, 0x20, 0x6C, 0x6F, 0x6E, 0x67, 0x00, 0x53, 0x74, 0x72, 0x69, 0x6E, 0x67, 0x20,
    0x74, 0x6F, 0x6F, 0x20, 0x63, 0x6F, 0x6D, 0x70, 0x6C, 0x65, 0x78, 0x00, 0x43, 0x61, 0x6E, 0x27,
    0x74, 0x20, 0x63, 0x6F, 0x6E, 0x74, 0x69, 0x6E, 0x75, 0x65, 0x00, 0x55, 0x6E, 0x64, 0x65, 0x66,
    0x69, 0x6E, 0x65, 0x64, 0x20, 0x66, 0x75, 0x6E, 0x63, 0x74, 0x69, 0x6F, 0x6E, 0x00, 0x4C, 0x4F,
    0x4F, 0x50, 0x20, 0x77, 0x69, 0x74, 0x68, 0x6F, 0x75, 0x74, 0x20, 0x44, 0x4F, 0x00, 0x0D, 0x0A,
    0x42, 0x72, 0x65, 0x61, 0x6B, 0x00, 0x20, 0x45, 0x72, 0x72, 0x6F, 0x72, 0x00, 0x20, 0x69, 0x6E,
    0x20, 0x6C, 0x69, 0x6E, 0x65, 0x20, 0x00, 0x0D, 0x0A, 0x52, 0x65, 0x61, 0x64, 0x79, 0x0D, 0x0A,
    0x00, 0x20, 0x45, 0x78, 0x74, 0x72, 0x61, 0x20, 0x69, 0x67, 0x6E, 0x6F, 0x72, 0x65, 0x64, 0x0D,
    0x0A, 0x00, 0x20, 0x52, 0x65, 0x64, 0x6F, 0x20, 0x66, 0x72, 0x6F, 0x6D, 0x20, 0x73, 0x74, 0x61,
    0x72, 0x74, 0x0D, 0x0A, 0x00, 0xED, 0xFF, 0xE9, 0xFF, 0x13, 0xEF, 0xBB, 0xEE, 0x48, 0xA5, 0xDF,
    0x4A, 0x05, 0xDF, 0x85, 0xDF, 0xA9, 0x20, 0x8D, 0xF1, 0xA0, 0x68, 0x40, 0x48, 0xA5, 0xDC, 0x4A,
    0x05, 0xDC, 0x85, 0xDC, 0x68, 0x40, 0x85, 0xE4, 0x20, 0xC5, 0xEA, 0xA9, 0x04, 0x8D, 0x3F, 0xA0,
    0x20, 0x00, 0xC0, 0x48, 0xA9, 0x02, 0x8D, 0x3F, 0xA0, 0x68, 0x60, 0xA9, 0x02, 0x8D, 0x3F, 0xA0,
    0x4C, 0xD7, 0xFF, 0xA9, 0x02, 0x8D, 0x3F, 0xA0, 0x20, 0x87, 0xD9, 0xA9, 0x04, 0x8D, 0x3F, 0xA0,
    0x60, 0xA9, 0x02, 0x8D, 0x3F, 0xA0, 0x20, 0x75, 0xD9, 0xA9, 0x04, 0x8D, 0x3F, 0xA0, 0x60, 0xA9,
    0x02, 0x8D, 0x3F, 0xA0, 0x20, 0x7E, 0xD9, 0xA9, 0x04, 0x8D, 0x3F, 0xA0, 0x60, 0xA9, 0x02, 0x8D,
    0x3F, 0xA0, 0x4C, 0xF6, 0xC5, 0xA9, 0x00, 0x8D, 0xA2, 0xB9, 0xA9, 0x02, 0x8D, 0xA1, 0xB9, 0xA9,
    0x27, 0x8D, 0xA0, 0xB9, 0xA9, 0x00, 0x60, 0xD8, 0xA2, 0xFF, 0x9A, 0xA0, 0x70, 0xB9, 0x54, 0xFF,
    0x99, 0x04, 0x02, 0x88, 0xD0, 0xF7, 0x4C, 0x00, 0xC0, 0x8D, 0x0E, 0xA0, 0x60, 0xAD, 0x0F, 0xA0,
    0xF0, 0x02, 0x38, 0x60, 0x18, 0x60, 0x00, 0x00, 0x00, 0x00, 0x1C, 0x02, 0xD7, 0xFF, 0x0D, 0x02,
};
